a9f96b98-dd44-5216-ab0d-dbfc6b262edf,7,GARISSA,f566de61-9f9c-56ab-b024-a447d32bf176,27,GARISSA TOWNSHIP,edd44cde-d59c-5057-a324-c2929b8d57eb,131,WABERI,de5239f6-5ea8-5895-8ce3-f08a061b06da,1,GARISSA SECONDARY SCHOOL
a9f96b98-dd44-5216-ab0d-dbfc6b262edf,7,GARISSA,f566de61-9f9c-56ab-b024-a447d32bf176,27,GARISSA TOWNSHIP,edd44cde-d59c-5057-a324-c2929b8d57eb,131,WABERI,1f88bac0-99c8-5494-adb2-e9113589dae3,2,NASIB PRIMARY SCHOOL
a9f96b98-dd44-5216-ab0d-dbfc6b262edf,7,GARISSA,f566de61-9f9c-56ab-b024-a447d32bf176,27,GARISSA TOWNSHIP,edd44cde-d59c-5057-a324-c2929b8d57eb,131,WABERI,7b2dbe62-3e71-5c46-9b89-f4a40f88b7a3,3,BULLA COLLEGE PRIMARY SCHOOL
a9f96b98-dd44-5216-ab0d-dbfc6b262edf,7,GARISSA,f566de61-9f9c-56ab-b024-a447d32bf176,27,GARISSA TOWNSHIP,edd44cde-d59c-5057-a324-c2929b8d57eb,131,WABERI,862559b8-ae1c-5876-83da-8ce47033bde6,4,BULLA MZURI MARKET CENTRE
a9f96b98-dd44-5216-ab0d-dbfc6b262edf,7,GARISSA,f566de61-9f9c-56ab-b024-a447d32bf176,27,GARISSA TOWNSHIP,edd44cde-d59c-5057-a324-c2929b8d57eb,131,WABERI,b68ace9c-7d5f-5ceb-b024-72b3af49a773,5,BOYSTOWN PRIMARY SCHOOL
a9f96b98-dd44-5216-ab0d-dbfc6b262edf,7,GARISSA,f566de61-9f9c-56ab-b024-a447d32bf176,27,GARISSA TOWNSHIP,edd44cde-d59c-5057-a324-c2929b8d57eb,131,WABERI,959de80b-23c0-5b22-aa2c-788e809aab38,6,BULLA MZURI PRIMARY SCHOOL
a9f96b98-dd44-5216-ab0d-dbfc6b262edf,7,GARISSA,f566de61-9f9c-56ab-b024-a447d32bf176,27,GARISSA TOWNSHIP,edd44cde-d59c-5057-a324-c2929b8d57eb,131,WABERI,35635b86-1553-5b17-91f0-98f0343821f3,7,BASHAAL MARKET CENTRE
a9f96b98-dd44-5216-ab0d-dbfc6b262edf,7,GARISSA,f566de61-9f9c-56ab-b024-a447d32bf176,27,GARISSA TOWNSHIP,edd44cde-d59c-5057-a324-c2929b8d57eb,131,WABERI,da1fb746-115f-5a5f-b6ce-4ed846a1de61,8,BULLA MASALANI MARKET CENTRE
a9f96b98-dd44-5216-ab0d-dbfc6b262edf,7,GARISSA,f566de61-9f9c-56ab-b024-a447d32bf176,27,GARISSA TOWNSHIP,edd44cde-d59c-5057-a324-c2929b8d57eb,131,WABERI,06300509-301b-513a-918c-920902c30b1f,44,KUNASO CENTRE
a9f96b98-dd44-5216-ab0d-dbfc6b262edf,7,GARISSA,f566de61-9f9c-56ab-b024-a447d32bf176,27,GARISSA TOWNSHIP,edd44cde-d59c-5057-a324-c2929b8d57eb,131,WABERI,ff149c33-f309-5902-97ec-b15aa37c891d,45,GARISSA SCHOOL FOR THE DEAF
a9f96b98-dd44-5216-ab0d-dbfc6b262edf,7,GARISSA,f566de61-9f9c-56ab-b024-a447d32bf176,27,GARISSA TOWNSHIP,edd44cde-d59c-5057-a324-c2929b8d57eb,131,WABERI,399e6a61-4811-564e-817f-92b45eef088d,46,ABDILUGEY PRIMARY SCHOOL
a9f96b98-dd44-5216-ab0d-dbfc6b262edf,7,GARISSA,f566de61-9f9c-56ab-b024-a447d32bf176,27,GARISSA TOWNSHIP,f01a2ede-1d58-5afa-8d96-1585c0b03a93,132,GALBET,2067bcca-fbf5-5976-b5e2-a20f92d0cca5,9,TUMAINI PRIMARY SCHOOL
a9f96b98-dd44-5216-ab0d-dbfc6b262edf,7,GARISSA,f566de61-9f9c-56ab-b024-a447d32bf176,27,GARISSA TOWNSHIP,f01a2ede-1d58-5afa-8d96-1585c0b03a93,132,GALBET,1b27c86e-2d4c-5353-b3f1-841fa4792208,10,ADC PRIMARY SCHOOL
a9f96b98-dd44-5216-ab0d-dbfc6b262edf,7,GARISSA,f566de61-9f9c-56ab-b024-a447d32bf176,27,GARISSA TOWNSHIP,f01a2ede-1d58-5afa-8d96-1585c0b03a93,132,GALBET,821f7a1f-2727-5fe9-a631-a39831238982,11,JAMUHURI CLUB
a9f96b98-dd44-5216-ab0d-dbfc6b262edf,7,GARISSA,f566de61-9f9c-56ab-b024-a447d32bf176,27,GARISSA TOWNSHIP,f01a2ede-1d58-5afa-8d96-1585c0b03a93,132,GALBET,31c79bd8-118c-5977-a93c-57778452f5b8,12,TETU PRIMARY SCHOOL
a9f96b98-dd44-5216-ab0d-dbfc6b262edf,7,GARISSA,f566de61-9f9c-56ab-b024-a447d32bf176,27,GARISSA TOWNSHIP,f01a2ede-1d58-5afa-8d96-1585c0b03a93,132,GALBET,b58700f8-342a-5a7e-95c2-a55051fa41ed,13,KAZUKO PRIMARY SCHOOL
a9f96b98-dd44-5216-ab0d-dbfc6b262edf,7,GARISSA,f566de61-9f9c-56ab-b024-a447d32bf176,27,GARISSA TOWNSHIP,f01a2ede-1d58-5afa-8d96-1585c0b03a93,132,GALBET,74927e8e-eac4-5c8c-9a17-6065a6b07a87,14,HYUGA GIRLS PRIMARY SCHOOL
a9f96b98-dd44-5216-ab0d-dbfc6b262edf,7,GARISSA,f566de61-9f9c-56ab-b024-a447d32bf176,27,GARISSA TOWNSHIP,f01a2ede-1d58-5afa-8d96-1585c0b03a93,132,GALBET,c4dcf53b-4ce3-5f5c-8419-b81e692a9f5f,15,KEFRI CENTRE
a9f96b98-dd44-5216-ab0d-dbfc6b262edf,7,GARISSA,f566de61-9f9c-56ab-b024-a447d32bf176,27,GARISSA TOWNSHIP,f01a2ede-1d58-5afa-8d96-1585c0b03a93,132,GALBET,63b01997-c3d1-566b-8424-fe6386120092,16,GARISSA YOUTH POLYTECHNIC
a9f96b98-dd44-5216-ab0d-dbfc6b262edf,7,GARISSA,f566de61-9f9c-56ab-b024-a447d32bf176,27,GARISSA TOWNSHIP,f01a2ede-1d58-5afa-8d96-1585c0b03a93,132,GALBET,116226f9-0570-5274-bc4d-2eabef094b18,17,GARISSA MEDICAL TRAINING COLLEGE
a9f96b98-dd44-5216-ab0d-dbfc6b262edf,7,GARISSA,f566de61-9f9c-56ab-b024-a447d32bf176,27,GARISSA TOWNSHIP,f01a2ede-1d58-5afa-8d96-1585c0b03a93,132,GALBET,43ccc5a2-b3a6-5e58-8f34-ec3ce558828a,18,YATHRIB PRIMARY SCHOOL
a9f96b98-dd44-5216-ab0d-dbfc6b262edf,7,GARISSA,f566de61-9f9c-56ab-b024-a447d32bf176,27,GARISSA TOWNSHIP,f01a2ede-1d58-5afa-8d96-1585c0b03a93,132,GALBET,543af547-d4d3-5b46-9674-3c4a4924fb61,19,JARIBU PRIMARY SCHOOL
a9f96b98-dd44-5216-ab0d-dbfc6b262edf,7,GARISSA,f566de61-9f9c-56ab-b024-a447d32bf176,27,GARISSA TOWNSHIP,f01a2ede-1d58-5afa-8d96-1585c0b03a93,132,GALBET,984cdc72-c29d-5bbe-8879-337e13aba810,20,ASK SHOW GROUND
a9f96b98-dd44-5216-ab0d-dbfc6b262edf,7,GARISSA,f566de61-9f9c-56ab-b024-a447d32bf176,27,GARISSA TOWNSHIP,f01a2ede-1d58-5afa-8d96-1585c0b03a93,132,GALBET,8cea7330-f9ac-5765-b307-2371e02de79a,21,BULLA MAKKA MARKET CENTRE
a9f96b98-dd44-5216-ab0d-dbfc6b262edf,7,GARISSA,f566de61-9f9c-56ab-b024-a447d32bf176,27,GARISSA TOWNSHIP,f01a2ede-1d58-5afa-8d96-1585c0b03a93,132,GALBET,6c7551b3-35e2-5312-881a-ae6ded3f4f9a,22,UMU SALAMA GIRLS SEC SCHOOL
a9f96b98-dd44-5216-ab0d-dbfc6b262edf,7,GARISSA,f566de61-9f9c-56ab-b024-a447d32bf176,27,GARISSA TOWNSHIP,f01a2ede-1d58-5afa-8d96-1585c0b03a93,132,GALBET,d9e7a6f5-3d82-52fd-b291-82157201c8cb,23,CHIEF MEDINA OFFICE CENTRE
a9f96b98-dd44-5216-ab0d-dbfc6b262edf,7,GARISSA,f566de61-9f9c-56ab-b024-a447d32bf176,27,GARISSA TOWNSHIP,f01a2ede-1d58-5afa-8d96-1585c0b03a93,132,GALBET,3d31e192-1793-5959-b06f-648f009d36ee,47,MADINA HEALTH CENTRE
a9f96b98-dd44-5216-ab0d-dbfc6b262edf,7,GARISSA,f566de61-9f9c-56ab-b024-a447d32bf176,27,GARISSA TOWNSHIP,f01a2ede-1d58-5afa-8d96-1585c0b03a93,132,GALBET,fd1f76c5-267e-5b9e-85ce-40678830ba20,48,TETU SECONDARY SCHOOL
a9f96b98-dd44-5216-ab0d-dbfc6b262edf,7,GARISSA,f566de61-9f9c-56ab-b024-a447d32bf176,27,GARISSA TOWNSHIP,f01a2ede-1d58-5afa-8d96-1585c0b03a93,132,GALBET,e53aa391-79f7-578c-b942-4d87cc9fb194,49,YATHRIB SECONDARY SCHOOL
a9f96b98-dd44-5216-ab0d-dbfc6b262edf,7,GARISSA,f566de61-9f9c-56ab-b024-a447d32bf176,27,GARISSA TOWNSHIP,f01a2ede-1d58-5afa-8d96-1585c0b03a93,132,GALBET,b45f98f3-30f6-566f-a4f1-6f2988a51367,50,TUMAINI SECONDARY SCHOOL
a9f96b98-dd44-5216-ab0d-dbfc6b262edf,7,GARISSA,f566de61-9f9c-56ab-b024-a447d32bf176,27,GARISSA TOWNSHIP,a9256d11-5e01-54ee-8ba7-947a7e5ed5d2,133,TOWNSHIP,953043eb-ce2b-5d07-a2eb-b9f496b0b2fc,24,NEP GIRLS' SECONDARY
a9f96b98-dd44-5216-ab0d-dbfc6b262edf,7,GARISSA,f566de61-9f9c-56ab-b024-a447d32bf176,27,GARISSA TOWNSHIP,a9256d11-5e01-54ee-8ba7-947a7e5ed5d2,133,TOWNSHIP,5eb8e224-a152-5758-ab01-04c0c209d8b6,25,GARISSA NDOGO OPEN GROUNDS
a9f96b98-dd44-5216-ab0d-dbfc6b262edf,7,GARISSA,f566de61-9f9c-56ab-b024-a447d32bf176,27,GARISSA TOWNSHIP,a9256d11-5e01-54ee-8ba7-947a7e5ed5d2,133,TOWNSHIP,270d2476-8bda-598e-a2d4-c87bd493e597,26,CHIEF TOWNSHIP OFFICE CENTRE
a9f96b98-dd44-5216-ab0d-dbfc6b262edf,7,GARISSA,f566de61-9f9c-56ab-b024-a447d32bf176,27,GARISSA TOWNSHIP,a9256d11-5e01-54ee-8ba7-947a7e5ed5d2,133,TOWNSHIP,006ac01e-8e06-54e3-9ba7-120b52fea4a8,27,KENYA NATIONAL LIBRARY CENTRE.
a9f96b98-dd44-5216-ab0d-dbfc6b262edf,7,GARISSA,f566de61-9f9c-56ab-b024-a447d32bf176,27,GARISSA TOWNSHIP,a9256d11-5e01-54ee-8ba7-947a7e5ed5d2,133,TOWNSHIP,9e4cd60b-a691-552a-910a-596f80e96bbe,51,CHIEF CAMP
a9f96b98-dd44-5216-ab0d-dbfc6b262edf,7,GARISSA,f566de61-9f9c-56ab-b024-a447d32bf176,27,GARISSA TOWNSHIP,a9256d11-5e01-54ee-8ba7-947a7e5ed5d2,133,TOWNSHIP,3852bb95-cc30-5a45-a804-7b8d3c064f4d,52,GARISSA CULTURAL CENTRE
a9f96b98-dd44-5216-ab0d-dbfc6b262edf,7,GARISSA,f566de61-9f9c-56ab-b024-a447d32bf176,27,GARISSA TOWNSHIP,a9256d11-5e01-54ee-8ba7-947a7e5ed5d2,133,TOWNSHIP,9e40d2a9-6fa3-5934-8822-1cc9d41362ed,53,CHILDREN RESCUE CENTER
a9f96b98-dd44-5216-ab0d-dbfc6b262edf,7,GARISSA,f566de61-9f9c-56ab-b024-a447d32bf176,27,GARISSA TOWNSHIP,86e3bb2b-9bfb-56c4-8852-e8b53c476ea8,134,IFTIN,d91e8f1b-b428-516b-a1cc-cd2ff3125779,28,COUNTY HIGH SCHOOL
a9f96b98-dd44-5216-ab0d-dbfc6b262edf,7,GARISSA,f566de61-9f9c-56ab-b024-a447d32bf176,27,GARISSA TOWNSHIP,86e3bb2b-9bfb-56c4-8852-e8b53c476ea8,134,IFTIN,a9a4e8e0-e832-57e2-b209-8b99e1f54e07,29,SAMBUL PRIMARY SCHOOL
a9f96b98-dd44-5216-ab0d-dbfc6b262edf,7,GARISSA,f566de61-9f9c-56ab-b024-a447d32bf176,27,GARISSA TOWNSHIP,86e3bb2b-9bfb-56c4-8852-e8b53c476ea8,134,IFTIN,9cb04061-e709-586f-974f-b9e036624742,30,GARISSA PRIMARY SCHOOL
a9f96b98-dd44-5216-ab0d-dbfc6b262edf,7,GARISSA,f566de61-9f9c-56ab-b024-a447d32bf176,27,GARISSA TOWNSHIP,86e3bb2b-9bfb-56c4-8852-e8b53c476ea8,134,IFTIN,0e344996-8408-531f-a29c-2d3734a38520,31,GUEST HOUSE
a9f96b98-dd44-5216-ab0d-dbfc6b262edf,7,GARISSA,f566de61-9f9c-56ab-b024-a447d32bf176,27,GARISSA TOWNSHIP,86e3bb2b-9bfb-56c4-8852-e8b53c476ea8,134,IFTIN,0469c32c-50b8-5f7b-b785-366223abe33c,32,IFTIN PRIMARY SCHOOL
a9f96b98-dd44-5216-ab0d-dbfc6b262edf,7,GARISSA,f566de61-9f9c-56ab-b024-a447d32bf176,27,GARISSA TOWNSHIP,86e3bb2b-9bfb-56c4-8852-e8b53c476ea8,134,IFTIN,d6b75c59-ff7a-5b8c-8bb8-52e4d56f40f8,33,YOUNG MUSLIM PRIMARY SCHOOL
a9f96b98-dd44-5216-ab0d-dbfc6b262edf,7,GARISSA,f566de61-9f9c-56ab-b024-a447d32bf176,27,GARISSA TOWNSHIP,86e3bb2b-9bfb-56c4-8852-e8b53c476ea8,134,IFTIN,942e327e-b4e9-5a22-a7b3-b571a1cc312f,34,KORAKORA PRIMARY SCHOOL
a9f96b98-dd44-5216-ab0d-dbfc6b262edf,7,GARISSA,f566de61-9f9c-56ab-b024-a447d32bf176,27,GARISSA TOWNSHIP,86e3bb2b-9bfb-56c4-8852-e8b53c476ea8,134,IFTIN,05d4309d-6197-54e3-a052-82617f1c94cf,35,ELDERT VILLAGE CENTRE
a9f96b98-dd44-5216-ab0d-dbfc6b262edf,7,GARISSA,f566de61-9f9c-56ab-b024-a447d32bf176,27,GARISSA TOWNSHIP,86e3bb2b-9bfb-56c4-8852-e8b53c476ea8,134,IFTIN,30e8701b-c449-592e-9fee-60ef0c7aae68,36,BOLARGY PRIMARY SCHOOL
a9f96b98-dd44-5216-ab0d-dbfc6b262edf,7,GARISSA,f566de61-9f9c-56ab-b024-a447d32bf176,27,GARISSA TOWNSHIP,86e3bb2b-9bfb-56c4-8852-e8b53c476ea8,134,IFTIN,1b677ca8-74f5-5dfe-a737-058baf7bb94d,37,JARIROT PRIMARY SCHOOL
a9f96b98-dd44-5216-ab0d-dbfc6b262edf,7,GARISSA,f566de61-9f9c-56ab-b024-a447d32bf176,27,GARISSA TOWNSHIP,86e3bb2b-9bfb-56c4-8852-e8b53c476ea8,134,IFTIN,cdc729c6-8139-5166-b599-b5be854f3470,38,AL-FATAH PRIMARY SCHOOL
a9f96b98-dd44-5216-ab0d-dbfc6b262edf,7,GARISSA,f566de61-9f9c-56ab-b024-a447d32bf176,27,GARISSA TOWNSHIP,86e3bb2b-9bfb-56c4-8852-e8b53c476ea8,134,IFTIN,9ed48d35-5727-5bb5-8f61-8a0af1db4551,39,RAHMA VILLAGE CENTRE
a9f96b98-dd44-5216-ab0d-dbfc6b262edf,7,GARISSA,f566de61-9f9c-56ab-b024-a447d32bf176,27,GARISSA TOWNSHIP,86e3bb2b-9bfb-56c4-8852-e8b53c476ea8,134,IFTIN,7c589319-a6fe-583b-a126-ee965dd48343,40,BULLA NUR PRIMARY SCHOOL
a9f96b98-dd44-5216-ab0d-dbfc6b262edf,7,GARISSA,f566de61-9f9c-56ab-b024-a447d32bf176,27,GARISSA TOWNSHIP,86e3bb2b-9bfb-56c4-8852-e8b53c476ea8,134,IFTIN,a0dff2d1-0f62-52bf-a998-81af7e66ca7d,41,NAJAH PRIMARY SCHOOL
a9f96b98-dd44-5216-ab0d-dbfc6b262edf,7,GARISSA,f566de61-9f9c-56ab-b024-a447d32bf176,27,GARISSA TOWNSHIP,86e3bb2b-9bfb-56c4-8852-e8b53c476ea8,134,IFTIN,6e669920-3484-5d36-8e1c-feeb18d126fb,42,IFTIN GIRLS SECONDARY SCHOOL
a9f96b98-dd44-5216-ab0d-dbfc6b262edf,7,GARISSA,f566de61-9f9c-56ab-b024-a447d32bf176,27,GARISSA TOWNSHIP,86e3bb2b-9bfb-56c4-8852-e8b53c476ea8,134,IFTIN,a2f10ad3-e150-510a-ae5a-9e4ba2ca9235,43,KIWANJA BURE MARKET CENTRE
a9f96b98-dd44-5216-ab0d-dbfc6b262edf,7,GARISSA,f566de61-9f9c-56ab-b024-a447d32bf176,27,GARISSA TOWNSHIP,86e3bb2b-9bfb-56c4-8852-e8b53c476ea8,134,IFTIN,138f13cc-46fa-5cf6-9fb4-6415ed208d40,54,MIKONO VOCATION CENTRE
a9f96b98-dd44-5216-ab0d-dbfc6b262edf,7,GARISSA,f566de61-9f9c-56ab-b024-a447d32bf176,27,GARISSA TOWNSHIP,86e3bb2b-9bfb-56c4-8852-e8b53c476ea8,134,IFTIN,ebc667c2-6374-5ba0-9ee0-a857f2675806,55,SARIRAHA VILLAGE
a9f96b98-dd44-5216-ab0d-dbfc6b262edf,7,GARISSA,f566de61-9f9c-56ab-b024-a447d32bf176,27,GARISSA TOWNSHIP,86e3bb2b-9bfb-56c4-8852-e8b53c476ea8,134,IFTIN,c7f2a407-5093-5044-a427-67bab39725d4,56,BULLA ADEY
a9f96b98-dd44-5216-ab0d-dbfc6b262edf,7,GARISSA,7a59a87e-82f3-5146-b0e3-c3b5ff209753,28,BALAMBALA,e79f0b02-2d87-5f43-bf54-5983984ffc92,135,BALAMBALA,32c72461-8461-5660-a051-979fc1b6382b,1,BALAMBALA PRIMARY SCHOOL
a9f96b98-dd44-5216-ab0d-dbfc6b262edf,7,GARISSA,7a59a87e-82f3-5146-b0e3-c3b5ff209753,28,BALAMBALA,e79f0b02-2d87-5f43-bf54-5983984ffc92,135,BALAMBALA,2f7983a8-42d0-56a5-bd37-8e4e92d8f284,2,OHIO PRIMARY SCHOOL
a9f96b98-dd44-5216-ab0d-dbfc6b262edf,7,GARISSA,7a59a87e-82f3-5146-b0e3-c3b5ff209753,28,BALAMBALA,e79f0b02-2d87-5f43-bf54-5983984ffc92,135,BALAMBALA,6ae0d677-da1a-5bf7-ade7-ccceacac0c72,3,DUJIS PRIMARY SCHOOL
a9f96b98-dd44-5216-ab0d-dbfc6b262edf,7,GARISSA,7a59a87e-82f3-5146-b0e3-c3b5ff209753,28,BALAMBALA,e79f0b02-2d87-5f43-bf54-5983984ffc92,135,BALAMBALA,52ddb995-8393-5353-a48c-7d010337cd11,4,REITHAB VILLAGE DAM
a9f96b98-dd44-5216-ab0d-dbfc6b262edf,7,GARISSA,7a59a87e-82f3-5146-b0e3-c3b5ff209753,28,BALAMBALA,e79f0b02-2d87-5f43-bf54-5983984ffc92,135,BALAMBALA,176013c7-bdc6-5023-a3a9-c614fbe42324,5,ASHADIN CENTRE
a9f96b98-dd44-5216-ab0d-dbfc6b262edf,7,GARISSA,7a59a87e-82f3-5146-b0e3-c3b5ff209753,28,BALAMBALA,e79f0b02-2d87-5f43-bf54-5983984ffc92,135,BALAMBALA,f740a4c6-c2af-58aa-9bb6-dcae82ec4475,6,KUNO PRIMARY SCHOOL
a9f96b98-dd44-5216-ab0d-dbfc6b262edf,7,GARISSA,7a59a87e-82f3-5146-b0e3-c3b5ff209753,28,BALAMBALA,e79f0b02-2d87-5f43-bf54-5983984ffc92,135,BALAMBALA,62347d2a-ee9a-57fc-8626-f4d4bacb4edb,7,BURA DANSA PRIMARY SCHOOL
a9f96b98-dd44-5216-ab0d-dbfc6b262edf,7,GARISSA,7a59a87e-82f3-5146-b0e3-c3b5ff209753,28,BALAMBALA,e79f0b02-2d87-5f43-bf54-5983984ffc92,135,BALAMBALA,c18924e6-d01a-503c-8b35-aa765eb03266,8,ABDIGAB VILLAGE CENTRE
a9f96b98-dd44-5216-ab0d-dbfc6b262edf,7,GARISSA,7a59a87e-82f3-5146-b0e3-c3b5ff209753,28,BALAMBALA,e79f0b02-2d87-5f43-bf54-5983984ffc92,135,BALAMBALA,02864c1e-9ded-541f-a2f2-7639dfdb552b,41,SHEBTAAD CENTRE
a9f96b98-dd44-5216-ab0d-dbfc6b262edf,7,GARISSA,7a59a87e-82f3-5146-b0e3-c3b5ff209753,28,BALAMBALA,e79f0b02-2d87-5f43-bf54-5983984ffc92,135,BALAMBALA,04710dfb-604d-57e0-b492-e8883025ce34,42,BALAMBALA SECONDARY SCHOOL
a9f96b98-dd44-5216-ab0d-dbfc6b262edf,7,GARISSA,7a59a87e-82f3-5146-b0e3-c3b5ff209753,28,BALAMBALA,e79f0b02-2d87-5f43-bf54-5983984ffc92,135,BALAMBALA,dcf79cf2-2c79-5186-a2dd-65675302920c,43,BALAMBALA MARKET
a9f96b98-dd44-5216-ab0d-dbfc6b262edf,7,GARISSA,7a59a87e-82f3-5146-b0e3-c3b5ff209753,28,BALAMBALA,e79f0b02-2d87-5f43-bf54-5983984ffc92,135,BALAMBALA,62520293-0735-56db-8e0f-4ff8d7a60128,44,LABILEY ECD
a9f96b98-dd44-5216-ab0d-dbfc6b262edf,7,GARISSA,7a59a87e-82f3-5146-b0e3-c3b5ff209753,28,BALAMBALA,e79f0b02-2d87-5f43-bf54-5983984ffc92,135,BALAMBALA,0d0e209a-a2f0-5154-ba8e-fd5526aa379c,45,RAHOLE GIRLS SECONDARY SCHOOL
a9f96b98-dd44-5216-ab0d-dbfc6b262edf,7,GARISSA,7a59a87e-82f3-5146-b0e3-c3b5ff209753,28,BALAMBALA,e79f0b02-2d87-5f43-bf54-5983984ffc92,135,BALAMBALA,3d11c393-3075-5ad2-be43-d20c26cea626,46,AAQAL AAR CENTRE
a9f96b98-dd44-5216-ab0d-dbfc6b262edf,7,GARISSA,7a59a87e-82f3-5146-b0e3-c3b5ff209753,28,BALAMBALA,a277044b-479b-5f4c-89ee-aca68f2f7b98,136,DANYERE,b276ea79-01e0-5508-b64e-75ce2bacbb15,9,DANYERE PRIMARY SCHOOL
a9f96b98-dd44-5216-ab0d-dbfc6b262edf,7,GARISSA,7a59a87e-82f3-5146-b0e3-c3b5ff209753,28,BALAMBALA,a277044b-479b-5f4c-89ee-aca68f2f7b98,136,DANYERE,77dcb16b-3de7-5df7-9176-d4b3487549a7,10,SIKLEY CENTRE
a9f96b98-dd44-5216-ab0d-dbfc6b262edf,7,GARISSA,7a59a87e-82f3-5146-b0e3-c3b5ff209753,28,BALAMBALA,a277044b-479b-5f4c-89ee-aca68f2f7b98,136,DANYERE,da46188e-59a1-5f35-8e1c-88f3505e4e68,11,GODIR VILLAGE CENTRE
a9f96b98-dd44-5216-ab0d-dbfc6b262edf,7,GARISSA,7a59a87e-82f3-5146-b0e3-c3b5ff209753,28,BALAMBALA,a277044b-479b-5f4c-89ee-aca68f2f7b98,136,DANYERE,9e813939-38f0-5bb2-8de8-b6e2b2f1d0bf,12,QORAHEY PRIMARY SCHOOL
a9f96b98-dd44-5216-ab0d-dbfc6b262edf,7,GARISSA,7a59a87e-82f3-5146-b0e3-c3b5ff209753,28,BALAMBALA,a277044b-479b-5f4c-89ee-aca68f2f7b98,136,DANYERE,caed0563-448e-5c33-bb79-fdf88f78f90c,13,MUDEY PRIMARY SCHOOL
a9f96b98-dd44-5216-ab0d-dbfc6b262edf,7,GARISSA,7a59a87e-82f3-5146-b0e3-c3b5ff209753,28,BALAMBALA,a277044b-479b-5f4c-89ee-aca68f2f7b98,136,DANYERE,48e3b59b-7a64-58a0-837e-c613dbb675ba,14,DOGOB ECD CENTRE.
a9f96b98-dd44-5216-ab0d-dbfc6b262edf,7,GARISSA,7a59a87e-82f3-5146-b0e3-c3b5ff209753,28,BALAMBALA,a277044b-479b-5f4c-89ee-aca68f2f7b98,136,DANYERE,66eccf10-1da2-533c-bd5e-9f7ee714b2c2,15,LIBAHLOW PRIMARY SCHOOL
a9f96b98-dd44-5216-ab0d-dbfc6b262edf,7,GARISSA,7a59a87e-82f3-5146-b0e3-c3b5ff209753,28,BALAMBALA,a277044b-479b-5f4c-89ee-aca68f2f7b98,136,DANYERE,3872b0a1-1b26-5955-a698-cbd02d1bdb96,16,HIFOW VILLAGE CENTRE
a9f96b98-dd44-5216-ab0d-dbfc6b262edf,7,GARISSA,7a59a87e-82f3-5146-b0e3-c3b5ff209753,28,BALAMBALA,a277044b-479b-5f4c-89ee-aca68f2f7b98,136,DANYERE,77fe5e98-d4ee-5847-8910-cdf33ce3bacb,47,KARBUNA PRIMARY SCHOOL
a9f96b98-dd44-5216-ab0d-dbfc6b262edf,7,GARISSA,7a59a87e-82f3-5146-b0e3-c3b5ff209753,28,BALAMBALA,a277044b-479b-5f4c-89ee-aca68f2f7b98,136,DANYERE,868b8da7-7aae-5bed-bccc-c4dad3d639a1,48,BULLA MOBILE
a9f96b98-dd44-5216-ab0d-dbfc6b262edf,7,GARISSA,7a59a87e-82f3-5146-b0e3-c3b5ff209753,28,BALAMBALA,a277044b-479b-5f4c-89ee-aca68f2f7b98,136,DANYERE,87eb8c08-3bd3-5c26-aa3f-68ebc7e93655,49,HAGAR JARER PRIMARY SCHOOL
a9f96b98-dd44-5216-ab0d-dbfc6b262edf,7,GARISSA,7a59a87e-82f3-5146-b0e3-c3b5ff209753,28,BALAMBALA,a277044b-479b-5f4c-89ee-aca68f2f7b98,136,DANYERE,be7961a5-7056-5019-95ed-39581e5eb3ae,50,EL SHELETI VILLAGE
a9f96b98-dd44-5216-ab0d-dbfc6b262edf,7,GARISSA,7a59a87e-82f3-5146-b0e3-c3b5ff209753,28,BALAMBALA,a277044b-479b-5f4c-89ee-aca68f2f7b98,136,DANYERE,09c90172-7d8f-5cac-9a31-1b467737e81f,51,DANYERE SECODARY SCHOOL
a9f96b98-dd44-5216-ab0d-dbfc6b262edf,7,GARISSA,7a59a87e-82f3-5146-b0e3-c3b5ff209753,28,BALAMBALA,a277044b-479b-5f4c-89ee-aca68f2f7b98,136,DANYERE,d07cd2a8-4322-597a-b032-bbd2e7d20292,52,JUNFAT MOBILE
a9f96b98-dd44-5216-ab0d-dbfc6b262edf,7,GARISSA,7a59a87e-82f3-5146-b0e3-c3b5ff209753,28,BALAMBALA,a277044b-479b-5f4c-89ee-aca68f2f7b98,136,DANYERE,b7c5eceb-4f96-59df-be3b-630e0004dd76,54,JEREY MOBILE
a9f96b98-dd44-5216-ab0d-dbfc6b262edf,7,GARISSA,7a59a87e-82f3-5146-b0e3-c3b5ff209753,28,BALAMBALA,a277044b-479b-5f4c-89ee-aca68f2f7b98,136,DANYERE,d84655c8-211b-5e82-a44f-8da36cdc36eb,55,ROBDON DAM
a9f96b98-dd44-5216-ab0d-dbfc6b262edf,7,GARISSA,7a59a87e-82f3-5146-b0e3-c3b5ff209753,28,BALAMBALA,972e4af9-6666-59de-a241-c28fa822d6e3,137,JARA JARA,ec18b61a-ce52-581d-9c44-2884c8caa6b5,17,JARA JARA PRIMARY SCHOOL
a9f96b98-dd44-5216-ab0d-dbfc6b262edf,7,GARISSA,7a59a87e-82f3-5146-b0e3-c3b5ff209753,28,BALAMBALA,972e4af9-6666-59de-a241-c28fa822d6e3,137,JARA JARA,0a1dfb8b-b06c-5d0e-b6b3-c4357af1f3bf,18,KONE ECD CENTRE
a9f96b98-dd44-5216-ab0d-dbfc6b262edf,7,GARISSA,7a59a87e-82f3-5146-b0e3-c3b5ff209753,28,BALAMBALA,972e4af9-6666-59de-a241-c28fa822d6e3,137,JARA JARA,0ae31635-62bd-5e1c-9a81-569ce38a28cf,56,ABAQ HALOL ECD
a9f96b98-dd44-5216-ab0d-dbfc6b262edf,7,GARISSA,7a59a87e-82f3-5146-b0e3-c3b5ff209753,28,BALAMBALA,972e4af9-6666-59de-a241-c28fa822d6e3,137,JARA JARA,88c87148-4ef2-590f-93b1-80964b65a0cd,57,ISAK JIRBA MOBILE
a9f96b98-dd44-5216-ab0d-dbfc6b262edf,7,GARISSA,7a59a87e-82f3-5146-b0e3-c3b5ff209753,28,BALAMBALA,972e4af9-6666-59de-a241-c28fa822d6e3,137,JARA JARA,3ec4aa1c-6ad6-5e1b-b555-3d857231b935,58,LAMAAN SAAMAN
a9f96b98-dd44-5216-ab0d-dbfc6b262edf,7,GARISSA,7a59a87e-82f3-5146-b0e3-c3b5ff209753,28,BALAMBALA,972e4af9-6666-59de-a241-c28fa822d6e3,137,JARA JARA,7e252445-9d7d-5b7c-aea6-b952401e5596,59,KARBADERE CENTRE
a9f96b98-dd44-5216-ab0d-dbfc6b262edf,7,GARISSA,7a59a87e-82f3-5146-b0e3-c3b5ff209753,28,BALAMBALA,972e4af9-6666-59de-a241-c28fa822d6e3,137,JARA JARA,f1ccbf75-f1e7-5692-9a80-872821350c5f,60,ILANLEY VILLAGE
a9f96b98-dd44-5216-ab0d-dbfc6b262edf,7,GARISSA,7a59a87e-82f3-5146-b0e3-c3b5ff209753,28,BALAMBALA,972e4af9-6666-59de-a241-c28fa822d6e3,137,JARA JARA,225411eb-aa4c-5a5c-800c-578ba2814e21,61,LAHELEY VILLAGE
a9f96b98-dd44-5216-ab0d-dbfc6b262edf,7,GARISSA,7a59a87e-82f3-5146-b0e3-c3b5ff209753,28,BALAMBALA,90169dd7-dd95-57b1-a904-b407255f5bb5,138,SAKA,90fc5778-337e-5da0-8abc-89cd506e42f9,19,KASHA PRIMARY SCHOOL.
a9f96b98-dd44-5216-ab0d-dbfc6b262edf,7,GARISSA,7a59a87e-82f3-5146-b0e3-c3b5ff209753,28,BALAMBALA,90169dd7-dd95-57b1-a904-b407255f5bb5,138,SAKA,15a340cd-0600-5420-9be8-4f2aba6fe503,20,SAKA PRIMARY SCHOOL
a9f96b98-dd44-5216-ab0d-dbfc6b262edf,7,GARISSA,7a59a87e-82f3-5146-b0e3-c3b5ff209753,28,BALAMBALA,90169dd7-dd95-57b1-a904-b407255f5bb5,138,SAKA,b2dd0b0f-df31-5a88-bc60-7ec3467e16eb,21,DALEY PRIMARY SCHOOL
a9f96b98-dd44-5216-ab0d-dbfc6b262edf,7,GARISSA,7a59a87e-82f3-5146-b0e3-c3b5ff209753,28,BALAMBALA,90169dd7-dd95-57b1-a904-b407255f5bb5,138,SAKA,36fc2569-e45e-5e89-a39c-5b0e1bada65f,22,HATLEY PRIMARY SCHOOL
a9f96b98-dd44-5216-ab0d-dbfc6b262edf,7,GARISSA,7a59a87e-82f3-5146-b0e3-c3b5ff209753,28,BALAMBALA,90169dd7-dd95-57b1-a904-b407255f5bb5,138,SAKA,d1a53eda-017d-5d21-877a-152b42ff9976,23,JUNCTION ECD CENTRE
a9f96b98-dd44-5216-ab0d-dbfc6b262edf,7,GARISSA,7a59a87e-82f3-5146-b0e3-c3b5ff209753,28,BALAMBALA,90169dd7-dd95-57b1-a904-b407255f5bb5,138,SAKA,53610399-15b3-597e-a1c3-090bb1ce2d62,24,HIRBAIY MARKET CENTRE.
a9f96b98-dd44-5216-ab0d-dbfc6b262edf,7,GARISSA,7a59a87e-82f3-5146-b0e3-c3b5ff209753,28,BALAMBALA,90169dd7-dd95-57b1-a904-b407255f5bb5,138,SAKA,9978f0ee-7f71-5d58-9d28-2cc2ad3a8832,25,MATHAH LIBAH ECD CENTRE
a9f96b98-dd44-5216-ab0d-dbfc6b262edf,7,GARISSA,7a59a87e-82f3-5146-b0e3-c3b5ff209753,28,BALAMBALA,90169dd7-dd95-57b1-a904-b407255f5bb5,138,SAKA,70ac89d8-9d1a-5e56-906c-49af02be0b5b,26,DHEDHEREY ECD CENTRE
a9f96b98-dd44-5216-ab0d-dbfc6b262edf,7,GARISSA,7a59a87e-82f3-5146-b0e3-c3b5ff209753,28,BALAMBALA,90169dd7-dd95-57b1-a904-b407255f5bb5,138,SAKA,bc6dad06-a051-57e2-af38-2ab8167d752a,27,DABELEY ECD CENTRE
a9f96b98-dd44-5216-ab0d-dbfc6b262edf,7,GARISSA,7a59a87e-82f3-5146-b0e3-c3b5ff209753,28,BALAMBALA,90169dd7-dd95-57b1-a904-b407255f5bb5,138,SAKA,bee38b94-55bd-59f3-baac-c58e7a1c6612,62,MAGADO ECD
a9f96b98-dd44-5216-ab0d-dbfc6b262edf,7,GARISSA,7a59a87e-82f3-5146-b0e3-c3b5ff209753,28,BALAMBALA,90169dd7-dd95-57b1-a904-b407255f5bb5,138,SAKA,9ac8878c-b665-5d8b-96d9-2550869aecaf,63,QABOBEY VILLAGE
a9f96b98-dd44-5216-ab0d-dbfc6b262edf,7,GARISSA,7a59a87e-82f3-5146-b0e3-c3b5ff209753,28,BALAMBALA,90169dd7-dd95-57b1-a904-b407255f5bb5,138,SAKA,5bb34d26-818b-5411-a08e-d1a602041e16,64,FATUMA GOLICHA VILLAGE
a9f96b98-dd44-5216-ab0d-dbfc6b262edf,7,GARISSA,7a59a87e-82f3-5146-b0e3-c3b5ff209753,28,BALAMBALA,90169dd7-dd95-57b1-a904-b407255f5bb5,138,SAKA,242abd5f-6db5-58b8-a6f4-a40a5f02cb75,65,OHIO DAM
a9f96b98-dd44-5216-ab0d-dbfc6b262edf,7,GARISSA,7a59a87e-82f3-5146-b0e3-c3b5ff209753,28,BALAMBALA,90169dd7-dd95-57b1-a904-b407255f5bb5,138,SAKA,a6677c3b-10b9-560e-819e-37e1c4c3c03c,66,EL DORR VILLAGE
a9f96b98-dd44-5216-ab0d-dbfc6b262edf,7,GARISSA,7a59a87e-82f3-5146-b0e3-c3b5ff209753,28,BALAMBALA,90169dd7-dd95-57b1-a904-b407255f5bb5,138,SAKA,6c79af2a-f4f6-5f62-b786-6bfc32adb7a6,67,BUTALI VILLAGE
a9f96b98-dd44-5216-ab0d-dbfc6b262edf,7,GARISSA,7a59a87e-82f3-5146-b0e3-c3b5ff209753,28,BALAMBALA,90169dd7-dd95-57b1-a904-b407255f5bb5,138,SAKA,d3b9c276-6a73-54a5-821d-1129c5692c69,68,BULLA JARI
a9f96b98-dd44-5216-ab0d-dbfc6b262edf,7,GARISSA,7a59a87e-82f3-5146-b0e3-c3b5ff209753,28,BALAMBALA,90169dd7-dd95-57b1-a904-b407255f5bb5,138,SAKA,94c6a6e3-0d90-5396-9e83-3649a33bd912,69,BULLA ERO VILLAGE
a9f96b98-dd44-5216-ab0d-dbfc6b262edf,7,GARISSA,7a59a87e-82f3-5146-b0e3-c3b5ff209753,28,BALAMBALA,90169dd7-dd95-57b1-a904-b407255f5bb5,138,SAKA,ee0582df-573a-57c0-8654-8b3e915261a2,70,BULLA DOS URO DAM
a9f96b98-dd44-5216-ab0d-dbfc6b262edf,7,GARISSA,7a59a87e-82f3-5146-b0e3-c3b5ff209753,28,BALAMBALA,90169dd7-dd95-57b1-a904-b407255f5bb5,138,SAKA,d9fca955-e7ca-5005-b917-32369fe3a55f,71,CILANLEY MOBILE CENTRE
a9f96b98-dd44-5216-ab0d-dbfc6b262edf,7,GARISSA,7a59a87e-82f3-5146-b0e3-c3b5ff209753,28,BALAMBALA,90169dd7-dd95-57b1-a904-b407255f5bb5,138,SAKA,401b92e5-d20b-54df-b476-84f987162147,72,LAHELEY MOBILE CENTRE
a9f96b98-dd44-5216-ab0d-dbfc6b262edf,7,GARISSA,7a59a87e-82f3-5146-b0e3-c3b5ff209753,28,BALAMBALA,3007de32-c618-5269-b344-007e7817918e,139,SANKURI,286ee8ce-893e-5596-8a5c-3795c91a1ef8,28,BALICH PRIMARY SCHOOL
a9f96b98-dd44-5216-ab0d-dbfc6b262edf,7,GARISSA,7a59a87e-82f3-5146-b0e3-c3b5ff209753,28,BALAMBALA,3007de32-c618-5269-b344-007e7817918e,139,SANKURI,347d5d13-291b-54f6-94f8-e1b551f79904,29,SANKURI PRIMARY SCHOOL
a9f96b98-dd44-5216-ab0d-dbfc6b262edf,7,GARISSA,7a59a87e-82f3-5146-b0e3-c3b5ff209753,28,BALAMBALA,3007de32-c618-5269-b344-007e7817918e,139,SANKURI,af7d1555-1799-54e6-9fa6-2ba49e4cf271,30,SHIMBIREY PRIMARY SCHOOL
a9f96b98-dd44-5216-ab0d-dbfc6b262edf,7,GARISSA,7a59a87e-82f3-5146-b0e3-c3b5ff209753,28,BALAMBALA,3007de32-c618-5269-b344-007e7817918e,139,SANKURI,974b8f7d-1187-56e4-8f94-777990e7b649,31,RAYA PRIMARY SCHOOL
a9f96b98-dd44-5216-ab0d-dbfc6b262edf,7,GARISSA,7a59a87e-82f3-5146-b0e3-c3b5ff209753,28,BALAMBALA,3007de32-c618-5269-b344-007e7817918e,139,SANKURI,833ba1b7-b8ee-58e0-a852-38f6bb5258bd,32,ATHEYLEY PRIMARY SCHOOL
a9f96b98-dd44-5216-ab0d-dbfc6b262edf,7,GARISSA,7a59a87e-82f3-5146-b0e3-c3b5ff209753,28,BALAMBALA,3007de32-c618-5269-b344-007e7817918e,139,SANKURI,d735ae96-797d-522a-9f32-d6c10fbf85cc,33,SHABAHA PRIMARY SCHOOL
a9f96b98-dd44-5216-ab0d-dbfc6b262edf,7,GARISSA,7a59a87e-82f3-5146-b0e3-c3b5ff209753,28,BALAMBALA,3007de32-c618-5269-b344-007e7817918e,139,SANKURI,79894142-6695-5da8-b431-4d3353649934,34,DOLOLO WEYN PRIMARY SCHOOL
a9f96b98-dd44-5216-ab0d-dbfc6b262edf,7,GARISSA,7a59a87e-82f3-5146-b0e3-c3b5ff209753,28,BALAMBALA,3007de32-c618-5269-b344-007e7817918e,139,SANKURI,f8c4a8f9-378b-583f-8ad3-afadf6543ac0,35,NUNOW PRIMARY SCHOOL
a9f96b98-dd44-5216-ab0d-dbfc6b262edf,7,GARISSA,7a59a87e-82f3-5146-b0e3-c3b5ff209753,28,BALAMBALA,3007de32-c618-5269-b344-007e7817918e,139,SANKURI,3a76a757-d87a-5758-a2ae-ecdc30e2966d,36,DALOLO MIDI ECD
a9f96b98-dd44-5216-ab0d-dbfc6b262edf,7,GARISSA,7a59a87e-82f3-5146-b0e3-c3b5ff209753,28,BALAMBALA,3007de32-c618-5269-b344-007e7817918e,139,SANKURI,3b0bc548-982f-5381-9f6b-2814be1985df,37,MODIKA PRIMARY SCHOOL
a9f96b98-dd44-5216-ab0d-dbfc6b262edf,7,GARISSA,7a59a87e-82f3-5146-b0e3-c3b5ff209753,28,BALAMBALA,3007de32-c618-5269-b344-007e7817918e,139,SANKURI,d775b09c-77ff-5fce-9c24-87b32a14b4fc,38,LAAGO MOBILE
a9f96b98-dd44-5216-ab0d-dbfc6b262edf,7,GARISSA,7a59a87e-82f3-5146-b0e3-c3b5ff209753,28,BALAMBALA,3007de32-c618-5269-b344-007e7817918e,139,SANKURI,7a674303-dfb0-5938-83d9-8d3d30f31975,39,AULIYE MOBILE
a9f96b98-dd44-5216-ab0d-dbfc6b262edf,7,GARISSA,7a59a87e-82f3-5146-b0e3-c3b5ff209753,28,BALAMBALA,3007de32-c618-5269-b344-007e7817918e,139,SANKURI,ac7df2bb-9a99-55cc-9f5d-7ba1e1d27b72,40,ABDISAMET DAM MOBILE
a9f96b98-dd44-5216-ab0d-dbfc6b262edf,7,GARISSA,7a59a87e-82f3-5146-b0e3-c3b5ff209753,28,BALAMBALA,3007de32-c618-5269-b344-007e7817918e,139,SANKURI,36293740-38eb-5af0-a3c3-c87be5b1041e,73,SHIDLE DAM
a9f96b98-dd44-5216-ab0d-dbfc6b262edf,7,GARISSA,7a59a87e-82f3-5146-b0e3-c3b5ff209753,28,BALAMBALA,3007de32-c618-5269-b344-007e7817918e,139,SANKURI,b12d87ba-2b70-5a05-a607-9f0c1c561a26,74,ADEN ELEY MOBILE
a9f96b98-dd44-5216-ab0d-dbfc6b262edf,7,GARISSA,7a59a87e-82f3-5146-b0e3-c3b5ff209753,28,BALAMBALA,3007de32-c618-5269-b344-007e7817918e,139,SANKURI,a13a6f93-b8ed-52ec-b185-a8b71cc2ecce,75,MATHAH GESI MOBILE
a9f96b98-dd44-5216-ab0d-dbfc6b262edf,7,GARISSA,7a59a87e-82f3-5146-b0e3-c3b5ff209753,28,BALAMBALA,3007de32-c618-5269-b344-007e7817918e,139,SANKURI,51c64664-a67f-58d8-97e4-28a34ebec790,76,TURE ECD
a9f96b98-dd44-5216-ab0d-dbfc6b262edf,7,GARISSA,7a59a87e-82f3-5146-b0e3-c3b5ff209753,28,BALAMBALA,3007de32-c618-5269-b344-007e7817918e,139,SANKURI,55e0489d-934f-579f-bfb8-5dd32ab6a7db,77,QABOBEY CENTRE
a9f96b98-dd44-5216-ab0d-dbfc6b262edf,7,GARISSA,7a59a87e-82f3-5146-b0e3-c3b5ff209753,28,BALAMBALA,3007de32-c618-5269-b344-007e7817918e,139,SANKURI,5b35d7d9-13b8-58c6-9b3d-1d21b8a75bff,78,BULLA HODAN
a9f96b98-dd44-5216-ab0d-dbfc6b262edf,7,GARISSA,7a59a87e-82f3-5146-b0e3-c3b5ff209753,28,BALAMBALA,3007de32-c618-5269-b344-007e7817918e,139,SANKURI,9ec8a7ab-a563-5069-8b3d-f64339677d35,79,LAHELEY VILLAGE
a9f96b98-dd44-5216-ab0d-dbfc6b262edf,7,GARISSA,7a59a87e-82f3-5146-b0e3-c3b5ff209753,28,BALAMBALA,3007de32-c618-5269-b344-007e7817918e,139,SANKURI,71314d70-d26c-5bb6-bf2b-b6dc09bf3bc4,80,LABI REB MOBILE
a9f96b98-dd44-5216-ab0d-dbfc6b262edf,7,GARISSA,7a59a87e-82f3-5146-b0e3-c3b5ff209753,28,BALAMBALA,3007de32-c618-5269-b344-007e7817918e,139,SANKURI,f05be954-3686-5990-91be-b0dfb0f7a039,81,WEL AATHEY MOBILE
a9f96b98-dd44-5216-ab0d-dbfc6b262edf,7,GARISSA,7a59a87e-82f3-5146-b0e3-c3b5ff209753,28,BALAMBALA,3007de32-c618-5269-b344-007e7817918e,139,SANKURI,c0e61b0b-1829-50f9-ba8c-8a92661b6380,82,FAR YAR VILLAGE
a9f96b98-dd44-5216-ab0d-dbfc6b262edf,7,GARISSA,dec060f8-59f0-5781-9f49-5f66db13a809,29,LAGDERA,4f13d0ba-8848-517d-ac28-a05d00a47346,140,MODOGASHE,97b84255-ffd0-5824-b57e-493a07ffe3dd,1,MODOGASHE PRIMARY SCHOOL
a9f96b98-dd44-5216-ab0d-dbfc6b262edf,7,GARISSA,dec060f8-59f0-5781-9f49-5f66db13a809,29,LAGDERA,4f13d0ba-8848-517d-ac28-a05d00a47346,140,MODOGASHE,2e31b265-f0e9-5705-8be6-2dec52d98488,2,AMA PRMARY SCHOOL
a9f96b98-dd44-5216-ab0d-dbfc6b262edf,7,GARISSA,dec060f8-59f0-5781-9f49-5f66db13a809,29,LAGDERA,4f13d0ba-8848-517d-ac28-a05d00a47346,140,MODOGASHE,7ecf21ea-631e-5611-9979-797d0f0dda5c,3,JANJU WATER WELLS
a9f96b98-dd44-5216-ab0d-dbfc6b262edf,7,GARISSA,dec060f8-59f0-5781-9f49-5f66db13a809,29,LAGDERA,4f13d0ba-8848-517d-ac28-a05d00a47346,140,MODOGASHE,f7668619-d2e9-51cc-a7de-5e472cb53ab8,4,JILANGO CENTER
a9f96b98-dd44-5216-ab0d-dbfc6b262edf,7,GARISSA,dec060f8-59f0-5781-9f49-5f66db13a809,29,LAGDERA,4f13d0ba-8848-517d-ac28-a05d00a47346,140,MODOGASHE,54f404c3-05fc-5f9c-b961-b0774ef59abc,5,BARKUKE PRIMARY SCHOOL
a9f96b98-dd44-5216-ab0d-dbfc6b262edf,7,GARISSA,dec060f8-59f0-5781-9f49-5f66db13a809,29,LAGDERA,4f13d0ba-8848-517d-ac28-a05d00a47346,140,MODOGASHE,6c7c9db6-538e-5c57-a24c-379e7daee66d,6,BARFIN CENTRE
a9f96b98-dd44-5216-ab0d-dbfc6b262edf,7,GARISSA,dec060f8-59f0-5781-9f49-5f66db13a809,29,LAGDERA,4f13d0ba-8848-517d-ac28-a05d00a47346,140,MODOGASHE,6527aba9-d76c-5adc-8f80-3abfcd8b4563,7,GEYLAB CENTRE
a9f96b98-dd44-5216-ab0d-dbfc6b262edf,7,GARISSA,dec060f8-59f0-5781-9f49-5f66db13a809,29,LAGDERA,4f13d0ba-8848-517d-ac28-a05d00a47346,140,MODOGASHE,1b6d88b6-4175-5f2a-b4cc-bf5912f695e7,8,ELDERA MARKET CENTER
a9f96b98-dd44-5216-ab0d-dbfc6b262edf,7,GARISSA,dec060f8-59f0-5781-9f49-5f66db13a809,29,LAGDERA,4f13d0ba-8848-517d-ac28-a05d00a47346,140,MODOGASHE,d474c55b-8aa6-5f4c-9a21-674a34f3aefb,9,MEDINA PRIMARY SCHOOL
a9f96b98-dd44-5216-ab0d-dbfc6b262edf,7,GARISSA,dec060f8-59f0-5781-9f49-5f66db13a809,29,LAGDERA,4f13d0ba-8848-517d-ac28-a05d00a47346,140,MODOGASHE,aa4129ab-2448-5321-889c-6edeb87ea4d1,32,MODOGASHE LIVESTOCK MARKET
a9f96b98-dd44-5216-ab0d-dbfc6b262edf,7,GARISSA,dec060f8-59f0-5781-9f49-5f66db13a809,29,LAGDERA,4f13d0ba-8848-517d-ac28-a05d00a47346,140,MODOGASHE,55bb54d4-773c-5e02-a35e-f9a2b02e18cb,33,BARAZA PARK
a9f96b98-dd44-5216-ab0d-dbfc6b262edf,7,GARISSA,dec060f8-59f0-5781-9f49-5f66db13a809,29,LAGDERA,4f13d0ba-8848-517d-ac28-a05d00a47346,140,MODOGASHE,9c524a2c-af0c-52d8-940d-8f115d527c44,34,ELANLE PRIMARY SCHOOL
a9f96b98-dd44-5216-ab0d-dbfc6b262edf,7,GARISSA,dec060f8-59f0-5781-9f49-5f66db13a809,29,LAGDERA,4f13d0ba-8848-517d-ac28-a05d00a47346,140,MODOGASHE,5470ee14-08da-5c3d-83f6-3623ac28fd4b,35,ELDIN WELLS
a9f96b98-dd44-5216-ab0d-dbfc6b262edf,7,GARISSA,dec060f8-59f0-5781-9f49-5f66db13a809,29,LAGDERA,4f13d0ba-8848-517d-ac28-a05d00a47346,140,MODOGASHE,5eac5807-fe92-5705-8ab4-eb47acc54ae0,36,BARKUKE HEALTH CENTRE
a9f96b98-dd44-5216-ab0d-dbfc6b262edf,7,GARISSA,dec060f8-59f0-5781-9f49-5f66db13a809,29,LAGDERA,4f13d0ba-8848-517d-ac28-a05d00a47346,140,MODOGASHE,fd031cda-a72e-5056-92b2-0621c532a4e4,37,SARTA PRIMARY SCHOOL
a9f96b98-dd44-5216-ab0d-dbfc6b262edf,7,GARISSA,dec060f8-59f0-5781-9f49-5f66db13a809,29,LAGDERA,4f13d0ba-8848-517d-ac28-a05d00a47346,140,MODOGASHE,36630bf1-e72f-525e-b85a-d37936edb395,38,SHABEL DULA PRIMARY SCHOOL
a9f96b98-dd44-5216-ab0d-dbfc6b262edf,7,GARISSA,dec060f8-59f0-5781-9f49-5f66db13a809,29,LAGDERA,4f13d0ba-8848-517d-ac28-a05d00a47346,140,MODOGASHE,5849090c-3c07-5ea2-9c51-e6edc3a67e5f,39,ALI SAGAR PRIMARY SCHOOL
a9f96b98-dd44-5216-ab0d-dbfc6b262edf,7,GARISSA,dec060f8-59f0-5781-9f49-5f66db13a809,29,LAGDERA,4f13d0ba-8848-517d-ac28-a05d00a47346,140,MODOGASHE,79702a53-cff6-5a62-b6e9-b6aa32c52800,40,DENKA ECD CENTRE
a9f96b98-dd44-5216-ab0d-dbfc6b262edf,7,GARISSA,dec060f8-59f0-5781-9f49-5f66db13a809,29,LAGDERA,4f13d0ba-8848-517d-ac28-a05d00a47346,140,MODOGASHE,24d575cf-caee-5de5-85fb-b678eb8b0f97,41,HAGARE VILLAGE ECD CENTRE
a9f96b98-dd44-5216-ab0d-dbfc6b262edf,7,GARISSA,dec060f8-59f0-5781-9f49-5f66db13a809,29,LAGDERA,4f13d0ba-8848-517d-ac28-a05d00a47346,140,MODOGASHE,6fb002ec-1eb2-5a1c-8e2e-4a2b758b69c4,42,FARYAR ECD CENTRE
a9f96b98-dd44-5216-ab0d-dbfc6b262edf,7,GARISSA,dec060f8-59f0-5781-9f49-5f66db13a809,29,LAGDERA,4f13d0ba-8848-517d-ac28-a05d00a47346,140,MODOGASHE,66b87726-1185-5cad-968a-60e1d74065a0,43,MODOGASHE SECONDARY SCHOOL
a9f96b98-dd44-5216-ab0d-dbfc6b262edf,7,GARISSA,dec060f8-59f0-5781-9f49-5f66db13a809,29,LAGDERA,4f13d0ba-8848-517d-ac28-a05d00a47346,140,MODOGASHE,125d21a7-aa81-575e-bd5a-f2fb2a47f191,44,MODOGASHE GIRLS SECONDARY SCHOOL
a9f96b98-dd44-5216-ab0d-dbfc6b262edf,7,GARISSA,dec060f8-59f0-5781-9f49-5f66db13a809,29,LAGDERA,6687682c-a5c7-57f1-a416-48ad515fbf03,141,BENANE,1b944e18-4b6b-5e0a-9851-4a29b51cc194,10,BENANE PRIMARY SCHOOL
a9f96b98-dd44-5216-ab0d-dbfc6b262edf,7,GARISSA,dec060f8-59f0-5781-9f49-5f66db13a809,29,LAGDERA,6687682c-a5c7-57f1-a416-48ad515fbf03,141,BENANE,c0ef55ac-65c8-5891-90d7-d37f3af73494,11,TOKOJO CENTER MOLBILE
a9f96b98-dd44-5216-ab0d-dbfc6b262edf,7,GARISSA,dec060f8-59f0-5781-9f49-5f66db13a809,29,LAGDERA,6687682c-a5c7-57f1-a416-48ad515fbf03,141,BENANE,678e5c26-61a1-5daf-b85e-8085966dd898,12,LAFAGERI DAM
a9f96b98-dd44-5216-ab0d-dbfc6b262edf,7,GARISSA,dec060f8-59f0-5781-9f49-5f66db13a809,29,LAGDERA,6687682c-a5c7-57f1-a416-48ad515fbf03,141,BENANE,0e168a90-edf2-5ccb-989c-f05be3586cfa,13,HADUNI WATER PAN
a9f96b98-dd44-5216-ab0d-dbfc6b262edf,7,GARISSA,dec060f8-59f0-5781-9f49-5f66db13a809,29,LAGDERA,6687682c-a5c7-57f1-a416-48ad515fbf03,141,BENANE,1a814da0-5527-5de8-916d-bbee0b97a8e9,14,BENANE SECNDARY SCHOOL
a9f96b98-dd44-5216-ab0d-dbfc6b262edf,7,GARISSA,dec060f8-59f0-5781-9f49-5f66db13a809,29,LAGDERA,6687682c-a5c7-57f1-a416-48ad515fbf03,141,BENANE,6ba9e26d-ddb4-5b54-8fe5-6c8c542b3634,15,BULLO CENTRE
a9f96b98-dd44-5216-ab0d-dbfc6b262edf,7,GARISSA,dec060f8-59f0-5781-9f49-5f66db13a809,29,LAGDERA,6687682c-a5c7-57f1-a416-48ad515fbf03,141,BENANE,b30c4d36-1928-5db0-ac46-10a47564865d,16,KAMPI SAMAKI
a9f96b98-dd44-5216-ab0d-dbfc6b262edf,7,GARISSA,dec060f8-59f0-5781-9f49-5f66db13a809,29,LAGDERA,6687682c-a5c7-57f1-a416-48ad515fbf03,141,BENANE,c18d9f95-eae5-5162-ab9a-41c5bea8817a,45,MADINA VILLAGE
a9f96b98-dd44-5216-ab0d-dbfc6b262edf,7,GARISSA,dec060f8-59f0-5781-9f49-5f66db13a809,29,LAGDERA,6687682c-a5c7-57f1-a416-48ad515fbf03,141,BENANE,4b75eca1-ee4b-5571-ae4e-0dc55e912f2a,46,MOULID VILLAGE
a9f96b98-dd44-5216-ab0d-dbfc6b262edf,7,GARISSA,dec060f8-59f0-5781-9f49-5f66db13a809,29,LAGDERA,6687682c-a5c7-57f1-a416-48ad515fbf03,141,BENANE,983b850e-b1a3-5e57-b27c-22de2ee7b854,47,KAMPI SAMAKI DISPENSARY
a9f96b98-dd44-5216-ab0d-dbfc6b262edf,7,GARISSA,dec060f8-59f0-5781-9f49-5f66db13a809,29,LAGDERA,8e157283-a3bd-5cc9-b9ae-415f6ff43442,142,GOREALE,0dfaaad1-1532-55a9-92c5-5c2d06b6bd6f,17,GUTALE WELLS
a9f96b98-dd44-5216-ab0d-dbfc6b262edf,7,GARISSA,dec060f8-59f0-5781-9f49-5f66db13a809,29,LAGDERA,8e157283-a3bd-5cc9-b9ae-415f6ff43442,142,GOREALE,ab4b889d-58db-5e52-ae5b-d5fdd3891c3d,18,SHANTA-ABAK CENTER
a9f96b98-dd44-5216-ab0d-dbfc6b262edf,7,GARISSA,dec060f8-59f0-5781-9f49-5f66db13a809,29,LAGDERA,8e157283-a3bd-5cc9-b9ae-415f6ff43442,142,GOREALE,b7a656f3-b5db-5643-b3e6-78ab854deef5,19,AHMED TUKALE CENTRE
a9f96b98-dd44-5216-ab0d-dbfc6b262edf,7,GARISSA,dec060f8-59f0-5781-9f49-5f66db13a809,29,LAGDERA,8e157283-a3bd-5cc9-b9ae-415f6ff43442,142,GOREALE,e7d74b28-23a9-5833-8c2b-475e80172023,20,AGALAAR CENTRE
a9f96b98-dd44-5216-ab0d-dbfc6b262edf,7,GARISSA,dec060f8-59f0-5781-9f49-5f66db13a809,29,LAGDERA,8e157283-a3bd-5cc9-b9ae-415f6ff43442,142,GOREALE,cd481508-74a2-58b0-b5a7-5d8898fe6ef1,48,BARSABEN VILLAGE CENTRE
a9f96b98-dd44-5216-ab0d-dbfc6b262edf,7,GARISSA,dec060f8-59f0-5781-9f49-5f66db13a809,29,LAGDERA,39b36852-8d26-551a-abf2-a097f11e356b,143,MAALIMIN,8a779d30-08dd-5f70-9880-3a78b1909a70,21,MAALIMIN PRIMARY SCHOOL
a9f96b98-dd44-5216-ab0d-dbfc6b262edf,7,GARISSA,dec060f8-59f0-5781-9f49-5f66db13a809,29,LAGDERA,39b36852-8d26-551a-abf2-a097f11e356b,143,MAALIMIN,c1c83f13-65f2-540d-a53d-525f79343e5a,22,DIHLE NURSERY SCHOOL
a9f96b98-dd44-5216-ab0d-dbfc6b262edf,7,GARISSA,dec060f8-59f0-5781-9f49-5f66db13a809,29,LAGDERA,39b36852-8d26-551a-abf2-a097f11e356b,143,MAALIMIN,e08d30fa-6cba-5320-b5a3-3bae5636915d,23,ILAN PRIMARY SCHOOL
a9f96b98-dd44-5216-ab0d-dbfc6b262edf,7,GARISSA,dec060f8-59f0-5781-9f49-5f66db13a809,29,LAGDERA,39b36852-8d26-551a-abf2-a097f11e356b,143,MAALIMIN,509ab89d-8e8b-5f3c-8b0d-df3f4d5d5668,24,RIIG DAM
a9f96b98-dd44-5216-ab0d-dbfc6b262edf,7,GARISSA,dec060f8-59f0-5781-9f49-5f66db13a809,29,LAGDERA,39b36852-8d26-551a-abf2-a097f11e356b,143,MAALIMIN,49bdb95a-e67b-5a4a-8cd7-c4fdc02d7042,25,GARSE VILLAGE
a9f96b98-dd44-5216-ab0d-dbfc6b262edf,7,GARISSA,dec060f8-59f0-5781-9f49-5f66db13a809,29,LAGDERA,39b36852-8d26-551a-abf2-a097f11e356b,143,MAALIMIN,e815f86d-8423-5986-8f96-7a5dee5d32d6,26,SKANSKA CENTRE
a9f96b98-dd44-5216-ab0d-dbfc6b262edf,7,GARISSA,dec060f8-59f0-5781-9f49-5f66db13a809,29,LAGDERA,39b36852-8d26-551a-abf2-a097f11e356b,143,MAALIMIN,4c598106-dded-51ab-a9a9-aed4df7071b9,27,TOGDUB PRIMARY SCHOOL
a9f96b98-dd44-5216-ab0d-dbfc6b262edf,7,GARISSA,dec060f8-59f0-5781-9f49-5f66db13a809,29,LAGDERA,39b36852-8d26-551a-abf2-a097f11e356b,143,MAALIMIN,122f3a59-8f55-5a57-9153-48301596290b,50,SHEIKH HAJIR PRIMARY SCHOOL
a9f96b98-dd44-5216-ab0d-dbfc6b262edf,7,GARISSA,dec060f8-59f0-5781-9f49-5f66db13a809,29,LAGDERA,39b36852-8d26-551a-abf2-a097f11e356b,143,MAALIMIN,4c53dca5-1edb-5c59-a614-271b0c786574,51,TINASS ECD CENTRE
a9f96b98-dd44-5216-ab0d-dbfc6b262edf,7,GARISSA,dec060f8-59f0-5781-9f49-5f66db13a809,29,LAGDERA,39b36852-8d26-551a-abf2-a097f11e356b,143,MAALIMIN,5fbb752a-6d80-52f7-9af1-984e5570402d,52,WAYAMA JIBRIL PRIMARY SCHOOL
a9f96b98-dd44-5216-ab0d-dbfc6b262edf,7,GARISSA,dec060f8-59f0-5781-9f49-5f66db13a809,29,LAGDERA,39b36852-8d26-551a-abf2-a097f11e356b,143,MAALIMIN,3d857927-d202-5034-ba59-97f209d12cbe,53,DALEHELE PRIMARY SCHOOL
a9f96b98-dd44-5216-ab0d-dbfc6b262edf,7,GARISSA,dec060f8-59f0-5781-9f49-5f66db13a809,29,LAGDERA,39b36852-8d26-551a-abf2-a097f11e356b,143,MAALIMIN,4d7484d0-583a-56a4-94f8-dc7802b60991,54,HAGAR JARER PRIMARY SCHOOL
a9f96b98-dd44-5216-ab0d-dbfc6b262edf,7,GARISSA,dec060f8-59f0-5781-9f49-5f66db13a809,29,LAGDERA,39b36852-8d26-551a-abf2-a097f11e356b,143,MAALIMIN,83e744aa-76af-50f8-8e64-cad54116ad00,55,KIWANJA PRIMARY SCHOOL
a9f96b98-dd44-5216-ab0d-dbfc6b262edf,7,GARISSA,dec060f8-59f0-5781-9f49-5f66db13a809,29,LAGDERA,39b36852-8d26-551a-abf2-a097f11e356b,143,MAALIMIN,6fd0d08b-4ddb-56d4-98e2-ae627d5e20f9,56,CROSS BOBAY BOREHOLE
a9f96b98-dd44-5216-ab0d-dbfc6b262edf,7,GARISSA,dec060f8-59f0-5781-9f49-5f66db13a809,29,LAGDERA,39b36852-8d26-551a-abf2-a097f11e356b,143,MAALIMIN,577cd847-e06c-502b-85f2-1af9989fdf9c,57,TUBERE VILLAGE CENTRE
a9f96b98-dd44-5216-ab0d-dbfc6b262edf,7,GARISSA,dec060f8-59f0-5781-9f49-5f66db13a809,29,LAGDERA,07eced2b-24fe-5698-b200-e6e46c506cdb,144,SABENA,fa2ba233-2ba3-545b-9e2d-53dcbf9796b1,28,GARUFA PRIMARY SCHOOL
a9f96b98-dd44-5216-ab0d-dbfc6b262edf,7,GARISSA,dec060f8-59f0-5781-9f49-5f66db13a809,29,LAGDERA,07eced2b-24fe-5698-b200-e6e46c506cdb,144,SABENA,17be271e-f58f-5c94-aba1-460c79593320,29,CHARON NURSERY SCHOOL
a9f96b98-dd44-5216-ab0d-dbfc6b262edf,7,GARISSA,dec060f8-59f0-5781-9f49-5f66db13a809,29,LAGDERA,07eced2b-24fe-5698-b200-e6e46c506cdb,144,SABENA,b5671a26-41de-5597-8fc4-f5d7a2e356a8,49,GARUFA BOREHOLE
a9f96b98-dd44-5216-ab0d-dbfc6b262edf,7,GARISSA,dec060f8-59f0-5781-9f49-5f66db13a809,29,LAGDERA,07eced2b-24fe-5698-b200-e6e46c506cdb,144,SABENA,a0d77602-0e03-5276-925f-8aea475da0f5,58,HAGAR VILLAGE CENTRE
a9f96b98-dd44-5216-ab0d-dbfc6b262edf,7,GARISSA,dec060f8-59f0-5781-9f49-5f66db13a809,29,LAGDERA,07eced2b-24fe-5698-b200-e6e46c506cdb,144,SABENA,3be7acc6-4887-50ff-9f9c-ffceaa43a819,59,QORWA BOREHOLE
a9f96b98-dd44-5216-ab0d-dbfc6b262edf,7,GARISSA,dec060f8-59f0-5781-9f49-5f66db13a809,29,LAGDERA,d37993e7-07c9-5451-bfe5-9eb4303020d9,145,BARAKI,f4e4deb5-8178-5982-9a62-8592d1ed007c,30,BARAKI CENTER
a9f96b98-dd44-5216-ab0d-dbfc6b262edf,7,GARISSA,dec060f8-59f0-5781-9f49-5f66db13a809,29,LAGDERA,d37993e7-07c9-5451-bfe5-9eb4303020d9,145,BARAKI,98116ea7-74bb-5618-b5b3-b6bd1980026d,31,AFWEYN CENTER
a9f96b98-dd44-5216-ab0d-dbfc6b262edf,7,GARISSA,dec060f8-59f0-5781-9f49-5f66db13a809,29,LAGDERA,d37993e7-07c9-5451-bfe5-9eb4303020d9,145,BARAKI,ed0adac0-7cc4-5331-9903-be81980308f3,60,AFWEINE CHIEFS OFFICE
a9f96b98-dd44-5216-ab0d-dbfc6b262edf,7,GARISSA,dec060f8-59f0-5781-9f49-5f66db13a809,29,LAGDERA,d37993e7-07c9-5451-bfe5-9eb4303020d9,145,BARAKI,6a51842e-66ff-5d4f-88c6-32a1fdc97930,61,BOMBI BOREHOLE
a9f96b98-dd44-5216-ab0d-dbfc6b262edf,7,GARISSA,dec060f8-59f0-5781-9f49-5f66db13a809,29,LAGDERA,d37993e7-07c9-5451-bfe5-9eb4303020d9,145,BARAKI,4bf4989e-9ff7-5317-aca7-73ba3c6aa9ff,62,LANGUYATO VILLAGE BOREHOLE
a9f96b98-dd44-5216-ab0d-dbfc6b262edf,7,GARISSA,dec060f8-59f0-5781-9f49-5f66db13a809,29,LAGDERA,d37993e7-07c9-5451-bfe5-9eb4303020d9,145,BARAKI,1dd52e2b-5931-5de6-bcdb-7de85c5b66b2,63,BARAKI PRIMARY SCHOOL
a9f96b98-dd44-5216-ab0d-dbfc6b262edf,7,GARISSA,dec060f8-59f0-5781-9f49-5f66db13a809,29,LAGDERA,d37993e7-07c9-5451-bfe5-9eb4303020d9,145,BARAKI,f48cdc66-21e1-5aab-89ae-53f804881d2f,64,BARAKI DISPENSARY
a9f96b98-dd44-5216-ab0d-dbfc6b262edf,7,GARISSA,dec060f8-59f0-5781-9f49-5f66db13a809,29,LAGDERA,d37993e7-07c9-5451-bfe5-9eb4303020d9,145,BARAKI,6e8aa815-1ede-5772-94e1-99c3de7027ca,65,DARUSALAM PRIMARY SCHOOL
a9f96b98-dd44-5216-ab0d-dbfc6b262edf,7,GARISSA,dec060f8-59f0-5781-9f49-5f66db13a809,29,LAGDERA,d37993e7-07c9-5451-bfe5-9eb4303020d9,145,BARAKI,52492328-4582-585d-9cac-5ad07021ec34,66,AFWEINE PRIMARY SCHOOL
a9f96b98-dd44-5216-ab0d-dbfc6b262edf,7,GARISSA,dec060f8-59f0-5781-9f49-5f66db13a809,29,LAGDERA,d37993e7-07c9-5451-bfe5-9eb4303020d9,145,BARAKI,0dca6c66-b58e-5822-8db5-b87c60ba246b,67,AFWEINE DISPENSARY
a9f96b98-dd44-5216-ab0d-dbfc6b262edf,7,GARISSA,dec060f8-59f0-5781-9f49-5f66db13a809,29,LAGDERA,d37993e7-07c9-5451-bfe5-9eb4303020d9,145,BARAKI,fd599d5e-3885-5077-8ce0-d16695b8d275,68,AFWEINE SECONDARY SCHOOL
a9f96b98-dd44-5216-ab0d-dbfc6b262edf,7,GARISSA,dec060f8-59f0-5781-9f49-5f66db13a809,29,LAGDERA,d37993e7-07c9-5451-bfe5-9eb4303020d9,145,BARAKI,909cbc87-d549-53c3-92ee-ac7b81f52951,69,TOGDUB WATER PAN
a9f96b98-dd44-5216-ab0d-dbfc6b262edf,7,GARISSA,cfa3799b-df85-5aa0-b353-c777c8423373,30,DADAAB,4049223a-3cd9-5698-8e87-19ba4ac739a6,146,DERTU,e4bc5418-2565-5e76-9f69-47e32fb3a447,1,DERTU VILLAGE CENTER
a9f96b98-dd44-5216-ab0d-dbfc6b262edf,7,GARISSA,cfa3799b-df85-5aa0-b353-c777c8423373,30,DADAAB,4049223a-3cd9-5698-8e87-19ba4ac739a6,146,DERTU,7559e86b-f80c-567a-9c44-6aa7dfa42a73,2,FAF KALALA DAM
a9f96b98-dd44-5216-ab0d-dbfc6b262edf,7,GARISSA,cfa3799b-df85-5aa0-b353-c777c8423373,30,DADAAB,4049223a-3cd9-5698-8e87-19ba4ac739a6,146,DERTU,6cd9c51a-dc3a-5bc8-b84e-3753a088565f,3,BAHURI PRIMARY SCHOOL
a9f96b98-dd44-5216-ab0d-dbfc6b262edf,7,GARISSA,cfa3799b-df85-5aa0-b353-c777c8423373,30,DADAAB,4049223a-3cd9-5698-8e87-19ba4ac739a6,146,DERTU,fca3316a-b10d-5cc4-8838-da61956d32f6,4,ALANGO ARBA POST OFFICE
a9f96b98-dd44-5216-ab0d-dbfc6b262edf,7,GARISSA,cfa3799b-df85-5aa0-b353-c777c8423373,30,DADAAB,4049223a-3cd9-5698-8e87-19ba4ac739a6,146,DERTU,0771eb89-d15b-5be0-9b14-239128a407d5,5,KABOBEI DAM
a9f96b98-dd44-5216-ab0d-dbfc6b262edf,7,GARISSA,cfa3799b-df85-5aa0-b353-c777c8423373,30,DADAAB,4049223a-3cd9-5698-8e87-19ba4ac739a6,146,DERTU,64e3b029-b123-5735-b457-4c04e2554a30,6,BORANSIS
a9f96b98-dd44-5216-ab0d-dbfc6b262edf,7,GARISSA,cfa3799b-df85-5aa0-b353-c777c8423373,30,DADAAB,4049223a-3cd9-5698-8e87-19ba4ac739a6,146,DERTU,eedf34f8-1f16-5581-9e94-b0f203cb55f8,7,ALANGO PRIMARY SCHOOL
a9f96b98-dd44-5216-ab0d-dbfc6b262edf,7,GARISSA,cfa3799b-df85-5aa0-b353-c777c8423373,30,DADAAB,4049223a-3cd9-5698-8e87-19ba4ac739a6,146,DERTU,1b92836a-d126-52e9-81bd-6b6e84ab6eba,8,LAAGO BOREHOLE
a9f96b98-dd44-5216-ab0d-dbfc6b262edf,7,GARISSA,cfa3799b-df85-5aa0-b353-c777c8423373,30,DADAAB,4049223a-3cd9-5698-8e87-19ba4ac739a6,146,DERTU,06f0558d-837e-530d-a4bf-9cf1eec7e9c5,40,UDHOLE PRIMARY SCHOOL
a9f96b98-dd44-5216-ab0d-dbfc6b262edf,7,GARISSA,cfa3799b-df85-5aa0-b353-c777c8423373,30,DADAAB,4049223a-3cd9-5698-8e87-19ba4ac739a6,146,DERTU,fe09758a-f3f6-5b3e-b18e-bb1f81aad915,41,KAMUTHE PRIMARY SCHOOL
a9f96b98-dd44-5216-ab0d-dbfc6b262edf,7,GARISSA,cfa3799b-df85-5aa0-b353-c777c8423373,30,DADAAB,4049223a-3cd9-5698-8e87-19ba4ac739a6,146,DERTU,ca62508b-ea76-560d-a7db-9608a6b7f729,42,DERTU GIRLS SECONDARY SCHOOL
a9f96b98-dd44-5216-ab0d-dbfc6b262edf,7,GARISSA,cfa3799b-df85-5aa0-b353-c777c8423373,30,DADAAB,4049223a-3cd9-5698-8e87-19ba4ac739a6,146,DERTU,a3b16e17-7138-521a-b989-674a4c9bcbec,43,DERTU PRIMARY SCHOOL
a9f96b98-dd44-5216-ab0d-dbfc6b262edf,7,GARISSA,cfa3799b-df85-5aa0-b353-c777c8423373,30,DADAAB,4049223a-3cd9-5698-8e87-19ba4ac739a6,146,DERTU,39759167-838f-5d5a-b684-39083bd47055,44,ALANGO ARBA CHEIF OFFICE
a9f96b98-dd44-5216-ab0d-dbfc6b262edf,7,GARISSA,cfa3799b-df85-5aa0-b353-c777c8423373,30,DADAAB,4049223a-3cd9-5698-8e87-19ba4ac739a6,146,DERTU,fa01f3d0-349a-55c2-9c9b-bed736cb8e80,45,DERTU ICT CENTER
a9f96b98-dd44-5216-ab0d-dbfc6b262edf,7,GARISSA,cfa3799b-df85-5aa0-b353-c777c8423373,30,DADAAB,3dc308f6-d860-5999-b1b9-0334d132c64e,147,DADAAB,d199f0b8-9a89-54e1-b9af-4b31c411d8b3,9,DADAAB PRIMARY SCHOOL
a9f96b98-dd44-5216-ab0d-dbfc6b262edf,7,GARISSA,cfa3799b-df85-5aa0-b353-c777c8423373,30,DADAAB,3dc308f6-d860-5999-b1b9-0334d132c64e,147,DADAAB,89892530-266c-518c-a639-e583e358cb8d,10,IFO BOREHOLE
a9f96b98-dd44-5216-ab0d-dbfc6b262edf,7,GARISSA,cfa3799b-df85-5aa0-b353-c777c8423373,30,DADAAB,3dc308f6-d860-5999-b1b9-0334d132c64e,147,DADAAB,8373059a-990b-5756-803d-d25fa5c7bac3,11,DADAAB SECONDARY SCHOOL
a9f96b98-dd44-5216-ab0d-dbfc6b262edf,7,GARISSA,cfa3799b-df85-5aa0-b353-c777c8423373,30,DADAAB,3dc308f6-d860-5999-b1b9-0334d132c64e,147,DADAAB,6c95ca33-748d-52cb-89ed-7aeb6cdb24b7,12,DAYDEY PRIMARY SCHOOL
a9f96b98-dd44-5216-ab0d-dbfc6b262edf,7,GARISSA,cfa3799b-df85-5aa0-b353-c777c8423373,30,DADAAB,3dc308f6-d860-5999-b1b9-0334d132c64e,147,DADAAB,acd9ac9d-7fc2-5798-b3a0-d52c8f0c17fe,46,KIWANJA PRIMARY SCHOOL
a9f96b98-dd44-5216-ab0d-dbfc6b262edf,7,GARISSA,cfa3799b-df85-5aa0-b353-c777c8423373,30,DADAAB,3dc308f6-d860-5999-b1b9-0334d132c64e,147,DADAAB,366c2888-7106-5a8a-ae8f-b72c4c208844,47,BOGYAR PRIMARY SCHOOL
a9f96b98-dd44-5216-ab0d-dbfc6b262edf,7,GARISSA,cfa3799b-df85-5aa0-b353-c777c8423373,30,DADAAB,3dc308f6-d860-5999-b1b9-0334d132c64e,147,DADAAB,4364539a-f7d9-5754-8bff-be6b444c0280,48,HAJI IDRIS GIRLS SECONDARY SCHOOL
a9f96b98-dd44-5216-ab0d-dbfc6b262edf,7,GARISSA,cfa3799b-df85-5aa0-b353-c777c8423373,30,DADAAB,3dc308f6-d860-5999-b1b9-0334d132c64e,147,DADAAB,a7cf2f54-2cc8-5cb3-b1ef-6b517ad73126,49,BULA KHEIR PRIMARY SCHOOL
a9f96b98-dd44-5216-ab0d-dbfc6b262edf,7,GARISSA,cfa3799b-df85-5aa0-b353-c777c8423373,30,DADAAB,3dc308f6-d860-5999-b1b9-0334d132c64e,147,DADAAB,4c95f119-ff21-5b2b-8c4f-82b85b09169e,50,DADAAB MULTIPURPOSE HALL
a9f96b98-dd44-5216-ab0d-dbfc6b262edf,7,GARISSA,cfa3799b-df85-5aa0-b353-c777c8423373,30,DADAAB,589a281d-c0e5-54d4-b31e-a9df5bb70d87,148,LABASIGALE,12f27181-82c1-52bf-ac2b-d8e41afd880d,13,LEBISIGALE CENTER
a9f96b98-dd44-5216-ab0d-dbfc6b262edf,7,GARISSA,cfa3799b-df85-5aa0-b353-c777c8423373,30,DADAAB,589a281d-c0e5-54d4-b31e-a9df5bb70d87,148,LABASIGALE,bc2a3e2c-82d2-52fb-b1d2-199735ca7eaa,14,LANDER WELLS
a9f96b98-dd44-5216-ab0d-dbfc6b262edf,7,GARISSA,cfa3799b-df85-5aa0-b353-c777c8423373,30,DADAAB,589a281d-c0e5-54d4-b31e-a9df5bb70d87,148,LABASIGALE,44cd3c84-ea49-53a8-9757-b7d1a0088604,15,BOREHOLE 5 (LEBISIGALE)
a9f96b98-dd44-5216-ab0d-dbfc6b262edf,7,GARISSA,cfa3799b-df85-5aa0-b353-c777c8423373,30,DADAAB,589a281d-c0e5-54d4-b31e-a9df5bb70d87,148,LABASIGALE,9e195706-b49e-5ea0-bc68-e1f8ead89e59,16,WELHAR CENTRE
a9f96b98-dd44-5216-ab0d-dbfc6b262edf,7,GARISSA,cfa3799b-df85-5aa0-b353-c777c8423373,30,DADAAB,589a281d-c0e5-54d4-b31e-a9df5bb70d87,148,LABASIGALE,03612c1a-c35b-51b4-8a94-b63e05ba2f61,51,LABASIGALE CHIEF OFFICE
a9f96b98-dd44-5216-ab0d-dbfc6b262edf,7,GARISSA,cfa3799b-df85-5aa0-b353-c777c8423373,30,DADAAB,589a281d-c0e5-54d4-b31e-a9df5bb70d87,148,LABASIGALE,a421ea9d-677a-5b08-96d3-d94ba2fadbfb,52,LANDIIG BOREHOLE
a9f96b98-dd44-5216-ab0d-dbfc6b262edf,7,GARISSA,cfa3799b-df85-5aa0-b353-c777c8423373,30,DADAAB,5851f2c4-dafd-5ac3-a898-88d897710e98,149,DAMAJALE,1a28ade0-633a-500a-8753-dc114a9e2177,17,DAGAHLEY CENTER
a9f96b98-dd44-5216-ab0d-dbfc6b262edf,7,GARISSA,cfa3799b-df85-5aa0-b353-c777c8423373,30,DADAAB,5851f2c4-dafd-5ac3-a898-88d897710e98,149,DAMAJALE,d63903b1-f09a-5234-adf1-d5b6345a0642,18,KOKAR PRIMARY SCHOOL
a9f96b98-dd44-5216-ab0d-dbfc6b262edf,7,GARISSA,cfa3799b-df85-5aa0-b353-c777c8423373,30,DADAAB,5851f2c4-dafd-5ac3-a898-88d897710e98,149,DAMAJALE,36ca6e7b-d842-5646-88a6-5d1f34b9a830,19,DAMAJALE PRIMARY SCHOOL
a9f96b98-dd44-5216-ab0d-dbfc6b262edf,7,GARISSA,cfa3799b-df85-5aa0-b353-c777c8423373,30,DADAAB,5851f2c4-dafd-5ac3-a898-88d897710e98,149,DAMAJALE,f0f7ba12-5de4-56f8-9ea7-9c842e61b833,20,MADAHGESI WELLS
a9f96b98-dd44-5216-ab0d-dbfc6b262edf,7,GARISSA,cfa3799b-df85-5aa0-b353-c777c8423373,30,DADAAB,5851f2c4-dafd-5ac3-a898-88d897710e98,149,DAMAJALE,eb47f582-467e-5dd9-a143-f95a28a8e04a,21,DAMAJALE ABAK WATER PAN
a9f96b98-dd44-5216-ab0d-dbfc6b262edf,7,GARISSA,cfa3799b-df85-5aa0-b353-c777c8423373,30,DADAAB,5851f2c4-dafd-5ac3-a898-88d897710e98,149,DAMAJALE,f1d7cd0c-0b2f-59ad-b00e-280bf23b55f8,22,DARYOLEY DAM
a9f96b98-dd44-5216-ab0d-dbfc6b262edf,7,GARISSA,cfa3799b-df85-5aa0-b353-c777c8423373,30,DADAAB,5851f2c4-dafd-5ac3-a898-88d897710e98,149,DAMAJALE,f86a3cb1-159d-5397-9b43-1c55d29f05a2,23,BOREHOLE 2
a9f96b98-dd44-5216-ab0d-dbfc6b262edf,7,GARISSA,cfa3799b-df85-5aa0-b353-c777c8423373,30,DADAAB,5851f2c4-dafd-5ac3-a898-88d897710e98,149,DAMAJALE,d086c204-0f86-58ca-9ba8-19527bcadf96,24,HAMEY BOREHOLE
a9f96b98-dd44-5216-ab0d-dbfc6b262edf,7,GARISSA,cfa3799b-df85-5aa0-b353-c777c8423373,30,DADAAB,5851f2c4-dafd-5ac3-a898-88d897710e98,149,DAMAJALE,218ec316-ca4d-5fc3-95e1-bb275d0e64d0,25,MALAYLAY PRIMARY SCHOOL
a9f96b98-dd44-5216-ab0d-dbfc6b262edf,7,GARISSA,cfa3799b-df85-5aa0-b353-c777c8423373,30,DADAAB,5851f2c4-dafd-5ac3-a898-88d897710e98,149,DAMAJALE,d914ee9e-09b3-5893-8870-d4f503a4c83e,53,MAGUTO PRIMARY SCHOOL
a9f96b98-dd44-5216-ab0d-dbfc6b262edf,7,GARISSA,cfa3799b-df85-5aa0-b353-c777c8423373,30,DADAAB,5851f2c4-dafd-5ac3-a898-88d897710e98,149,DAMAJALE,1d6fc516-d3aa-50cb-9d3d-b17b4a4451b0,54,BARKIN PRIMARY SCHOOL
a9f96b98-dd44-5216-ab0d-dbfc6b262edf,7,GARISSA,cfa3799b-df85-5aa0-b353-c777c8423373,30,DADAAB,5851f2c4-dafd-5ac3-a898-88d897710e98,149,DAMAJALE,71b5b259-012f-55d6-9b63-5e57cd65661c,55,KIWANJA YAREY PRIMARY SCHOOL
a9f96b98-dd44-5216-ab0d-dbfc6b262edf,7,GARISSA,cfa3799b-df85-5aa0-b353-c777c8423373,30,DADAAB,5851f2c4-dafd-5ac3-a898-88d897710e98,149,DAMAJALE,ddb89e3b-d07a-57a2-a81b-da7bbacb8fa6,56,LEHELEY PRIMARY SCHOOL
a9f96b98-dd44-5216-ab0d-dbfc6b262edf,7,GARISSA,cfa3799b-df85-5aa0-b353-c777c8423373,30,DADAAB,5851f2c4-dafd-5ac3-a898-88d897710e98,149,DAMAJALE,58a24994-2a6b-591b-ab42-d8023085e496,57,IGAL PRIMARY SCHOOL
a9f96b98-dd44-5216-ab0d-dbfc6b262edf,7,GARISSA,cfa3799b-df85-5aa0-b353-c777c8423373,30,DADAAB,5851f2c4-dafd-5ac3-a898-88d897710e98,149,DAMAJALE,ebfc8b51-3eb6-561e-94a3-de8266d48e38,58,BULLA YANYA PRIMARY SCHOOL
a9f96b98-dd44-5216-ab0d-dbfc6b262edf,7,GARISSA,cfa3799b-df85-5aa0-b353-c777c8423373,30,DADAAB,5851f2c4-dafd-5ac3-a898-88d897710e98,149,DAMAJALE,4699b0ca-ede5-5917-9a04-80834b8c24bb,59,HAMEY PRIMARY SCHOOL
a9f96b98-dd44-5216-ab0d-dbfc6b262edf,7,GARISSA,cfa3799b-df85-5aa0-b353-c777c8423373,30,DADAAB,5851f2c4-dafd-5ac3-a898-88d897710e98,149,DAMAJALE,cf0669ce-a30d-566d-a9d7-1abbd1e32d4e,60,MADAHGESI PRIMARY SCHOOL
a9f96b98-dd44-5216-ab0d-dbfc6b262edf,7,GARISSA,cfa3799b-df85-5aa0-b353-c777c8423373,30,DADAAB,5851f2c4-dafd-5ac3-a898-88d897710e98,149,DAMAJALE,3a016b7e-8a42-5198-baa5-682a78c8f195,61,HAMAJO BOREHOLE
a9f96b98-dd44-5216-ab0d-dbfc6b262edf,7,GARISSA,cfa3799b-df85-5aa0-b353-c777c8423373,30,DADAAB,5851f2c4-dafd-5ac3-a898-88d897710e98,149,DAMAJALE,613f2583-40cd-503f-a171-0361876ccb22,62,QOT QOT BOREHOLE
a9f96b98-dd44-5216-ab0d-dbfc6b262edf,7,GARISSA,cfa3799b-df85-5aa0-b353-c777c8423373,30,DADAAB,5851f2c4-dafd-5ac3-a898-88d897710e98,149,DAMAJALE,4c2c6c32-c44f-5775-bc01-611f6b951bc9,63,DALSAN BOREHOLE
a9f96b98-dd44-5216-ab0d-dbfc6b262edf,7,GARISSA,cfa3799b-df85-5aa0-b353-c777c8423373,30,DADAAB,5851f2c4-dafd-5ac3-a898-88d897710e98,149,DAMAJALE,45eb56a3-4e59-59cb-b96d-4a7879df8ac3,64,DAMAJALEY ICT CENTER
a9f96b98-dd44-5216-ab0d-dbfc6b262edf,7,GARISSA,cfa3799b-df85-5aa0-b353-c777c8423373,30,DADAAB,5851f2c4-dafd-5ac3-a898-88d897710e98,149,DAMAJALE,c836c340-e211-5f51-8c8d-b315f38ea414,65,TOWFIQ BOREHOLE
a9f96b98-dd44-5216-ab0d-dbfc6b262edf,7,GARISSA,cfa3799b-df85-5aa0-b353-c777c8423373,30,DADAAB,5851f2c4-dafd-5ac3-a898-88d897710e98,149,DAMAJALE,54920163-7826-58f2-909b-0a4a55b2c4b0,66,WELDONI PRIMARY SCHOOL
a9f96b98-dd44-5216-ab0d-dbfc6b262edf,7,GARISSA,cfa3799b-df85-5aa0-b353-c777c8423373,30,DADAAB,8628f094-2946-5022-a963-3d5dca917473,150,LIBOI,17a602b7-d5ab-5bfd-a1df-2ced38f30ae3,26,KULAN PRIMARY SCHOOL
a9f96b98-dd44-5216-ab0d-dbfc6b262edf,7,GARISSA,cfa3799b-df85-5aa0-b353-c777c8423373,30,DADAAB,8628f094-2946-5022-a963-3d5dca917473,150,LIBOI,3d453959-9dc8-5fee-a4da-c83f35f2f4e8,27,LIBOI PRIMARY SCHOOL
a9f96b98-dd44-5216-ab0d-dbfc6b262edf,7,GARISSA,cfa3799b-df85-5aa0-b353-c777c8423373,30,DADAAB,8628f094-2946-5022-a963-3d5dca917473,150,LIBOI,968bdc75-d1c8-5a5c-9737-1ce56fbd2556,28,HARAHARA POST OFFICE
a9f96b98-dd44-5216-ab0d-dbfc6b262edf,7,GARISSA,cfa3799b-df85-5aa0-b353-c777c8423373,30,DADAAB,8628f094-2946-5022-a963-3d5dca917473,150,LIBOI,a3826bcd-296f-516e-b2ad-2eb04a3e3051,29,KADAKSO WELLS
a9f96b98-dd44-5216-ab0d-dbfc6b262edf,7,GARISSA,cfa3799b-df85-5aa0-b353-c777c8423373,30,DADAAB,8628f094-2946-5022-a963-3d5dca917473,150,LIBOI,12b35989-1e49-5897-97fd-aad243ad9579,30,INDADADA DAMS
a9f96b98-dd44-5216-ab0d-dbfc6b262edf,7,GARISSA,cfa3799b-df85-5aa0-b353-c777c8423373,30,DADAAB,8628f094-2946-5022-a963-3d5dca917473,150,LIBOI,7544d740-cb7e-55a7-93a1-10dfc2899811,31,WARDEGLOW DAM
a9f96b98-dd44-5216-ab0d-dbfc6b262edf,7,GARISSA,cfa3799b-df85-5aa0-b353-c777c8423373,30,DADAAB,8628f094-2946-5022-a963-3d5dca917473,150,LIBOI,827d9e06-a3b3-5571-89e1-4f0b3b43208c,32,MALAYLAY CENTRE
a9f96b98-dd44-5216-ab0d-dbfc6b262edf,7,GARISSA,cfa3799b-df85-5aa0-b353-c777c8423373,30,DADAAB,8628f094-2946-5022-a963-3d5dca917473,150,LIBOI,f40578de-12d2-5d41-9490-4bf9f981c183,33,DEK ELEMA CENTRE
a9f96b98-dd44-5216-ab0d-dbfc6b262edf,7,GARISSA,cfa3799b-df85-5aa0-b353-c777c8423373,30,DADAAB,8628f094-2946-5022-a963-3d5dca917473,150,LIBOI,18a1d608-fcca-575d-91f6-2bb31138ba40,67,SHEBTA AAD BOREHOLE
a9f96b98-dd44-5216-ab0d-dbfc6b262edf,7,GARISSA,cfa3799b-df85-5aa0-b353-c777c8423373,30,DADAAB,8628f094-2946-5022-a963-3d5dca917473,150,LIBOI,f093f3ea-8106-5187-8930-946fa7a6afc4,68,LEBI ATO WATER PAN
a9f96b98-dd44-5216-ab0d-dbfc6b262edf,7,GARISSA,cfa3799b-df85-5aa0-b353-c777c8423373,30,DADAAB,8628f094-2946-5022-a963-3d5dca917473,150,LIBOI,839b1386-d044-5208-a120-d5a157bf3ef1,69,LIBOI SECONDARY SCHOOL
a9f96b98-dd44-5216-ab0d-dbfc6b262edf,7,GARISSA,cfa3799b-df85-5aa0-b353-c777c8423373,30,DADAAB,8628f094-2946-5022-a963-3d5dca917473,150,LIBOI,57abdb5f-f1b6-5539-923b-ef1d6500f7c5,70,LIBOI ICT CENTER
a9f96b98-dd44-5216-ab0d-dbfc6b262edf,7,GARISSA,cfa3799b-df85-5aa0-b353-c777c8423373,30,DADAAB,8628f094-2946-5022-a963-3d5dca917473,150,LIBOI,88cbe956-26f6-5995-8a50-7241280b643e,71,KULAN SECONDARY SCHOOL
a9f96b98-dd44-5216-ab0d-dbfc6b262edf,7,GARISSA,cfa3799b-df85-5aa0-b353-c777c8423373,30,DADAAB,930e634f-f05e-5885-8e47-738656d8b329,151,ABAKAILE,297c2985-7800-56a4-87cf-15ca58b11ac1,34,ABAKAILE CENTER
a9f96b98-dd44-5216-ab0d-dbfc6b262edf,7,GARISSA,cfa3799b-df85-5aa0-b353-c777c8423373,30,DADAAB,930e634f-f05e-5885-8e47-738656d8b329,151,ABAKAILE,b5e21b83-0e0d-5f14-811a-285e611b9c01,35,KUMAHUMATO CENTER
a9f96b98-dd44-5216-ab0d-dbfc6b262edf,7,GARISSA,cfa3799b-df85-5aa0-b353-c777c8423373,30,DADAAB,930e634f-f05e-5885-8e47-738656d8b329,151,ABAKAILE,8154f9a7-0592-50d3-b5a8-30fc35bfc976,36,AHMED-QALOW DAM
a9f96b98-dd44-5216-ab0d-dbfc6b262edf,7,GARISSA,cfa3799b-df85-5aa0-b353-c777c8423373,30,DADAAB,930e634f-f05e-5885-8e47-738656d8b329,151,ABAKAILE,dd3b6eb7-c9cf-5064-bb2b-5ca433235614,37,LIBAHLOW VILLAGE
a9f96b98-dd44-5216-ab0d-dbfc6b262edf,7,GARISSA,cfa3799b-df85-5aa0-b353-c777c8423373,30,DADAAB,930e634f-f05e-5885-8e47-738656d8b329,151,ABAKAILE,e5c9eb1e-48d9-5dbd-9880-71a5fcbd1e19,38,SARETHO PRIMARY SCHOOL
a9f96b98-dd44-5216-ab0d-dbfc6b262edf,7,GARISSA,cfa3799b-df85-5aa0-b353-c777c8423373,30,DADAAB,930e634f-f05e-5885-8e47-738656d8b329,151,ABAKAILE,036a1e5e-5616-543a-800d-9b5b415c43ab,39,ALIKUNE PRIMARY SCHOOL
a9f96b98-dd44-5216-ab0d-dbfc6b262edf,7,GARISSA,cfa3799b-df85-5aa0-b353-c777c8423373,30,DADAAB,930e634f-f05e-5885-8e47-738656d8b329,151,ABAKAILE,eda01954-d1c8-5468-964a-1452cda40296,72,MAROTHILEY PRIMARY SCHOOL
a9f96b98-dd44-5216-ab0d-dbfc6b262edf,7,GARISSA,cfa3799b-df85-5aa0-b353-c777c8423373,30,DADAAB,930e634f-f05e-5885-8e47-738656d8b329,151,ABAKAILE,746915d5-8061-51d7-831b-4574362a658f,73,LIH SHELL PRIMARY SCHOOL
a9f96b98-dd44-5216-ab0d-dbfc6b262edf,7,GARISSA,cfa3799b-df85-5aa0-b353-c777c8423373,30,DADAAB,930e634f-f05e-5885-8e47-738656d8b329,151,ABAKAILE,2a1152a1-f4d0-5218-b8ef-533244d1c4a3,74,MASLAH PRIMARY SCHOOL
a9f96b98-dd44-5216-ab0d-dbfc6b262edf,7,GARISSA,cfa3799b-df85-5aa0-b353-c777c8423373,30,DADAAB,930e634f-f05e-5885-8e47-738656d8b329,151,ABAKAILE,29a2e754-3f85-5ca8-a5bf-c458c5696c6f,75,ALIKUNE DISPESARY
a9f96b98-dd44-5216-ab0d-dbfc6b262edf,7,GARISSA,cfa3799b-df85-5aa0-b353-c777c8423373,30,DADAAB,930e634f-f05e-5885-8e47-738656d8b329,151,ABAKAILE,0bea8200-c3f6-5c9e-888d-701fea8fda96,76,LIBAHLOW PRIMARY SCHOOL
a9f96b98-dd44-5216-ab0d-dbfc6b262edf,7,GARISSA,cfa3799b-df85-5aa0-b353-c777c8423373,30,DADAAB,930e634f-f05e-5885-8e47-738656d8b329,151,ABAKAILE,cc053379-1bdf-54a8-b0d3-8eff83be1cb1,77,SARETHO BOREHOLE
a9f96b98-dd44-5216-ab0d-dbfc6b262edf,7,GARISSA,cfa3799b-df85-5aa0-b353-c777c8423373,30,DADAAB,930e634f-f05e-5885-8e47-738656d8b329,151,ABAKAILE,7fc4320d-c012-5800-a3ab-db11bc5437cf,78,KUMAHUMATO CHIEF OFFICE
a9f96b98-dd44-5216-ab0d-dbfc6b262edf,7,GARISSA,cfa3799b-df85-5aa0-b353-c777c8423373,30,DADAAB,930e634f-f05e-5885-8e47-738656d8b329,151,ABAKAILE,68e015d3-2123-5b40-842a-1e654d9baa62,79,DARUSALAM CENTER
a9f96b98-dd44-5216-ab0d-dbfc6b262edf,7,GARISSA,cfa3799b-df85-5aa0-b353-c777c8423373,30,DADAAB,930e634f-f05e-5885-8e47-738656d8b329,151,ABAKAILE,fe4b283f-eb69-5ca7-bdd6-549055411235,80,HAJI ADAN VILLAGE
a9f96b98-dd44-5216-ab0d-dbfc6b262edf,7,GARISSA,cfa3799b-df85-5aa0-b353-c777c8423373,30,DADAAB,930e634f-f05e-5885-8e47-738656d8b329,151,ABAKAILE,6609609c-7f02-5ff7-b4f0-078cb68b2c8b,81,GURRO PRIMARY SCHOOL
a9f96b98-dd44-5216-ab0d-dbfc6b262edf,7,GARISSA,735f09b4-d5f1-5865-943b-1125195b8a3b,31,FAFI,eb9cd639-4488-5231-96af-8dccf65504d7,152,BURA,dc6fc44d-2588-5194-9098-cfb488d124d6,1,ALI-EMIJ PRIMARY SCHOOL
a9f96b98-dd44-5216-ab0d-dbfc6b262edf,7,GARISSA,735f09b4-d5f1-5865-943b-1125195b8a3b,31,FAFI,eb9cd639-4488-5231-96af-8dccf65504d7,152,BURA,6e3524d9-d1fa-58f4-86f9-aa45d7e92855,2,BURA PRIMARY SCHOOL
a9f96b98-dd44-5216-ab0d-dbfc6b262edf,7,GARISSA,735f09b4-d5f1-5865-943b-1125195b8a3b,31,FAFI,eb9cd639-4488-5231-96af-8dccf65504d7,152,BURA,e480af9b-3edf-598f-937b-de38e227ac20,3,HAWAJOT VILLAGE
a9f96b98-dd44-5216-ab0d-dbfc6b262edf,7,GARISSA,735f09b4-d5f1-5865-943b-1125195b8a3b,31,FAFI,eb9cd639-4488-5231-96af-8dccf65504d7,152,BURA,f39e7e6d-f832-51af-a97d-18f04d375fa3,4,MATHAHGESI MOBLE SCHOOL
a9f96b98-dd44-5216-ab0d-dbfc6b262edf,7,GARISSA,735f09b4-d5f1-5865-943b-1125195b8a3b,31,FAFI,eb9cd639-4488-5231-96af-8dccf65504d7,152,BURA,fe1dc6ad-badf-5789-b898-60d359cc5c60,5,ARBDABOLO COMMUNITY WATER PAN
a9f96b98-dd44-5216-ab0d-dbfc6b262edf,7,GARISSA,735f09b4-d5f1-5865-943b-1125195b8a3b,31,FAFI,eb9cd639-4488-5231-96af-8dccf65504d7,152,BURA,9d6b6d77-703c-5489-8361-11ca1f32da8f,6,DAGEGA DAM
a9f96b98-dd44-5216-ab0d-dbfc6b262edf,7,GARISSA,735f09b4-d5f1-5865-943b-1125195b8a3b,31,FAFI,eb9cd639-4488-5231-96af-8dccf65504d7,152,BURA,b6c465ca-56bc-5bda-b6f9-16636f0070a5,7,FAFI GIRLS SECONDARY SCHOOL
a9f96b98-dd44-5216-ab0d-dbfc6b262edf,7,GARISSA,735f09b4-d5f1-5865-943b-1125195b8a3b,31,FAFI,eb9cd639-4488-5231-96af-8dccf65504d7,152,BURA,ea5acc7c-433b-51f4-ae66-f596c1c2ab87,8,BURA BAZARA PARK
a9f96b98-dd44-5216-ab0d-dbfc6b262edf,7,GARISSA,735f09b4-d5f1-5865-943b-1125195b8a3b,31,FAFI,eb9cd639-4488-5231-96af-8dccf65504d7,152,BURA,5ae7264c-62eb-5ecc-973d-13f0cfeeb0b0,9,JAMBELE PRIMARY SCHOOL
a9f96b98-dd44-5216-ab0d-dbfc6b262edf,7,GARISSA,735f09b4-d5f1-5865-943b-1125195b8a3b,31,FAFI,eb9cd639-4488-5231-96af-8dccf65504d7,152,BURA,a0f68135-8f4d-51b0-8037-2623472b8137,10,DAGWARDEY COMMUNITY PAN
a9f96b98-dd44-5216-ab0d-dbfc6b262edf,7,GARISSA,735f09b4-d5f1-5865-943b-1125195b8a3b,31,FAFI,eb9cd639-4488-5231-96af-8dccf65504d7,152,BURA,9f986e29-00aa-53c1-9e62-60ab44c2ab2a,11,GARASWEINO PRIMARY SCHOOL
a9f96b98-dd44-5216-ab0d-dbfc6b262edf,7,GARISSA,735f09b4-d5f1-5865-943b-1125195b8a3b,31,FAFI,eb9cd639-4488-5231-96af-8dccf65504d7,152,BURA,615eede9-3e1c-5521-a688-2e0022d6f23e,12,MANSABUBU PRIMARY SCHOOL
a9f96b98-dd44-5216-ab0d-dbfc6b262edf,7,GARISSA,735f09b4-d5f1-5865-943b-1125195b8a3b,31,FAFI,eb9cd639-4488-5231-96af-8dccf65504d7,152,BURA,ba6cc749-0c1f-52fd-bfff-9cfb0cd39a12,13,DARESALAM VILLAGE
a9f96b98-dd44-5216-ab0d-dbfc6b262edf,7,GARISSA,735f09b4-d5f1-5865-943b-1125195b8a3b,31,FAFI,eb9cd639-4488-5231-96af-8dccf65504d7,152,BURA,017645f8-c1dc-549c-bf00-cf7d3ea9736e,50,BULLA RAHMA
a9f96b98-dd44-5216-ab0d-dbfc6b262edf,7,GARISSA,735f09b4-d5f1-5865-943b-1125195b8a3b,31,FAFI,f7789ec2-9119-5e54-b73c-dc60ad411ee1,153,DEKAHARIA,8f3ec451-e906-5ed0-9ad5-df3d202e5295,14,UFTIS VILLAGE CENTRE
a9f96b98-dd44-5216-ab0d-dbfc6b262edf,7,GARISSA,735f09b4-d5f1-5865-943b-1125195b8a3b,31,FAFI,f7789ec2-9119-5e54-b73c-dc60ad411ee1,153,DEKAHARIA,93e34dc4-6244-5904-8920-ed64026d240b,15,MUFTU ECD
a9f96b98-dd44-5216-ab0d-dbfc6b262edf,7,GARISSA,735f09b4-d5f1-5865-943b-1125195b8a3b,31,FAFI,f7789ec2-9119-5e54-b73c-dc60ad411ee1,153,DEKAHARIA,9a51004a-a728-50fd-9781-f1fc38a89ada,16,KATAMA MOBILE CENTRE
a9f96b98-dd44-5216-ab0d-dbfc6b262edf,7,GARISSA,735f09b4-d5f1-5865-943b-1125195b8a3b,31,FAFI,f7789ec2-9119-5e54-b73c-dc60ad411ee1,153,DEKAHARIA,2f6a19e9-b13c-544e-ab09-ff216c0ddfc3,17,HARERAH DAMS
a9f96b98-dd44-5216-ab0d-dbfc6b262edf,7,GARISSA,735f09b4-d5f1-5865-943b-1125195b8a3b,31,FAFI,f7789ec2-9119-5e54-b73c-dc60ad411ee1,153,DEKAHARIA,824ebca3-909d-527e-b300-8c21439938c6,18,GUBIS PRIMARY SCHOOL
a9f96b98-dd44-5216-ab0d-dbfc6b262edf,7,GARISSA,735f09b4-d5f1-5865-943b-1125195b8a3b,31,FAFI,f7789ec2-9119-5e54-b73c-dc60ad411ee1,153,DEKAHARIA,5acf4389-a72a-5d90-ac7d-6c9fe985adfc,19,EDA ECD
a9f96b98-dd44-5216-ab0d-dbfc6b262edf,7,GARISSA,735f09b4-d5f1-5865-943b-1125195b8a3b,31,FAFI,f7789ec2-9119-5e54-b73c-dc60ad411ee1,153,DEKAHARIA,a8329631-dd74-578a-b5e4-6ca20906860e,20,DERTU ECD
a9f96b98-dd44-5216-ab0d-dbfc6b262edf,7,GARISSA,735f09b4-d5f1-5865-943b-1125195b8a3b,31,FAFI,f7789ec2-9119-5e54-b73c-dc60ad411ee1,153,DEKAHARIA,ecbb8650-5921-5a4d-a429-87d5517009dc,21,BULAGOLOL PRIMARY SCHOOL
a9f96b98-dd44-5216-ab0d-dbfc6b262edf,7,GARISSA,735f09b4-d5f1-5865-943b-1125195b8a3b,31,FAFI,f7789ec2-9119-5e54-b73c-dc60ad411ee1,153,DEKAHARIA,72dc1a60-55e8-5e8f-96fe-a40f4ab1b950,22,TUMTISH VILLAGE CENTRE
a9f96b98-dd44-5216-ab0d-dbfc6b262edf,7,GARISSA,735f09b4-d5f1-5865-943b-1125195b8a3b,31,FAFI,f7789ec2-9119-5e54-b73c-dc60ad411ee1,153,DEKAHARIA,4cb30539-6034-58fb-b15d-ca48fa87f7ac,23,MARERKADER DAM
a9f96b98-dd44-5216-ab0d-dbfc6b262edf,7,GARISSA,735f09b4-d5f1-5865-943b-1125195b8a3b,31,FAFI,f7789ec2-9119-5e54-b73c-dc60ad411ee1,153,DEKAHARIA,bdadd4ad-6bdf-593f-83c6-fb7d8af73e4e,24,ILMABANTA WATER PAN
a9f96b98-dd44-5216-ab0d-dbfc6b262edf,7,GARISSA,735f09b4-d5f1-5865-943b-1125195b8a3b,31,FAFI,f7789ec2-9119-5e54-b73c-dc60ad411ee1,153,DEKAHARIA,a8df733e-d0b8-5565-b69d-a9647ce14233,25,HAJIJIMY ECD
a9f96b98-dd44-5216-ab0d-dbfc6b262edf,7,GARISSA,735f09b4-d5f1-5865-943b-1125195b8a3b,31,FAFI,f7789ec2-9119-5e54-b73c-dc60ad411ee1,153,DEKAHARIA,df7f2b06-e3e5-5c5b-9f4c-ac0a3e4bfa44,26,GAMAGALA PRIMARY SCHOOL
a9f96b98-dd44-5216-ab0d-dbfc6b262edf,7,GARISSA,735f09b4-d5f1-5865-943b-1125195b8a3b,31,FAFI,f7789ec2-9119-5e54-b73c-dc60ad411ee1,153,DEKAHARIA,5fc5f7a9-80e0-5482-8afe-c90ed042d700,27,DOI ECD
a9f96b98-dd44-5216-ab0d-dbfc6b262edf,7,GARISSA,735f09b4-d5f1-5865-943b-1125195b8a3b,31,FAFI,f7789ec2-9119-5e54-b73c-dc60ad411ee1,153,DEKAHARIA,f3e584bd-e587-57d3-b4e7-684da16ec643,28,DEKAHARJA PRIMARY SCHOOL
a9f96b98-dd44-5216-ab0d-dbfc6b262edf,7,GARISSA,735f09b4-d5f1-5865-943b-1125195b8a3b,31,FAFI,f7789ec2-9119-5e54-b73c-dc60ad411ee1,153,DEKAHARIA,9cb4b5a5-a3b3-583a-bb5d-ab0e44d4c03c,51,HADEES
a9f96b98-dd44-5216-ab0d-dbfc6b262edf,7,GARISSA,735f09b4-d5f1-5865-943b-1125195b8a3b,31,FAFI,f7789ec2-9119-5e54-b73c-dc60ad411ee1,153,DEKAHARIA,65a24893-bbf8-5bcb-a0da-0970acfa610a,52,DEG BON WATER PAN
a9f96b98-dd44-5216-ab0d-dbfc6b262edf,7,GARISSA,735f09b4-d5f1-5865-943b-1125195b8a3b,31,FAFI,f7789ec2-9119-5e54-b73c-dc60ad411ee1,153,DEKAHARIA,59d4237e-07c2-593b-956a-a94aaaa6986d,53,MAREREY WATER PAN
a9f96b98-dd44-5216-ab0d-dbfc6b262edf,7,GARISSA,735f09b4-d5f1-5865-943b-1125195b8a3b,31,FAFI,f7789ec2-9119-5e54-b73c-dc60ad411ee1,153,DEKAHARIA,c7bf13a5-54e1-5ab3-9ec1-2a76bbbc73b5,54,DINIQ WATER PAN
a9f96b98-dd44-5216-ab0d-dbfc6b262edf,7,GARISSA,735f09b4-d5f1-5865-943b-1125195b8a3b,31,FAFI,f7789ec2-9119-5e54-b73c-dc60ad411ee1,153,DEKAHARIA,d79d790b-5cc7-5706-af1f-ee065900340d,55,GALMAGALA ICT
a9f96b98-dd44-5216-ab0d-dbfc6b262edf,7,GARISSA,735f09b4-d5f1-5865-943b-1125195b8a3b,31,FAFI,f7789ec2-9119-5e54-b73c-dc60ad411ee1,153,DEKAHARIA,4aee1108-a953-58db-b6f4-68c615106c75,56,FARAH DURWA BOREHOLE
a9f96b98-dd44-5216-ab0d-dbfc6b262edf,7,GARISSA,735f09b4-d5f1-5865-943b-1125195b8a3b,31,FAFI,9d9ec88c-424c-5000-b6cb-8562ea8a5ca4,154,JARAJILA,4803d5a4-11a0-5d39-9de3-749afe99527d,29,ALINJUGUR PRIMARY SCHOOL
a9f96b98-dd44-5216-ab0d-dbfc6b262edf,7,GARISSA,735f09b4-d5f1-5865-943b-1125195b8a3b,31,FAFI,9d9ec88c-424c-5000-b6cb-8562ea8a5ca4,154,JARAJILA,2a377c2c-04da-5319-b8b5-9afcd1dc12fa,30,AMUMA PRIMARY SCHOOL
a9f96b98-dd44-5216-ab0d-dbfc6b262edf,7,GARISSA,735f09b4-d5f1-5865-943b-1125195b8a3b,31,FAFI,9d9ec88c-424c-5000-b6cb-8562ea8a5ca4,154,JARAJILA,ad76f13c-8a4e-57f8-9403-1ebfd14f1287,31,JARAJILA ECD
a9f96b98-dd44-5216-ab0d-dbfc6b262edf,7,GARISSA,735f09b4-d5f1-5865-943b-1125195b8a3b,31,FAFI,9d9ec88c-424c-5000-b6cb-8562ea8a5ca4,154,JARAJILA,6b5906ac-cd57-539b-aad8-486f585743da,32,SADEH GOSE WATER PAN
a9f96b98-dd44-5216-ab0d-dbfc6b262edf,7,GARISSA,735f09b4-d5f1-5865-943b-1125195b8a3b,31,FAFI,9d9ec88c-424c-5000-b6cb-8562ea8a5ca4,154,JARAJILA,2a747cfb-5c27-5dbe-8429-113a3a758cff,33,WELMERER PRIMARY SCHOOL
a9f96b98-dd44-5216-ab0d-dbfc6b262edf,7,GARISSA,735f09b4-d5f1-5865-943b-1125195b8a3b,31,FAFI,9d9ec88c-424c-5000-b6cb-8562ea8a5ca4,154,JARAJILA,54a7cb4d-0dfb-5eaf-bf97-4c0e9241b711,57,JIKOLE WATER PAN
a9f96b98-dd44-5216-ab0d-dbfc6b262edf,7,GARISSA,735f09b4-d5f1-5865-943b-1125195b8a3b,31,FAFI,9d9ec88c-424c-5000-b6cb-8562ea8a5ca4,154,JARAJILA,9d11ee2f-46c0-52fd-9f54-638aa7f78c3b,58,DARKEN KOSAR DAM
a9f96b98-dd44-5216-ab0d-dbfc6b262edf,7,GARISSA,735f09b4-d5f1-5865-943b-1125195b8a3b,31,FAFI,9d9ec88c-424c-5000-b6cb-8562ea8a5ca4,154,JARAJILA,24b0f057-bda9-5575-9704-74882ead2b74,59,ELIN CENTRE
a9f96b98-dd44-5216-ab0d-dbfc6b262edf,7,GARISSA,735f09b4-d5f1-5865-943b-1125195b8a3b,31,FAFI,9d9ec88c-424c-5000-b6cb-8562ea8a5ca4,154,JARAJILA,ae8436e7-6570-5c2a-964c-29954280c4de,60,ALINJUGUR SECONDARY
a9f96b98-dd44-5216-ab0d-dbfc6b262edf,7,GARISSA,735f09b4-d5f1-5865-943b-1125195b8a3b,31,FAFI,ad114275-f7c3-570e-b91d-9713f9fd45aa,155,FAFI,bda20ac7-deb0-5aa0-b532-e7aae4ec22b3,34,YUMBIS PRIMARY SCHOOL
a9f96b98-dd44-5216-ab0d-dbfc6b262edf,7,GARISSA,735f09b4-d5f1-5865-943b-1125195b8a3b,31,FAFI,ad114275-f7c3-570e-b91d-9713f9fd45aa,155,FAFI,66621d38-6b84-5eec-b783-fa33f0cb3aa1,35,HAGARDERA COMMUNITY WATER PAN
a9f96b98-dd44-5216-ab0d-dbfc6b262edf,7,GARISSA,735f09b4-d5f1-5865-943b-1125195b8a3b,31,FAFI,ad114275-f7c3-570e-b91d-9713f9fd45aa,155,FAFI,de7b1ce5-6a20-5ebf-ada6-2c0562b28026,36,FAFI PRIMARY SCHOOL
a9f96b98-dd44-5216-ab0d-dbfc6b262edf,7,GARISSA,735f09b4-d5f1-5865-943b-1125195b8a3b,31,FAFI,ad114275-f7c3-570e-b91d-9713f9fd45aa,155,FAFI,6ab36cea-8e4b-5e60-80fe-0e73c7238f9b,37,MATHAHMARUB PRIMARY SCHOOL
a9f96b98-dd44-5216-ab0d-dbfc6b262edf,7,GARISSA,735f09b4-d5f1-5865-943b-1125195b8a3b,31,FAFI,ad114275-f7c3-570e-b91d-9713f9fd45aa,155,FAFI,03b64979-27b7-5389-af77-ee69b166644d,38,HAGARBUL COMMUNITY CENTRE
a9f96b98-dd44-5216-ab0d-dbfc6b262edf,7,GARISSA,735f09b4-d5f1-5865-943b-1125195b8a3b,31,FAFI,ad114275-f7c3-570e-b91d-9713f9fd45aa,155,FAFI,545be1fe-3d75-5656-9f76-96f3629a5606,39,ELHUMO ECD
a9f96b98-dd44-5216-ab0d-dbfc6b262edf,7,GARISSA,735f09b4-d5f1-5865-943b-1125195b8a3b,31,FAFI,ad114275-f7c3-570e-b91d-9713f9fd45aa,155,FAFI,0f07ba5e-3996-504c-a099-4a09d969787f,40,BOHOLE 5 MOBILE CENTRE
a9f96b98-dd44-5216-ab0d-dbfc6b262edf,7,GARISSA,735f09b4-d5f1-5865-943b-1125195b8a3b,31,FAFI,ad114275-f7c3-570e-b91d-9713f9fd45aa,155,FAFI,2edf838e-2deb-5f22-a742-50f3266963f7,41,DIISO PRIMARY
a9f96b98-dd44-5216-ab0d-dbfc6b262edf,7,GARISSA,735f09b4-d5f1-5865-943b-1125195b8a3b,31,FAFI,ad114275-f7c3-570e-b91d-9713f9fd45aa,155,FAFI,f2f0c770-f41c-50a9-a53f-0ac02817e47d,42,LAAGO PRIMARY SCHOOL
a9f96b98-dd44-5216-ab0d-dbfc6b262edf,7,GARISSA,735f09b4-d5f1-5865-943b-1125195b8a3b,31,FAFI,ad114275-f7c3-570e-b91d-9713f9fd45aa,155,FAFI,d2d1d8eb-8c51-555e-a5bb-5fbd1826f5df,61,DADDERA PRIMARY SCHOOL
a9f96b98-dd44-5216-ab0d-dbfc6b262edf,7,GARISSA,735f09b4-d5f1-5865-943b-1125195b8a3b,31,FAFI,ad114275-f7c3-570e-b91d-9713f9fd45aa,155,FAFI,35dde639-72e7-50f6-ad8c-dd48bf731d4e,62,FAFAHJIN PRIMARY SCHOOL
a9f96b98-dd44-5216-ab0d-dbfc6b262edf,7,GARISSA,735f09b4-d5f1-5865-943b-1125195b8a3b,31,FAFI,ad114275-f7c3-570e-b91d-9713f9fd45aa,155,FAFI,cb3dbeeb-e040-5c0e-8cbc-ab7098707285,63,IFTIN PRIMARY SCHOOL
a9f96b98-dd44-5216-ab0d-dbfc6b262edf,7,GARISSA,735f09b4-d5f1-5865-943b-1125195b8a3b,31,FAFI,ad114275-f7c3-570e-b91d-9713f9fd45aa,155,FAFI,3cf8ff9e-3633-5338-94f8-068e94cddf9e,64,UPENDO PRIMARY
a9f96b98-dd44-5216-ab0d-dbfc6b262edf,7,GARISSA,735f09b4-d5f1-5865-943b-1125195b8a3b,31,FAFI,ad114275-f7c3-570e-b91d-9713f9fd45aa,155,FAFI,43c0d417-62ea-5bb7-8fc1-b6ba2f13df2b,65,DELA SAGAAR
a9f96b98-dd44-5216-ab0d-dbfc6b262edf,7,GARISSA,735f09b4-d5f1-5865-943b-1125195b8a3b,31,FAFI,ad114275-f7c3-570e-b91d-9713f9fd45aa,155,FAFI,88b668bc-9d15-5e17-9530-d6c4bbfc64b4,66,DIISO ICT CENTRE
a9f96b98-dd44-5216-ab0d-dbfc6b262edf,7,GARISSA,735f09b4-d5f1-5865-943b-1125195b8a3b,31,FAFI,f2acfa6a-c80e-5d3c-a085-865ce8107393,156,NANIGHI,51232c7c-8047-54b3-b459-974dfc86d9c6,43,ABAQDERA PRIMARY SCHOOL
a9f96b98-dd44-5216-ab0d-dbfc6b262edf,7,GARISSA,735f09b4-d5f1-5865-943b-1125195b8a3b,31,FAFI,f2acfa6a-c80e-5d3c-a085-865ce8107393,156,NANIGHI,ea7158c4-d54c-5bdb-b7a2-4dc5e33d3322,44,GUYO PRIMARY SCHOOL
a9f96b98-dd44-5216-ab0d-dbfc6b262edf,7,GARISSA,735f09b4-d5f1-5865-943b-1125195b8a3b,31,FAFI,f2acfa6a-c80e-5d3c-a085-865ce8107393,156,NANIGHI,8d27ab9c-5eba-5b8b-a80b-287d1f1ceeae,45,KAMUTHE PRIMARY
a9f96b98-dd44-5216-ab0d-dbfc6b262edf,7,GARISSA,735f09b4-d5f1-5865-943b-1125195b8a3b,31,FAFI,f2acfa6a-c80e-5d3c-a085-865ce8107393,156,NANIGHI,fa202f87-0ab2-57d9-992d-76916f203b21,46,NANIGHI PRIMARY SCHOOL
a9f96b98-dd44-5216-ab0d-dbfc6b262edf,7,GARISSA,735f09b4-d5f1-5865-943b-1125195b8a3b,31,FAFI,f2acfa6a-c80e-5d3c-a085-865ce8107393,156,NANIGHI,b94821db-76c6-53d6-a584-1f080c4d6cf6,47,HARAJABS ECD
a9f96b98-dd44-5216-ab0d-dbfc6b262edf,7,GARISSA,735f09b4-d5f1-5865-943b-1125195b8a3b,31,FAFI,f2acfa6a-c80e-5d3c-a085-865ce8107393,156,NANIGHI,b9df3cef-3ff0-5479-b5ee-90f570e73e37,48,NADIR PRIMARY SCHOOL
a9f96b98-dd44-5216-ab0d-dbfc6b262edf,7,GARISSA,735f09b4-d5f1-5865-943b-1125195b8a3b,31,FAFI,f2acfa6a-c80e-5d3c-a085-865ce8107393,156,NANIGHI,7d7c9952-21b1-56ef-8cf5-8351289f0208,49,WARABLE PRIMARY SCHOOL
a9f96b98-dd44-5216-ab0d-dbfc6b262edf,7,GARISSA,735f09b4-d5f1-5865-943b-1125195b8a3b,31,FAFI,f2acfa6a-c80e-5d3c-a085-865ce8107393,156,NANIGHI,3a1abeb4-fdab-5379-b9d0-5fca557c3222,67,NANIGHI SECONDARY SCHOOL
a9f96b98-dd44-5216-ab0d-dbfc6b262edf,7,GARISSA,735f09b4-d5f1-5865-943b-1125195b8a3b,31,FAFI,f2acfa6a-c80e-5d3c-a085-865ce8107393,156,NANIGHI,5adf5b21-aea7-5ee1-a6df-89213d714d45,68,TAGAL PRIMARY SCHOOL
a9f96b98-dd44-5216-ab0d-dbfc6b262edf,7,GARISSA,735f09b4-d5f1-5865-943b-1125195b8a3b,31,FAFI,f2acfa6a-c80e-5d3c-a085-865ce8107393,156,NANIGHI,bd7a872d-0826-556e-8952-fd7006877b40,69,GORA ECD
a9f96b98-dd44-5216-ab0d-dbfc6b262edf,7,GARISSA,735f09b4-d5f1-5865-943b-1125195b8a3b,31,FAFI,f2acfa6a-c80e-5d3c-a085-865ce8107393,156,NANIGHI,d2cf8014-27cf-54c5-bab4-77accb67e3e8,70,DAB BULLE DAM
a9f96b98-dd44-5216-ab0d-dbfc6b262edf,7,GARISSA,735f09b4-d5f1-5865-943b-1125195b8a3b,31,FAFI,f2acfa6a-c80e-5d3c-a085-865ce8107393,156,NANIGHI,efcd701e-c24d-5124-af9e-d1a578c2bc98,71,WARABLE MADRASA
a9f96b98-dd44-5216-ab0d-dbfc6b262edf,7,GARISSA,735f09b4-d5f1-5865-943b-1125195b8a3b,31,FAFI,f2acfa6a-c80e-5d3c-a085-865ce8107393,156,NANIGHI,4826a290-b245-518b-8588-9a1b14cfdb99,72,KAMUTHE WOMEN CENTRE
a9f96b98-dd44-5216-ab0d-dbfc6b262edf,7,GARISSA,735f09b4-d5f1-5865-943b-1125195b8a3b,31,FAFI,f2acfa6a-c80e-5d3c-a085-865ce8107393,156,NANIGHI,a1e30354-79e6-5464-a290-0a85ac8db72c,73,SHEIKH HASSAN CENTRE
a9f96b98-dd44-5216-ab0d-dbfc6b262edf,7,GARISSA,4b61d73c-9541-5e72-8fc9-b44088b00a85,32,IJARA,ed69f372-8213-50d3-9a6e-8439e50a0868,157,HULUGHO,a77818b7-bfb2-5705-aee3-e1e157069441,1,KORANHINDI PRIMARY SCHOOL
a9f96b98-dd44-5216-ab0d-dbfc6b262edf,7,GARISSA,4b61d73c-9541-5e72-8fc9-b44088b00a85,32,IJARA,ed69f372-8213-50d3-9a6e-8439e50a0868,157,HULUGHO,e756e059-a098-5981-b27b-e08cca4eda77,2,GARABEY PRIMARY SCHOOL
a9f96b98-dd44-5216-ab0d-dbfc6b262edf,7,GARISSA,4b61d73c-9541-5e72-8fc9-b44088b00a85,32,IJARA,ed69f372-8213-50d3-9a6e-8439e50a0868,157,HULUGHO,ea5e7510-50ec-5dba-b78d-3e949ec0c537,3,ELKAMBERE PRIMARY SCHOOL
a9f96b98-dd44-5216-ab0d-dbfc6b262edf,7,GARISSA,4b61d73c-9541-5e72-8fc9-b44088b00a85,32,IJARA,ed69f372-8213-50d3-9a6e-8439e50a0868,157,HULUGHO,e5aaec5b-33cc-5e15-80b1-398718a78f06,4,SARIRAH EARLY CHILD CENTER
a9f96b98-dd44-5216-ab0d-dbfc6b262edf,7,GARISSA,4b61d73c-9541-5e72-8fc9-b44088b00a85,32,IJARA,ed69f372-8213-50d3-9a6e-8439e50a0868,157,HULUGHO,b126b5a8-129f-506e-863c-a1bbd23db7dc,5,HULUGHO PRIMARY SCHOOL
a9f96b98-dd44-5216-ab0d-dbfc6b262edf,7,GARISSA,4b61d73c-9541-5e72-8fc9-b44088b00a85,32,IJARA,ed69f372-8213-50d3-9a6e-8439e50a0868,157,HULUGHO,7a8c91be-9ea4-5586-bdf8-3a365872d7a2,6,MUFTU PRIMARY SCHOOL
a9f96b98-dd44-5216-ab0d-dbfc6b262edf,7,GARISSA,4b61d73c-9541-5e72-8fc9-b44088b00a85,32,IJARA,ed69f372-8213-50d3-9a6e-8439e50a0868,157,HULUGHO,8f6b3741-6802-524e-b0ac-d61e298a7453,7,WARDEIJAB PRIMARY SCHOOL
a9f96b98-dd44-5216-ab0d-dbfc6b262edf,7,GARISSA,4b61d73c-9541-5e72-8fc9-b44088b00a85,32,IJARA,ed69f372-8213-50d3-9a6e-8439e50a0868,157,HULUGHO,7d045026-6c89-5daa-a545-c437dc34f98b,8,IRE GARWAN VILLAGE DAM
a9f96b98-dd44-5216-ab0d-dbfc6b262edf,7,GARISSA,4b61d73c-9541-5e72-8fc9-b44088b00a85,32,IJARA,ed69f372-8213-50d3-9a6e-8439e50a0868,157,HULUGHO,5e869c7d-60a4-5e67-adcf-5b1819b53ae7,9,HAITAGAN VILLAGE DAM
a9f96b98-dd44-5216-ab0d-dbfc6b262edf,7,GARISSA,4b61d73c-9541-5e72-8fc9-b44088b00a85,32,IJARA,ed69f372-8213-50d3-9a6e-8439e50a0868,157,HULUGHO,a66c2f6b-6030-50e1-b958-fcde2de427af,10,JILO MATA PRIMARY SCHOOL
a9f96b98-dd44-5216-ab0d-dbfc6b262edf,7,GARISSA,4b61d73c-9541-5e72-8fc9-b44088b00a85,32,IJARA,ed69f372-8213-50d3-9a6e-8439e50a0868,157,HULUGHO,451b7cc2-6228-56af-ac4b-78b808d80c40,11,HADI PRIMARY SCHOOL
a9f96b98-dd44-5216-ab0d-dbfc6b262edf,7,GARISSA,4b61d73c-9541-5e72-8fc9-b44088b00a85,32,IJARA,ed69f372-8213-50d3-9a6e-8439e50a0868,157,HULUGHO,2b8f9a63-12e5-5f9d-a627-232f94bf0931,12,SINAI PRIMARY SCHOOL
a9f96b98-dd44-5216-ab0d-dbfc6b262edf,7,GARISSA,4b61d73c-9541-5e72-8fc9-b44088b00a85,32,IJARA,ed69f372-8213-50d3-9a6e-8439e50a0868,157,HULUGHO,ac14e691-9415-540c-9fd2-503f01799f2c,13,DOI MOBILE
a9f96b98-dd44-5216-ab0d-dbfc6b262edf,7,GARISSA,4b61d73c-9541-5e72-8fc9-b44088b00a85,32,IJARA,ed69f372-8213-50d3-9a6e-8439e50a0868,157,HULUGHO,0e7ae0ed-8c80-5b26-94cb-b09aa2cebf5f,14,GESIREB PRIMARY SCHOOL
a9f96b98-dd44-5216-ab0d-dbfc6b262edf,7,GARISSA,4b61d73c-9541-5e72-8fc9-b44088b00a85,32,IJARA,ed69f372-8213-50d3-9a6e-8439e50a0868,157,HULUGHO,242b1d1d-8509-5388-aa02-445c04dd18de,15,HARERIDERO VILLAGE DAM
a9f96b98-dd44-5216-ab0d-dbfc6b262edf,7,GARISSA,4b61d73c-9541-5e72-8fc9-b44088b00a85,32,IJARA,ed69f372-8213-50d3-9a6e-8439e50a0868,157,HULUGHO,89dc054c-18f1-53cf-8eac-c3cd050487fd,16,TUMTISH VILLAGE DAM
a9f96b98-dd44-5216-ab0d-dbfc6b262edf,7,GARISSA,4b61d73c-9541-5e72-8fc9-b44088b00a85,32,IJARA,ed69f372-8213-50d3-9a6e-8439e50a0868,157,HULUGHO,1e473b6d-a6a0-5891-86f3-dc758b4e3541,61,DOOMI ECD
a9f96b98-dd44-5216-ab0d-dbfc6b262edf,7,GARISSA,4b61d73c-9541-5e72-8fc9-b44088b00a85,32,IJARA,ed69f372-8213-50d3-9a6e-8439e50a0868,157,HULUGHO,9ded38e1-738c-5bfe-a4f3-6e634990c2e6,62,BOMA PRIMARY SCHOOL
a9f96b98-dd44-5216-ab0d-dbfc6b262edf,7,GARISSA,4b61d73c-9541-5e72-8fc9-b44088b00a85,32,IJARA,ed69f372-8213-50d3-9a6e-8439e50a0868,157,HULUGHO,8f144d19-06c4-503d-b472-43d17b9eed99,63,BULLA KHARDAS ICT CENTRE
a9f96b98-dd44-5216-ab0d-dbfc6b262edf,7,GARISSA,4b61d73c-9541-5e72-8fc9-b44088b00a85,32,IJARA,ed69f372-8213-50d3-9a6e-8439e50a0868,157,HULUGHO,09627e50-437c-52b2-bc27-88aa11e6d2d0,64,KURDE VILLAGE DAM
a9f96b98-dd44-5216-ab0d-dbfc6b262edf,7,GARISSA,4b61d73c-9541-5e72-8fc9-b44088b00a85,32,IJARA,ed69f372-8213-50d3-9a6e-8439e50a0868,157,HULUGHO,6f97bc2b-6a6f-56d9-8cef-dc2dcefc063f,65,GARASBUL VILLAGE DAM
a9f96b98-dd44-5216-ab0d-dbfc6b262edf,7,GARISSA,4b61d73c-9541-5e72-8fc9-b44088b00a85,32,IJARA,95f0eb5b-8f1f-56a9-b917-ff908d161185,158,SANGAILU,f542eb8f-6f79-5423-955b-f01f4632e2a6,17,HANDARO PRIMARY SCHOOL
a9f96b98-dd44-5216-ab0d-dbfc6b262edf,7,GARISSA,4b61d73c-9541-5e72-8fc9-b44088b00a85,32,IJARA,95f0eb5b-8f1f-56a9-b917-ff908d161185,158,SANGAILU,e77d52e9-544f-5934-940e-e29990c72c49,18,GEDILUUN PRIMARY SCHOOL
a9f96b98-dd44-5216-ab0d-dbfc6b262edf,7,GARISSA,4b61d73c-9541-5e72-8fc9-b44088b00a85,32,IJARA,95f0eb5b-8f1f-56a9-b917-ff908d161185,158,SANGAILU,d6d96a42-40b3-5923-8b08-124bcb9cf88a,19,SANGAILU PRIMARY SCHOOL
a9f96b98-dd44-5216-ab0d-dbfc6b262edf,7,GARISSA,4b61d73c-9541-5e72-8fc9-b44088b00a85,32,IJARA,95f0eb5b-8f1f-56a9-b917-ff908d161185,158,SANGAILU,5bf5e363-61be-555f-8fba-d9999bf59867,20,MATA ARBA EARLY CHILD CENTER
a9f96b98-dd44-5216-ab0d-dbfc6b262edf,7,GARISSA,4b61d73c-9541-5e72-8fc9-b44088b00a85,32,IJARA,95f0eb5b-8f1f-56a9-b917-ff908d161185,158,SANGAILU,71acdb8b-34dd-57f4-8520-8b91949dbac5,21,MAREH EARLY CHILD CENTER
a9f96b98-dd44-5216-ab0d-dbfc6b262edf,7,GARISSA,4b61d73c-9541-5e72-8fc9-b44088b00a85,32,IJARA,95f0eb5b-8f1f-56a9-b917-ff908d161185,158,SANGAILU,db430287-3c9c-5743-8cde-f865750c0f85,22,WAKAB HAREY EARLY CHILD CENTER
a9f96b98-dd44-5216-ab0d-dbfc6b262edf,7,GARISSA,4b61d73c-9541-5e72-8fc9-b44088b00a85,32,IJARA,95f0eb5b-8f1f-56a9-b917-ff908d161185,158,SANGAILU,1967afdb-52fb-5b13-9304-7065eff9f6a9,23,EGE EARLY CHILD CENTER
a9f96b98-dd44-5216-ab0d-dbfc6b262edf,7,GARISSA,4b61d73c-9541-5e72-8fc9-b44088b00a85,32,IJARA,95f0eb5b-8f1f-56a9-b917-ff908d161185,158,SANGAILU,06655c0d-f133-5d22-8777-c1b9157a2330,66,DAAROW ECD
a9f96b98-dd44-5216-ab0d-dbfc6b262edf,7,GARISSA,4b61d73c-9541-5e72-8fc9-b44088b00a85,32,IJARA,95f0eb5b-8f1f-56a9-b917-ff908d161185,158,SANGAILU,30558a49-8677-522c-b590-46e8476a915b,67,MADERTO MOBILE
a9f96b98-dd44-5216-ab0d-dbfc6b262edf,7,GARISSA,4b61d73c-9541-5e72-8fc9-b44088b00a85,32,IJARA,95f0eb5b-8f1f-56a9-b917-ff908d161185,158,SANGAILU,2523e3d1-bf0b-5335-aac9-67d53a72612a,68,SANGAILU ICT CENTRE
a9f96b98-dd44-5216-ab0d-dbfc6b262edf,7,GARISSA,4b61d73c-9541-5e72-8fc9-b44088b00a85,32,IJARA,05337e5c-8ba6-503d-ab72-06adf200f484,159,IJARA,f8663670-b6d7-57fa-9228-4a648f0927f2,24,GERILLE PRIMARY SCHOOL
a9f96b98-dd44-5216-ab0d-dbfc6b262edf,7,GARISSA,4b61d73c-9541-5e72-8fc9-b44088b00a85,32,IJARA,05337e5c-8ba6-503d-ab72-06adf200f484,159,IJARA,e74a4c63-526c-5e83-b8e3-aa3442e60e9f,25,SHEBO VILLAGE DAM
a9f96b98-dd44-5216-ab0d-dbfc6b262edf,7,GARISSA,4b61d73c-9541-5e72-8fc9-b44088b00a85,32,IJARA,05337e5c-8ba6-503d-ab72-06adf200f484,159,IJARA,ec8d0b41-0ed0-539d-b7f3-75efcb473877,26,RUGHA PRIMARY SCHOOL
a9f96b98-dd44-5216-ab0d-dbfc6b262edf,7,GARISSA,4b61d73c-9541-5e72-8fc9-b44088b00a85,32,IJARA,05337e5c-8ba6-503d-ab72-06adf200f484,159,IJARA,b363e280-e7db-590c-8813-43bb9405181b,27,WARSAME VILLAGE DAM
a9f96b98-dd44-5216-ab0d-dbfc6b262edf,7,GARISSA,4b61d73c-9541-5e72-8fc9-b44088b00a85,32,IJARA,05337e5c-8ba6-503d-ab72-06adf200f484,159,IJARA,0d3ea0db-f22b-5835-ac1e-2644e68c0b04,28,IJARA PRIMARY SCHOOL
a9f96b98-dd44-5216-ab0d-dbfc6b262edf,7,GARISSA,4b61d73c-9541-5e72-8fc9-b44088b00a85,32,IJARA,05337e5c-8ba6-503d-ab72-06adf200f484,159,IJARA,66beed23-ffcf-5010-b3e4-18fdec866410,29,HUSSEIN KATALO VILLAGE DAM
a9f96b98-dd44-5216-ab0d-dbfc6b262edf,7,GARISSA,4b61d73c-9541-5e72-8fc9-b44088b00a85,32,IJARA,05337e5c-8ba6-503d-ab72-06adf200f484,159,IJARA,d6ac619b-0793-56a1-9973-0fc3e0913312,30,DABEL WEYNE VILLAGE DAM
a9f96b98-dd44-5216-ab0d-dbfc6b262edf,7,GARISSA,4b61d73c-9541-5e72-8fc9-b44088b00a85,32,IJARA,05337e5c-8ba6-503d-ab72-06adf200f484,159,IJARA,3cd511df-b506-57b9-9d1f-5f2ae4d9d86a,31,WARANWEINE PRIMARY SCHOOL
a9f96b98-dd44-5216-ab0d-dbfc6b262edf,7,GARISSA,4b61d73c-9541-5e72-8fc9-b44088b00a85,32,IJARA,05337e5c-8ba6-503d-ab72-06adf200f484,159,IJARA,b3086725-29be-5bee-9fc7-114a16da7786,32,BULLA GOGON VILLAGE DAM
a9f96b98-dd44-5216-ab0d-dbfc6b262edf,7,GARISSA,4b61d73c-9541-5e72-8fc9-b44088b00a85,32,IJARA,05337e5c-8ba6-503d-ab72-06adf200f484,159,IJARA,0de8e1ed-71a8-507c-90fb-193667b65a5f,33,BULTOHAMA PRIMARY SCHOOL
a9f96b98-dd44-5216-ab0d-dbfc6b262edf,7,GARISSA,4b61d73c-9541-5e72-8fc9-b44088b00a85,32,IJARA,05337e5c-8ba6-503d-ab72-06adf200f484,159,IJARA,a1b89b2d-f8c6-5c78-8bf3-9d6f8eb7de01,34,DIBAYU CATTLE CRUSH
a9f96b98-dd44-5216-ab0d-dbfc6b262edf,7,GARISSA,4b61d73c-9541-5e72-8fc9-b44088b00a85,32,IJARA,05337e5c-8ba6-503d-ab72-06adf200f484,159,IJARA,7eeb05fc-737f-57a3-bed8-59ceec123505,35,BOTHAI PRIMARY SCHOOL
a9f96b98-dd44-5216-ab0d-dbfc6b262edf,7,GARISSA,4b61d73c-9541-5e72-8fc9-b44088b00a85,32,IJARA,05337e5c-8ba6-503d-ab72-06adf200f484,159,IJARA,d4ac3c06-f3a5-5862-9909-75c25f5848f5,36,JALISH PRIMARY SCHOOL
a9f96b98-dd44-5216-ab0d-dbfc6b262edf,7,GARISSA,4b61d73c-9541-5e72-8fc9-b44088b00a85,32,IJARA,05337e5c-8ba6-503d-ab72-06adf200f484,159,IJARA,5ddaa6a9-0bed-5673-b74c-51c4391b3917,37,DOLOLO PRIMARY SCHOOL
a9f96b98-dd44-5216-ab0d-dbfc6b262edf,7,GARISSA,4b61d73c-9541-5e72-8fc9-b44088b00a85,32,IJARA,05337e5c-8ba6-503d-ab72-06adf200f484,159,IJARA,e3c38c1f-84a8-549c-b395-9ba2179bf50a,38,ELMAAN PRIMARY SCHOOL
a9f96b98-dd44-5216-ab0d-dbfc6b262edf,7,GARISSA,4b61d73c-9541-5e72-8fc9-b44088b00a85,32,IJARA,05337e5c-8ba6-503d-ab72-06adf200f484,159,IJARA,98abba00-a2f8-53fd-b095-4e00e9857957,39,HAMORA VILLAGE DAM
a9f96b98-dd44-5216-ab0d-dbfc6b262edf,7,GARISSA,4b61d73c-9541-5e72-8fc9-b44088b00a85,32,IJARA,05337e5c-8ba6-503d-ab72-06adf200f484,159,IJARA,c8832df2-d548-5996-91e8-5562f2666946,40,BULLA WACHA EARLY CHILD CENTER
a9f96b98-dd44-5216-ab0d-dbfc6b262edf,7,GARISSA,4b61d73c-9541-5e72-8fc9-b44088b00a85,32,IJARA,05337e5c-8ba6-503d-ab72-06adf200f484,159,IJARA,be09287d-878c-5c29-a2b0-f56e9f435345,41,IJARA LIVESTOCK MARKET
a9f96b98-dd44-5216-ab0d-dbfc6b262edf,7,GARISSA,4b61d73c-9541-5e72-8fc9-b44088b00a85,32,IJARA,05337e5c-8ba6-503d-ab72-06adf200f484,159,IJARA,a68ea8a9-a014-5dc3-bdee-c119579e4616,42,MAAH VILLAGE DAM
a9f96b98-dd44-5216-ab0d-dbfc6b262edf,7,GARISSA,4b61d73c-9541-5e72-8fc9-b44088b00a85,32,IJARA,05337e5c-8ba6-503d-ab72-06adf200f484,159,IJARA,164e627f-1546-50a6-ba91-6047526acff5,43,SAGAR VILLAGE DAM
a9f96b98-dd44-5216-ab0d-dbfc6b262edf,7,GARISSA,4b61d73c-9541-5e72-8fc9-b44088b00a85,32,IJARA,05337e5c-8ba6-503d-ab72-06adf200f484,159,IJARA,8f3fa827-ee73-553f-8c4d-9d151907c5f9,69,WARDEGOGA PRIMARY SCHOOL
a9f96b98-dd44-5216-ab0d-dbfc6b262edf,7,GARISSA,4b61d73c-9541-5e72-8fc9-b44088b00a85,32,IJARA,05337e5c-8ba6-503d-ab72-06adf200f484,159,IJARA,78158cf2-37b3-50f4-8cde-e3e92a8543d5,70,BULLA AP DISPENSARY
a9f96b98-dd44-5216-ab0d-dbfc6b262edf,7,GARISSA,4b61d73c-9541-5e72-8fc9-b44088b00a85,32,IJARA,05337e5c-8ba6-503d-ab72-06adf200f484,159,IJARA,82791908-8189-59a5-99a8-7d3496103732,72,FALAMA PRIMARY SCHOOL
a9f96b98-dd44-5216-ab0d-dbfc6b262edf,7,GARISSA,4b61d73c-9541-5e72-8fc9-b44088b00a85,32,IJARA,05337e5c-8ba6-503d-ab72-06adf200f484,159,IJARA,661ad55c-84eb-5a11-bcb4-a2c92d41fb91,73,GOLOL DERE VILLAGE DAM
a9f96b98-dd44-5216-ab0d-dbfc6b262edf,7,GARISSA,4b61d73c-9541-5e72-8fc9-b44088b00a85,32,IJARA,05337e5c-8ba6-503d-ab72-06adf200f484,159,IJARA,5b5bdd58-5120-5fe1-b7a9-faa89955f163,75,WALMARE VILLAGE DAM
a9f96b98-dd44-5216-ab0d-dbfc6b262edf,7,GARISSA,4b61d73c-9541-5e72-8fc9-b44088b00a85,32,IJARA,a1c206cd-6bf0-5e53-9fc7-541519e82032,160,MASALANI,0a0ba07f-88ee-56fe-923d-be9632f2fd32,44,GABABA PRIMARY SCHOOL
a9f96b98-dd44-5216-ab0d-dbfc6b262edf,7,GARISSA,4b61d73c-9541-5e72-8fc9-b44088b00a85,32,IJARA,a1c206cd-6bf0-5e53-9fc7-541519e82032,160,MASALANI,895453ae-4d33-514d-85ce-b8b04c3997b6,45,ABDIGURE DAM
a9f96b98-dd44-5216-ab0d-dbfc6b262edf,7,GARISSA,4b61d73c-9541-5e72-8fc9-b44088b00a85,32,IJARA,a1c206cd-6bf0-5e53-9fc7-541519e82032,160,MASALANI,8e91b38b-ebae-5daf-9a98-a90e687cea60,46,MASALANI PRIMARY SCHOOL
a9f96b98-dd44-5216-ab0d-dbfc6b262edf,7,GARISSA,4b61d73c-9541-5e72-8fc9-b44088b00a85,32,IJARA,a1c206cd-6bf0-5e53-9fc7-541519e82032,160,MASALANI,64746a05-84b2-5a66-ae3a-e346d1385b85,47,MASALANI BARAZA PARK
a9f96b98-dd44-5216-ab0d-dbfc6b262edf,7,GARISSA,4b61d73c-9541-5e72-8fc9-b44088b00a85,32,IJARA,a1c206cd-6bf0-5e53-9fc7-541519e82032,160,MASALANI,59928879-5eb5-536f-aeac-98048a6372bf,48,HARA PRIMARY SCHOOL
a9f96b98-dd44-5216-ab0d-dbfc6b262edf,7,GARISSA,4b61d73c-9541-5e72-8fc9-b44088b00a85,32,IJARA,a1c206cd-6bf0-5e53-9fc7-541519e82032,160,MASALANI,0bdb9c81-121d-53ab-85f2-2e3964371bb6,49,TURKATA PRIMARY SCHOOL
a9f96b98-dd44-5216-ab0d-dbfc6b262edf,7,GARISSA,4b61d73c-9541-5e72-8fc9-b44088b00a85,32,IJARA,a1c206cd-6bf0-5e53-9fc7-541519e82032,160,MASALANI,44d01384-0a78-5644-b0ac-fdb3ca41873a,50,RAHMA PRIMARY SCHOOL
a9f96b98-dd44-5216-ab0d-dbfc6b262edf,7,GARISSA,4b61d73c-9541-5e72-8fc9-b44088b00a85,32,IJARA,a1c206cd-6bf0-5e53-9fc7-541519e82032,160,MASALANI,ceb1b87e-d1ad-5609-ab1b-b36fc0c83986,51,KORISSA PRIMARY SCHOOL
a9f96b98-dd44-5216-ab0d-dbfc6b262edf,7,GARISSA,4b61d73c-9541-5e72-8fc9-b44088b00a85,32,IJARA,a1c206cd-6bf0-5e53-9fc7-541519e82032,160,MASALANI,82550403-f96f-5432-ae02-f78659c14a02,52,KORISA DISPENSARY
a9f96b98-dd44-5216-ab0d-dbfc6b262edf,7,GARISSA,4b61d73c-9541-5e72-8fc9-b44088b00a85,32,IJARA,a1c206cd-6bf0-5e53-9fc7-541519e82032,160,MASALANI,616a03e2-38f8-55ba-bb10-dd13f78b1f5b,53,KOTILE EARLY CHILD CENTER
a9f96b98-dd44-5216-ab0d-dbfc6b262edf,7,GARISSA,4b61d73c-9541-5e72-8fc9-b44088b00a85,32,IJARA,a1c206cd-6bf0-5e53-9fc7-541519e82032,160,MASALANI,3a9590ca-d329-5a63-bd05-cb7a4c93f89f,54,KOTILE PRIMARY SCHOOL
a9f96b98-dd44-5216-ab0d-dbfc6b262edf,7,GARISSA,4b61d73c-9541-5e72-8fc9-b44088b00a85,32,IJARA,a1c206cd-6bf0-5e53-9fc7-541519e82032,160,MASALANI,63870929-c874-5d45-a8ab-2b940c01bcc4,55,ALI JARIRE EARLY CHILD CENTER
a9f96b98-dd44-5216-ab0d-dbfc6b262edf,7,GARISSA,4b61d73c-9541-5e72-8fc9-b44088b00a85,32,IJARA,a1c206cd-6bf0-5e53-9fc7-541519e82032,160,MASALANI,b6110e0b-f32e-5245-9171-2e33a18fba9a,56,SHURIE SECONDARY SCHOOL
a9f96b98-dd44-5216-ab0d-dbfc6b262edf,7,GARISSA,4b61d73c-9541-5e72-8fc9-b44088b00a85,32,IJARA,a1c206cd-6bf0-5e53-9fc7-541519e82032,160,MASALANI,fd3f0561-eed3-5b80-91f9-2a141a44c13c,57,DAHIR PRIMARY SCHOOL
a9f96b98-dd44-5216-ab0d-dbfc6b262edf,7,GARISSA,4b61d73c-9541-5e72-8fc9-b44088b00a85,32,IJARA,a1c206cd-6bf0-5e53-9fc7-541519e82032,160,MASALANI,a194c881-3425-5f36-8f2d-0709aff37f70,58,SUFI BASHIR DAM
a9f96b98-dd44-5216-ab0d-dbfc6b262edf,7,GARISSA,4b61d73c-9541-5e72-8fc9-b44088b00a85,32,IJARA,a1c206cd-6bf0-5e53-9fc7-541519e82032,160,MASALANI,9b82d33b-c066-5cf6-a772-7820ea65fe53,59,MAI PRIMARY SCHOOL
a9f96b98-dd44-5216-ab0d-dbfc6b262edf,7,GARISSA,4b61d73c-9541-5e72-8fc9-b44088b00a85,32,IJARA,a1c206cd-6bf0-5e53-9fc7-541519e82032,160,MASALANI,0bedddc9-0d06-59f0-8319-a1494e9c6967,60,HADAMA JARRI VILLAGE DAM
a9f96b98-dd44-5216-ab0d-dbfc6b262edf,7,GARISSA,4b61d73c-9541-5e72-8fc9-b44088b00a85,32,IJARA,a1c206cd-6bf0-5e53-9fc7-541519e82032,160,MASALANI,e4d3785f-aedc-5157-997a-999901944caf,76,GUMAREY PRIMARY SCHOOL
a9f96b98-dd44-5216-ab0d-dbfc6b262edf,7,GARISSA,4b61d73c-9541-5e72-8fc9-b44088b00a85,32,IJARA,a1c206cd-6bf0-5e53-9fc7-541519e82032,160,MASALANI,036d995b-ae42-5f02-925f-0baf28d33342,77,HIDAYA PRIMARY SCHOOL
a9f96b98-dd44-5216-ab0d-dbfc6b262edf,7,GARISSA,4b61d73c-9541-5e72-8fc9-b44088b00a85,32,IJARA,a1c206cd-6bf0-5e53-9fc7-541519e82032,160,MASALANI,2f3ed84f-9034-5b54-b118-1770a870ffde,78,KHALANKHAL DEROW
a9f96b98-dd44-5216-ab0d-dbfc6b262edf,7,GARISSA,4b61d73c-9541-5e72-8fc9-b44088b00a85,32,IJARA,a1c206cd-6bf0-5e53-9fc7-541519e82032,160,MASALANI,4f28887d-69a0-5aff-9a71-9c3170af35f9,79,QUNDI VILLAGE DAM
a9f96b98-dd44-5216-ab0d-dbfc6b262edf,7,GARISSA,4b61d73c-9541-5e72-8fc9-b44088b00a85,32,IJARA,a1c206cd-6bf0-5e53-9fc7-541519e82032,160,MASALANI,ee44e39b-6291-527e-b9ce-1be93e53202f,80,TORABORA PRIMARY SCHOOL
a9f96b98-dd44-5216-ab0d-dbfc6b262edf,7,GARISSA,4b61d73c-9541-5e72-8fc9-b44088b00a85,32,IJARA,a1c206cd-6bf0-5e53-9fc7-541519e82032,160,MASALANI,3a7b21c6-fa9c-5fc5-aaa0-976751031020,81,DAHIR DISPENSARY
a9f96b98-dd44-5216-ab0d-dbfc6b262edf,7,GARISSA,4b61d73c-9541-5e72-8fc9-b44088b00a85,32,IJARA,a1c206cd-6bf0-5e53-9fc7-541519e82032,160,MASALANI,198d69ea-e363-590b-be6e-a22be6d2521b,82,IJARA COUNTY COUNCIL
a9f96b98-dd44-5216-ab0d-dbfc6b262edf,7,GARISSA,4b61d73c-9541-5e72-8fc9-b44088b00a85,32,IJARA,a1c206cd-6bf0-5e53-9fc7-541519e82032,160,MASALANI,3ca63c5c-e73f-5856-91fb-0a2cb27eb531,83,TAQWA PRIMARY SCHOOL
a9f96b98-dd44-5216-ab0d-dbfc6b262edf,7,GARISSA,4b61d73c-9541-5e72-8fc9-b44088b00a85,32,IJARA,a1c206cd-6bf0-5e53-9fc7-541519e82032,160,MASALANI,05a385b9-a331-525e-9e33-ca2321a09da6,84,COUNTY COUNCIL MIXED SECONDARY SCH
