7fef88f7-411d-5669-b42d-bf5fc7f9b58b,11,ISIOLO,f821bb58-a03d-59b1-96bb-a0752bb5bab5,49,ISIOLO NORTH,9d4c56cc-dfd9-5af8-865d-1e553d1961be,241,WABERA,312e08a8-188c-546a-9159-fd38152b886a,1,WABERA PRY SCH
7fef88f7-411d-5669-b42d-bf5fc7f9b58b,11,ISIOLO,f821bb58-a03d-59b1-96bb-a0752bb5bab5,49,ISIOLO NORTH,9d4c56cc-dfd9-5af8-865d-1e553d1961be,241,WABERA,928599f6-ec99-5595-957d-4f9b1b12bd30,2,ST KIZITO PRY SCH
7fef88f7-411d-5669-b42d-bf5fc7f9b58b,11,ISIOLO,f821bb58-a03d-59b1-96bb-a0752bb5bab5,49,ISIOLO NORTH,9d4c56cc-dfd9-5af8-865d-1e553d1961be,241,WABERA,d936953b-70d2-5078-8c4f-5dbeefb92fbd,3,RAMADHAN PRY SCH
7fef88f7-411d-5669-b42d-bf5fc7f9b58b,11,ISIOLO,f821bb58-a03d-59b1-96bb-a0752bb5bab5,49,ISIOLO NORTH,9d4c56cc-dfd9-5af8-865d-1e553d1961be,241,WABERA,11d81c7d-8d95-5010-8679-aabf98f2f646,4,ISIOLO BOYS SEC
7fef88f7-411d-5669-b42d-bf5fc7f9b58b,11,ISIOLO,f821bb58-a03d-59b1-96bb-a0752bb5bab5,49,ISIOLO NORTH,9d4c56cc-dfd9-5af8-865d-1e553d1961be,241,WABERA,3f9ae35d-9484-5002-83c5-0a748a998b30,5,MWANGAZA PRY SCH
7fef88f7-411d-5669-b42d-bf5fc7f9b58b,11,ISIOLO,f821bb58-a03d-59b1-96bb-a0752bb5bab5,49,ISIOLO NORTH,9d4c56cc-dfd9-5af8-865d-1e553d1961be,241,WABERA,63872a51-67f9-5301-9194-3b6772373b6e,6,KIWANJANI PRY SCH
7fef88f7-411d-5669-b42d-bf5fc7f9b58b,11,ISIOLO,f821bb58-a03d-59b1-96bb-a0752bb5bab5,49,ISIOLO NORTH,9d4c56cc-dfd9-5af8-865d-1e553d1961be,241,WABERA,563de12d-1b8f-52be-8185-a43b88829256,7,DEAF SCH
7fef88f7-411d-5669-b42d-bf5fc7f9b58b,11,ISIOLO,f821bb58-a03d-59b1-96bb-a0752bb5bab5,49,ISIOLO NORTH,9d4c56cc-dfd9-5af8-865d-1e553d1961be,241,WABERA,e8835e4d-ce48-5864-acf5-736caba4237a,8,ACACIA PLAY GROUND
7fef88f7-411d-5669-b42d-bf5fc7f9b58b,11,ISIOLO,f821bb58-a03d-59b1-96bb-a0752bb5bab5,49,ISIOLO NORTH,9d4c56cc-dfd9-5af8-865d-1e553d1961be,241,WABERA,ec9c82c2-6826-5126-b85f-24156d281a73,10,ISIOLO STADIUM
7fef88f7-411d-5669-b42d-bf5fc7f9b58b,11,ISIOLO,f821bb58-a03d-59b1-96bb-a0752bb5bab5,49,ISIOLO NORTH,9d4c56cc-dfd9-5af8-865d-1e553d1961be,241,WABERA,ed6b2659-d0ea-51ec-80a9-56d0e90d024e,102,TULLU ROBA CHIEFS CAMP
7fef88f7-411d-5669-b42d-bf5fc7f9b58b,11,ISIOLO,f821bb58-a03d-59b1-96bb-a0752bb5bab5,49,ISIOLO NORTH,9d4c56cc-dfd9-5af8-865d-1e553d1961be,241,WABERA,29252fa1-23c8-5201-b5b9-bd9a443d0170,103,ISIOLO GIRLS SECONDARY SCHOOL
7fef88f7-411d-5669-b42d-bf5fc7f9b58b,11,ISIOLO,f821bb58-a03d-59b1-96bb-a0752bb5bab5,49,ISIOLO NORTH,9d4c56cc-dfd9-5af8-865d-1e553d1961be,241,WABERA,19e6cfc0-641a-5495-9a6b-6cd598d144c0,104,IKHLAS ACADEMY
7fef88f7-411d-5669-b42d-bf5fc7f9b58b,11,ISIOLO,f821bb58-a03d-59b1-96bb-a0752bb5bab5,49,ISIOLO NORTH,2a627afe-0657-54a1-a30c-6d6b18eb3d67,242,BULLA PESA,7a0e3e73-e965-54a0-a7c1-1e0e6cc2a626,11,BULA MPYA PRY SCH
7fef88f7-411d-5669-b42d-bf5fc7f9b58b,11,ISIOLO,f821bb58-a03d-59b1-96bb-a0752bb5bab5,49,ISIOLO NORTH,2a627afe-0657-54a1-a30c-6d6b18eb3d67,242,BULLA PESA,5a76a633-6a22-5dbd-b5d0-13440c9bd16b,12,WASO PRY SCH
7fef88f7-411d-5669-b42d-bf5fc7f9b58b,11,ISIOLO,f821bb58-a03d-59b1-96bb-a0752bb5bab5,49,ISIOLO NORTH,2a627afe-0657-54a1-a30c-6d6b18eb3d67,242,BULLA PESA,9143d084-954c-5e17-aab8-2b7ddb70fa0e,13,MARIRE NURSERY SCHOOL
7fef88f7-411d-5669-b42d-bf5fc7f9b58b,11,ISIOLO,f821bb58-a03d-59b1-96bb-a0752bb5bab5,49,ISIOLO NORTH,2a627afe-0657-54a1-a30c-6d6b18eb3d67,242,BULLA PESA,9d738683-ade4-59a9-ad26-3bf73fa8c29c,14,KAMBI YA JUU NURSERY SCH.
7fef88f7-411d-5669-b42d-bf5fc7f9b58b,11,ISIOLO,f821bb58-a03d-59b1-96bb-a0752bb5bab5,49,ISIOLO NORTH,2a627afe-0657-54a1-a30c-6d6b18eb3d67,242,BULLA PESA,f423512a-a58a-53c2-a40a-5eb574bb12ed,15,BULA PESA WATER KIOSK
7fef88f7-411d-5669-b42d-bf5fc7f9b58b,11,ISIOLO,f821bb58-a03d-59b1-96bb-a0752bb5bab5,49,ISIOLO NORTH,2a627afe-0657-54a1-a30c-6d6b18eb3d67,242,BULLA PESA,3961ca6c-f3ae-51d6-992b-43295556bc6c,16,PEPO LA TUMAINI PRY SCH
7fef88f7-411d-5669-b42d-bf5fc7f9b58b,11,ISIOLO,f821bb58-a03d-59b1-96bb-a0752bb5bab5,49,ISIOLO NORTH,2a627afe-0657-54a1-a30c-6d6b18eb3d67,242,BULLA PESA,f4f68015-4ca3-53f7-a320-afbaf12e44bf,17,BULLA PESA DISPENSARY
7fef88f7-411d-5669-b42d-bf5fc7f9b58b,11,ISIOLO,f821bb58-a03d-59b1-96bb-a0752bb5bab5,49,ISIOLO NORTH,2a627afe-0657-54a1-a30c-6d6b18eb3d67,242,BULLA PESA,923330cf-f6e3-57d0-a84a-be8f1108eef3,105,AGRICULTURAL TRAINING CENTRE (RURAL)
7fef88f7-411d-5669-b42d-bf5fc7f9b58b,11,ISIOLO,f821bb58-a03d-59b1-96bb-a0752bb5bab5,49,ISIOLO NORTH,9bca6256-a145-5012-be1f-d01ad617c6cf,243,CHARI,a58df6c6-8c49-5c35-80ec-6ea86a738f29,18,BISAN BILIQO PRY SCH
7fef88f7-411d-5669-b42d-bf5fc7f9b58b,11,ISIOLO,f821bb58-a03d-59b1-96bb-a0752bb5bab5,49,ISIOLO NORTH,9bca6256-a145-5012-be1f-d01ad617c6cf,243,CHARI,839db102-ae4a-517f-968c-599bdac9dbe5,19,KURO BISAN OWO(HOT SPRING)
7fef88f7-411d-5669-b42d-bf5fc7f9b58b,11,ISIOLO,f821bb58-a03d-59b1-96bb-a0752bb5bab5,49,ISIOLO NORTH,9bca6256-a145-5012-be1f-d01ad617c6cf,243,CHARI,c29ccbe2-a811-5580-870d-3c8ded36e33c,20,MADO GURBA HUKA(MOBILE)
7fef88f7-411d-5669-b42d-bf5fc7f9b58b,11,ISIOLO,f821bb58-a03d-59b1-96bb-a0752bb5bab5,49,ISIOLO NORTH,9bca6256-a145-5012-be1f-d01ad617c6cf,243,CHARI,e6713d13-7d6e-5be3-8f06-07ae90f1ae62,21,KOM PRY SCH
7fef88f7-411d-5669-b42d-bf5fc7f9b58b,11,ISIOLO,f821bb58-a03d-59b1-96bb-a0752bb5bab5,49,ISIOLO NORTH,9bca6256-a145-5012-be1f-d01ad617c6cf,243,CHARI,614bb45d-2645-596e-b8c5-6ea4be48a549,22,SABARWAWA WATER PAN (MOBILE)
7fef88f7-411d-5669-b42d-bf5fc7f9b58b,11,ISIOLO,f821bb58-a03d-59b1-96bb-a0752bb5bab5,49,ISIOLO NORTH,9bca6256-a145-5012-be1f-d01ad617c6cf,243,CHARI,71f249a0-2a9c-5b71-a728-8c6e2235e697,23,NYACHISA BORE HOLE (MOBILE)
7fef88f7-411d-5669-b42d-bf5fc7f9b58b,11,ISIOLO,f821bb58-a03d-59b1-96bb-a0752bb5bab5,49,ISIOLO NORTH,9bca6256-a145-5012-be1f-d01ad617c6cf,243,CHARI,f402a854-f020-503f-b642-eda25b9fdcf0,24,BULESA PRY SCH
7fef88f7-411d-5669-b42d-bf5fc7f9b58b,11,ISIOLO,f821bb58-a03d-59b1-96bb-a0752bb5bab5,49,ISIOLO NORTH,9bca6256-a145-5012-be1f-d01ad617c6cf,243,CHARI,5143c03e-9b9c-599f-ac5e-6034fe0fc5b3,25,MADO HALKANO(MOBILE)
7fef88f7-411d-5669-b42d-bf5fc7f9b58b,11,ISIOLO,f821bb58-a03d-59b1-96bb-a0752bb5bab5,49,ISIOLO NORTH,9bca6256-a145-5012-be1f-d01ad617c6cf,243,CHARI,75b9a84a-e2c1-5fb6-b5e3-7a95bdd0ecd8,26,GODA PRY SCH
7fef88f7-411d-5669-b42d-bf5fc7f9b58b,11,ISIOLO,f821bb58-a03d-59b1-96bb-a0752bb5bab5,49,ISIOLO NORTH,9bca6256-a145-5012-be1f-d01ad617c6cf,243,CHARI,1d705ea9-9ca3-5464-85fc-1e202b6333bc,27,MADO GALLE(MOBILE)
7fef88f7-411d-5669-b42d-bf5fc7f9b58b,11,ISIOLO,f821bb58-a03d-59b1-96bb-a0752bb5bab5,49,ISIOLO NORTH,9bca6256-a145-5012-be1f-d01ad617c6cf,243,CHARI,0a602ab1-9142-54fd-9736-5b0545f400e9,28,BARAMBATE(MOBILE)
7fef88f7-411d-5669-b42d-bf5fc7f9b58b,11,ISIOLO,f821bb58-a03d-59b1-96bb-a0752bb5bab5,49,ISIOLO NORTH,9bca6256-a145-5012-be1f-d01ad617c6cf,243,CHARI,b3d8f208-7eed-505c-bf65-c4ee16dba878,29,AWARSITU PRY SCH
7fef88f7-411d-5669-b42d-bf5fc7f9b58b,11,ISIOLO,f821bb58-a03d-59b1-96bb-a0752bb5bab5,49,ISIOLO NORTH,9bca6256-a145-5012-be1f-d01ad617c6cf,243,CHARI,0aac69f7-4462-5140-9448-ebbcab7fdd48,30,TUMTU(MOBILE)
7fef88f7-411d-5669-b42d-bf5fc7f9b58b,11,ISIOLO,f821bb58-a03d-59b1-96bb-a0752bb5bab5,49,ISIOLO NORTH,9bca6256-a145-5012-be1f-d01ad617c6cf,243,CHARI,3de2c38e-5e76-5d87-af05-f586b7eebe91,31,DIMA ADO PRY SCH.
7fef88f7-411d-5669-b42d-bf5fc7f9b58b,11,ISIOLO,f821bb58-a03d-59b1-96bb-a0752bb5bab5,49,ISIOLO NORTH,e42c7121-a0e8-59f7-9eff-1ecc606e7470,244,CHERAB,f76f1473-cce6-5a58-95bf-bd12f45d4026,32,GAMACHU MUSLIM PRY SCHOOL
7fef88f7-411d-5669-b42d-bf5fc7f9b58b,11,ISIOLO,f821bb58-a03d-59b1-96bb-a0752bb5bab5,49,ISIOLO NORTH,e42c7121-a0e8-59f7-9eff-1ecc606e7470,244,CHERAB,838870fe-fbd4-5eba-b26e-80f52130d866,33,MERTI PRY SCH
7fef88f7-411d-5669-b42d-bf5fc7f9b58b,11,ISIOLO,f821bb58-a03d-59b1-96bb-a0752bb5bab5,49,ISIOLO NORTH,e42c7121-a0e8-59f7-9eff-1ecc606e7470,244,CHERAB,b3deafda-0135-51b1-bb51-0353493e03da,34,MERTI MUSLIM PRY SCH
7fef88f7-411d-5669-b42d-bf5fc7f9b58b,11,ISIOLO,f821bb58-a03d-59b1-96bb-a0752bb5bab5,49,ISIOLO NORTH,e42c7121-a0e8-59f7-9eff-1ecc606e7470,244,CHERAB,eb075dc5-4b50-5e86-bb53-a4f056d89edf,35,MERTI SEC SCH
7fef88f7-411d-5669-b42d-bf5fc7f9b58b,11,ISIOLO,f821bb58-a03d-59b1-96bb-a0752bb5bab5,49,ISIOLO NORTH,e42c7121-a0e8-59f7-9eff-1ecc606e7470,244,CHERAB,cc7b8551-eef9-54eb-9c9f-57f110504cf2,36,MACCI PRY SCH
7fef88f7-411d-5669-b42d-bf5fc7f9b58b,11,ISIOLO,f821bb58-a03d-59b1-96bb-a0752bb5bab5,49,ISIOLO NORTH,e42c7121-a0e8-59f7-9eff-1ecc606e7470,244,CHERAB,19c3b56d-972d-5dbb-8647-d6904edfc1db,37,KHALIFA PRY SCH
7fef88f7-411d-5669-b42d-bf5fc7f9b58b,11,ISIOLO,f821bb58-a03d-59b1-96bb-a0752bb5bab5,49,ISIOLO NORTH,e42c7121-a0e8-59f7-9eff-1ecc606e7470,244,CHERAB,b6171391-45e5-50ce-aea0-1fc87c464d1e,38,SALETI PRY SCH
7fef88f7-411d-5669-b42d-bf5fc7f9b58b,11,ISIOLO,f821bb58-a03d-59b1-96bb-a0752bb5bab5,49,ISIOLO NORTH,e42c7121-a0e8-59f7-9eff-1ecc606e7470,244,CHERAB,9f07615e-9047-5d3c-83fa-05f28dbaba72,39,BORAN(MOBILE)
7fef88f7-411d-5669-b42d-bf5fc7f9b58b,11,ISIOLO,f821bb58-a03d-59b1-96bb-a0752bb5bab5,49,ISIOLO NORTH,e42c7121-a0e8-59f7-9eff-1ecc606e7470,244,CHERAB,792059c7-62d6-5214-a91f-5c3dac9bfaaa,40,KORBESA PRY SCH
7fef88f7-411d-5669-b42d-bf5fc7f9b58b,11,ISIOLO,f821bb58-a03d-59b1-96bb-a0752bb5bab5,49,ISIOLO NORTH,e42c7121-a0e8-59f7-9eff-1ecc606e7470,244,CHERAB,3e2f2b32-ab97-5123-8ff9-b986d1242ee8,41,MATAARBA PRY SCH
7fef88f7-411d-5669-b42d-bf5fc7f9b58b,11,ISIOLO,f821bb58-a03d-59b1-96bb-a0752bb5bab5,49,ISIOLO NORTH,e42c7121-a0e8-59f7-9eff-1ecc606e7470,244,CHERAB,3b528433-745b-5220-b511-fa82368ac317,42,MALKAGALLA PRY SCH
7fef88f7-411d-5669-b42d-bf5fc7f9b58b,11,ISIOLO,f821bb58-a03d-59b1-96bb-a0752bb5bab5,49,ISIOLO NORTH,e42c7121-a0e8-59f7-9eff-1ecc606e7470,244,CHERAB,b8c8c7b1-5cd7-5d7c-b5af-cab43d265bd8,43,DOLOLO DAKIYE PRY SCH
7fef88f7-411d-5669-b42d-bf5fc7f9b58b,11,ISIOLO,f821bb58-a03d-59b1-96bb-a0752bb5bab5,49,ISIOLO NORTH,e42c7121-a0e8-59f7-9eff-1ecc606e7470,244,CHERAB,adca5cd6-cc9c-5f3a-b3d2-bfd48bdccc99,44,ADE WARABESA PRY SCH
7fef88f7-411d-5669-b42d-bf5fc7f9b58b,11,ISIOLO,f821bb58-a03d-59b1-96bb-a0752bb5bab5,49,ISIOLO NORTH,e42c7121-a0e8-59f7-9eff-1ecc606e7470,244,CHERAB,f10be6d4-7cc4-5f4e-b19e-6f2c09d2130d,45,DUMA BOREHOLE
7fef88f7-411d-5669-b42d-bf5fc7f9b58b,11,ISIOLO,f821bb58-a03d-59b1-96bb-a0752bb5bab5,49,ISIOLO NORTH,e42c7121-a0e8-59f7-9eff-1ecc606e7470,244,CHERAB,58a09d58-cc75-5a11-abc0-fb9e7cec2ebd,46,MALGISH(MOBILE)
7fef88f7-411d-5669-b42d-bf5fc7f9b58b,11,ISIOLO,f821bb58-a03d-59b1-96bb-a0752bb5bab5,49,ISIOLO NORTH,e42c7121-a0e8-59f7-9eff-1ecc606e7470,244,CHERAB,00cb2ca6-5138-57e3-9d7b-bcca0aedc255,47,YAMICHA PRIMARY SCHOOL
7fef88f7-411d-5669-b42d-bf5fc7f9b58b,11,ISIOLO,f821bb58-a03d-59b1-96bb-a0752bb5bab5,49,ISIOLO NORTH,e42c7121-a0e8-59f7-9eff-1ecc606e7470,244,CHERAB,dec8ba3d-5e1c-5bb3-ac1c-b8160ca0bbc1,48,DADACHA BASA PRY SCH
7fef88f7-411d-5669-b42d-bf5fc7f9b58b,11,ISIOLO,f821bb58-a03d-59b1-96bb-a0752bb5bab5,49,ISIOLO NORTH,e42c7121-a0e8-59f7-9eff-1ecc606e7470,244,CHERAB,c8cbdc89-1816-5ed7-aff9-063b80af46c5,49,URURA BOREHOLE(MOBILE)
7fef88f7-411d-5669-b42d-bf5fc7f9b58b,11,ISIOLO,f821bb58-a03d-59b1-96bb-a0752bb5bab5,49,ISIOLO NORTH,e42c7121-a0e8-59f7-9eff-1ecc606e7470,244,CHERAB,93a98f68-1bc2-5de5-89c1-1c0091e7ff85,50,DOGOGICHA DAM(MOBILE)
7fef88f7-411d-5669-b42d-bf5fc7f9b58b,11,ISIOLO,f821bb58-a03d-59b1-96bb-a0752bb5bab5,49,ISIOLO NORTH,e42c7121-a0e8-59f7-9eff-1ecc606e7470,244,CHERAB,a421441c-e2c2-5203-bb86-9ef72fed797f,51,RIGA NURSERY SCH
7fef88f7-411d-5669-b42d-bf5fc7f9b58b,11,ISIOLO,f821bb58-a03d-59b1-96bb-a0752bb5bab5,49,ISIOLO NORTH,e42c7121-a0e8-59f7-9eff-1ecc606e7470,244,CHERAB,dd0e5b96-7509-5865-b53c-9b99e64991b2,52,BILIQI PRI. SCH.
7fef88f7-411d-5669-b42d-bf5fc7f9b58b,11,ISIOLO,f821bb58-a03d-59b1-96bb-a0752bb5bab5,49,ISIOLO NORTH,e42c7121-a0e8-59f7-9eff-1ecc606e7470,244,CHERAB,80d9fa49-0617-5aaf-8ac9-0175fd6d976b,53,BOJI BOREHOLE(MOBILE)
7fef88f7-411d-5669-b42d-bf5fc7f9b58b,11,ISIOLO,f821bb58-a03d-59b1-96bb-a0752bb5bab5,49,ISIOLO NORTH,e42c7121-a0e8-59f7-9eff-1ecc606e7470,244,CHERAB,085788d8-fdb5-530f-b94a-d7197ee5ce0b,54,KULA(MOBILE)
7fef88f7-411d-5669-b42d-bf5fc7f9b58b,11,ISIOLO,f821bb58-a03d-59b1-96bb-a0752bb5bab5,49,ISIOLO NORTH,e42c7121-a0e8-59f7-9eff-1ecc606e7470,244,CHERAB,527f8b67-e16c-5296-9d0e-6e03db74d9c2,55,DADACHA LAFE(MOBILE)
7fef88f7-411d-5669-b42d-bf5fc7f9b58b,11,ISIOLO,f821bb58-a03d-59b1-96bb-a0752bb5bab5,49,ISIOLO NORTH,e42c7121-a0e8-59f7-9eff-1ecc606e7470,244,CHERAB,628ae151-68ce-5678-a2d9-b0ee9777db3c,56,MULANDA NURSERY SCH
7fef88f7-411d-5669-b42d-bf5fc7f9b58b,11,ISIOLO,f821bb58-a03d-59b1-96bb-a0752bb5bab5,49,ISIOLO NORTH,e42c7121-a0e8-59f7-9eff-1ecc606e7470,244,CHERAB,58f12581-9ce5-5f0b-8c8b-8aecbd99ab7e,57,LAKOLEY PRY SCH
7fef88f7-411d-5669-b42d-bf5fc7f9b58b,11,ISIOLO,f821bb58-a03d-59b1-96bb-a0752bb5bab5,49,ISIOLO NORTH,e42c7121-a0e8-59f7-9eff-1ecc606e7470,244,CHERAB,f913c94c-c897-5c16-a0cc-0a8ffb9a1229,58,BADAN RARO NURSERY
7fef88f7-411d-5669-b42d-bf5fc7f9b58b,11,ISIOLO,f821bb58-a03d-59b1-96bb-a0752bb5bab5,49,ISIOLO NORTH,0159eebb-6f97-57c6-b3a4-47b8a6c35fac,245,NGARE MARA,a8083d07-5fca-5e9b-ba5d-240af51e39a3,59,NGARE MARA PRY SCH
7fef88f7-411d-5669-b42d-bf5fc7f9b58b,11,ISIOLO,f821bb58-a03d-59b1-96bb-a0752bb5bab5,49,ISIOLO NORTH,0159eebb-6f97-57c6-b3a4-47b8a6c35fac,245,NGARE MARA,37d32b88-0bb7-540f-94b1-7f02666e33c2,60,ATTAN PRY SCH
7fef88f7-411d-5669-b42d-bf5fc7f9b58b,11,ISIOLO,f821bb58-a03d-59b1-96bb-a0752bb5bab5,49,ISIOLO NORTH,0159eebb-6f97-57c6-b3a4-47b8a6c35fac,245,NGARE MARA,c2b8bdfc-ee07-53e6-ba95-38bab3b335b8,61,ISIOLO/SAMBURU COMPLEX
7fef88f7-411d-5669-b42d-bf5fc7f9b58b,11,ISIOLO,f821bb58-a03d-59b1-96bb-a0752bb5bab5,49,ISIOLO NORTH,0159eebb-6f97-57c6-b3a4-47b8a6c35fac,245,NGARE MARA,8f43d2d1-0834-5261-a431-b9a28fa5d4a7,62,NAKUPURAT NURSERY SCH
7fef88f7-411d-5669-b42d-bf5fc7f9b58b,11,ISIOLO,f821bb58-a03d-59b1-96bb-a0752bb5bab5,49,ISIOLO NORTH,0159eebb-6f97-57c6-b3a4-47b8a6c35fac,245,NGARE MARA,6fead538-d764-5f7c-8dc1-a1cbc2434d09,63,DAABA PRI. SCH.
7fef88f7-411d-5669-b42d-bf5fc7f9b58b,11,ISIOLO,f821bb58-a03d-59b1-96bb-a0752bb5bab5,49,ISIOLO NORTH,0159eebb-6f97-57c6-b3a4-47b8a6c35fac,245,NGARE MARA,885d1200-f010-5b61-95d0-f33701949914,64,GOTU PRY SCH
7fef88f7-411d-5669-b42d-bf5fc7f9b58b,11,ISIOLO,f821bb58-a03d-59b1-96bb-a0752bb5bab5,49,ISIOLO NORTH,0159eebb-6f97-57c6-b3a4-47b8a6c35fac,245,NGARE MARA,a85e1b24-bc4d-5876-a790-b44025d3506b,65,KIWANJA NURSERY SCH
7fef88f7-411d-5669-b42d-bf5fc7f9b58b,11,ISIOLO,f821bb58-a03d-59b1-96bb-a0752bb5bab5,49,ISIOLO NORTH,0159eebb-6f97-57c6-b3a4-47b8a6c35fac,245,NGARE MARA,af209e8f-3e43-56c0-8adb-40d8fe4c9407,66,MANYATTA ZEBRA NURSERY SCH
7fef88f7-411d-5669-b42d-bf5fc7f9b58b,11,ISIOLO,f821bb58-a03d-59b1-96bb-a0752bb5bab5,49,ISIOLO NORTH,0159eebb-6f97-57c6-b3a4-47b8a6c35fac,245,NGARE MARA,9a1e690f-d406-509f-b80c-f1745fd479f0,67,LOWANGILA PRY SCH
7fef88f7-411d-5669-b42d-bf5fc7f9b58b,11,ISIOLO,f821bb58-a03d-59b1-96bb-a0752bb5bab5,49,ISIOLO NORTH,0159eebb-6f97-57c6-b3a4-47b8a6c35fac,245,NGARE MARA,c57c06c1-af16-57ca-8216-5679617e473b,106,CHUMVI YERE PRIMARY SCHOOL
7fef88f7-411d-5669-b42d-bf5fc7f9b58b,11,ISIOLO,f821bb58-a03d-59b1-96bb-a0752bb5bab5,49,ISIOLO NORTH,0159eebb-6f97-57c6-b3a4-47b8a6c35fac,245,NGARE MARA,9b07c17b-34ef-5006-aecf-a5896d25979b,107,NASUROI NURSERY SCHOOL
7fef88f7-411d-5669-b42d-bf5fc7f9b58b,11,ISIOLO,f821bb58-a03d-59b1-96bb-a0752bb5bab5,49,ISIOLO NORTH,0159eebb-6f97-57c6-b3a4-47b8a6c35fac,245,NGARE MARA,895b458a-8e4e-5fcd-b998-43ba80407064,109,CHUMVI YARE PRIMARY SCHOOL
7fef88f7-411d-5669-b42d-bf5fc7f9b58b,11,ISIOLO,f821bb58-a03d-59b1-96bb-a0752bb5bab5,49,ISIOLO NORTH,0159eebb-6f97-57c6-b3a4-47b8a6c35fac,245,NGARE MARA,79af1163-e32e-596e-8b85-abe6564910cd,110,NASUROI NURSERY SCHOOL
7fef88f7-411d-5669-b42d-bf5fc7f9b58b,11,ISIOLO,f821bb58-a03d-59b1-96bb-a0752bb5bab5,49,ISIOLO NORTH,59b507ef-66cd-5cd9-97b1-6e305239d1bd,246,BURAT,36fec8ec-248f-5003-b557-16312f3b0c34,68,SHAMBANI PRI. SCH.
7fef88f7-411d-5669-b42d-bf5fc7f9b58b,11,ISIOLO,f821bb58-a03d-59b1-96bb-a0752bb5bab5,49,ISIOLO NORTH,59b507ef-66cd-5cd9-97b1-6e305239d1bd,246,BURAT,51a4ba82-b74c-5c26-8265-43b4179eda50,69,SAMBURU COMMUNITY SCHOOL
7fef88f7-411d-5669-b42d-bf5fc7f9b58b,11,ISIOLO,f821bb58-a03d-59b1-96bb-a0752bb5bab5,49,ISIOLO NORTH,59b507ef-66cd-5cd9-97b1-6e305239d1bd,246,BURAT,00e97dc2-988b-5780-99e4-9069e25c366b,70,AREMIET PRY SCH
7fef88f7-411d-5669-b42d-bf5fc7f9b58b,11,ISIOLO,f821bb58-a03d-59b1-96bb-a0752bb5bab5,49,ISIOLO NORTH,59b507ef-66cd-5cd9-97b1-6e305239d1bd,246,BURAT,42e4d920-ea10-596e-976f-1bc1ad9af830,71,KILIMANI PRI. SCH.
7fef88f7-411d-5669-b42d-bf5fc7f9b58b,11,ISIOLO,f821bb58-a03d-59b1-96bb-a0752bb5bab5,49,ISIOLO NORTH,59b507ef-66cd-5cd9-97b1-6e305239d1bd,246,BURAT,a967367a-3bd0-592b-96c5-d17f410a1fe8,72,ELSA PRY SCH.
7fef88f7-411d-5669-b42d-bf5fc7f9b58b,11,ISIOLO,f821bb58-a03d-59b1-96bb-a0752bb5bab5,49,ISIOLO NORTH,59b507ef-66cd-5cd9-97b1-6e305239d1bd,246,BURAT,5fab06a4-eb9d-5730-800b-0fc5300a834c,73,LEPARUA PRY SCH.
7fef88f7-411d-5669-b42d-bf5fc7f9b58b,11,ISIOLO,f821bb58-a03d-59b1-96bb-a0752bb5bab5,49,ISIOLO NORTH,59b507ef-66cd-5cd9-97b1-6e305239d1bd,246,BURAT,ed2704cb-d1a1-505a-95eb-b5692cd34dad,74,NTALABANY PRY. SCH.
7fef88f7-411d-5669-b42d-bf5fc7f9b58b,11,ISIOLO,f821bb58-a03d-59b1-96bb-a0752bb5bab5,49,ISIOLO NORTH,59b507ef-66cd-5cd9-97b1-6e305239d1bd,246,BURAT,9d3e32cb-2cab-5838-90a0-8b5844bb285f,75,KAMBI GARBA PRY SCH
7fef88f7-411d-5669-b42d-bf5fc7f9b58b,11,ISIOLO,f821bb58-a03d-59b1-96bb-a0752bb5bab5,49,ISIOLO NORTH,59b507ef-66cd-5cd9-97b1-6e305239d1bd,246,BURAT,57994c5d-6a27-5d50-8270-dd28fbbd2198,76,UHURU PRY SCH
7fef88f7-411d-5669-b42d-bf5fc7f9b58b,11,ISIOLO,f821bb58-a03d-59b1-96bb-a0752bb5bab5,49,ISIOLO NORTH,59b507ef-66cd-5cd9-97b1-6e305239d1bd,246,BURAT,cd070331-6a6e-5b6d-92a6-2ff0398b5dd5,77,OLLA BULLE NURSERY SCH
7fef88f7-411d-5669-b42d-bf5fc7f9b58b,11,ISIOLO,f821bb58-a03d-59b1-96bb-a0752bb5bab5,49,ISIOLO NORTH,59b507ef-66cd-5cd9-97b1-6e305239d1bd,246,BURAT,5ea04220-7e5e-5d97-9025-3d1856552e71,79,EMEGEN PRIMARY SCHOOL
7fef88f7-411d-5669-b42d-bf5fc7f9b58b,11,ISIOLO,f821bb58-a03d-59b1-96bb-a0752bb5bab5,49,ISIOLO NORTH,59b507ef-66cd-5cd9-97b1-6e305239d1bd,246,BURAT,fbf39f53-d927-54ab-b528-554d0636a8fc,80,KAMBI YA JUU PRY SCH
7fef88f7-411d-5669-b42d-bf5fc7f9b58b,11,ISIOLO,f821bb58-a03d-59b1-96bb-a0752bb5bab5,49,ISIOLO NORTH,59b507ef-66cd-5cd9-97b1-6e305239d1bd,246,BURAT,70f21b40-0b99-54db-8071-d4488b864a71,81,OLLA ODHA NURSERY
7fef88f7-411d-5669-b42d-bf5fc7f9b58b,11,ISIOLO,f821bb58-a03d-59b1-96bb-a0752bb5bab5,49,ISIOLO NORTH,59b507ef-66cd-5cd9-97b1-6e305239d1bd,246,BURAT,50d99836-b42c-59d2-94ad-50f080e30007,82,NOMADS PRY SCH
7fef88f7-411d-5669-b42d-bf5fc7f9b58b,11,ISIOLO,f821bb58-a03d-59b1-96bb-a0752bb5bab5,49,ISIOLO NORTH,59b507ef-66cd-5cd9-97b1-6e305239d1bd,246,BURAT,1d5d021c-33ad-53f0-8244-91fe8af47f96,83,ALAMACHI NURSERY SCH
7fef88f7-411d-5669-b42d-bf5fc7f9b58b,11,ISIOLO,f821bb58-a03d-59b1-96bb-a0752bb5bab5,49,ISIOLO NORTH,59b507ef-66cd-5cd9-97b1-6e305239d1bd,246,BURAT,7ff7fd0b-89b3-5e70-82b3-762b956e3d86,84,KAKILI PRI SCH.
7fef88f7-411d-5669-b42d-bf5fc7f9b58b,11,ISIOLO,f821bb58-a03d-59b1-96bb-a0752bb5bab5,49,ISIOLO NORTH,59b507ef-66cd-5cd9-97b1-6e305239d1bd,246,BURAT,e8a500a2-f011-5e5a-9247-5666571668da,108,UHURU MIXED DAY SECONDARY SCHOOL
7fef88f7-411d-5669-b42d-bf5fc7f9b58b,11,ISIOLO,f821bb58-a03d-59b1-96bb-a0752bb5bab5,49,ISIOLO NORTH,fb756f29-453b-50c2-b709-24eb3e817ef1,247,OLDO/NYIRO,a5ef8acd-3356-56a1-a868-499736233359,85,OLDONYIRO PRI. SCH.
7fef88f7-411d-5669-b42d-bf5fc7f9b58b,11,ISIOLO,f821bb58-a03d-59b1-96bb-a0752bb5bab5,49,ISIOLO NORTH,fb756f29-453b-50c2-b709-24eb3e817ef1,247,OLDO/NYIRO,5c252ee2-bbff-5d03-8ea1-df71d298f15a,86,LONGOPITO LMD OFFICE
7fef88f7-411d-5669-b42d-bf5fc7f9b58b,11,ISIOLO,f821bb58-a03d-59b1-96bb-a0752bb5bab5,49,ISIOLO NORTH,fb756f29-453b-50c2-b709-24eb3e817ef1,247,OLDO/NYIRO,a2a0b3d0-5596-5170-bc7d-43fcba3e4472,87,RUMATE NUR. SCH.
7fef88f7-411d-5669-b42d-bf5fc7f9b58b,11,ISIOLO,f821bb58-a03d-59b1-96bb-a0752bb5bab5,49,ISIOLO NORTH,fb756f29-453b-50c2-b709-24eb3e817ef1,247,OLDO/NYIRO,3d047281-c577-58a0-8dbb-6abf81375196,88,KIPSING PRI. SCH.
7fef88f7-411d-5669-b42d-bf5fc7f9b58b,11,ISIOLO,f821bb58-a03d-59b1-96bb-a0752bb5bab5,49,ISIOLO NORTH,fb756f29-453b-50c2-b709-24eb3e817ef1,247,OLDO/NYIRO,cdeef070-2d5b-5f0e-9df6-f9d1c0eb99b4,89,TUALLE PRI. SCH.
7fef88f7-411d-5669-b42d-bf5fc7f9b58b,11,ISIOLO,f821bb58-a03d-59b1-96bb-a0752bb5bab5,49,ISIOLO NORTH,fb756f29-453b-50c2-b709-24eb3e817ef1,247,OLDO/NYIRO,df2acab1-2545-54b3-b9eb-412cf2fcd308,90,KAWALASH(MOBILE)
7fef88f7-411d-5669-b42d-bf5fc7f9b58b,11,ISIOLO,f821bb58-a03d-59b1-96bb-a0752bb5bab5,49,ISIOLO NORTH,fb756f29-453b-50c2-b709-24eb3e817ef1,247,OLDO/NYIRO,c7fe0f52-36b4-5888-afa1-0ebb0eba55c8,91,NTEPES(MOBILE)
7fef88f7-411d-5669-b42d-bf5fc7f9b58b,11,ISIOLO,f821bb58-a03d-59b1-96bb-a0752bb5bab5,49,ISIOLO NORTH,fb756f29-453b-50c2-b709-24eb3e817ef1,247,OLDO/NYIRO,c7e7bd1d-7d96-5ebc-8819-d7bebb060388,92,LENGURUMA PRY. SCH.
7fef88f7-411d-5669-b42d-bf5fc7f9b58b,11,ISIOLO,f821bb58-a03d-59b1-96bb-a0752bb5bab5,49,ISIOLO NORTH,fb756f29-453b-50c2-b709-24eb3e817ef1,247,OLDO/NYIRO,4bf40394-4e29-5180-9f9b-bb5dc56f10b4,93,RAP PRY SCHOOL
7fef88f7-411d-5669-b42d-bf5fc7f9b58b,11,ISIOLO,f821bb58-a03d-59b1-96bb-a0752bb5bab5,49,ISIOLO NORTH,fb756f29-453b-50c2-b709-24eb3e817ef1,247,OLDO/NYIRO,f59b0c81-c2f9-5246-9f9a-09209fab7812,94,LOBARISHEREKI PRY SCH
7fef88f7-411d-5669-b42d-bf5fc7f9b58b,11,ISIOLO,f821bb58-a03d-59b1-96bb-a0752bb5bab5,49,ISIOLO NORTH,fb756f29-453b-50c2-b709-24eb3e817ef1,247,OLDO/NYIRO,4234ebc1-ae43-551c-b8df-27899ef1c262,95,PARKURUK PRY SCHOOL
7fef88f7-411d-5669-b42d-bf5fc7f9b58b,11,ISIOLO,f821bb58-a03d-59b1-96bb-a0752bb5bab5,49,ISIOLO NORTH,fb756f29-453b-50c2-b709-24eb3e817ef1,247,OLDO/NYIRO,23ed1fa7-8b94-5293-b0e7-b870f9dff014,96,NTUNDU (MOBILE)
7fef88f7-411d-5669-b42d-bf5fc7f9b58b,11,ISIOLO,f821bb58-a03d-59b1-96bb-a0752bb5bab5,49,ISIOLO NORTH,fb756f29-453b-50c2-b709-24eb3e817ef1,247,OLDO/NYIRO,196024bf-593b-50db-a6cc-c4d2cdaa8e0a,97,LEMORIJO (MOBILE)
7fef88f7-411d-5669-b42d-bf5fc7f9b58b,11,ISIOLO,f821bb58-a03d-59b1-96bb-a0752bb5bab5,49,ISIOLO NORTH,fb756f29-453b-50c2-b709-24eb3e817ef1,247,OLDO/NYIRO,4188d19b-4d03-537c-8936-e36ef839dfcd,98,MOKORI NURSERY SCH
7fef88f7-411d-5669-b42d-bf5fc7f9b58b,11,ISIOLO,f821bb58-a03d-59b1-96bb-a0752bb5bab5,49,ISIOLO NORTH,fb756f29-453b-50c2-b709-24eb3e817ef1,247,OLDO/NYIRO,d72eb954-ed36-5df2-ac70-a24299e5b7d0,99,NDUGU ZANGU PRY SCH
7fef88f7-411d-5669-b42d-bf5fc7f9b58b,11,ISIOLO,f821bb58-a03d-59b1-96bb-a0752bb5bab5,49,ISIOLO NORTH,fb756f29-453b-50c2-b709-24eb3e817ef1,247,OLDO/NYIRO,a5345010-032e-5307-9502-99d31a408a91,100,LEGWENYI PRY SCH
7fef88f7-411d-5669-b42d-bf5fc7f9b58b,11,ISIOLO,f821bb58-a03d-59b1-96bb-a0752bb5bab5,49,ISIOLO NORTH,fb756f29-453b-50c2-b709-24eb3e817ef1,247,OLDO/NYIRO,be2b5755-e63e-5676-9a66-466edefa5ff8,101,NOOLOROI PRY SCH
7fef88f7-411d-5669-b42d-bf5fc7f9b58b,11,ISIOLO,4e986ca6-c4eb-5f9d-b187-1d5d81519c53,50,ISIOLO SOUTH,4844ebc6-dee4-51cd-9a45-2b3e3ab63fef,248,GARBATULLA,0aa4ea0b-c646-5d77-bc85-4022a43fc8c5,1,GARBATULLA DAY PRIMARY SCHOOL
7fef88f7-411d-5669-b42d-bf5fc7f9b58b,11,ISIOLO,4e986ca6-c4eb-5f9d-b187-1d5d81519c53,50,ISIOLO SOUTH,4844ebc6-dee4-51cd-9a45-2b3e3ab63fef,248,GARBATULLA,24911c92-ac6b-569c-bb00-35cd7efc8af1,2,DAAWA PRIMARY SCHOOL
7fef88f7-411d-5669-b42d-bf5fc7f9b58b,11,ISIOLO,4e986ca6-c4eb-5f9d-b187-1d5d81519c53,50,ISIOLO SOUTH,4844ebc6-dee4-51cd-9a45-2b3e3ab63fef,248,GARBATULLA,8f29a78e-45e7-5a4c-8b4b-083255b634b1,3,MATAGARI PRIMARY SCHOOL
7fef88f7-411d-5669-b42d-bf5fc7f9b58b,11,ISIOLO,4e986ca6-c4eb-5f9d-b187-1d5d81519c53,50,ISIOLO SOUTH,4844ebc6-dee4-51cd-9a45-2b3e3ab63fef,248,GARBATULLA,2e94eaa0-967c-56fc-822b-861a8f80079d,4,NAGAA PRIMARY SCHOOL
7fef88f7-411d-5669-b42d-bf5fc7f9b58b,11,ISIOLO,4e986ca6-c4eb-5f9d-b187-1d5d81519c53,50,ISIOLO SOUTH,4844ebc6-dee4-51cd-9a45-2b3e3ab63fef,248,GARBATULLA,f9ea227a-693e-5257-9b21-b31c96bae083,5,SAYYIDAH FATIMAH GIRLS EDUCATIONAL CO
7fef88f7-411d-5669-b42d-bf5fc7f9b58b,11,ISIOLO,4e986ca6-c4eb-5f9d-b187-1d5d81519c53,50,ISIOLO SOUTH,4844ebc6-dee4-51cd-9a45-2b3e3ab63fef,248,GARBATULLA,90daf970-c974-52e7-8626-2543a41c157a,6,MALKA-DAKA PRIMARY SCHOOL
7fef88f7-411d-5669-b42d-bf5fc7f9b58b,11,ISIOLO,4e986ca6-c4eb-5f9d-b187-1d5d81519c53,50,ISIOLO SOUTH,4844ebc6-dee4-51cd-9a45-2b3e3ab63fef,248,GARBATULLA,cd5623aa-df13-500e-9978-c3dd4b4a226b,7,KURO MUMME MOBILE
7fef88f7-411d-5669-b42d-bf5fc7f9b58b,11,ISIOLO,4e986ca6-c4eb-5f9d-b187-1d5d81519c53,50,ISIOLO SOUTH,4844ebc6-dee4-51cd-9a45-2b3e3ab63fef,248,GARBATULLA,6104b827-c9c4-500f-aa10-f894cf84b0f5,8,KUROFTU MOLLU(MOBILE)
7fef88f7-411d-5669-b42d-bf5fc7f9b58b,11,ISIOLO,4e986ca6-c4eb-5f9d-b187-1d5d81519c53,50,ISIOLO SOUTH,4844ebc6-dee4-51cd-9a45-2b3e3ab63fef,248,GARBATULLA,f4934d4f-3dd7-5057-9b50-02cc8128cf3c,9,GAFARSA PRIMARY SCHOOL
7fef88f7-411d-5669-b42d-bf5fc7f9b58b,11,ISIOLO,4e986ca6-c4eb-5f9d-b187-1d5d81519c53,50,ISIOLO SOUTH,4844ebc6-dee4-51cd-9a45-2b3e3ab63fef,248,GARBATULLA,99826309-289d-5112-9376-9e2e740e85b2,10,IRES KALICHA MADRASSA
7fef88f7-411d-5669-b42d-bf5fc7f9b58b,11,ISIOLO,4e986ca6-c4eb-5f9d-b187-1d5d81519c53,50,ISIOLO SOUTH,4844ebc6-dee4-51cd-9a45-2b3e3ab63fef,248,GARBATULLA,0da22c34-0eb5-5e03-95b1-07391cae654a,11,MUCHURO PRIMARY SCHOOL
7fef88f7-411d-5669-b42d-bf5fc7f9b58b,11,ISIOLO,4e986ca6-c4eb-5f9d-b187-1d5d81519c53,50,ISIOLO SOUTH,4844ebc6-dee4-51cd-9a45-2b3e3ab63fef,248,GARBATULLA,07ee411e-b106-5f75-825b-144e65657174,12,KOMBOLLA PRIMARY SCHOOL
7fef88f7-411d-5669-b42d-bf5fc7f9b58b,11,ISIOLO,4e986ca6-c4eb-5f9d-b187-1d5d81519c53,50,ISIOLO SOUTH,4844ebc6-dee4-51cd-9a45-2b3e3ab63fef,248,GARBATULLA,811db7d9-176a-5d84-ab9c-10cbfe85584b,13,BELGESH PRIMARY SCHOOL
7fef88f7-411d-5669-b42d-bf5fc7f9b58b,11,ISIOLO,4e986ca6-c4eb-5f9d-b187-1d5d81519c53,50,ISIOLO SOUTH,4844ebc6-dee4-51cd-9a45-2b3e3ab63fef,248,GARBATULLA,7b8dbbf3-81f4-593f-9cf8-86ec14b85033,14,BISANADHI PRIMARY
7fef88f7-411d-5669-b42d-bf5fc7f9b58b,11,ISIOLO,4e986ca6-c4eb-5f9d-b187-1d5d81519c53,50,ISIOLO SOUTH,4844ebc6-dee4-51cd-9a45-2b3e3ab63fef,248,GARBATULLA,40c34b1e-771d-56be-8a59-73f0cd9c005e,15,BOJI PRIMARY SCHOOL
7fef88f7-411d-5669-b42d-bf5fc7f9b58b,11,ISIOLO,4e986ca6-c4eb-5f9d-b187-1d5d81519c53,50,ISIOLO SOUTH,4844ebc6-dee4-51cd-9a45-2b3e3ab63fef,248,GARBATULLA,8aacdaf4-bab2-5415-854b-ea0ac737ae0f,16,TANA NURSERY SCHOOL
7fef88f7-411d-5669-b42d-bf5fc7f9b58b,11,ISIOLO,4e986ca6-c4eb-5f9d-b187-1d5d81519c53,50,ISIOLO SOUTH,4844ebc6-dee4-51cd-9a45-2b3e3ab63fef,248,GARBATULLA,2ed46c37-e63d-52e4-a123-01ec8a6d7cac,45,ABAGARSE PRY SCHOOL
7fef88f7-411d-5669-b42d-bf5fc7f9b58b,11,ISIOLO,4e986ca6-c4eb-5f9d-b187-1d5d81519c53,50,ISIOLO SOUTH,2c7d0839-35df-50ad-8d13-6e0bd11c1c7b,249,KINNA,d3a48255-d4db-5231-afdd-cabda3544144,17,MADO YAKA (ABAKIRI) PRIMARY SCHOOL
7fef88f7-411d-5669-b42d-bf5fc7f9b58b,11,ISIOLO,4e986ca6-c4eb-5f9d-b187-1d5d81519c53,50,ISIOLO SOUTH,2c7d0839-35df-50ad-8d13-6e0bd11c1c7b,249,KINNA,4d497fbf-8137-54f4-8f9d-ce9cde3e73cc,18,YAK BARSADI PRIMARY SCHOOL
7fef88f7-411d-5669-b42d-bf5fc7f9b58b,11,ISIOLO,4e986ca6-c4eb-5f9d-b187-1d5d81519c53,50,ISIOLO SOUTH,2c7d0839-35df-50ad-8d13-6e0bd11c1c7b,249,KINNA,db423eb3-bab2-58a7-8d4c-872a9316b7e8,19,KULA MAWE PRIMARY SCHOOL
7fef88f7-411d-5669-b42d-bf5fc7f9b58b,11,ISIOLO,4e986ca6-c4eb-5f9d-b187-1d5d81519c53,50,ISIOLO SOUTH,2c7d0839-35df-50ad-8d13-6e0bd11c1c7b,249,KINNA,a19a6969-4aff-59e2-8bae-092586488706,20,DABASITI PRIMARY SCHOOL
7fef88f7-411d-5669-b42d-bf5fc7f9b58b,11,ISIOLO,4e986ca6-c4eb-5f9d-b187-1d5d81519c53,50,ISIOLO SOUTH,2c7d0839-35df-50ad-8d13-6e0bd11c1c7b,249,KINNA,9cb131fe-9a46-576a-b993-0326c04448e2,21,KURO BARATA MOBILE
7fef88f7-411d-5669-b42d-bf5fc7f9b58b,11,ISIOLO,4e986ca6-c4eb-5f9d-b187-1d5d81519c53,50,ISIOLO SOUTH,2c7d0839-35df-50ad-8d13-6e0bd11c1c7b,249,KINNA,2c9f79f6-3a6a-5ce9-9036-ce3f36017dd9,22,ALGANI GIRLS PRIMARY SCHOOL
7fef88f7-411d-5669-b42d-bf5fc7f9b58b,11,ISIOLO,4e986ca6-c4eb-5f9d-b187-1d5d81519c53,50,ISIOLO SOUTH,2c7d0839-35df-50ad-8d13-6e0bd11c1c7b,249,KINNA,bc506dba-52ec-5c7e-b6c6-d951711e6a83,23,DUSE PRIMARY SCHOOL
7fef88f7-411d-5669-b42d-bf5fc7f9b58b,11,ISIOLO,4e986ca6-c4eb-5f9d-b187-1d5d81519c53,50,ISIOLO SOUTH,2c7d0839-35df-50ad-8d13-6e0bd11c1c7b,249,KINNA,ef348eef-a18a-5cdd-819f-fd56f4d1ac31,24,GALMA DIDO PRIMARY SCHOOL
7fef88f7-411d-5669-b42d-bf5fc7f9b58b,11,ISIOLO,4e986ca6-c4eb-5f9d-b187-1d5d81519c53,50,ISIOLO SOUTH,2c7d0839-35df-50ad-8d13-6e0bd11c1c7b,249,KINNA,f38a1c0d-01fb-5487-ad7f-6c7f752fd56e,25,KINNA PRIMARY SCHOOL
7fef88f7-411d-5669-b42d-bf5fc7f9b58b,11,ISIOLO,4e986ca6-c4eb-5f9d-b187-1d5d81519c53,50,ISIOLO SOUTH,2c7d0839-35df-50ad-8d13-6e0bd11c1c7b,249,KINNA,23319732-8bf4-529f-af11-b5c097858465,26,RAPSU PRIMARY SCHOOL
7fef88f7-411d-5669-b42d-bf5fc7f9b58b,11,ISIOLO,4e986ca6-c4eb-5f9d-b187-1d5d81519c53,50,ISIOLO SOUTH,2c7d0839-35df-50ad-8d13-6e0bd11c1c7b,249,KINNA,459624cf-3fd7-5a58-ad8c-233bab0c6c75,27,KORBESA PRIMARY
7fef88f7-411d-5669-b42d-bf5fc7f9b58b,11,ISIOLO,4e986ca6-c4eb-5f9d-b187-1d5d81519c53,50,ISIOLO SOUTH,2c7d0839-35df-50ad-8d13-6e0bd11c1c7b,249,KINNA,69743129-0924-525a-a781-e31830cfb700,28,BIBI WATER SUPPLY
7fef88f7-411d-5669-b42d-bf5fc7f9b58b,11,ISIOLO,4e986ca6-c4eb-5f9d-b187-1d5d81519c53,50,ISIOLO SOUTH,2c7d0839-35df-50ad-8d13-6e0bd11c1c7b,249,KINNA,3ba5e0a5-447d-5203-a3a5-9b010592daf1,29,WAKO WARIO PRIMARY SCHOOL
7fef88f7-411d-5669-b42d-bf5fc7f9b58b,11,ISIOLO,4e986ca6-c4eb-5f9d-b187-1d5d81519c53,50,ISIOLO SOUTH,2c7d0839-35df-50ad-8d13-6e0bd11c1c7b,249,KINNA,01b689fd-656c-5935-9598-16189c792010,46,KOTICHA PRY SCHOOL
7fef88f7-411d-5669-b42d-bf5fc7f9b58b,11,ISIOLO,4e986ca6-c4eb-5f9d-b187-1d5d81519c53,50,ISIOLO SOUTH,2c7d0839-35df-50ad-8d13-6e0bd11c1c7b,249,KINNA,bc191e4c-1d39-58c5-90e2-a540bd902dc0,47,KULAMAWE DAY SECONDAY SCHOOL
7fef88f7-411d-5669-b42d-bf5fc7f9b58b,11,ISIOLO,4e986ca6-c4eb-5f9d-b187-1d5d81519c53,50,ISIOLO SOUTH,2c7d0839-35df-50ad-8d13-6e0bd11c1c7b,249,KINNA,a6e5fae4-1280-5bf3-b126-66b89cc04f4a,48,KINNA SOCIAL HALL
7fef88f7-411d-5669-b42d-bf5fc7f9b58b,11,ISIOLO,4e986ca6-c4eb-5f9d-b187-1d5d81519c53,50,ISIOLO SOUTH,2c7d0839-35df-50ad-8d13-6e0bd11c1c7b,249,KINNA,86ebceb8-eae7-5846-a487-0e029f61f9e5,49,KUBI SERA
7fef88f7-411d-5669-b42d-bf5fc7f9b58b,11,ISIOLO,4e986ca6-c4eb-5f9d-b187-1d5d81519c53,50,ISIOLO SOUTH,5a07f927-5db3-5e9f-9280-9585e78318fa,250,SERICHO,c8c4215f-b6e9-5b4f-ad03-3aee60bc6271,30,MALKA MANSA PRY
7fef88f7-411d-5669-b42d-bf5fc7f9b58b,11,ISIOLO,4e986ca6-c4eb-5f9d-b187-1d5d81519c53,50,ISIOLO SOUTH,5a07f927-5db3-5e9f-9280-9585e78318fa,250,SERICHO,08e7c078-0eb5-5fa0-9be0-d742bc420fdd,31,ERESABORU PRIMARY SCHOOL
7fef88f7-411d-5669-b42d-bf5fc7f9b58b,11,ISIOLO,4e986ca6-c4eb-5f9d-b187-1d5d81519c53,50,ISIOLO SOUTH,5a07f927-5db3-5e9f-9280-9585e78318fa,250,SERICHO,dee54bbf-68f0-5fc4-b077-3599f493d70c,32,FORORSA MOBILE
7fef88f7-411d-5669-b42d-bf5fc7f9b58b,11,ISIOLO,4e986ca6-c4eb-5f9d-b187-1d5d81519c53,50,ISIOLO SOUTH,5a07f927-5db3-5e9f-9280-9585e78318fa,250,SERICHO,bb432d1b-908b-5577-b413-28bbaa5879fa,33,BADANA GARADIDA PRIMARY SCHOOL
7fef88f7-411d-5669-b42d-bf5fc7f9b58b,11,ISIOLO,4e986ca6-c4eb-5f9d-b187-1d5d81519c53,50,ISIOLO SOUTH,5a07f927-5db3-5e9f-9280-9585e78318fa,250,SERICHO,bd58bed0-c0de-5bfa-9170-d77b3c60800e,34,BILIQ NURU PRIMARY SCHOOL
7fef88f7-411d-5669-b42d-bf5fc7f9b58b,11,ISIOLO,4e986ca6-c4eb-5f9d-b187-1d5d81519c53,50,ISIOLO SOUTH,5a07f927-5db3-5e9f-9280-9585e78318fa,250,SERICHO,8a795e8e-a93a-587f-a5b3-a8ccbe97efa9,35,SERICHO PRIMARY SCHOOL
7fef88f7-411d-5669-b42d-bf5fc7f9b58b,11,ISIOLO,4e986ca6-c4eb-5f9d-b187-1d5d81519c53,50,ISIOLO SOUTH,5a07f927-5db3-5e9f-9280-9585e78318fa,250,SERICHO,0b1afcc0-0297-5c3d-9254-9ca067c5324a,36,GUBATU PRIMARY SCHOOL
7fef88f7-411d-5669-b42d-bf5fc7f9b58b,11,ISIOLO,4e986ca6-c4eb-5f9d-b187-1d5d81519c53,50,ISIOLO SOUTH,5a07f927-5db3-5e9f-9280-9585e78318fa,250,SERICHO,36088ea6-944c-587d-b2cf-65a4f0d8d827,37,QONE VILLAGE
7fef88f7-411d-5669-b42d-bf5fc7f9b58b,11,ISIOLO,4e986ca6-c4eb-5f9d-b187-1d5d81519c53,50,ISIOLO SOUTH,5a07f927-5db3-5e9f-9280-9585e78318fa,250,SERICHO,4eadf353-aac5-5448-b14e-5b1a477869a1,38,MAKARIM PRIMARY SCHOOL
7fef88f7-411d-5669-b42d-bf5fc7f9b58b,11,ISIOLO,4e986ca6-c4eb-5f9d-b187-1d5d81519c53,50,ISIOLO SOUTH,5a07f927-5db3-5e9f-9280-9585e78318fa,250,SERICHO,eab870ea-1bdc-533f-bed0-990f28d444a3,39,OMARA PRIMARY SCHOOL
7fef88f7-411d-5669-b42d-bf5fc7f9b58b,11,ISIOLO,4e986ca6-c4eb-5f9d-b187-1d5d81519c53,50,ISIOLO SOUTH,5a07f927-5db3-5e9f-9280-9585e78318fa,250,SERICHO,c656b063-51fe-5bfc-80b3-74b38e087e2d,40,BARRIER VILLAGE
7fef88f7-411d-5669-b42d-bf5fc7f9b58b,11,ISIOLO,4e986ca6-c4eb-5f9d-b187-1d5d81519c53,50,ISIOLO SOUTH,5a07f927-5db3-5e9f-9280-9585e78318fa,250,SERICHO,02a51081-f348-5e7d-a429-533941f2de5a,41,ELDERA PRIMARY SCHOOL
7fef88f7-411d-5669-b42d-bf5fc7f9b58b,11,ISIOLO,4e986ca6-c4eb-5f9d-b187-1d5d81519c53,50,ISIOLO SOUTH,5a07f927-5db3-5e9f-9280-9585e78318fa,250,SERICHO,1ad23fad-2723-55c9-90e7-2289e9d5daf4,42,HAWAYE WELLS MOBILE
7fef88f7-411d-5669-b42d-bf5fc7f9b58b,11,ISIOLO,4e986ca6-c4eb-5f9d-b187-1d5d81519c53,50,ISIOLO SOUTH,5a07f927-5db3-5e9f-9280-9585e78318fa,250,SERICHO,761cd410-2551-5d32-a330-484435d18b6f,43,BELGESH DAM (MOBILE)
7fef88f7-411d-5669-b42d-bf5fc7f9b58b,11,ISIOLO,4e986ca6-c4eb-5f9d-b187-1d5d81519c53,50,ISIOLO SOUTH,5a07f927-5db3-5e9f-9280-9585e78318fa,250,SERICHO,77909b55-3230-5e76-a3fd-57d745d2bd78,44,MOGORE PRIMARY
7fef88f7-411d-5669-b42d-bf5fc7f9b58b,11,ISIOLO,4e986ca6-c4eb-5f9d-b187-1d5d81519c53,50,ISIOLO SOUTH,5a07f927-5db3-5e9f-9280-9585e78318fa,250,SERICHO,8f89a367-2106-572b-bde2-36e59d762a29,49,BAHARI GIRLS PRY SCHOOL
