f413ea13-fcd9-5b44-9d22-1fa1f7b063a5,34,KAJIADO,9acf15fe-d291-5c78-bf62-171fb354d77a,183,KAJIADO NORTH,3c952dcb-19f1-5fe7-b01b-3ac0018f619a,911,OLKERI,8ac99c63-3f06-5d72-8112-698fe26652ef,1,ST. MARKS? KISERIAN MIXED DAY SECONDAR
f413ea13-fcd9-5b44-9d22-1fa1f7b063a5,34,KAJIADO,9acf15fe-d291-5c78-bf62-171fb354d77a,183,KAJIADO NORTH,3c952dcb-19f1-5fe7-b01b-3ac0018f619a,911,OLKERI,e549761c-3224-5c21-97cd-bbf0ef61e58e,2,ESILANKE WATER PROJECT
f413ea13-fcd9-5b44-9d22-1fa1f7b063a5,34,KAJIADO,9acf15fe-d291-5c78-bf62-171fb354d77a,183,KAJIADO NORTH,3c952dcb-19f1-5fe7-b01b-3ac0018f619a,911,OLKERI,33106452-b6e7-5064-b4e8-509b78461b70,3,UPPER MATASIA PRI. SC
f413ea13-fcd9-5b44-9d22-1fa1f7b063a5,34,KAJIADO,9acf15fe-d291-5c78-bf62-171fb354d77a,183,KAJIADO NORTH,3c952dcb-19f1-5fe7-b01b-3ac0018f619a,911,OLKERI,9f4334e3-fba5-522b-9fb1-24be90acdfdb,4,NALEPO NUR SCH
f413ea13-fcd9-5b44-9d22-1fa1f7b063a5,34,KAJIADO,9acf15fe-d291-5c78-bf62-171fb354d77a,183,KAJIADO NORTH,3c952dcb-19f1-5fe7-b01b-3ac0018f619a,911,OLKERI,4556dbc2-fc72-5480-a219-4f9e47c5a23f,5,KISERIAN PRI.SCH
f413ea13-fcd9-5b44-9d22-1fa1f7b063a5,34,KAJIADO,9acf15fe-d291-5c78-bf62-171fb354d77a,183,KAJIADO NORTH,3c952dcb-19f1-5fe7-b01b-3ac0018f619a,911,OLKERI,7cd5c752-274b-5690-923d-6d1760aa76f9,6,LOWER MATASIA PRI.SCH
f413ea13-fcd9-5b44-9d22-1fa1f7b063a5,34,KAJIADO,9acf15fe-d291-5c78-bf62-171fb354d77a,183,KAJIADO NORTH,3c952dcb-19f1-5fe7-b01b-3ac0018f619a,911,OLKERI,4a356988-4bee-5ef1-b77e-80123f33b1fb,7,OLKERI PRI.SCH
f413ea13-fcd9-5b44-9d22-1fa1f7b063a5,34,KAJIADO,9acf15fe-d291-5c78-bf62-171fb354d77a,183,KAJIADO NORTH,3c952dcb-19f1-5fe7-b01b-3ac0018f619a,911,OLKERI,69b14f5b-1c25-5c6d-bfc7-1f1e69de25b8,8,ARAP MOI PRI .SCH
f413ea13-fcd9-5b44-9d22-1fa1f7b063a5,34,KAJIADO,9acf15fe-d291-5c78-bf62-171fb354d77a,183,KAJIADO NORTH,3c952dcb-19f1-5fe7-b01b-3ac0018f619a,911,OLKERI,0ddbc3c3-0cf0-5c91-9b8b-63cc52402af7,9,DELIVERANCE CHURCH - KANDISI
f413ea13-fcd9-5b44-9d22-1fa1f7b063a5,34,KAJIADO,9acf15fe-d291-5c78-bf62-171fb354d77a,183,KAJIADO NORTH,3c952dcb-19f1-5fe7-b01b-3ac0018f619a,911,OLKERI,00aab4ee-5512-550e-b80c-1883f78c506c,10,PCEA LEKURUKI
f413ea13-fcd9-5b44-9d22-1fa1f7b063a5,34,KAJIADO,9acf15fe-d291-5c78-bf62-171fb354d77a,183,KAJIADO NORTH,3c952dcb-19f1-5fe7-b01b-3ac0018f619a,911,OLKERI,b53e0821-25c3-5866-b430-56171479524b,11,MERISHO AP CAMP-NEW
f413ea13-fcd9-5b44-9d22-1fa1f7b063a5,34,KAJIADO,9acf15fe-d291-5c78-bf62-171fb354d77a,183,KAJIADO NORTH,3c952dcb-19f1-5fe7-b01b-3ac0018f619a,911,OLKERI,ba76b6ae-1743-5fe3-84ae-ed3bd0fa7686,12,LEMELEPO WATER PROJECT
f413ea13-fcd9-5b44-9d22-1fa1f7b063a5,34,KAJIADO,9acf15fe-d291-5c78-bf62-171fb354d77a,183,KAJIADO NORTH,3c952dcb-19f1-5fe7-b01b-3ac0018f619a,911,OLKERI,72f325a0-8d90-56aa-af9c-fea6640c3897,13,OLOOSURUTIA ACK CHURCH
f413ea13-fcd9-5b44-9d22-1fa1f7b063a5,34,KAJIADO,9acf15fe-d291-5c78-bf62-171fb354d77a,183,KAJIADO NORTH,c3c07809-1db1-5599-882e-09d68009bd98,912,ONGATA RONGAI,eddd6290-66af-5307-aaba-1e60d9d8af93,14,SCHEME SIX CHIEF CAMP
f413ea13-fcd9-5b44-9d22-1fa1f7b063a5,34,KAJIADO,9acf15fe-d291-5c78-bf62-171fb354d77a,183,KAJIADO NORTH,c3c07809-1db1-5599-882e-09d68009bd98,912,ONGATA RONGAI,824bb4fc-dabf-5eef-82e7-8eba352d1aac,15,ENDOMOTO CHIEF'S CAMP
f413ea13-fcd9-5b44-9d22-1fa1f7b063a5,34,KAJIADO,9acf15fe-d291-5c78-bf62-171fb354d77a,183,KAJIADO NORTH,c3c07809-1db1-5599-882e-09d68009bd98,912,ONGATA RONGAI,94e7a6a4-28f2-58b7-ad79-64a4e3708c78,16,OLEKASASI PRI.SCH
f413ea13-fcd9-5b44-9d22-1fa1f7b063a5,34,KAJIADO,9acf15fe-d291-5c78-bf62-171fb354d77a,183,KAJIADO NORTH,c3c07809-1db1-5599-882e-09d68009bd98,912,ONGATA RONGAI,c5e695ac-c4d7-5a7e-b886-ee94c93d54ab,17,ONG ATA RONGAI OPEN AIR MARKET
f413ea13-fcd9-5b44-9d22-1fa1f7b063a5,34,KAJIADO,9acf15fe-d291-5c78-bf62-171fb354d77a,183,KAJIADO NORTH,c3c07809-1db1-5599-882e-09d68009bd98,912,ONGATA RONGAI,26e1a219-92fa-5e97-803a-9918fa4eaf44,35,LAISER CHIEF'S CAMP
f413ea13-fcd9-5b44-9d22-1fa1f7b063a5,34,KAJIADO,9acf15fe-d291-5c78-bf62-171fb354d77a,183,KAJIADO NORTH,0dd372af-4bc7-5208-abcd-f8660a63156c,913,NKAIMURUNYA,4fba014e-6fee-579e-941c-80047de5223b,18,NAKEEL PRI.SCH
f413ea13-fcd9-5b44-9d22-1fa1f7b063a5,34,KAJIADO,9acf15fe-d291-5c78-bf62-171fb354d77a,183,KAJIADO NORTH,0dd372af-4bc7-5208-abcd-f8660a63156c,913,NKAIMURUNYA,991fcb08-388b-51c4-ab77-45fcca01506a,19,NKAI-MURUNYA PRI.SCH
f413ea13-fcd9-5b44-9d22-1fa1f7b063a5,34,KAJIADO,9acf15fe-d291-5c78-bf62-171fb354d77a,183,KAJIADO NORTH,0dd372af-4bc7-5208-abcd-f8660a63156c,913,NKAIMURUNYA,9f7c9381-cc11-5766-a2ef-01217c385b58,20,MOSOI RANGE CHIEF'S CAMP
f413ea13-fcd9-5b44-9d22-1fa1f7b063a5,34,KAJIADO,9acf15fe-d291-5c78-bf62-171fb354d77a,183,KAJIADO NORTH,0dd372af-4bc7-5208-abcd-f8660a63156c,913,NKAIMURUNYA,641517ea-2c14-5f35-9a6b-a733318080ce,21,ONGATA ACADEMY-NEW
f413ea13-fcd9-5b44-9d22-1fa1f7b063a5,34,KAJIADO,9acf15fe-d291-5c78-bf62-171fb354d77a,183,KAJIADO NORTH,0dd372af-4bc7-5208-abcd-f8660a63156c,913,NKAIMURUNYA,cfa630ed-8f5c-5073-8a7b-3af791756185,22,NKAI-MURUNYA MIXED DAY SEC-NEW
f413ea13-fcd9-5b44-9d22-1fa1f7b063a5,34,KAJIADO,9acf15fe-d291-5c78-bf62-171fb354d77a,183,KAJIADO NORTH,0dd372af-4bc7-5208-abcd-f8660a63156c,913,NKAIMURUNYA,09f91b14-d813-5f90-817a-e04328a7f446,23,ONG ATA RONGAI PRI.SCH
f413ea13-fcd9-5b44-9d22-1fa1f7b063a5,34,KAJIADO,9acf15fe-d291-5c78-bf62-171fb354d77a,183,KAJIADO NORTH,6094958b-e076-5a19-81e7-90b5cfae50c9,914,OLOOLUA,738ca88f-580f-5b26-8564-2501be08a69a,24,BULBUL PRI.SCH
f413ea13-fcd9-5b44-9d22-1fa1f7b063a5,34,KAJIADO,9acf15fe-d291-5c78-bf62-171fb354d77a,183,KAJIADO NORTH,6094958b-e076-5a19-81e7-90b5cfae50c9,914,OLOOLUA,3da2df36-c59a-5e83-8b7e-b43d233a7023,25,KERERAPON PRI.SCH
f413ea13-fcd9-5b44-9d22-1fa1f7b063a5,34,KAJIADO,9acf15fe-d291-5c78-bf62-171fb354d77a,183,KAJIADO NORTH,6094958b-e076-5a19-81e7-90b5cfae50c9,914,OLOOLUA,b1eec2b0-235f-5686-8bc3-2e043037db45,26,OLEPOLOS NUR SCH
f413ea13-fcd9-5b44-9d22-1fa1f7b063a5,34,KAJIADO,9acf15fe-d291-5c78-bf62-171fb354d77a,183,KAJIADO NORTH,6094958b-e076-5a19-81e7-90b5cfae50c9,914,OLOOLUA,ed2c8b80-72cc-5a5c-8e8a-183e1369f6e4,27,OLOOLUA PRI.SCH
f413ea13-fcd9-5b44-9d22-1fa1f7b063a5,34,KAJIADO,9acf15fe-d291-5c78-bf62-171fb354d77a,183,KAJIADO NORTH,d4ad72f1-2ffe-5812-9864-47ca630d5b05,915,NGONG,aeed977f-dc91-50c0-a137-a5fbc582d2c0,28,ACK PRI SCH
f413ea13-fcd9-5b44-9d22-1fa1f7b063a5,34,KAJIADO,9acf15fe-d291-5c78-bf62-171fb354d77a,183,KAJIADO NORTH,d4ad72f1-2ffe-5812-9864-47ca630d5b05,915,NGONG,de01bd20-1528-57f6-b918-bbf989499f80,29,AIC PRI .SCH
f413ea13-fcd9-5b44-9d22-1fa1f7b063a5,34,KAJIADO,9acf15fe-d291-5c78-bf62-171fb354d77a,183,KAJIADO NORTH,d4ad72f1-2ffe-5812-9864-47ca630d5b05,915,NGONG,f91c0e44-f9b8-53de-bc37-696e3585211e,30,JUA KALI SHEDS
f413ea13-fcd9-5b44-9d22-1fa1f7b063a5,34,KAJIADO,9acf15fe-d291-5c78-bf62-171fb354d77a,183,KAJIADO NORTH,d4ad72f1-2ffe-5812-9864-47ca630d5b05,915,NGONG,e8e5ba89-443c-5bee-8830-5772cf1c7286,32,NGONG TOWNSHIP PRI.SCH
f413ea13-fcd9-5b44-9d22-1fa1f7b063a5,34,KAJIADO,9acf15fe-d291-5c78-bf62-171fb354d77a,183,KAJIADO NORTH,d4ad72f1-2ffe-5812-9864-47ca630d5b05,915,NGONG,4098e1e5-25fc-50e7-a296-ce1b8519dc76,33,PCEA ENCHORRO EMUNY PRI .SCH
f413ea13-fcd9-5b44-9d22-1fa1f7b063a5,34,KAJIADO,9acf15fe-d291-5c78-bf62-171fb354d77a,183,KAJIADO NORTH,d4ad72f1-2ffe-5812-9864-47ca630d5b05,915,NGONG,62c833b6-c200-5420-8124-d055b5c87a0a,34,PCEA NGONG HILLS SEC -NEW
f413ea13-fcd9-5b44-9d22-1fa1f7b063a5,34,KAJIADO,2a6f7014-a0b2-590b-bf87-162679fd90bf,184,KAJIADO CENTRAL,b059ce38-33d4-5e2c-ab72-289b8cb1f129,916,PURKO,4924f305-d5e7-5f1e-bba6-e9629a8b59f7,1,KUMPA H.M PRIMARY SCHOOL
f413ea13-fcd9-5b44-9d22-1fa1f7b063a5,34,KAJIADO,2a6f7014-a0b2-590b-bf87-162679fd90bf,184,KAJIADO CENTRAL,b059ce38-33d4-5e2c-ab72-289b8cb1f129,916,PURKO,3160668f-5249-5cdc-9b78-956fc6c7913e,2,NKOILE PRIMARY SCHOOL
f413ea13-fcd9-5b44-9d22-1fa1f7b063a5,34,KAJIADO,2a6f7014-a0b2-590b-bf87-162679fd90bf,184,KAJIADO CENTRAL,b059ce38-33d4-5e2c-ab72-289b8cb1f129,916,PURKO,515d4c28-673b-542b-af21-f99b0f31b03a,3,ENKARONI PRIMARY SCHOOL
f413ea13-fcd9-5b44-9d22-1fa1f7b063a5,34,KAJIADO,2a6f7014-a0b2-590b-bf87-162679fd90bf,184,KAJIADO CENTRAL,b059ce38-33d4-5e2c-ab72-289b8cb1f129,916,PURKO,a841e4f5-31ed-524f-b7ba-f2b3322584f9,4,ILPARRUA PRIMARY SCHOOL
f413ea13-fcd9-5b44-9d22-1fa1f7b063a5,34,KAJIADO,2a6f7014-a0b2-590b-bf87-162679fd90bf,184,KAJIADO CENTRAL,b059ce38-33d4-5e2c-ab72-289b8cb1f129,916,PURKO,a38c5235-7a95-5109-b06f-fe159842f6cf,5,ENDOINYO ENKAMPI PRIMARY SCHOOL
f413ea13-fcd9-5b44-9d22-1fa1f7b063a5,34,KAJIADO,2a6f7014-a0b2-590b-bf87-162679fd90bf,184,KAJIADO CENTRAL,b059ce38-33d4-5e2c-ab72-289b8cb1f129,916,PURKO,a08e66af-a76c-544b-b496-796ed79d3dbc,6,ILMOLELIAN PRIMARY SCHOOL
f413ea13-fcd9-5b44-9d22-1fa1f7b063a5,34,KAJIADO,2a6f7014-a0b2-590b-bf87-162679fd90bf,184,KAJIADO CENTRAL,b059ce38-33d4-5e2c-ab72-289b8cb1f129,916,PURKO,521cac6c-25b7-5e02-88c3-8b9b107d787a,7,ISIAT NURSERY SCHOOL
f413ea13-fcd9-5b44-9d22-1fa1f7b063a5,34,KAJIADO,2a6f7014-a0b2-590b-bf87-162679fd90bf,184,KAJIADO CENTRAL,b059ce38-33d4-5e2c-ab72-289b8cb1f129,916,PURKO,6131b720-44ce-5f36-892a-5d1738725f9c,88,ENTUKAI PRIMARY SCHOOL
f413ea13-fcd9-5b44-9d22-1fa1f7b063a5,34,KAJIADO,2a6f7014-a0b2-590b-bf87-162679fd90bf,184,KAJIADO CENTRAL,284d9b93-005e-55ef-b835-36b1be2be4fc,917,ILDAMAT,135efaa5-c0f1-5b68-8505-2eb9ebc6e211,8,OLOOSUYIAN PRIMARY SCHOOL
f413ea13-fcd9-5b44-9d22-1fa1f7b063a5,34,KAJIADO,2a6f7014-a0b2-590b-bf87-162679fd90bf,184,KAJIADO CENTRAL,284d9b93-005e-55ef-b835-36b1be2be4fc,917,ILDAMAT,c5533594-1ace-557a-bd6c-2920c75225b3,9,ESUKUTA PRIMARY SCHOOL
f413ea13-fcd9-5b44-9d22-1fa1f7b063a5,34,KAJIADO,2a6f7014-a0b2-590b-bf87-162679fd90bf,184,KAJIADO CENTRAL,284d9b93-005e-55ef-b835-36b1be2be4fc,917,ILDAMAT,f0a87db1-9414-574c-9b63-5da6bea89698,10,PARANAE PRIMARY SCHOOL
f413ea13-fcd9-5b44-9d22-1fa1f7b063a5,34,KAJIADO,2a6f7014-a0b2-590b-bf87-162679fd90bf,184,KAJIADO CENTRAL,284d9b93-005e-55ef-b835-36b1be2be4fc,917,ILDAMAT,f85a270b-1109-55fc-ae9b-cd02cc9495e1,11,MOIPEI PRIMARY SCHOOL
f413ea13-fcd9-5b44-9d22-1fa1f7b063a5,34,KAJIADO,2a6f7014-a0b2-590b-bf87-162679fd90bf,184,KAJIADO CENTRAL,284d9b93-005e-55ef-b835-36b1be2be4fc,917,ILDAMAT,1fd710a5-d89b-54ed-9422-b6b40496f1c1,12,KAJIADO TOWNSHIP PRIMARY SCHOOL
f413ea13-fcd9-5b44-9d22-1fa1f7b063a5,34,KAJIADO,2a6f7014-a0b2-590b-bf87-162679fd90bf,184,KAJIADO CENTRAL,284d9b93-005e-55ef-b835-36b1be2be4fc,917,ILDAMAT,99a49461-33e9-5e24-bfd0-359340d14e06,13,INTINYIKA WATER POINT
f413ea13-fcd9-5b44-9d22-1fa1f7b063a5,34,KAJIADO,2a6f7014-a0b2-590b-bf87-162679fd90bf,184,KAJIADO CENTRAL,284d9b93-005e-55ef-b835-36b1be2be4fc,917,ILDAMAT,51caabf6-3f92-5d35-a009-2d57fade0d07,14,OLTINKA NURSERY SCHOOL
f413ea13-fcd9-5b44-9d22-1fa1f7b063a5,34,KAJIADO,2a6f7014-a0b2-590b-bf87-162679fd90bf,184,KAJIADO CENTRAL,284d9b93-005e-55ef-b835-36b1be2be4fc,917,ILDAMAT,496f4bb4-fe48-596d-91f8-d2746a45e925,15,OLOILALEI PRIMARI SCHOOL
f413ea13-fcd9-5b44-9d22-1fa1f7b063a5,34,KAJIADO,2a6f7014-a0b2-590b-bf87-162679fd90bf,184,KAJIADO CENTRAL,284d9b93-005e-55ef-b835-36b1be2be4fc,917,ILDAMAT,0ea4a8cd-7479-504a-be07-b6f86dd1f458,89,EMPORR NALEPO PRIMARY SCHOOL
f413ea13-fcd9-5b44-9d22-1fa1f7b063a5,34,KAJIADO,2a6f7014-a0b2-590b-bf87-162679fd90bf,184,KAJIADO CENTRAL,284d9b93-005e-55ef-b835-36b1be2be4fc,917,ILDAMAT,cdf7e4d3-167e-5006-952e-994570f03ffe,90,MARANTAWUA PRIMARY SCHOOL
f413ea13-fcd9-5b44-9d22-1fa1f7b063a5,34,KAJIADO,2a6f7014-a0b2-590b-bf87-162679fd90bf,184,KAJIADO CENTRAL,284d9b93-005e-55ef-b835-36b1be2be4fc,917,ILDAMAT,6215b11a-701d-56b1-8c4d-0fe876583c6d,91,OLIORUM PRIMARY SCHOOL
f413ea13-fcd9-5b44-9d22-1fa1f7b063a5,34,KAJIADO,2a6f7014-a0b2-590b-bf87-162679fd90bf,184,KAJIADO CENTRAL,6621a026-f480-5243-905e-142499a0919a,918,DALALEKUTUK,75f1960e-038e-5fdf-9a48-aba4e2d9e7f3,16,A.I.C.GIRLS' BOARDING PRIMARY SCHOOL
f413ea13-fcd9-5b44-9d22-1fa1f7b063a5,34,KAJIADO,2a6f7014-a0b2-590b-bf87-162679fd90bf,184,KAJIADO CENTRAL,6621a026-f480-5243-905e-142499a0919a,918,DALALEKUTUK,b2dcaf2f-4055-58e5-89b8-6cd87b0eb918,17,ENKORIKA PRIMARY SCHOOL
f413ea13-fcd9-5b44-9d22-1fa1f7b063a5,34,KAJIADO,2a6f7014-a0b2-590b-bf87-162679fd90bf,184,KAJIADO CENTRAL,6621a026-f480-5243-905e-142499a0919a,918,DALALEKUTUK,47a0f4b1-e766-5000-9ac7-24f53b6a6a9e,18,OLGOS PRIMARY SCHOOL
f413ea13-fcd9-5b44-9d22-1fa1f7b063a5,34,KAJIADO,2a6f7014-a0b2-590b-bf87-162679fd90bf,184,KAJIADO CENTRAL,6621a026-f480-5243-905e-142499a0919a,918,DALALEKUTUK,68cb5eaf-583b-55a8-bf62-e668282b247e,19,ALHUDA MUSLIM PRIMARY SCHOOL
f413ea13-fcd9-5b44-9d22-1fa1f7b063a5,34,KAJIADO,2a6f7014-a0b2-590b-bf87-162679fd90bf,184,KAJIADO CENTRAL,6621a026-f480-5243-905e-142499a0919a,918,DALALEKUTUK,bd154485-3261-5547-81c7-3a7626aa0e53,20,ISAJILONI PRIMARY SCHOOL
f413ea13-fcd9-5b44-9d22-1fa1f7b063a5,34,KAJIADO,2a6f7014-a0b2-590b-bf87-162679fd90bf,184,KAJIADO CENTRAL,6621a026-f480-5243-905e-142499a0919a,918,DALALEKUTUK,9d6b1ffd-3a89-5792-9fb3-b4d6bce3318b,21,ILTARETO PRIMARY SCHOOL
f413ea13-fcd9-5b44-9d22-1fa1f7b063a5,34,KAJIADO,2a6f7014-a0b2-590b-bf87-162679fd90bf,184,KAJIADO CENTRAL,6621a026-f480-5243-905e-142499a0919a,918,DALALEKUTUK,ba72db7c-6e01-59cc-88da-5bac418724b1,22,OLOPURUPURANA NURSERY SCHOOL
f413ea13-fcd9-5b44-9d22-1fa1f7b063a5,34,KAJIADO,2a6f7014-a0b2-590b-bf87-162679fd90bf,184,KAJIADO CENTRAL,6621a026-f480-5243-905e-142499a0919a,918,DALALEKUTUK,4720759b-3fd1-5d2a-9488-c92332544b9e,23,ISEURI PRIMARY SCHOOL
f413ea13-fcd9-5b44-9d22-1fa1f7b063a5,34,KAJIADO,2a6f7014-a0b2-590b-bf87-162679fd90bf,184,KAJIADO CENTRAL,6621a026-f480-5243-905e-142499a0919a,918,DALALEKUTUK,241a3b47-6855-5bc2-bed7-afb73c1815e4,24,OLENARAU PRIMARY SCHOOL
f413ea13-fcd9-5b44-9d22-1fa1f7b063a5,34,KAJIADO,2a6f7014-a0b2-590b-bf87-162679fd90bf,184,KAJIADO CENTRAL,6621a026-f480-5243-905e-142499a0919a,918,DALALEKUTUK,507316cd-e30a-59cc-b0a8-2b90417447ca,25,IMPIRO PRIMARY SCHOOL
f413ea13-fcd9-5b44-9d22-1fa1f7b063a5,34,KAJIADO,2a6f7014-a0b2-590b-bf87-162679fd90bf,184,KAJIADO CENTRAL,6621a026-f480-5243-905e-142499a0919a,918,DALALEKUTUK,34a669f5-52b3-534f-b094-72d166c3bee3,26,ORINIE PRIMARY SCHOOL
f413ea13-fcd9-5b44-9d22-1fa1f7b063a5,34,KAJIADO,2a6f7014-a0b2-590b-bf87-162679fd90bf,184,KAJIADO CENTRAL,6621a026-f480-5243-905e-142499a0919a,918,DALALEKUTUK,7e2181d1-8652-5ecb-9d11-118b73981891,27,ISILALE PRIMARY SCHOOL
f413ea13-fcd9-5b44-9d22-1fa1f7b063a5,34,KAJIADO,2a6f7014-a0b2-590b-bf87-162679fd90bf,184,KAJIADO CENTRAL,6621a026-f480-5243-905e-142499a0919a,918,DALALEKUTUK,9c3ca39e-5ee3-5c4f-bc61-024a872664f3,28,PELEWA PRIMARY SCHOOL
f413ea13-fcd9-5b44-9d22-1fa1f7b063a5,34,KAJIADO,2a6f7014-a0b2-590b-bf87-162679fd90bf,184,KAJIADO CENTRAL,6621a026-f480-5243-905e-142499a0919a,918,DALALEKUTUK,2ba02690-364e-52f7-9593-bf9d270d215a,29,OLOBELIBEL PRIMARY SCHOOL
f413ea13-fcd9-5b44-9d22-1fa1f7b063a5,34,KAJIADO,2a6f7014-a0b2-590b-bf87-162679fd90bf,184,KAJIADO CENTRAL,6621a026-f480-5243-905e-142499a0919a,918,DALALEKUTUK,5831f8c4-2951-56ce-8498-79cf6b88c09a,30,OLOOMUNYI PRIMARY SCHOOL
f413ea13-fcd9-5b44-9d22-1fa1f7b063a5,34,KAJIADO,2a6f7014-a0b2-590b-bf87-162679fd90bf,184,KAJIADO CENTRAL,6621a026-f480-5243-905e-142499a0919a,918,DALALEKUTUK,eb1e65e1-1e3c-5cc2-a87d-b7746cc1b527,31,ILKEREMISHO PRIMARY SCHOOL
f413ea13-fcd9-5b44-9d22-1fa1f7b063a5,34,KAJIADO,2a6f7014-a0b2-590b-bf87-162679fd90bf,184,KAJIADO CENTRAL,6621a026-f480-5243-905e-142499a0919a,918,DALALEKUTUK,f1368d7f-d1bf-5a7b-88eb-a81de48a0d4c,32,OLOONTULUGUM PRIMARY SCHOOL
f413ea13-fcd9-5b44-9d22-1fa1f7b063a5,34,KAJIADO,2a6f7014-a0b2-590b-bf87-162679fd90bf,184,KAJIADO CENTRAL,6621a026-f480-5243-905e-142499a0919a,918,DALALEKUTUK,4c9b727f-20cd-5733-838d-35459179bf05,33,NAILOMPE PRIMARY SCHOOL
f413ea13-fcd9-5b44-9d22-1fa1f7b063a5,34,KAJIADO,2a6f7014-a0b2-590b-bf87-162679fd90bf,184,KAJIADO CENTRAL,6621a026-f480-5243-905e-142499a0919a,918,DALALEKUTUK,da64a05a-4af8-5916-97a6-7358b5a180c6,34,EITI PRIMARY SCHOOL
f413ea13-fcd9-5b44-9d22-1fa1f7b063a5,34,KAJIADO,2a6f7014-a0b2-590b-bf87-162679fd90bf,184,KAJIADO CENTRAL,6621a026-f480-5243-905e-142499a0919a,918,DALALEKUTUK,6dc3f1c7-99dc-569e-bd09-f9a5b5500e7c,35,MALILIMA PRIMARY SCHOOL
f413ea13-fcd9-5b44-9d22-1fa1f7b063a5,34,KAJIADO,2a6f7014-a0b2-590b-bf87-162679fd90bf,184,KAJIADO CENTRAL,6621a026-f480-5243-905e-142499a0919a,918,DALALEKUTUK,557f3ccb-9aae-5f46-ab1c-5441798a28a1,36,INKINYIE PRIMARY SCHOOL
f413ea13-fcd9-5b44-9d22-1fa1f7b063a5,34,KAJIADO,2a6f7014-a0b2-590b-bf87-162679fd90bf,184,KAJIADO CENTRAL,6621a026-f480-5243-905e-142499a0919a,918,DALALEKUTUK,58b3eb1b-9d2a-5c4a-aa55-aa1607fdefc3,37,ENKASURAI PRIMARY SCHOOL
f413ea13-fcd9-5b44-9d22-1fa1f7b063a5,34,KAJIADO,2a6f7014-a0b2-590b-bf87-162679fd90bf,184,KAJIADO CENTRAL,6621a026-f480-5243-905e-142499a0919a,918,DALALEKUTUK,db3a9eee-7952-51e1-b36b-0cbc0bc9b376,38,NADUNGORO NURSERY SCHOOL
f413ea13-fcd9-5b44-9d22-1fa1f7b063a5,34,KAJIADO,2a6f7014-a0b2-590b-bf87-162679fd90bf,184,KAJIADO CENTRAL,6621a026-f480-5243-905e-142499a0919a,918,DALALEKUTUK,21f9c600-ccaf-521b-bdbe-bceb79a20c85,39,SAINA PRIMARY SCHOOL
f413ea13-fcd9-5b44-9d22-1fa1f7b063a5,34,KAJIADO,2a6f7014-a0b2-590b-bf87-162679fd90bf,184,KAJIADO CENTRAL,6621a026-f480-5243-905e-142499a0919a,918,DALALEKUTUK,1d95ddc9-5ab1-5406-93ce-24b3f17eda78,93,ENYORNYOR PRIMARY SCHOOL
f413ea13-fcd9-5b44-9d22-1fa1f7b063a5,34,KAJIADO,2a6f7014-a0b2-590b-bf87-162679fd90bf,184,KAJIADO CENTRAL,6621a026-f480-5243-905e-142499a0919a,918,DALALEKUTUK,77a4812e-24c4-53e1-a39c-9e85730dc4f8,94,INKUSERON PRIMARY SCHOOL
f413ea13-fcd9-5b44-9d22-1fa1f7b063a5,34,KAJIADO,2a6f7014-a0b2-590b-bf87-162679fd90bf,184,KAJIADO CENTRAL,01435afa-4811-5d19-aa09-ecbe170835a6,919,MATAPATO NORTH,b7d88e9e-90bb-5238-ae0a-3dcfc451224e,40,OLDARPOI PRIMARY SCHOOL
f413ea13-fcd9-5b44-9d22-1fa1f7b063a5,34,KAJIADO,2a6f7014-a0b2-590b-bf87-162679fd90bf,184,KAJIADO CENTRAL,01435afa-4811-5d19-aa09-ecbe170835a6,919,MATAPATO NORTH,73c01551-671d-5c22-ad71-275f0b1abddb,41,EMASHINI PRIMARY SCHOOL
f413ea13-fcd9-5b44-9d22-1fa1f7b063a5,34,KAJIADO,2a6f7014-a0b2-590b-bf87-162679fd90bf,184,KAJIADO CENTRAL,01435afa-4811-5d19-aa09-ecbe170835a6,919,MATAPATO NORTH,66ccee02-1fc0-5e00-8384-1a1eba15f775,42,EMOTOROKI PRIMARY SCHOOL
f413ea13-fcd9-5b44-9d22-1fa1f7b063a5,34,KAJIADO,2a6f7014-a0b2-590b-bf87-162679fd90bf,184,KAJIADO CENTRAL,01435afa-4811-5d19-aa09-ecbe170835a6,919,MATAPATO NORTH,f5b22a7b-038c-5f76-a0d7-aa74c3aa23f8,43,OLCHORROIBOR PRIMARY SCHOOL
f413ea13-fcd9-5b44-9d22-1fa1f7b063a5,34,KAJIADO,2a6f7014-a0b2-590b-bf87-162679fd90bf,184,KAJIADO CENTRAL,01435afa-4811-5d19-aa09-ecbe170835a6,919,MATAPATO NORTH,cae36b34-f0a0-5126-b0f7-888d3f3efe4e,44,MAPARASHA PRIMARY SCHOOL
f413ea13-fcd9-5b44-9d22-1fa1f7b063a5,34,KAJIADO,2a6f7014-a0b2-590b-bf87-162679fd90bf,184,KAJIADO CENTRAL,01435afa-4811-5d19-aa09-ecbe170835a6,919,MATAPATO NORTH,a2df7375-cdcc-547c-8aa3-8ef9e57c2f09,45,IBISSIL BOARDING PRIMARY SCHOOL
f413ea13-fcd9-5b44-9d22-1fa1f7b063a5,34,KAJIADO,2a6f7014-a0b2-590b-bf87-162679fd90bf,184,KAJIADO CENTRAL,01435afa-4811-5d19-aa09-ecbe170835a6,919,MATAPATO NORTH,56f57fde-4004-5ccc-ba9c-5952945ca4eb,46,NGATATAEK PRIMARY SCHOOL
f413ea13-fcd9-5b44-9d22-1fa1f7b063a5,34,KAJIADO,2a6f7014-a0b2-590b-bf87-162679fd90bf,184,KAJIADO CENTRAL,01435afa-4811-5d19-aa09-ecbe170835a6,919,MATAPATO NORTH,631705bb-ed04-57e2-a73e-68f2d8c3ba3a,47,LENKISHON PRIMARY SCHOOL
f413ea13-fcd9-5b44-9d22-1fa1f7b063a5,34,KAJIADO,2a6f7014-a0b2-590b-bf87-162679fd90bf,184,KAJIADO CENTRAL,01435afa-4811-5d19-aa09-ecbe170835a6,919,MATAPATO NORTH,97b5c327-8961-5e3c-927c-63ebb0ff2080,48,OLEPOLOS NURSERY SCHOOL
f413ea13-fcd9-5b44-9d22-1fa1f7b063a5,34,KAJIADO,2a6f7014-a0b2-590b-bf87-162679fd90bf,184,KAJIADO CENTRAL,01435afa-4811-5d19-aa09-ecbe170835a6,919,MATAPATO NORTH,d15daade-42b0-52ae-a8f3-d0ed83a51808,49,LELE PRIMARY SCHOOL
f413ea13-fcd9-5b44-9d22-1fa1f7b063a5,34,KAJIADO,2a6f7014-a0b2-590b-bf87-162679fd90bf,184,KAJIADO CENTRAL,01435afa-4811-5d19-aa09-ecbe170835a6,919,MATAPATO NORTH,d30b1b3d-80ca-5f7d-941e-9d4b1d7e5ac7,50,ILPARTIMARO PRIMARY SCHOOL
f413ea13-fcd9-5b44-9d22-1fa1f7b063a5,34,KAJIADO,2a6f7014-a0b2-590b-bf87-162679fd90bf,184,KAJIADO CENTRAL,01435afa-4811-5d19-aa09-ecbe170835a6,919,MATAPATO NORTH,d4f4af12-8115-57da-b189-877bf19b7550,51,ILMARBA PRIMARY SCHOOL
f413ea13-fcd9-5b44-9d22-1fa1f7b063a5,34,KAJIADO,2a6f7014-a0b2-590b-bf87-162679fd90bf,184,KAJIADO CENTRAL,01435afa-4811-5d19-aa09-ecbe170835a6,919,MATAPATO NORTH,3db7206d-9d29-5b72-8b77-9dcb7603d6d3,52,LORNGOSUA PRIMARY SCHOOL
f413ea13-fcd9-5b44-9d22-1fa1f7b063a5,34,KAJIADO,2a6f7014-a0b2-590b-bf87-162679fd90bf,184,KAJIADO CENTRAL,01435afa-4811-5d19-aa09-ecbe170835a6,919,MATAPATO NORTH,07ad5dd5-958d-5e65-b566-0d5569026659,53,ILIMISIGIYO CENTER
f413ea13-fcd9-5b44-9d22-1fa1f7b063a5,34,KAJIADO,2a6f7014-a0b2-590b-bf87-162679fd90bf,184,KAJIADO CENTRAL,01435afa-4811-5d19-aa09-ecbe170835a6,919,MATAPATO NORTH,db2d5783-5512-5181-b6a7-e38bb840109a,54,ILMOTIOO PRIMARY SCHOOL
f413ea13-fcd9-5b44-9d22-1fa1f7b063a5,34,KAJIADO,2a6f7014-a0b2-590b-bf87-162679fd90bf,184,KAJIADO CENTRAL,01435afa-4811-5d19-aa09-ecbe170835a6,919,MATAPATO NORTH,3d5d9431-3683-50a7-ab96-05ec3bc3f726,55,ENKUTOTO PRIMARY SCHOOL
f413ea13-fcd9-5b44-9d22-1fa1f7b063a5,34,KAJIADO,2a6f7014-a0b2-590b-bf87-162679fd90bf,184,KAJIADO CENTRAL,01435afa-4811-5d19-aa09-ecbe170835a6,919,MATAPATO NORTH,1c087e28-de47-567c-b3eb-a90db024a909,56,ESOIT PRIMARY SCHOOL
f413ea13-fcd9-5b44-9d22-1fa1f7b063a5,34,KAJIADO,2a6f7014-a0b2-590b-bf87-162679fd90bf,184,KAJIADO CENTRAL,01435afa-4811-5d19-aa09-ecbe170835a6,919,MATAPATO NORTH,00c0c2d6-8692-599c-9dbc-883d34650a86,57,IMEGUMI PRIMARY SCHOOL
f413ea13-fcd9-5b44-9d22-1fa1f7b063a5,34,KAJIADO,2a6f7014-a0b2-590b-bf87-162679fd90bf,184,KAJIADO CENTRAL,01435afa-4811-5d19-aa09-ecbe170835a6,919,MATAPATO NORTH,51f21553-416a-5bff-bd09-e2751321ebf3,58,LETOIRE PRIMARY SCHOOL
f413ea13-fcd9-5b44-9d22-1fa1f7b063a5,34,KAJIADO,2a6f7014-a0b2-590b-bf87-162679fd90bf,184,KAJIADO CENTRAL,01435afa-4811-5d19-aa09-ecbe170835a6,919,MATAPATO NORTH,09ed11b6-e5d3-53f5-996e-be3e3fe0d720,59,PORTLAND NURSERY SCHOOL
f413ea13-fcd9-5b44-9d22-1fa1f7b063a5,34,KAJIADO,2a6f7014-a0b2-590b-bf87-162679fd90bf,184,KAJIADO CENTRAL,01435afa-4811-5d19-aa09-ecbe170835a6,919,MATAPATO NORTH,924b6143-af4a-5095-9eb2-955b71300d7b,60,ESEKI PRIMARY SCHOOL
f413ea13-fcd9-5b44-9d22-1fa1f7b063a5,34,KAJIADO,2a6f7014-a0b2-590b-bf87-162679fd90bf,184,KAJIADO CENTRAL,01435afa-4811-5d19-aa09-ecbe170835a6,919,MATAPATO NORTH,9ad4ced3-663f-5942-b2fb-51dd82d5c08f,61,OITI-GLORY PRIMARY SCHOOL
f413ea13-fcd9-5b44-9d22-1fa1f7b063a5,34,KAJIADO,2a6f7014-a0b2-590b-bf87-162679fd90bf,184,KAJIADO CENTRAL,01435afa-4811-5d19-aa09-ecbe170835a6,919,MATAPATO NORTH,24f0793a-ed66-5d16-abb7-2ef851bd8d2c,62,ILBISSIL TOWNSHIP PRIMARY SCHOOL
f413ea13-fcd9-5b44-9d22-1fa1f7b063a5,34,KAJIADO,2a6f7014-a0b2-590b-bf87-162679fd90bf,184,KAJIADO CENTRAL,01435afa-4811-5d19-aa09-ecbe170835a6,919,MATAPATO NORTH,d6f25d6e-220a-5990-8bba-3de45bf9c818,63,LOSITETI PRIMARY SCHOOL
f413ea13-fcd9-5b44-9d22-1fa1f7b063a5,34,KAJIADO,2a6f7014-a0b2-590b-bf87-162679fd90bf,184,KAJIADO CENTRAL,01435afa-4811-5d19-aa09-ecbe170835a6,919,MATAPATO NORTH,622c2dd5-72e8-57ab-808c-2b897b7df2f9,64,ILKEEK NGIRO NURSERY SCHOOL
f413ea13-fcd9-5b44-9d22-1fa1f7b063a5,34,KAJIADO,2a6f7014-a0b2-590b-bf87-162679fd90bf,184,KAJIADO CENTRAL,01435afa-4811-5d19-aa09-ecbe170835a6,919,MATAPATO NORTH,ef0e0eb8-e851-5514-baed-6964fc1fbe5c,95,ENKERESUNA PRIMARY SCHOOL
f413ea13-fcd9-5b44-9d22-1fa1f7b063a5,34,KAJIADO,2a6f7014-a0b2-590b-bf87-162679fd90bf,184,KAJIADO CENTRAL,01435afa-4811-5d19-aa09-ecbe170835a6,919,MATAPATO NORTH,2f54cade-684d-5e38-9b4c-57424b223d9c,96,ENKOLILI PRIMARY SCHOOL
f413ea13-fcd9-5b44-9d22-1fa1f7b063a5,34,KAJIADO,2a6f7014-a0b2-590b-bf87-162679fd90bf,184,KAJIADO CENTRAL,01435afa-4811-5d19-aa09-ecbe170835a6,919,MATAPATO NORTH,b1f33ff4-159e-5c6c-9def-b1399befd2ac,97,MAISIKIRIA PRIMARY SCHOOL
f413ea13-fcd9-5b44-9d22-1fa1f7b063a5,34,KAJIADO,2a6f7014-a0b2-590b-bf87-162679fd90bf,184,KAJIADO CENTRAL,01435afa-4811-5d19-aa09-ecbe170835a6,919,MATAPATO NORTH,7bf8611b-441c-51e3-89bd-579558da9cbc,98,IMPOROKUA PRIMARY SCHOOL
f413ea13-fcd9-5b44-9d22-1fa1f7b063a5,34,KAJIADO,2a6f7014-a0b2-590b-bf87-162679fd90bf,184,KAJIADO CENTRAL,01435afa-4811-5d19-aa09-ecbe170835a6,919,MATAPATO NORTH,b1e5135d-766f-5c70-8def-976d59356b12,99,OLMOTIANY PRIMARY SCHOOL
f413ea13-fcd9-5b44-9d22-1fa1f7b063a5,34,KAJIADO,2a6f7014-a0b2-590b-bf87-162679fd90bf,184,KAJIADO CENTRAL,01435afa-4811-5d19-aa09-ecbe170835a6,919,MATAPATO NORTH,f01782d3-6992-5c0d-a2d6-b2599253b136,100,OLOSERIAN PRIMARY SCHOOL
f413ea13-fcd9-5b44-9d22-1fa1f7b063a5,34,KAJIADO,2a6f7014-a0b2-590b-bf87-162679fd90bf,184,KAJIADO CENTRAL,01435afa-4811-5d19-aa09-ecbe170835a6,919,MATAPATO NORTH,1bc51482-69aa-53e8-92e4-0ebabbf53891,101,ENKEJU ERRAP PRIMARY SCHOOL
f413ea13-fcd9-5b44-9d22-1fa1f7b063a5,34,KAJIADO,2a6f7014-a0b2-590b-bf87-162679fd90bf,184,KAJIADO CENTRAL,01435afa-4811-5d19-aa09-ecbe170835a6,919,MATAPATO NORTH,5d61c8b4-bc54-564a-a958-0e024cf94e75,102,ENDONYO WUAS PRIMARY SCHOOL
f413ea13-fcd9-5b44-9d22-1fa1f7b063a5,34,KAJIADO,2a6f7014-a0b2-590b-bf87-162679fd90bf,184,KAJIADO CENTRAL,01435afa-4811-5d19-aa09-ecbe170835a6,919,MATAPATO NORTH,c68d25f6-cc1e-5486-b4a0-014c94f1594a,103,NAMELOK PRIMARY SCHOOL
f413ea13-fcd9-5b44-9d22-1fa1f7b063a5,34,KAJIADO,2a6f7014-a0b2-590b-bf87-162679fd90bf,184,KAJIADO CENTRAL,01ee02f4-df80-552c-b8b3-39772a6b3c00,920,MATAPATO SOUTH,175f5e85-20fe-5218-a030-639d14436536,65,METO PRIMARY SCHOOL
f413ea13-fcd9-5b44-9d22-1fa1f7b063a5,34,KAJIADO,2a6f7014-a0b2-590b-bf87-162679fd90bf,184,KAJIADO CENTRAL,01ee02f4-df80-552c-b8b3-39772a6b3c00,920,MATAPATO SOUTH,05362ef1-8cc3-53ea-b2e9-0ac2ea8a5c7b,66,KISAPUK PRIMARY SCHOOL
f413ea13-fcd9-5b44-9d22-1fa1f7b063a5,34,KAJIADO,2a6f7014-a0b2-590b-bf87-162679fd90bf,184,KAJIADO CENTRAL,01ee02f4-df80-552c-b8b3-39772a6b3c00,920,MATAPATO SOUTH,4b27a079-76a2-58c1-ba7c-1605c2e4b15b,67,EMPUKANI PRIMARY SCHOOL
f413ea13-fcd9-5b44-9d22-1fa1f7b063a5,34,KAJIADO,2a6f7014-a0b2-590b-bf87-162679fd90bf,184,KAJIADO CENTRAL,01ee02f4-df80-552c-b8b3-39772a6b3c00,920,MATAPATO SOUTH,2a8efa62-6b10-5da6-a552-70b8de2ada31,68,OLOSHOIBOR PRIMARY SCHOOL
f413ea13-fcd9-5b44-9d22-1fa1f7b063a5,34,KAJIADO,2a6f7014-a0b2-590b-bf87-162679fd90bf,184,KAJIADO CENTRAL,01ee02f4-df80-552c-b8b3-39772a6b3c00,920,MATAPATO SOUTH,89e7aa93-0bc7-5b6f-97f4-3d2d998b9d23,69,LINTI PRIMARY SCHOOL
f413ea13-fcd9-5b44-9d22-1fa1f7b063a5,34,KAJIADO,2a6f7014-a0b2-590b-bf87-162679fd90bf,184,KAJIADO CENTRAL,01ee02f4-df80-552c-b8b3-39772a6b3c00,920,MATAPATO SOUTH,b3a9f051-61c9-5de1-aa66-fd0535990600,70,OLOIRIMIRIMI PRIMARY SCHOOL
f413ea13-fcd9-5b44-9d22-1fa1f7b063a5,34,KAJIADO,2a6f7014-a0b2-590b-bf87-162679fd90bf,184,KAJIADO CENTRAL,01ee02f4-df80-552c-b8b3-39772a6b3c00,920,MATAPATO SOUTH,9f914517-5abc-53cb-add9-847da6eb8add,71,LEBOO PRIMARY SCHOOL
f413ea13-fcd9-5b44-9d22-1fa1f7b063a5,34,KAJIADO,2a6f7014-a0b2-590b-bf87-162679fd90bf,184,KAJIADO CENTRAL,01ee02f4-df80-552c-b8b3-39772a6b3c00,920,MATAPATO SOUTH,df76bca3-40cd-523b-9868-833749fa73f2,72,NAIRRABALA PRIMARY SCHOOL
f413ea13-fcd9-5b44-9d22-1fa1f7b063a5,34,KAJIADO,2a6f7014-a0b2-590b-bf87-162679fd90bf,184,KAJIADO CENTRAL,01ee02f4-df80-552c-b8b3-39772a6b3c00,920,MATAPATO SOUTH,c2c8b57f-2b8b-55dd-af61-4548fc28001c,73,NAMANGA PRIMARY SCHOOL
f413ea13-fcd9-5b44-9d22-1fa1f7b063a5,34,KAJIADO,2a6f7014-a0b2-590b-bf87-162679fd90bf,184,KAJIADO CENTRAL,01ee02f4-df80-552c-b8b3-39772a6b3c00,920,MATAPATO SOUTH,ba89bbc9-55a6-5c0c-af4e-44ba37484f4f,74,ENGABOLI PRIMARY SCHOOL
f413ea13-fcd9-5b44-9d22-1fa1f7b063a5,34,KAJIADO,2a6f7014-a0b2-590b-bf87-162679fd90bf,184,KAJIADO CENTRAL,01ee02f4-df80-552c-b8b3-39772a6b3c00,920,MATAPATO SOUTH,517f4855-5483-501c-ae91-2dbc171fa490,75,INAAROK LUKUNY PRIMARY SCHOOL
f413ea13-fcd9-5b44-9d22-1fa1f7b063a5,34,KAJIADO,2a6f7014-a0b2-590b-bf87-162679fd90bf,184,KAJIADO CENTRAL,01ee02f4-df80-552c-b8b3-39772a6b3c00,920,MATAPATO SOUTH,484aacad-071c-5926-b8a2-4d0a434b8e14,76,OLOOLAROI NURSERY SCHOOL
f413ea13-fcd9-5b44-9d22-1fa1f7b063a5,34,KAJIADO,2a6f7014-a0b2-590b-bf87-162679fd90bf,184,KAJIADO CENTRAL,01ee02f4-df80-552c-b8b3-39772a6b3c00,920,MATAPATO SOUTH,3241f797-2cdf-5bab-b4f6-19ce30ca2708,77,A.I.C NAMANGA PRIMARY SCHOOL
f413ea13-fcd9-5b44-9d22-1fa1f7b063a5,34,KAJIADO,2a6f7014-a0b2-590b-bf87-162679fd90bf,184,KAJIADO CENTRAL,01ee02f4-df80-552c-b8b3-39772a6b3c00,920,MATAPATO SOUTH,27997e90-1309-5484-8f22-44d68430968b,78,KILUANI NEWLIFE SECONDARY SCHOOL
f413ea13-fcd9-5b44-9d22-1fa1f7b063a5,34,KAJIADO,2a6f7014-a0b2-590b-bf87-162679fd90bf,184,KAJIADO CENTRAL,01ee02f4-df80-552c-b8b3-39772a6b3c00,920,MATAPATO SOUTH,9ff0fc8b-d64c-536e-829c-7145b2bdb56d,79,NOONTOTO PRIMARY SCHOOL
f413ea13-fcd9-5b44-9d22-1fa1f7b063a5,34,KAJIADO,2a6f7014-a0b2-590b-bf87-162679fd90bf,184,KAJIADO CENTRAL,01ee02f4-df80-552c-b8b3-39772a6b3c00,920,MATAPATO SOUTH,5d720ef7-83e6-5aa8-a6b5-46fad2a1603b,80,ENOOSAMPURRMPURR PRIMARY SCHOOL
f413ea13-fcd9-5b44-9d22-1fa1f7b063a5,34,KAJIADO,2a6f7014-a0b2-590b-bf87-162679fd90bf,184,KAJIADO CENTRAL,01ee02f4-df80-552c-b8b3-39772a6b3c00,920,MATAPATO SOUTH,9b1c1877-2886-5498-b20c-447c07ac1f13,81,OLMANIE PRIMARY SCHOOL
f413ea13-fcd9-5b44-9d22-1fa1f7b063a5,34,KAJIADO,2a6f7014-a0b2-590b-bf87-162679fd90bf,184,KAJIADO CENTRAL,01ee02f4-df80-552c-b8b3-39772a6b3c00,920,MATAPATO SOUTH,cfb1b665-9593-574a-bc3e-730cbd8b0398,82,KARERO PRIMARY SCHOOL
f413ea13-fcd9-5b44-9d22-1fa1f7b063a5,34,KAJIADO,2a6f7014-a0b2-590b-bf87-162679fd90bf,184,KAJIADO CENTRAL,01ee02f4-df80-552c-b8b3-39772a6b3c00,920,MATAPATO SOUTH,075a2695-be6e-51ff-b052-2535006b9711,83,MAILUA PRIMARY SCHOOL
f413ea13-fcd9-5b44-9d22-1fa1f7b063a5,34,KAJIADO,2a6f7014-a0b2-590b-bf87-162679fd90bf,184,KAJIADO CENTRAL,01ee02f4-df80-552c-b8b3-39772a6b3c00,920,MATAPATO SOUTH,43432221-4f42-577a-b9a9-2dcb84c5e11c,84,SERE NURSERY SCHOOL
f413ea13-fcd9-5b44-9d22-1fa1f7b063a5,34,KAJIADO,2a6f7014-a0b2-590b-bf87-162679fd90bf,184,KAJIADO CENTRAL,01ee02f4-df80-552c-b8b3-39772a6b3c00,920,MATAPATO SOUTH,44b5c8a0-a132-5e3e-bb10-d6caed520ca8,85,ILUMBUA A.I.C CANAAN PRIMARY SCHOOL
f413ea13-fcd9-5b44-9d22-1fa1f7b063a5,34,KAJIADO,2a6f7014-a0b2-590b-bf87-162679fd90bf,184,KAJIADO CENTRAL,01ee02f4-df80-552c-b8b3-39772a6b3c00,920,MATAPATO SOUTH,d7bdaccd-8eec-55a2-85ac-2d213cda76a7,86,ELUANATA PRIMARY SCHOOL
f413ea13-fcd9-5b44-9d22-1fa1f7b063a5,34,KAJIADO,2a6f7014-a0b2-590b-bf87-162679fd90bf,184,KAJIADO CENTRAL,01ee02f4-df80-552c-b8b3-39772a6b3c00,920,MATAPATO SOUTH,de4f729e-f065-5e90-8d2a-0d5e5e4628bc,87,EMAOI PRIMARY SCHOOL/A.I.C SAMARIA MI
f413ea13-fcd9-5b44-9d22-1fa1f7b063a5,34,KAJIADO,2a6f7014-a0b2-590b-bf87-162679fd90bf,184,KAJIADO CENTRAL,01ee02f4-df80-552c-b8b3-39772a6b3c00,920,MATAPATO SOUTH,955847de-feb7-5c2c-aa7c-b4964a62f04b,104,IMPOORRI PRIMARY SCHOOL
f413ea13-fcd9-5b44-9d22-1fa1f7b063a5,34,KAJIADO,2a6f7014-a0b2-590b-bf87-162679fd90bf,184,KAJIADO CENTRAL,01ee02f4-df80-552c-b8b3-39772a6b3c00,920,MATAPATO SOUTH,344bd38c-822b-54c7-9511-41f35582e0cd,105,ILTERBEN PRIMARY SCHOOL
f413ea13-fcd9-5b44-9d22-1fa1f7b063a5,34,KAJIADO,2a6f7014-a0b2-590b-bf87-162679fd90bf,184,KAJIADO CENTRAL,01ee02f4-df80-552c-b8b3-39772a6b3c00,920,MATAPATO SOUTH,3e1c93e4-6407-593b-9323-4e0d19d48480,106,OLMANKEKI PRIMARY SCHOOL
f413ea13-fcd9-5b44-9d22-1fa1f7b063a5,34,KAJIADO,2a6f7014-a0b2-590b-bf87-162679fd90bf,184,KAJIADO CENTRAL,01ee02f4-df80-552c-b8b3-39772a6b3c00,920,MATAPATO SOUTH,b4ee84a5-93a6-52b3-9a81-02b3986274ed,107,KURKET PRIMARY SCHOOL
f413ea13-fcd9-5b44-9d22-1fa1f7b063a5,34,KAJIADO,2a6f7014-a0b2-590b-bf87-162679fd90bf,184,KAJIADO CENTRAL,01ee02f4-df80-552c-b8b3-39772a6b3c00,920,MATAPATO SOUTH,590973af-8d7c-5b65-a9d5-f17f63d7bd9b,108,NOOSIKITOK PRIMARY SCHOOL
f413ea13-fcd9-5b44-9d22-1fa1f7b063a5,34,KAJIADO,0fc89bf3-cce2-5ddd-8088-9feea496985e,185,KAJIADO EAST,33fc0573-1b05-5f60-87ba-5ec6fdea3050,921,KAPUTIEI NORTH,8cd42e51-9212-5661-99df-f7d7524f354d,1,EMAMPARISUAI PRI SCH
f413ea13-fcd9-5b44-9d22-1fa1f7b063a5,34,KAJIADO,0fc89bf3-cce2-5ddd-8088-9feea496985e,185,KAJIADO EAST,33fc0573-1b05-5f60-87ba-5ec6fdea3050,921,KAPUTIEI NORTH,4820c6ae-4785-501f-ab99-96a41a86c632,2,ENKIRGIRRI PRI.SCH
f413ea13-fcd9-5b44-9d22-1fa1f7b063a5,34,KAJIADO,0fc89bf3-cce2-5ddd-8088-9feea496985e,185,KAJIADO EAST,33fc0573-1b05-5f60-87ba-5ec6fdea3050,921,KAPUTIEI NORTH,9b5b8b9d-d4ed-56e9-a391-2e4d6327dfd8,3,ILPOLOSAT PRI.SCH
f413ea13-fcd9-5b44-9d22-1fa1f7b063a5,34,KAJIADO,0fc89bf3-cce2-5ddd-8088-9feea496985e,185,KAJIADO EAST,33fc0573-1b05-5f60-87ba-5ec6fdea3050,921,KAPUTIEI NORTH,6936517d-db17-52ab-914a-f1f491627293,4,ISINYA PRI.SCH
f413ea13-fcd9-5b44-9d22-1fa1f7b063a5,34,KAJIADO,0fc89bf3-cce2-5ddd-8088-9feea496985e,185,KAJIADO EAST,33fc0573-1b05-5f60-87ba-5ec6fdea3050,921,KAPUTIEI NORTH,09915c07-ebcf-52bf-bcd0-637d6b59d312,5,KEKAYAYA PRI.SCH
f413ea13-fcd9-5b44-9d22-1fa1f7b063a5,34,KAJIADO,0fc89bf3-cce2-5ddd-8088-9feea496985e,185,KAJIADO EAST,33fc0573-1b05-5f60-87ba-5ec6fdea3050,921,KAPUTIEI NORTH,4f18c8ce-45c2-5dd1-9fa0-917853b9f168,6,KEPIRO PRI.SC
f413ea13-fcd9-5b44-9d22-1fa1f7b063a5,34,KAJIADO,0fc89bf3-cce2-5ddd-8088-9feea496985e,185,KAJIADO EAST,33fc0573-1b05-5f60-87ba-5ec6fdea3050,921,KAPUTIEI NORTH,8582cd42-15f0-554c-8310-3b85d247781d,7,KORROMPOI PRI.SCH
f413ea13-fcd9-5b44-9d22-1fa1f7b063a5,34,KAJIADO,0fc89bf3-cce2-5ddd-8088-9feea496985e,185,KAJIADO EAST,33fc0573-1b05-5f60-87ba-5ec6fdea3050,921,KAPUTIEI NORTH,6c9404bf-1555-5a23-a716-ad727a918697,8,LECHANI PRI.SCH
f413ea13-fcd9-5b44-9d22-1fa1f7b063a5,34,KAJIADO,0fc89bf3-cce2-5ddd-8088-9feea496985e,185,KAJIADO EAST,33fc0573-1b05-5f60-87ba-5ec6fdea3050,921,KAPUTIEI NORTH,dfbc708e-5cfd-5473-994e-f8ae357cbde2,9,MULTI-PURPOSE CTR
f413ea13-fcd9-5b44-9d22-1fa1f7b063a5,34,KAJIADO,0fc89bf3-cce2-5ddd-8088-9feea496985e,185,KAJIADO EAST,33fc0573-1b05-5f60-87ba-5ec6fdea3050,921,KAPUTIEI NORTH,c58b5071-fdad-5f11-b02b-83f3a90a947d,10,NAMUNYAK PRI.SCH
f413ea13-fcd9-5b44-9d22-1fa1f7b063a5,34,KAJIADO,0fc89bf3-cce2-5ddd-8088-9feea496985e,185,KAJIADO EAST,33fc0573-1b05-5f60-87ba-5ec6fdea3050,921,KAPUTIEI NORTH,9e06bc68-7114-5474-a062-23b1171078fa,11,NASERIAN PRI.SCH
f413ea13-fcd9-5b44-9d22-1fa1f7b063a5,34,KAJIADO,0fc89bf3-cce2-5ddd-8088-9feea496985e,185,KAJIADO EAST,33fc0573-1b05-5f60-87ba-5ec6fdea3050,921,KAPUTIEI NORTH,e07343e3-8f7e-505a-aa60-a5097e2a03dd,12,OLTUROTO PRI.SCH
f413ea13-fcd9-5b44-9d22-1fa1f7b063a5,34,KAJIADO,0fc89bf3-cce2-5ddd-8088-9feea496985e,185,KAJIADO EAST,33fc0573-1b05-5f60-87ba-5ec6fdea3050,921,KAPUTIEI NORTH,056f1eb6-a71b-5743-ab37-031c1c834664,13,KAPUTIEI PRIMARY SCHOOL
f413ea13-fcd9-5b44-9d22-1fa1f7b063a5,34,KAJIADO,0fc89bf3-cce2-5ddd-8088-9feea496985e,185,KAJIADO EAST,4b6a540f-2bdd-5fe5-b6c7-057a628f8750,922,KITENGELA,06d6eec5-a8bd-53ee-9989-248de070651e,14,ENKASITI PRI. SCH
f413ea13-fcd9-5b44-9d22-1fa1f7b063a5,34,KAJIADO,0fc89bf3-cce2-5ddd-8088-9feea496985e,185,KAJIADO EAST,4b6a540f-2bdd-5fe5-b6c7-057a628f8750,922,KITENGELA,9c5d782f-34a6-5561-99ac-d014ca4850d9,15,ERETETI PRI SCH
f413ea13-fcd9-5b44-9d22-1fa1f7b063a5,34,KAJIADO,0fc89bf3-cce2-5ddd-8088-9feea496985e,185,KAJIADO EAST,4b6a540f-2bdd-5fe5-b6c7-057a628f8750,922,KITENGELA,c6239978-703d-5a84-a6a5-62a8493d6b3a,66,DR.LIKIMANI PRI.SCHOOL
f413ea13-fcd9-5b44-9d22-1fa1f7b063a5,34,KAJIADO,0fc89bf3-cce2-5ddd-8088-9feea496985e,185,KAJIADO EAST,4b6a540f-2bdd-5fe5-b6c7-057a628f8750,922,KITENGELA,e50ac794-d7cd-5206-83bd-b76de015cc06,67,UTUMISHI SACCO PRI.SCHOOL
f413ea13-fcd9-5b44-9d22-1fa1f7b063a5,34,KAJIADO,0fc89bf3-cce2-5ddd-8088-9feea496985e,185,KAJIADO EAST,4b6a540f-2bdd-5fe5-b6c7-057a628f8750,922,KITENGELA,61aa01c3-895f-5c57-9eb1-ac5b66832a4b,68,KAJIADO EAST TECH.INST>
f413ea13-fcd9-5b44-9d22-1fa1f7b063a5,34,KAJIADO,0fc89bf3-cce2-5ddd-8088-9feea496985e,185,KAJIADO EAST,4b6a540f-2bdd-5fe5-b6c7-057a628f8750,922,KITENGELA,5e710e50-3322-5f7e-98c5-62b0f49cf885,70,CHIEFÏ¿½S CAMP/MARKET GROUND
f413ea13-fcd9-5b44-9d22-1fa1f7b063a5,34,KAJIADO,0fc89bf3-cce2-5ddd-8088-9feea496985e,185,KAJIADO EAST,720603b7-9ee0-5e03-ad5b-13e12bee4f00,923,OLOOSIRKON/SHOLINKE,d0d4be50-622b-5969-8864-9fb0d812dbf5,17,KITENGELA PRIMARY SCH
f413ea13-fcd9-5b44-9d22-1fa1f7b063a5,34,KAJIADO,0fc89bf3-cce2-5ddd-8088-9feea496985e,185,KAJIADO EAST,720603b7-9ee0-5e03-ad5b-13e12bee4f00,923,OLOOSIRKON/SHOLINKE,c98d95fc-1c31-593b-a9e8-420bd8d6665d,18,NOONKOPIR SEC.SCH
f413ea13-fcd9-5b44-9d22-1fa1f7b063a5,34,KAJIADO,0fc89bf3-cce2-5ddd-8088-9feea496985e,185,KAJIADO EAST,720603b7-9ee0-5e03-ad5b-13e12bee4f00,923,OLOOSIRKON/SHOLINKE,af169fed-1fac-5a28-a029-59852d0e3171,19,GK ATHI-RIVER PRISONS PRIMARY SCHOOL
f413ea13-fcd9-5b44-9d22-1fa1f7b063a5,34,KAJIADO,0fc89bf3-cce2-5ddd-8088-9feea496985e,185,KAJIADO EAST,720603b7-9ee0-5e03-ad5b-13e12bee4f00,923,OLOOSIRKON/SHOLINKE,ea1a11aa-4f2a-5d25-a30e-2e54677c3a81,20,MATALI NUR.SCH
f413ea13-fcd9-5b44-9d22-1fa1f7b063a5,34,KAJIADO,0fc89bf3-cce2-5ddd-8088-9feea496985e,185,KAJIADO EAST,720603b7-9ee0-5e03-ad5b-13e12bee4f00,923,OLOOSIRKON/SHOLINKE,bbbb88cc-27f6-5019-bd7b-0dd52301ca26,21,EMAKOKO PRI.SCH
f413ea13-fcd9-5b44-9d22-1fa1f7b063a5,34,KAJIADO,0fc89bf3-cce2-5ddd-8088-9feea496985e,185,KAJIADO EAST,720603b7-9ee0-5e03-ad5b-13e12bee4f00,923,OLOOSIRKON/SHOLINKE,391250b3-9935-59d4-a0ea-f5622c3870a3,22,NOOMPOPONG PRIMARY SCHOOL
f413ea13-fcd9-5b44-9d22-1fa1f7b063a5,34,KAJIADO,0fc89bf3-cce2-5ddd-8088-9feea496985e,185,KAJIADO EAST,720603b7-9ee0-5e03-ad5b-13e12bee4f00,923,OLOOSIRKON/SHOLINKE,75d92ef0-a1cd-54ef-a7df-d2da5161634c,23,OLOOSIRKON PRI.SCH
f413ea13-fcd9-5b44-9d22-1fa1f7b063a5,34,KAJIADO,0fc89bf3-cce2-5ddd-8088-9feea496985e,185,KAJIADO EAST,720603b7-9ee0-5e03-ad5b-13e12bee4f00,923,OLOOSIRKON/SHOLINKE,6ae72fb9-9d95-51aa-82e3-1a78b4da59c6,24,SHOLINKE PRI.SCH
f413ea13-fcd9-5b44-9d22-1fa1f7b063a5,34,KAJIADO,0fc89bf3-cce2-5ddd-8088-9feea496985e,185,KAJIADO EAST,720603b7-9ee0-5e03-ad5b-13e12bee4f00,923,OLOOSIRKON/SHOLINKE,3858ad48-1123-51d0-b135-af6f89daa5c2,69,CHALLENGE SCHOOL OLOOITEPES
f413ea13-fcd9-5b44-9d22-1fa1f7b063a5,34,KAJIADO,0fc89bf3-cce2-5ddd-8088-9feea496985e,185,KAJIADO EAST,19bc05f6-0daa-5d21-a777-b6da0df04751,924,KENYAWA-POKA,64627d49-8189-53e2-ad47-c1a7fd86b2d0,25,OLDOINYO LENKAI PRIMARY SCHOOL
f413ea13-fcd9-5b44-9d22-1fa1f7b063a5,34,KAJIADO,0fc89bf3-cce2-5ddd-8088-9feea496985e,185,KAJIADO EAST,19bc05f6-0daa-5d21-a777-b6da0df04751,924,KENYAWA-POKA,d544c230-c054-5975-9376-1052e4eac762,26,ILKELUNYETI PRIMARY SCHOOL
f413ea13-fcd9-5b44-9d22-1fa1f7b063a5,34,KAJIADO,0fc89bf3-cce2-5ddd-8088-9feea496985e,185,KAJIADO EAST,19bc05f6-0daa-5d21-a777-b6da0df04751,924,KENYAWA-POKA,035f49ea-7e7e-51f9-adb2-ed7dc2299214,27,MCK KIBOKO PRIMARY SCHOOL
f413ea13-fcd9-5b44-9d22-1fa1f7b063a5,34,KAJIADO,0fc89bf3-cce2-5ddd-8088-9feea496985e,185,KAJIADO EAST,19bc05f6-0daa-5d21-a777-b6da0df04751,924,KENYAWA-POKA,c1d13a74-391b-590d-b648-40fc3ab8e97d,28,MERRUISHI PRIMARY SCHOOL
f413ea13-fcd9-5b44-9d22-1fa1f7b063a5,34,KAJIADO,0fc89bf3-cce2-5ddd-8088-9feea496985e,185,KAJIADO EAST,19bc05f6-0daa-5d21-a777-b6da0df04751,924,KENYAWA-POKA,c204d524-509a-516f-a525-2c258b635772,29,ISARA PRIMARY SCHOOL
f413ea13-fcd9-5b44-9d22-1fa1f7b063a5,34,KAJIADO,0fc89bf3-cce2-5ddd-8088-9feea496985e,185,KAJIADO EAST,19bc05f6-0daa-5d21-a777-b6da0df04751,924,KENYAWA-POKA,d22291bc-52b3-5d89-a3a5-ae56d11582b7,30,KUNCHU PRIMARY SCHOOL
f413ea13-fcd9-5b44-9d22-1fa1f7b063a5,34,KAJIADO,0fc89bf3-cce2-5ddd-8088-9feea496985e,185,KAJIADO EAST,19bc05f6-0daa-5d21-a777-b6da0df04751,924,KENYAWA-POKA,4024199e-9237-5aec-a2d5-51e48b33f55e,31,NGUSSO PRIMARY SCHOOL
f413ea13-fcd9-5b44-9d22-1fa1f7b063a5,34,KAJIADO,0fc89bf3-cce2-5ddd-8088-9feea496985e,185,KAJIADO EAST,19bc05f6-0daa-5d21-a777-b6da0df04751,924,KENYAWA-POKA,ef949f78-883f-5b82-94e0-a983c72564d5,32,IMBUKO PRIMARY SCHOOL
f413ea13-fcd9-5b44-9d22-1fa1f7b063a5,34,KAJIADO,0fc89bf3-cce2-5ddd-8088-9feea496985e,185,KAJIADO EAST,19bc05f6-0daa-5d21-a777-b6da0df04751,924,KENYAWA-POKA,df0acaf2-e53d-5d36-8450-c036fd947573,33,OLKOILANGA NURSERY SCHOOL
f413ea13-fcd9-5b44-9d22-1fa1f7b063a5,34,KAJIADO,0fc89bf3-cce2-5ddd-8088-9feea496985e,185,KAJIADO EAST,19bc05f6-0daa-5d21-a777-b6da0df04751,924,KENYAWA-POKA,099d7c44-5842-574e-8230-c5cb48285f36,34,NOOSIDAN NURSERY SCHOOL
f413ea13-fcd9-5b44-9d22-1fa1f7b063a5,34,KAJIADO,0fc89bf3-cce2-5ddd-8088-9feea496985e,185,KAJIADO EAST,19bc05f6-0daa-5d21-a777-b6da0df04751,924,KENYAWA-POKA,07c87a15-3dff-5b46-99b4-057fef5c2a6b,35,EMMURRUA/ESARUNOTO PRIMARY SCHOOL
f413ea13-fcd9-5b44-9d22-1fa1f7b063a5,34,KAJIADO,0fc89bf3-cce2-5ddd-8088-9feea496985e,185,KAJIADO EAST,19bc05f6-0daa-5d21-a777-b6da0df04751,924,KENYAWA-POKA,83ea338b-2d35-564e-a56a-bb79d8f9c8ac,36,KIBINI PRIMARY SCHOOL
f413ea13-fcd9-5b44-9d22-1fa1f7b063a5,34,KAJIADO,0fc89bf3-cce2-5ddd-8088-9feea496985e,185,KAJIADO EAST,19bc05f6-0daa-5d21-a777-b6da0df04751,924,KENYAWA-POKA,927861bc-d9f1-568c-a3f2-51d0a7e48fc3,37,ILIKISHUMU PRIMARY SCHOOL
f413ea13-fcd9-5b44-9d22-1fa1f7b063a5,34,KAJIADO,0fc89bf3-cce2-5ddd-8088-9feea496985e,185,KAJIADO EAST,19bc05f6-0daa-5d21-a777-b6da0df04751,924,KENYAWA-POKA,a08dd532-a029-51d8-b76c-41cc4c1fecf5,38,NOONGABOLO PRIMARY SCHOOL
f413ea13-fcd9-5b44-9d22-1fa1f7b063a5,34,KAJIADO,0fc89bf3-cce2-5ddd-8088-9feea496985e,185,KAJIADO EAST,19bc05f6-0daa-5d21-a777-b6da0df04751,924,KENYAWA-POKA,31e229fb-84e6-507f-8026-7165c2dfc48e,39,EWANGAN PRIMARY SCHOOL
f413ea13-fcd9-5b44-9d22-1fa1f7b063a5,34,KAJIADO,0fc89bf3-cce2-5ddd-8088-9feea496985e,185,KAJIADO EAST,19bc05f6-0daa-5d21-a777-b6da0df04751,924,KENYAWA-POKA,61ca961b-d3e7-5e73-a532-f1ec441719b2,40,MCK ILMUKUTANI PRIMARY SCHOOL
f413ea13-fcd9-5b44-9d22-1fa1f7b063a5,34,KAJIADO,0fc89bf3-cce2-5ddd-8088-9feea496985e,185,KAJIADO EAST,19bc05f6-0daa-5d21-a777-b6da0df04751,924,KENYAWA-POKA,2dbf8867-e987-5610-9e7b-a1de9d62e1cf,41,ESELENKEI PRIMARY SCHOOL
f413ea13-fcd9-5b44-9d22-1fa1f7b063a5,34,KAJIADO,0fc89bf3-cce2-5ddd-8088-9feea496985e,185,KAJIADO EAST,19bc05f6-0daa-5d21-a777-b6da0df04751,924,KENYAWA-POKA,452dfaf3-08c0-5333-9bf3-8bc9cfabd671,42,NEEMBUYA/EMPOYA PRIMARY SCHOOL
f413ea13-fcd9-5b44-9d22-1fa1f7b063a5,34,KAJIADO,0fc89bf3-cce2-5ddd-8088-9feea496985e,185,KAJIADO EAST,19bc05f6-0daa-5d21-a777-b6da0df04751,924,KENYAWA-POKA,e0f5faf7-fdb5-5ab4-b926-638ce1626e85,43,ENTARETOI PRIMARY SCHOOL
f413ea13-fcd9-5b44-9d22-1fa1f7b063a5,34,KAJIADO,0fc89bf3-cce2-5ddd-8088-9feea496985e,185,KAJIADO EAST,19bc05f6-0daa-5d21-a777-b6da0df04751,924,KENYAWA-POKA,3498fd2f-30c1-5ceb-9c8b-389870315e2d,44,ENOORETET PRIMARY SCHOOL
f413ea13-fcd9-5b44-9d22-1fa1f7b063a5,34,KAJIADO,0fc89bf3-cce2-5ddd-8088-9feea496985e,185,KAJIADO EAST,19bc05f6-0daa-5d21-a777-b6da0df04751,924,KENYAWA-POKA,e3275e72-8b2e-5df3-851f-5ff265635631,45,MCK ELERAI GIRLS SECONDARY SCHOOL
f413ea13-fcd9-5b44-9d22-1fa1f7b063a5,34,KAJIADO,0fc89bf3-cce2-5ddd-8088-9feea496985e,185,KAJIADO EAST,19bc05f6-0daa-5d21-a777-b6da0df04751,924,KENYAWA-POKA,4690f4e1-8bc4-5b4f-a8ef-1028cc5be6e7,46,OLTINKA PRIMARY SCHOOL
f413ea13-fcd9-5b44-9d22-1fa1f7b063a5,34,KAJIADO,0fc89bf3-cce2-5ddd-8088-9feea496985e,185,KAJIADO EAST,19bc05f6-0daa-5d21-a777-b6da0df04751,924,KENYAWA-POKA,a8c8cb85-ac0e-57f1-80a1-015c8c9ce219,47,NOOMPALA PRIMARY SCHOOL
f413ea13-fcd9-5b44-9d22-1fa1f7b063a5,34,KAJIADO,0fc89bf3-cce2-5ddd-8088-9feea496985e,185,KAJIADO EAST,19bc05f6-0daa-5d21-a777-b6da0df04751,924,KENYAWA-POKA,abd04f58-9bba-5a26-b697-61f264abd0d4,48,ILAMIRROR PRIMARY SCHOOL
f413ea13-fcd9-5b44-9d22-1fa1f7b063a5,34,KAJIADO,0fc89bf3-cce2-5ddd-8088-9feea496985e,185,KAJIADO EAST,19bc05f6-0daa-5d21-a777-b6da0df04751,924,KENYAWA-POKA,9aa49936-b215-5aa0-bd26-6a7aa86869ea,49,ILMAO/ESOIT SAMPU PRIMARY SCHOOL
f413ea13-fcd9-5b44-9d22-1fa1f7b063a5,34,KAJIADO,0fc89bf3-cce2-5ddd-8088-9feea496985e,185,KAJIADO EAST,15dc3b4b-d6b8-5a6e-8a14-400547667be4,925,IMARORO,94bb0240-f1b0-5c50-890f-45619bcfed21,50,EMARTI PRIMARY SCHOOL
f413ea13-fcd9-5b44-9d22-1fa1f7b063a5,34,KAJIADO,0fc89bf3-cce2-5ddd-8088-9feea496985e,185,KAJIADO EAST,15dc3b4b-d6b8-5a6e-8a14-400547667be4,925,IMARORO,5589a1fc-4a57-5377-9e35-987df4c811b3,51,OLOIBORR AJIJIK PRIMARY SCHOOL
f413ea13-fcd9-5b44-9d22-1fa1f7b063a5,34,KAJIADO,0fc89bf3-cce2-5ddd-8088-9feea496985e,185,KAJIADO EAST,15dc3b4b-d6b8-5a6e-8a14-400547667be4,925,IMARORO,2b7f41e9-d7a8-5663-b488-2ee173d6c428,52,OSARAI PRIMARY SCHOOL
f413ea13-fcd9-5b44-9d22-1fa1f7b063a5,34,KAJIADO,0fc89bf3-cce2-5ddd-8088-9feea496985e,185,KAJIADO EAST,15dc3b4b-d6b8-5a6e-8a14-400547667be4,925,IMARORO,76a2ebdd-56fd-5532-b917-ff0666a23231,53,ILMEJOOLE PRIMARY SCHOOL
f413ea13-fcd9-5b44-9d22-1fa1f7b063a5,34,KAJIADO,0fc89bf3-cce2-5ddd-8088-9feea496985e,185,KAJIADO EAST,15dc3b4b-d6b8-5a6e-8a14-400547667be4,925,IMARORO,0c2b3ebe-ab5e-50d9-9945-41eb582cb97b,54,ILMAMEN PRIMARY SCHOOL
f413ea13-fcd9-5b44-9d22-1fa1f7b063a5,34,KAJIADO,0fc89bf3-cce2-5ddd-8088-9feea496985e,185,KAJIADO EAST,15dc3b4b-d6b8-5a6e-8a14-400547667be4,925,IMARORO,8f8cc587-cc03-5d64-8ded-b90578991b46,55,NAMELOK NURSERY SCHOOL
f413ea13-fcd9-5b44-9d22-1fa1f7b063a5,34,KAJIADO,0fc89bf3-cce2-5ddd-8088-9feea496985e,185,KAJIADO EAST,15dc3b4b-d6b8-5a6e-8a14-400547667be4,925,IMARORO,e166f40b-f118-5f0f-ba71-41e39d26e277,56,EMURUA -ENKER NURSERY SCHOOL
f413ea13-fcd9-5b44-9d22-1fa1f7b063a5,34,KAJIADO,0fc89bf3-cce2-5ddd-8088-9feea496985e,185,KAJIADO EAST,15dc3b4b-d6b8-5a6e-8a14-400547667be4,925,IMARORO,acee12fe-d631-5a7c-8d0c-5cf7e192ea8a,57,MASHUURU BOARDING PRIMARY SCHOOL
f413ea13-fcd9-5b44-9d22-1fa1f7b063a5,34,KAJIADO,0fc89bf3-cce2-5ddd-8088-9feea496985e,185,KAJIADO EAST,15dc3b4b-d6b8-5a6e-8a14-400547667be4,925,IMARORO,f9935152-5397-5776-ad9b-ccc288652361,58,IMARORO PRIMARY SCHOOL
f413ea13-fcd9-5b44-9d22-1fa1f7b063a5,34,KAJIADO,0fc89bf3-cce2-5ddd-8088-9feea496985e,185,KAJIADO EAST,15dc3b4b-d6b8-5a6e-8a14-400547667be4,925,IMARORO,a86d290d-a994-50cc-8088-b74660a656f6,59,KILOH PRIMARY SCHOOL
f413ea13-fcd9-5b44-9d22-1fa1f7b063a5,34,KAJIADO,0fc89bf3-cce2-5ddd-8088-9feea496985e,185,KAJIADO EAST,15dc3b4b-d6b8-5a6e-8a14-400547667be4,925,IMARORO,37dcc292-48ec-5b72-9ab2-6a5f09980dc5,60,LESOKONYO PRIMARY SCHOOL
f413ea13-fcd9-5b44-9d22-1fa1f7b063a5,34,KAJIADO,0fc89bf3-cce2-5ddd-8088-9feea496985e,185,KAJIADO EAST,15dc3b4b-d6b8-5a6e-8a14-400547667be4,925,IMARORO,bf667073-d65f-54d5-bdf7-63384fa86811,61,ARROI PRIMARY SCHOOL
f413ea13-fcd9-5b44-9d22-1fa1f7b063a5,34,KAJIADO,0fc89bf3-cce2-5ddd-8088-9feea496985e,185,KAJIADO EAST,15dc3b4b-d6b8-5a6e-8a14-400547667be4,925,IMARORO,60e01ca1-4910-578d-ac3c-247a59e71fbb,62,NGATU PRIMARY SCHOOL
f413ea13-fcd9-5b44-9d22-1fa1f7b063a5,34,KAJIADO,0fc89bf3-cce2-5ddd-8088-9feea496985e,185,KAJIADO EAST,15dc3b4b-d6b8-5a6e-8a14-400547667be4,925,IMARORO,9829f929-4763-5672-abe0-6627c5b957e9,63,FPFK/LESOIT PRIMARY SCHOOL
f413ea13-fcd9-5b44-9d22-1fa1f7b063a5,34,KAJIADO,0fc89bf3-cce2-5ddd-8088-9feea496985e,185,KAJIADO EAST,15dc3b4b-d6b8-5a6e-8a14-400547667be4,925,IMARORO,6203547d-909a-51e9-bd51-e737c5181f06,64,ENDIKIRR PRIMARY SCHOOL
f413ea13-fcd9-5b44-9d22-1fa1f7b063a5,34,KAJIADO,0fc89bf3-cce2-5ddd-8088-9feea496985e,185,KAJIADO EAST,15dc3b4b-d6b8-5a6e-8a14-400547667be4,925,IMARORO,ba3e1ea1-3301-5d50-8e65-b1ed8d76afad,65,SANARE NURSERY SCHOOL
f413ea13-fcd9-5b44-9d22-1fa1f7b063a5,34,KAJIADO,04889b2d-ee1a-5d5c-81b9-c91fea080800,186,KAJIADO WEST,430c6e79-a0b6-560a-91f6-4bfedadbadf9,926,KEEKONYOKIE,77ec2156-0d23-5862-a5f9-296a663b7936,1,EMBOLIEI PRI
f413ea13-fcd9-5b44-9d22-1fa1f7b063a5,34,KAJIADO,04889b2d-ee1a-5d5c-81b9-c91fea080800,186,KAJIADO WEST,430c6e79-a0b6-560a-91f6-4bfedadbadf9,926,KEEKONYOKIE,5ce92b22-4862-5d0f-ac47-43d44b0bea77,2,ENKEREYIAN PRI
f413ea13-fcd9-5b44-9d22-1fa1f7b063a5,34,KAJIADO,04889b2d-ee1a-5d5c-81b9-c91fea080800,186,KAJIADO WEST,430c6e79-a0b6-560a-91f6-4bfedadbadf9,926,KEEKONYOKIE,26236854-00d9-52a2-8fe0-e61b955bfecd,4,ESONORUA PRI
f413ea13-fcd9-5b44-9d22-1fa1f7b063a5,34,KAJIADO,04889b2d-ee1a-5d5c-81b9-c91fea080800,186,KAJIADO WEST,430c6e79-a0b6-560a-91f6-4bfedadbadf9,926,KEEKONYOKIE,bd979905-204c-5d10-962c-4896e8719887,5,OLOMAYIANA NUR
f413ea13-fcd9-5b44-9d22-1fa1f7b063a5,34,KAJIADO,04889b2d-ee1a-5d5c-81b9-c91fea080800,186,KAJIADO WEST,430c6e79-a0b6-560a-91f6-4bfedadbadf9,926,KEEKONYOKIE,be1d0050-c3a5-54bb-91da-940374911fe1,6,ILOODOARIAK PRI
f413ea13-fcd9-5b44-9d22-1fa1f7b063a5,34,KAJIADO,04889b2d-ee1a-5d5c-81b9-c91fea080800,186,KAJIADO WEST,430c6e79-a0b6-560a-91f6-4bfedadbadf9,926,KEEKONYOKIE,787bcc5b-7d1f-53d8-8bd1-5c3c67525e04,7,INYONYORI PRI
f413ea13-fcd9-5b44-9d22-1fa1f7b063a5,34,KAJIADO,04889b2d-ee1a-5d5c-81b9-c91fea080800,186,KAJIADO WEST,430c6e79-a0b6-560a-91f6-4bfedadbadf9,926,KEEKONYOKIE,b467be2e-8f77-5e07-9e78-180a8ba60fd0,8,OLE POLOS PRI
f413ea13-fcd9-5b44-9d22-1fa1f7b063a5,34,KAJIADO,04889b2d-ee1a-5d5c-81b9-c91fea080800,186,KAJIADO WEST,430c6e79-a0b6-560a-91f6-4bfedadbadf9,926,KEEKONYOKIE,8b552441-1c2b-56a2-ab6a-1003e2ac420b,9,LESHUTA PRI
f413ea13-fcd9-5b44-9d22-1fa1f7b063a5,34,KAJIADO,04889b2d-ee1a-5d5c-81b9-c91fea080800,186,KAJIADO WEST,430c6e79-a0b6-560a-91f6-4bfedadbadf9,926,KEEKONYOKIE,7e867cbf-6284-5811-ad68-1b00a1cf49d1,10,OLEKIMUNKE PRI
f413ea13-fcd9-5b44-9d22-1fa1f7b063a5,34,KAJIADO,04889b2d-ee1a-5d5c-81b9-c91fea080800,186,KAJIADO WEST,430c6e79-a0b6-560a-91f6-4bfedadbadf9,926,KEEKONYOKIE,b1ae4837-505b-5965-b0a2-df2ed6d17fa1,11,OLOOMUNYI PRI
f413ea13-fcd9-5b44-9d22-1fa1f7b063a5,34,KAJIADO,04889b2d-ee1a-5d5c-81b9-c91fea080800,186,KAJIADO WEST,430c6e79-a0b6-560a-91f6-4bfedadbadf9,926,KEEKONYOKIE,2cb57581-2325-5e1b-a726-1e8c758fee77,12,OLOONKURMAN PRI
f413ea13-fcd9-5b44-9d22-1fa1f7b063a5,34,KAJIADO,04889b2d-ee1a-5d5c-81b9-c91fea080800,186,KAJIADO WEST,430c6e79-a0b6-560a-91f6-4bfedadbadf9,926,KEEKONYOKIE,21335916-5e61-5038-9979-8a513008b4dd,13,OLTEPESI PRI
f413ea13-fcd9-5b44-9d22-1fa1f7b063a5,34,KAJIADO,04889b2d-ee1a-5d5c-81b9-c91fea080800,186,KAJIADO WEST,430c6e79-a0b6-560a-91f6-4bfedadbadf9,926,KEEKONYOKIE,c60abd4b-61ad-5e7c-b82f-bda2b1cb8505,14,ENARAU PRI
f413ea13-fcd9-5b44-9d22-1fa1f7b063a5,34,KAJIADO,04889b2d-ee1a-5d5c-81b9-c91fea080800,186,KAJIADO WEST,430c6e79-a0b6-560a-91f6-4bfedadbadf9,926,KEEKONYOKIE,059b718c-1ece-5921-b5e0-281846bc6e27,15,ESILANKE PRI
f413ea13-fcd9-5b44-9d22-1fa1f7b063a5,34,KAJIADO,04889b2d-ee1a-5d5c-81b9-c91fea080800,186,KAJIADO WEST,430c6e79-a0b6-560a-91f6-4bfedadbadf9,926,KEEKONYOKIE,33da0b54-6fc5-56d8-a11f-9edcbf1e5000,16,ILMASIN PRI
f413ea13-fcd9-5b44-9d22-1fa1f7b063a5,34,KAJIADO,04889b2d-ee1a-5d5c-81b9-c91fea080800,186,KAJIADO WEST,430c6e79-a0b6-560a-91f6-4bfedadbadf9,926,KEEKONYOKIE,5ee74473-205e-57b8-b5c0-a65a4c244431,17,INCHORROI PRI
f413ea13-fcd9-5b44-9d22-1fa1f7b063a5,34,KAJIADO,04889b2d-ee1a-5d5c-81b9-c91fea080800,186,KAJIADO WEST,430c6e79-a0b6-560a-91f6-4bfedadbadf9,926,KEEKONYOKIE,b26b31ad-5edb-5e31-abe8-178baf2e2478,18,INKIITO PRI
f413ea13-fcd9-5b44-9d22-1fa1f7b063a5,34,KAJIADO,04889b2d-ee1a-5d5c-81b9-c91fea080800,186,KAJIADO WEST,430c6e79-a0b6-560a-91f6-4bfedadbadf9,926,KEEKONYOKIE,0f1157e8-e3d3-54fc-9c8c-d1055eecc641,19,INKOKIRDING'A PRI
f413ea13-fcd9-5b44-9d22-1fa1f7b063a5,34,KAJIADO,04889b2d-ee1a-5d5c-81b9-c91fea080800,186,KAJIADO WEST,430c6e79-a0b6-560a-91f6-4bfedadbadf9,926,KEEKONYOKIE,1b1b7a7d-aef8-5843-8ad3-6920c293c611,20,OLOOLOITIKOSHI PRI
f413ea13-fcd9-5b44-9d22-1fa1f7b063a5,34,KAJIADO,04889b2d-ee1a-5d5c-81b9-c91fea080800,186,KAJIADO WEST,430c6e79-a0b6-560a-91f6-4bfedadbadf9,926,KEEKONYOKIE,33c1259b-810d-5963-9b3f-181d8d4ddb83,21,EDOINYO-SIDAI PRI
f413ea13-fcd9-5b44-9d22-1fa1f7b063a5,34,KAJIADO,04889b2d-ee1a-5d5c-81b9-c91fea080800,186,KAJIADO WEST,430c6e79-a0b6-560a-91f6-4bfedadbadf9,926,KEEKONYOKIE,13474755-0d7a-5b8e-a406-ce92008f5b19,22,KIPETO PRI
f413ea13-fcd9-5b44-9d22-1fa1f7b063a5,34,KAJIADO,04889b2d-ee1a-5d5c-81b9-c91fea080800,186,KAJIADO WEST,430c6e79-a0b6-560a-91f6-4bfedadbadf9,926,KEEKONYOKIE,e19a3f11-26c2-559f-88b0-c21bf19bd0df,23,KISAJU PRI
f413ea13-fcd9-5b44-9d22-1fa1f7b063a5,34,KAJIADO,04889b2d-ee1a-5d5c-81b9-c91fea080800,186,KAJIADO WEST,430c6e79-a0b6-560a-91f6-4bfedadbadf9,926,KEEKONYOKIE,25ae98ae-ef33-5a8f-98b1-de8842f78a0f,24,NADO-ENTERIT PRI
f413ea13-fcd9-5b44-9d22-1fa1f7b063a5,34,KAJIADO,04889b2d-ee1a-5d5c-81b9-c91fea080800,186,KAJIADO WEST,430c6e79-a0b6-560a-91f6-4bfedadbadf9,926,KEEKONYOKIE,c2823dee-d4e0-544a-90e3-0ddf92a37841,25,NAROMORU PRI
f413ea13-fcd9-5b44-9d22-1fa1f7b063a5,34,KAJIADO,04889b2d-ee1a-5d5c-81b9-c91fea080800,186,KAJIADO WEST,430c6e79-a0b6-560a-91f6-4bfedadbadf9,926,KEEKONYOKIE,76f81020-021a-507f-878d-34e6d095a4b6,26,OLCHORRO-ONYORRI PRI
f413ea13-fcd9-5b44-9d22-1fa1f7b063a5,34,KAJIADO,04889b2d-ee1a-5d5c-81b9-c91fea080800,186,KAJIADO WEST,430c6e79-a0b6-560a-91f6-4bfedadbadf9,926,KEEKONYOKIE,dc4d475e-4289-5143-a9da-3cc8e1f51fc0,27,OLOIRIEN PRI
f413ea13-fcd9-5b44-9d22-1fa1f7b063a5,34,KAJIADO,04889b2d-ee1a-5d5c-81b9-c91fea080800,186,KAJIADO WEST,430c6e79-a0b6-560a-91f6-4bfedadbadf9,926,KEEKONYOKIE,61bff8c1-f6bf-5ca5-a3a4-ed2113f7b9e8,28,OLTEYANI PRI
f413ea13-fcd9-5b44-9d22-1fa1f7b063a5,34,KAJIADO,04889b2d-ee1a-5d5c-81b9-c91fea080800,186,KAJIADO WEST,430c6e79-a0b6-560a-91f6-4bfedadbadf9,926,KEEKONYOKIE,9398d0bd-273c-5c55-908b-29ac668f6d99,29,ACK NUR
f413ea13-fcd9-5b44-9d22-1fa1f7b063a5,34,KAJIADO,04889b2d-ee1a-5d5c-81b9-c91fea080800,186,KAJIADO WEST,430c6e79-a0b6-560a-91f6-4bfedadbadf9,926,KEEKONYOKIE,36a4e49c-4502-5dae-9ce7-a266368b0d8d,30,OLOOSURUTIA PRI.SCH
f413ea13-fcd9-5b44-9d22-1fa1f7b063a5,34,KAJIADO,04889b2d-ee1a-5d5c-81b9-c91fea080800,186,KAJIADO WEST,430c6e79-a0b6-560a-91f6-4bfedadbadf9,926,KEEKONYOKIE,e5d4a7f0-8adc-5ced-b5f0-e63025fe7c7f,109,DON BOSCO TRAINING INSTITUTE
f413ea13-fcd9-5b44-9d22-1fa1f7b063a5,34,KAJIADO,04889b2d-ee1a-5d5c-81b9-c91fea080800,186,KAJIADO WEST,430c6e79-a0b6-560a-91f6-4bfedadbadf9,926,KEEKONYOKIE,8b6ddc69-08a5-5b4a-aa1d-93a61211d5a1,110,OLOOSEOS PRIMARY SCHOOL
f413ea13-fcd9-5b44-9d22-1fa1f7b063a5,34,KAJIADO,04889b2d-ee1a-5d5c-81b9-c91fea080800,186,KAJIADO WEST,430c6e79-a0b6-560a-91f6-4bfedadbadf9,926,KEEKONYOKIE,297a15b7-9b05-5cb2-b8e5-a7d77a82518f,111,OLOOLTEPES PRIMARY SCHOOL
f413ea13-fcd9-5b44-9d22-1fa1f7b063a5,34,KAJIADO,04889b2d-ee1a-5d5c-81b9-c91fea080800,186,KAJIADO WEST,430c6e79-a0b6-560a-91f6-4bfedadbadf9,926,KEEKONYOKIE,cd336f7a-d8bd-59ad-9578-b25a4373498e,112,KILKURIA PRIMARY SCHOOL
f413ea13-fcd9-5b44-9d22-1fa1f7b063a5,34,KAJIADO,04889b2d-ee1a-5d5c-81b9-c91fea080800,186,KAJIADO WEST,430c6e79-a0b6-560a-91f6-4bfedadbadf9,926,KEEKONYOKIE,c5efaa03-eea2-5fe3-bde5-57cefe98e764,113,PCEA KISERIAN ACADEMY
f413ea13-fcd9-5b44-9d22-1fa1f7b063a5,34,KAJIADO,04889b2d-ee1a-5d5c-81b9-c91fea080800,186,KAJIADO WEST,f51f729e-cb48-5bdf-a849-02287cb7f650,927,ILOODOKILANI,601e072d-818f-54bc-8530-91f222bbc787,31,KORA NUR
f413ea13-fcd9-5b44-9d22-1fa1f7b063a5,34,KAJIADO,04889b2d-ee1a-5d5c-81b9-c91fea080800,186,KAJIADO WEST,f51f729e-cb48-5bdf-a849-02287cb7f650,927,ILOODOKILANI,26e17509-e95a-56bc-8dd5-867b5636420b,32,KILONITO PRI
f413ea13-fcd9-5b44-9d22-1fa1f7b063a5,34,KAJIADO,04889b2d-ee1a-5d5c-81b9-c91fea080800,186,KAJIADO WEST,f51f729e-cb48-5bdf-a849-02287cb7f650,927,ILOODOKILANI,5f129e04-3050-55d0-a2ab-2da9ad479e04,33,INDUPA PRI
f413ea13-fcd9-5b44-9d22-1fa1f7b063a5,34,KAJIADO,04889b2d-ee1a-5d5c-81b9-c91fea080800,186,KAJIADO WEST,f51f729e-cb48-5bdf-a849-02287cb7f650,927,ILOODOKILANI,67db5411-968f-55bd-92ae-2e6e591d519d,34,ELANG'ATA WUAS PRI
f413ea13-fcd9-5b44-9d22-1fa1f7b063a5,34,KAJIADO,04889b2d-ee1a-5d5c-81b9-c91fea080800,186,KAJIADO WEST,f51f729e-cb48-5bdf-a849-02287cb7f650,927,ILOODOKILANI,6f03a556-a5a3-5fd2-b7ad-2076aa283ed7,35,SINGIRAINE PRI
f413ea13-fcd9-5b44-9d22-1fa1f7b063a5,34,KAJIADO,04889b2d-ee1a-5d5c-81b9-c91fea080800,186,KAJIADO WEST,f51f729e-cb48-5bdf-a849-02287cb7f650,927,ILOODOKILANI,3478255b-b2a8-5844-9216-77c0e7ebc049,36,ENCHORRO EE SENTEU PRI
f413ea13-fcd9-5b44-9d22-1fa1f7b063a5,34,KAJIADO,04889b2d-ee1a-5d5c-81b9-c91fea080800,186,KAJIADO WEST,f51f729e-cb48-5bdf-a849-02287cb7f650,927,ILOODOKILANI,2e675f75-b76f-533d-95da-207f9d8a430e,37,KENYA MARBLE QUARRY PRI
f413ea13-fcd9-5b44-9d22-1fa1f7b063a5,34,KAJIADO,04889b2d-ee1a-5d5c-81b9-c91fea080800,186,KAJIADO WEST,f51f729e-cb48-5bdf-a849-02287cb7f650,927,ILOODOKILANI,6b13df84-5c41-517a-a4a0-6116ed30ff36,38,OLOOLERA NUR
f413ea13-fcd9-5b44-9d22-1fa1f7b063a5,34,KAJIADO,04889b2d-ee1a-5d5c-81b9-c91fea080800,186,KAJIADO WEST,f51f729e-cb48-5bdf-a849-02287cb7f650,927,ILOODOKILANI,417bd0f0-c718-5930-9f9d-5a0d0fb19ea5,39,TIKOISHI NUR
f413ea13-fcd9-5b44-9d22-1fa1f7b063a5,34,KAJIADO,04889b2d-ee1a-5d5c-81b9-c91fea080800,186,KAJIADO WEST,f51f729e-cb48-5bdf-a849-02287cb7f650,927,ILOODOKILANI,ebc3bdf7-a807-5b63-b630-431ef33b6d29,40,ILOSHON NUR
f413ea13-fcd9-5b44-9d22-1fa1f7b063a5,34,KAJIADO,04889b2d-ee1a-5d5c-81b9-c91fea080800,186,KAJIADO WEST,f51f729e-cb48-5bdf-a849-02287cb7f650,927,ILOODOKILANI,d6c15bf9-b54b-57d9-86fa-47520d4903fc,41,INAUDOT PRI
f413ea13-fcd9-5b44-9d22-1fa1f7b063a5,34,KAJIADO,04889b2d-ee1a-5d5c-81b9-c91fea080800,186,KAJIADO WEST,f51f729e-cb48-5bdf-a849-02287cb7f650,927,ILOODOKILANI,8957728a-3c71-5cc8-8933-fa5a89de5c38,42,ILTANKII NUR
f413ea13-fcd9-5b44-9d22-1fa1f7b063a5,34,KAJIADO,04889b2d-ee1a-5d5c-81b9-c91fea080800,186,KAJIADO WEST,f51f729e-cb48-5bdf-a849-02287cb7f650,927,ILOODOKILANI,9425dd93-c81b-5940-9f8f-54d570499724,43,MILE 46 HALL
f413ea13-fcd9-5b44-9d22-1fa1f7b063a5,34,KAJIADO,04889b2d-ee1a-5d5c-81b9-c91fea080800,186,KAJIADO WEST,f51f729e-cb48-5bdf-a849-02287cb7f650,927,ILOODOKILANI,ed13da76-13ef-5a8d-b3ac-92b90ea308fe,44,NTOROSI NUR
f413ea13-fcd9-5b44-9d22-1fa1f7b063a5,34,KAJIADO,04889b2d-ee1a-5d5c-81b9-c91fea080800,186,KAJIADO WEST,f51f729e-cb48-5bdf-a849-02287cb7f650,927,ILOODOKILANI,79096f63-8d20-53ad-b964-07043228d064,45,ISINYA OO MELOOK NUR
f413ea13-fcd9-5b44-9d22-1fa1f7b063a5,34,KAJIADO,04889b2d-ee1a-5d5c-81b9-c91fea080800,186,KAJIADO WEST,f51f729e-cb48-5bdf-a849-02287cb7f650,927,ILOODOKILANI,52bcfce1-8b92-5e9a-895d-815934236fe1,46,TOROSEI PRI
f413ea13-fcd9-5b44-9d22-1fa1f7b063a5,34,KAJIADO,04889b2d-ee1a-5d5c-81b9-c91fea080800,186,KAJIADO WEST,f51f729e-cb48-5bdf-a849-02287cb7f650,927,ILOODOKILANI,8cb3721b-51f8-5eda-866b-db2d8d545137,47,EMORKEYA PRI
f413ea13-fcd9-5b44-9d22-1fa1f7b063a5,34,KAJIADO,04889b2d-ee1a-5d5c-81b9-c91fea080800,186,KAJIADO WEST,f51f729e-cb48-5bdf-a849-02287cb7f650,927,ILOODOKILANI,5fa17d29-a02f-5ff0-b409-86bf9c98d62d,48,INDEPEN NUR
f413ea13-fcd9-5b44-9d22-1fa1f7b063a5,34,KAJIADO,04889b2d-ee1a-5d5c-81b9-c91fea080800,186,KAJIADO WEST,f51f729e-cb48-5bdf-a849-02287cb7f650,927,ILOODOKILANI,b81a756c-3c79-5bb0-8ec2-149d5c35ec8b,49,ENTASHATA NUR
f413ea13-fcd9-5b44-9d22-1fa1f7b063a5,34,KAJIADO,04889b2d-ee1a-5d5c-81b9-c91fea080800,186,KAJIADO WEST,f51f729e-cb48-5bdf-a849-02287cb7f650,927,ILOODOKILANI,df6aa992-622c-5740-bedf-721e4768c09b,114,NKAMA PRIMARY SCHOOL
f413ea13-fcd9-5b44-9d22-1fa1f7b063a5,34,KAJIADO,04889b2d-ee1a-5d5c-81b9-c91fea080800,186,KAJIADO WEST,f51f729e-cb48-5bdf-a849-02287cb7f650,927,ILOODOKILANI,3092e1d7-80b0-5912-8312-96723b1dc328,115,ENTEPESI PRIMARY SCHOOL
f413ea13-fcd9-5b44-9d22-1fa1f7b063a5,34,KAJIADO,04889b2d-ee1a-5d5c-81b9-c91fea080800,186,KAJIADO WEST,1fd68f03-ea25-5110-a7c6-cebe784ba63b,928,MAGADI,3cd4ebf2-7973-5383-bec0-51887d4fbf15,51,ILPARAKUO PRI
f413ea13-fcd9-5b44-9d22-1fa1f7b063a5,34,KAJIADO,04889b2d-ee1a-5d5c-81b9-c91fea080800,186,KAJIADO WEST,1fd68f03-ea25-5110-a7c6-cebe784ba63b,928,MAGADI,19d0fd04-77a9-5fce-a2a5-86bd68807137,52,ILUANAT NUR
f413ea13-fcd9-5b44-9d22-1fa1f7b063a5,34,KAJIADO,04889b2d-ee1a-5d5c-81b9-c91fea080800,186,KAJIADO WEST,1fd68f03-ea25-5110-a7c6-cebe784ba63b,928,MAGADI,31edbb37-ac8c-584f-9e80-9276b81b0ebe,53,MAGADI PRI
f413ea13-fcd9-5b44-9d22-1fa1f7b063a5,34,KAJIADO,04889b2d-ee1a-5d5c-81b9-c91fea080800,186,KAJIADO WEST,1fd68f03-ea25-5110-a7c6-cebe784ba63b,928,MAGADI,7147904c-6ef0-5f4c-92fe-a12956464fb1,54,MAGADI JUNIOR
f413ea13-fcd9-5b44-9d22-1fa1f7b063a5,34,KAJIADO,04889b2d-ee1a-5d5c-81b9-c91fea080800,186,KAJIADO WEST,1fd68f03-ea25-5110-a7c6-cebe784ba63b,928,MAGADI,070036b1-555a-579d-b888-fb0120deb9c9,55,MURANDAWUA PRI
f413ea13-fcd9-5b44-9d22-1fa1f7b063a5,34,KAJIADO,04889b2d-ee1a-5d5c-81b9-c91fea080800,186,KAJIADO WEST,1fd68f03-ea25-5110-a7c6-cebe784ba63b,928,MAGADI,b3958e88-191f-5368-9cf0-33f2c35d21d0,56,NAIKISHOMI NUR
f413ea13-fcd9-5b44-9d22-1fa1f7b063a5,34,KAJIADO,04889b2d-ee1a-5d5c-81b9-c91fea080800,186,KAJIADO WEST,1fd68f03-ea25-5110-a7c6-cebe784ba63b,928,MAGADI,35539c1a-ba33-5d24-9405-c6ceefc60356,57,EDOINYO-OOLASHO PRI
f413ea13-fcd9-5b44-9d22-1fa1f7b063a5,34,KAJIADO,04889b2d-ee1a-5d5c-81b9-c91fea080800,186,KAJIADO WEST,1fd68f03-ea25-5110-a7c6-cebe784ba63b,928,MAGADI,3b3619e9-9e28-503f-aa50-6c41d3e82e66,58,ENTAAMO NUR
f413ea13-fcd9-5b44-9d22-1fa1f7b063a5,34,KAJIADO,04889b2d-ee1a-5d5c-81b9-c91fea080800,186,KAJIADO WEST,1fd68f03-ea25-5110-a7c6-cebe784ba63b,928,MAGADI,b9c7577f-8894-548b-ab93-934709195e84,59,LENKOBEI NUR
f413ea13-fcd9-5b44-9d22-1fa1f7b063a5,34,KAJIADO,04889b2d-ee1a-5d5c-81b9-c91fea080800,186,KAJIADO WEST,1fd68f03-ea25-5110-a7c6-cebe784ba63b,928,MAGADI,9af67001-9a77-5af2-acd2-9589e9b44f65,60,OLOIKA PRI
f413ea13-fcd9-5b44-9d22-1fa1f7b063a5,34,KAJIADO,04889b2d-ee1a-5d5c-81b9-c91fea080800,186,KAJIADO WEST,1fd68f03-ea25-5110-a7c6-cebe784ba63b,928,MAGADI,016475c9-37da-5f62-92d5-163007e93e32,61,PAKASE PRI
f413ea13-fcd9-5b44-9d22-1fa1f7b063a5,34,KAJIADO,04889b2d-ee1a-5d5c-81b9-c91fea080800,186,KAJIADO WEST,1fd68f03-ea25-5110-a7c6-cebe784ba63b,928,MAGADI,d0e0f609-3676-57c9-a76d-af1798801d17,62,SHOMPOLE PRI
f413ea13-fcd9-5b44-9d22-1fa1f7b063a5,34,KAJIADO,04889b2d-ee1a-5d5c-81b9-c91fea080800,186,KAJIADO WEST,1fd68f03-ea25-5110-a7c6-cebe784ba63b,928,MAGADI,6bfeddf0-f110-5964-8352-146b92d3f728,63,ILANKERUANI NUR
f413ea13-fcd9-5b44-9d22-1fa1f7b063a5,34,KAJIADO,04889b2d-ee1a-5d5c-81b9-c91fea080800,186,KAJIADO WEST,1fd68f03-ea25-5110-a7c6-cebe784ba63b,928,MAGADI,d3ef83fa-511d-5dda-9feb-1866c57e87ee,64,KISIDAI NUR-NEW
f413ea13-fcd9-5b44-9d22-1fa1f7b063a5,34,KAJIADO,04889b2d-ee1a-5d5c-81b9-c91fea080800,186,KAJIADO WEST,1fd68f03-ea25-5110-a7c6-cebe784ba63b,928,MAGADI,7e974e16-160a-511c-893e-259c7fc32ab3,65,OLDOINYO-ONYOKIE PRI
f413ea13-fcd9-5b44-9d22-1fa1f7b063a5,34,KAJIADO,04889b2d-ee1a-5d5c-81b9-c91fea080800,186,KAJIADO WEST,1fd68f03-ea25-5110-a7c6-cebe784ba63b,928,MAGADI,08c5e4ad-04b5-5c24-a4b9-9d0d8fe12f31,66,LOSINYAI NUR
f413ea13-fcd9-5b44-9d22-1fa1f7b063a5,34,KAJIADO,04889b2d-ee1a-5d5c-81b9-c91fea080800,186,KAJIADO WEST,1fd68f03-ea25-5110-a7c6-cebe784ba63b,928,MAGADI,e6072705-5e63-5f38-9d2a-7001d7a7b25d,67,NASERIAN GSU-CAMP NUR-NEW
f413ea13-fcd9-5b44-9d22-1fa1f7b063a5,34,KAJIADO,04889b2d-ee1a-5d5c-81b9-c91fea080800,186,KAJIADO WEST,1fd68f03-ea25-5110-a7c6-cebe784ba63b,928,MAGADI,7ee7f109-8350-5bbb-92c4-ed884e396b41,68,ENTASOPIA PRI
f413ea13-fcd9-5b44-9d22-1fa1f7b063a5,34,KAJIADO,04889b2d-ee1a-5d5c-81b9-c91fea080800,186,KAJIADO WEST,1fd68f03-ea25-5110-a7c6-cebe784ba63b,928,MAGADI,d5981ef1-a74b-520c-81a5-3c4dae6ec98f,69,MUSENKE NUR
f413ea13-fcd9-5b44-9d22-1fa1f7b063a5,34,KAJIADO,04889b2d-ee1a-5d5c-81b9-c91fea080800,186,KAJIADO WEST,1fd68f03-ea25-5110-a7c6-cebe784ba63b,928,MAGADI,b7720f2d-80bd-5b6a-9262-7c36b763ea42,70,OLDORKO NUR
f413ea13-fcd9-5b44-9d22-1fa1f7b063a5,34,KAJIADO,04889b2d-ee1a-5d5c-81b9-c91fea080800,186,KAJIADO WEST,1fd68f03-ea25-5110-a7c6-cebe784ba63b,928,MAGADI,2bf51e7e-54ea-5ea2-94d0-028e1b0a717f,71,OLKIRAMATIAN BOARDING PRI
f413ea13-fcd9-5b44-9d22-1fa1f7b063a5,34,KAJIADO,04889b2d-ee1a-5d5c-81b9-c91fea080800,186,KAJIADO WEST,1fd68f03-ea25-5110-a7c6-cebe784ba63b,928,MAGADI,c1a9b04e-7c65-580d-9f66-1b23b5178527,72,LORNG'OSUA NUR-NEW
f413ea13-fcd9-5b44-9d22-1fa1f7b063a5,34,KAJIADO,04889b2d-ee1a-5d5c-81b9-c91fea080800,186,KAJIADO WEST,1fd68f03-ea25-5110-a7c6-cebe784ba63b,928,MAGADI,08329140-9a65-55b7-afa9-8d72c40002aa,73,OLOIBORTOTO PRIMA
f413ea13-fcd9-5b44-9d22-1fa1f7b063a5,34,KAJIADO,04889b2d-ee1a-5d5c-81b9-c91fea080800,186,KAJIADO WEST,1fd68f03-ea25-5110-a7c6-cebe784ba63b,928,MAGADI,54839489-829d-5297-80af-9b4ed6b2dc1c,74,OLOSERIAN NUR
f413ea13-fcd9-5b44-9d22-1fa1f7b063a5,34,KAJIADO,04889b2d-ee1a-5d5c-81b9-c91fea080800,186,KAJIADO WEST,1fd68f03-ea25-5110-a7c6-cebe784ba63b,928,MAGADI,031ae7c5-f5ea-597b-a943-efe702bf8a22,116,ORNG'OSUA ECD
f413ea13-fcd9-5b44-9d22-1fa1f7b063a5,34,KAJIADO,04889b2d-ee1a-5d5c-81b9-c91fea080800,186,KAJIADO WEST,1fd68f03-ea25-5110-a7c6-cebe784ba63b,928,MAGADI,a5cd37e8-5f4e-5f59-9189-2dc3caf445ae,117,OLOSAEN ECD CENTRE
f413ea13-fcd9-5b44-9d22-1fa1f7b063a5,34,KAJIADO,04889b2d-ee1a-5d5c-81b9-c91fea080800,186,KAJIADO WEST,1fd68f03-ea25-5110-a7c6-cebe784ba63b,928,MAGADI,1814933c-2767-55b5-a628-ee1cee096ec0,118,KAYIOR ECD CENTRE
f413ea13-fcd9-5b44-9d22-1fa1f7b063a5,34,KAJIADO,04889b2d-ee1a-5d5c-81b9-c91fea080800,186,KAJIADO WEST,1fd68f03-ea25-5110-a7c6-cebe784ba63b,928,MAGADI,b2bbca3b-d0a8-5fea-9475-7bc943141ba9,119,OLOLEPO PRE-SCHOOL
f413ea13-fcd9-5b44-9d22-1fa1f7b063a5,34,KAJIADO,04889b2d-ee1a-5d5c-81b9-c91fea080800,186,KAJIADO WEST,1fd68f03-ea25-5110-a7c6-cebe784ba63b,928,MAGADI,bb25cee8-b74a-5226-bbf2-db7d4500b093,121,OLOILILAI ECD CENTRE
f413ea13-fcd9-5b44-9d22-1fa1f7b063a5,34,KAJIADO,04889b2d-ee1a-5d5c-81b9-c91fea080800,186,KAJIADO WEST,259068e4-3197-58b2-a314-a9d3912b7fbb,929,EWUASO OONKIDONG'I,3804758a-05fa-5cf6-a9f0-1ac1729cb553,75,EWUASO PRI
f413ea13-fcd9-5b44-9d22-1fa1f7b063a5,34,KAJIADO,04889b2d-ee1a-5d5c-81b9-c91fea080800,186,KAJIADO WEST,259068e4-3197-58b2-a314-a9d3912b7fbb,929,EWUASO OONKIDONG'I,bb5af37f-e59f-5d40-aba1-de4b579da982,76,ILKILORET PRI
f413ea13-fcd9-5b44-9d22-1fa1f7b063a5,34,KAJIADO,04889b2d-ee1a-5d5c-81b9-c91fea080800,186,KAJIADO WEST,259068e4-3197-58b2-a314-a9d3912b7fbb,929,EWUASO OONKIDONG'I,f8975f76-c141-5374-9938-b5cb9c5ecaf8,77,ILNG'ARROOJ PRI
f413ea13-fcd9-5b44-9d22-1fa1f7b063a5,34,KAJIADO,04889b2d-ee1a-5d5c-81b9-c91fea080800,186,KAJIADO WEST,259068e4-3197-58b2-a314-a9d3912b7fbb,929,EWUASO OONKIDONG'I,d8ef7623-3c6f-5417-a9f2-762f0b5c989a,78,KIMUKA PRI
f413ea13-fcd9-5b44-9d22-1fa1f7b063a5,34,KAJIADO,04889b2d-ee1a-5d5c-81b9-c91fea080800,186,KAJIADO WEST,259068e4-3197-58b2-a314-a9d3912b7fbb,929,EWUASO OONKIDONG'I,bde4322e-1c4f-5e10-838a-1a200f88e155,79,KISHARU PRI
f413ea13-fcd9-5b44-9d22-1fa1f7b063a5,34,KAJIADO,04889b2d-ee1a-5d5c-81b9-c91fea080800,186,KAJIADO WEST,259068e4-3197-58b2-a314-a9d3912b7fbb,929,EWUASO OONKIDONG'I,743e6081-f7a4-57c8-a248-ebd4c91d42a4,80,NAJILE PRI
f413ea13-fcd9-5b44-9d22-1fa1f7b063a5,34,KAJIADO,04889b2d-ee1a-5d5c-81b9-c91fea080800,186,KAJIADO WEST,259068e4-3197-58b2-a314-a9d3912b7fbb,929,EWUASO OONKIDONG'I,449198bd-c7dd-5ec4-a68f-390d90f643ba,81,OLPURKEL PRI
f413ea13-fcd9-5b44-9d22-1fa1f7b063a5,34,KAJIADO,04889b2d-ee1a-5d5c-81b9-c91fea080800,186,KAJIADO WEST,259068e4-3197-58b2-a314-a9d3912b7fbb,929,EWUASO OONKIDONG'I,f2492781-43df-5188-805b-849fc7c1e758,82,ENKUSERO KERI PRI-NEW
f413ea13-fcd9-5b44-9d22-1fa1f7b063a5,34,KAJIADO,04889b2d-ee1a-5d5c-81b9-c91fea080800,186,KAJIADO WEST,259068e4-3197-58b2-a314-a9d3912b7fbb,929,EWUASO OONKIDONG'I,c5296b0d-7262-533d-8c62-5b626a65af8e,83,OLE NTOKO PRI
f413ea13-fcd9-5b44-9d22-1fa1f7b063a5,34,KAJIADO,04889b2d-ee1a-5d5c-81b9-c91fea080800,186,KAJIADO WEST,259068e4-3197-58b2-a314-a9d3912b7fbb,929,EWUASO OONKIDONG'I,d111168f-d46b-57a1-abba-f1d1dd30162b,84,OLGUMI PRI
f413ea13-fcd9-5b44-9d22-1fa1f7b063a5,34,KAJIADO,04889b2d-ee1a-5d5c-81b9-c91fea080800,186,KAJIADO WEST,259068e4-3197-58b2-a314-a9d3912b7fbb,929,EWUASO OONKIDONG'I,06fb0507-1192-5164-96cd-18b0d59902f8,85,OLMAROROI PRI
f413ea13-fcd9-5b44-9d22-1fa1f7b063a5,34,KAJIADO,04889b2d-ee1a-5d5c-81b9-c91fea080800,186,KAJIADO WEST,259068e4-3197-58b2-a314-a9d3912b7fbb,929,EWUASO OONKIDONG'I,82b5dbf7-b326-5e0b-8eaf-341adac8bc27,86,OLODUNG'ORO PRI
f413ea13-fcd9-5b44-9d22-1fa1f7b063a5,34,KAJIADO,04889b2d-ee1a-5d5c-81b9-c91fea080800,186,KAJIADO WEST,259068e4-3197-58b2-a314-a9d3912b7fbb,929,EWUASO OONKIDONG'I,25e4da39-6415-5955-9008-bb1f167e69e2,87,OLOKIRDING'AI PRI
f413ea13-fcd9-5b44-9d22-1fa1f7b063a5,34,KAJIADO,04889b2d-ee1a-5d5c-81b9-c91fea080800,186,KAJIADO WEST,259068e4-3197-58b2-a314-a9d3912b7fbb,929,EWUASO OONKIDONG'I,8d5b093e-5aff-5d53-bb08-754c79e1df7e,88,OLOSHO-OIBOR PRI
f413ea13-fcd9-5b44-9d22-1fa1f7b063a5,34,KAJIADO,04889b2d-ee1a-5d5c-81b9-c91fea080800,186,KAJIADO WEST,259068e4-3197-58b2-a314-a9d3912b7fbb,929,EWUASO OONKIDONG'I,86bc9e80-29af-56f6-9f2e-4f7826267b63,89,OLASITI NUR
f413ea13-fcd9-5b44-9d22-1fa1f7b063a5,34,KAJIADO,04889b2d-ee1a-5d5c-81b9-c91fea080800,186,KAJIADO WEST,259068e4-3197-58b2-a314-a9d3912b7fbb,929,EWUASO OONKIDONG'I,60bc6cc4-c981-510e-9880-1edd45dca3c7,90,OLMEROI PRI-NEW
f413ea13-fcd9-5b44-9d22-1fa1f7b063a5,34,KAJIADO,04889b2d-ee1a-5d5c-81b9-c91fea080800,186,KAJIADO WEST,259068e4-3197-58b2-a314-a9d3912b7fbb,929,EWUASO OONKIDONG'I,4d0ef8bd-6f41-5b73-88c9-5c68a16c0595,91,SAIKERI PRI
f413ea13-fcd9-5b44-9d22-1fa1f7b063a5,34,KAJIADO,04889b2d-ee1a-5d5c-81b9-c91fea080800,186,KAJIADO WEST,259068e4-3197-58b2-a314-a9d3912b7fbb,929,EWUASO OONKIDONG'I,98c18ac5-4e19-539a-b74c-a2b428c2cf95,92,SAIRRASHIE PRI
f413ea13-fcd9-5b44-9d22-1fa1f7b063a5,34,KAJIADO,04889b2d-ee1a-5d5c-81b9-c91fea080800,186,KAJIADO WEST,259068e4-3197-58b2-a314-a9d3912b7fbb,929,EWUASO OONKIDONG'I,3a26ac87-62ef-54ff-8cbf-30863d123fc6,93,OSUPUKO PRI
f413ea13-fcd9-5b44-9d22-1fa1f7b063a5,34,KAJIADO,04889b2d-ee1a-5d5c-81b9-c91fea080800,186,KAJIADO WEST,259068e4-3197-58b2-a314-a9d3912b7fbb,929,EWUASO OONKIDONG'I,b97d54db-f7c8-5671-ac0b-bb8a7c319f14,94,KIBIKO PRI
f413ea13-fcd9-5b44-9d22-1fa1f7b063a5,34,KAJIADO,04889b2d-ee1a-5d5c-81b9-c91fea080800,186,KAJIADO WEST,259068e4-3197-58b2-a314-a9d3912b7fbb,929,EWUASO OONKIDONG'I,524e3f95-3633-5185-9b03-baeb382ca95e,95,ENKOIREROI PRI
f413ea13-fcd9-5b44-9d22-1fa1f7b063a5,34,KAJIADO,04889b2d-ee1a-5d5c-81b9-c91fea080800,186,KAJIADO WEST,259068e4-3197-58b2-a314-a9d3912b7fbb,929,EWUASO OONKIDONG'I,a30a6d12-a215-5acb-8cc1-358962ab74cf,96,EREMIT PRI
f413ea13-fcd9-5b44-9d22-1fa1f7b063a5,34,KAJIADO,04889b2d-ee1a-5d5c-81b9-c91fea080800,186,KAJIADO WEST,259068e4-3197-58b2-a314-a9d3912b7fbb,929,EWUASO OONKIDONG'I,cc28d88a-d0cd-5af5-abd8-40f42e17e44a,97,INKUYAN PRI-NEW
f413ea13-fcd9-5b44-9d22-1fa1f7b063a5,34,KAJIADO,04889b2d-ee1a-5d5c-81b9-c91fea080800,186,KAJIADO WEST,259068e4-3197-58b2-a314-a9d3912b7fbb,929,EWUASO OONKIDONG'I,3dce6403-4409-5a29-af18-225dd07a6297,98,PCEA EMANYATTA PRI
f413ea13-fcd9-5b44-9d22-1fa1f7b063a5,34,KAJIADO,04889b2d-ee1a-5d5c-81b9-c91fea080800,186,KAJIADO WEST,259068e4-3197-58b2-a314-a9d3912b7fbb,929,EWUASO OONKIDONG'I,b043e907-c4dc-5a2a-997d-8d88f0762656,99,OLNG'ARUA PRI-NEW
f413ea13-fcd9-5b44-9d22-1fa1f7b063a5,34,KAJIADO,04889b2d-ee1a-5d5c-81b9-c91fea080800,186,KAJIADO WEST,259068e4-3197-58b2-a314-a9d3912b7fbb,929,EWUASO OONKIDONG'I,e6b787a2-9089-58a0-9ffe-7aae2ad60f25,100,NASARU NUR -NEW
f413ea13-fcd9-5b44-9d22-1fa1f7b063a5,34,KAJIADO,04889b2d-ee1a-5d5c-81b9-c91fea080800,186,KAJIADO WEST,259068e4-3197-58b2-a314-a9d3912b7fbb,929,EWUASO OONKIDONG'I,957284eb-501e-59fb-9f06-6555257c0904,108,KENYA INSTITUTE OF HIGHWAY BUILDING T
f413ea13-fcd9-5b44-9d22-1fa1f7b063a5,34,KAJIADO,04889b2d-ee1a-5d5c-81b9-c91fea080800,186,KAJIADO WEST,259068e4-3197-58b2-a314-a9d3912b7fbb,929,EWUASO OONKIDONG'I,e75dc319-4657-54a9-8a5b-e2990c3fc588,122,INKOIRIENITO PRIMARY SCHOOL
f413ea13-fcd9-5b44-9d22-1fa1f7b063a5,34,KAJIADO,04889b2d-ee1a-5d5c-81b9-c91fea080800,186,KAJIADO WEST,259068e4-3197-58b2-a314-a9d3912b7fbb,929,EWUASO OONKIDONG'I,5de43d0c-028b-5dbd-b4be-517a58e341d7,123,ST CHAVARA CMI PRIMARY SCHOOL
f413ea13-fcd9-5b44-9d22-1fa1f7b063a5,34,KAJIADO,04889b2d-ee1a-5d5c-81b9-c91fea080800,186,KAJIADO WEST,259068e4-3197-58b2-a314-a9d3912b7fbb,929,EWUASO OONKIDONG'I,5fe438e5-f8ad-516f-b30e-25cb5caf10df,124,ENKUSERO SAMPU PRIMARY SCHOOL
f413ea13-fcd9-5b44-9d22-1fa1f7b063a5,34,KAJIADO,04889b2d-ee1a-5d5c-81b9-c91fea080800,186,KAJIADO WEST,6d3ec10d-5c92-5a32-9d50-df92357858f0,930,MOSIRO,9c9a5fcc-197d-594d-9e4d-77d36742e69a,101,EMPARBAL PRI
f413ea13-fcd9-5b44-9d22-1fa1f7b063a5,34,KAJIADO,04889b2d-ee1a-5d5c-81b9-c91fea080800,186,KAJIADO WEST,6d3ec10d-5c92-5a32-9d50-df92357858f0,930,MOSIRO,fc04bcd6-b851-599b-84f1-763e84dabd6c,102,OLDEPE PRI
f413ea13-fcd9-5b44-9d22-1fa1f7b063a5,34,KAJIADO,04889b2d-ee1a-5d5c-81b9-c91fea080800,186,KAJIADO WEST,6d3ec10d-5c92-5a32-9d50-df92357858f0,930,MOSIRO,282f1113-eccc-51da-ba33-f7c39249768e,103,OLDORKO-MOSIRO PRI
f413ea13-fcd9-5b44-9d22-1fa1f7b063a5,34,KAJIADO,04889b2d-ee1a-5d5c-81b9-c91fea080800,186,KAJIADO WEST,6d3ec10d-5c92-5a32-9d50-df92357858f0,930,MOSIRO,9b2dd41f-a15d-55fb-809f-a5673cef300a,104,OLOKERI PRI
f413ea13-fcd9-5b44-9d22-1fa1f7b063a5,34,KAJIADO,04889b2d-ee1a-5d5c-81b9-c91fea080800,186,KAJIADO WEST,6d3ec10d-5c92-5a32-9d50-df92357858f0,930,MOSIRO,a8e3ceed-684d-5352-acb3-3dd460524911,105,OLOOLKUNONO NUR
f413ea13-fcd9-5b44-9d22-1fa1f7b063a5,34,KAJIADO,04889b2d-ee1a-5d5c-81b9-c91fea080800,186,KAJIADO WEST,6d3ec10d-5c92-5a32-9d50-df92357858f0,930,MOSIRO,e0db6f22-adc3-5cca-af95-3e814924b462,106,EITI NUR-NEW
f413ea13-fcd9-5b44-9d22-1fa1f7b063a5,34,KAJIADO,04889b2d-ee1a-5d5c-81b9-c91fea080800,186,KAJIADO WEST,6d3ec10d-5c92-5a32-9d50-df92357858f0,930,MOSIRO,cb028a1a-e392-5b23-8089-ff884e441e3d,107,EMPAASH OO NGILA NUR-NEW
f413ea13-fcd9-5b44-9d22-1fa1f7b063a5,34,KAJIADO,04889b2d-ee1a-5d5c-81b9-c91fea080800,186,KAJIADO WEST,6d3ec10d-5c92-5a32-9d50-df92357858f0,930,MOSIRO,9ab64908-76d2-5467-a37a-5f7a75a4b98d,125,IMARIANI ECD
f413ea13-fcd9-5b44-9d22-1fa1f7b063a5,34,KAJIADO,04889b2d-ee1a-5d5c-81b9-c91fea080800,186,KAJIADO WEST,6d3ec10d-5c92-5a32-9d50-df92357858f0,930,MOSIRO,22411030-2a77-53ba-8039-4ef4bfbda5cf,126,OLEPOLOS ECD
f413ea13-fcd9-5b44-9d22-1fa1f7b063a5,34,KAJIADO,04889b2d-ee1a-5d5c-81b9-c91fea080800,186,KAJIADO WEST,6d3ec10d-5c92-5a32-9d50-df92357858f0,930,MOSIRO,5ef35cbd-4165-5c21-ac54-fc796a99e1d1,127,IM'BILIEN ECD
f413ea13-fcd9-5b44-9d22-1fa1f7b063a5,34,KAJIADO,989a07c0-3d42-55be-9c8e-df3c5aa18976,187,KAJIADO SOUTH,651ed375-8d2e-5e55-b790-9b822e3880d7,931,ENTONET/LENKISIM,3e8a4255-f009-5c13-baa5-027530f6dca8,1,IMSIGIYO PR. SCH.
f413ea13-fcd9-5b44-9d22-1fa1f7b063a5,34,KAJIADO,989a07c0-3d42-55be-9c8e-df3c5aa18976,187,KAJIADO SOUTH,651ed375-8d2e-5e55-b790-9b822e3880d7,931,ENTONET/LENKISIM,426c6d06-d2b4-560e-9a20-bf5c869f47eb,2,IMURUTOT PR. SCH.
f413ea13-fcd9-5b44-9d22-1fa1f7b063a5,34,KAJIADO,989a07c0-3d42-55be-9c8e-df3c5aa18976,187,KAJIADO SOUTH,651ed375-8d2e-5e55-b790-9b822e3880d7,931,ENTONET/LENKISIM,1c3bac6e-03ae-50ed-8173-1328b27681e5,3,OLCHORRO PR. SCH.
f413ea13-fcd9-5b44-9d22-1fa1f7b063a5,34,KAJIADO,989a07c0-3d42-55be-9c8e-df3c5aa18976,187,KAJIADO SOUTH,651ed375-8d2e-5e55-b790-9b822e3880d7,931,ENTONET/LENKISIM,b8fab2c1-ad68-5c18-b0d5-3b82248d3269,4,ENTONET PR. SCH.
f413ea13-fcd9-5b44-9d22-1fa1f7b063a5,34,KAJIADO,989a07c0-3d42-55be-9c8e-df3c5aa18976,187,KAJIADO SOUTH,651ed375-8d2e-5e55-b790-9b822e3880d7,931,ENTONET/LENKISIM,fd6f3f4a-2a78-5c1f-bbc9-90bf252f2ab7,5,PARANAE PR. SCH.
f413ea13-fcd9-5b44-9d22-1fa1f7b063a5,34,KAJIADO,989a07c0-3d42-55be-9c8e-df3c5aa18976,187,KAJIADO SOUTH,651ed375-8d2e-5e55-b790-9b822e3880d7,931,ENTONET/LENKISIM,c97ddb65-7c63-5690-8860-b00ba6952cab,6,ENKONGU NAROK PR. SCH.
f413ea13-fcd9-5b44-9d22-1fa1f7b063a5,34,KAJIADO,989a07c0-3d42-55be-9c8e-df3c5aa18976,187,KAJIADO SOUTH,651ed375-8d2e-5e55-b790-9b822e3880d7,931,ENTONET/LENKISIM,42565f58-8e5b-52bf-99b7-ea0cd54c1045,7,ESITETI PR. SCH.(EMBARINKOI)
f413ea13-fcd9-5b44-9d22-1fa1f7b063a5,34,KAJIADO,989a07c0-3d42-55be-9c8e-df3c5aa18976,187,KAJIADO SOUTH,651ed375-8d2e-5e55-b790-9b822e3880d7,931,ENTONET/LENKISIM,2caab55a-8810-53f5-b666-f362f8139a28,8,ILMARBA PR. SCH.
f413ea13-fcd9-5b44-9d22-1fa1f7b063a5,34,KAJIADO,989a07c0-3d42-55be-9c8e-df3c5aa18976,187,KAJIADO SOUTH,651ed375-8d2e-5e55-b790-9b822e3880d7,931,ENTONET/LENKISIM,c55f8a96-495b-5146-a27d-c69099265650,9,OLTUKAI WARDENS OFFICE
f413ea13-fcd9-5b44-9d22-1fa1f7b063a5,34,KAJIADO,989a07c0-3d42-55be-9c8e-df3c5aa18976,187,KAJIADO SOUTH,651ed375-8d2e-5e55-b790-9b822e3880d7,931,ENTONET/LENKISIM,1677027c-e1a2-5f0f-b3ce-e3c02f90d32c,10,RISA PR. SCH.
f413ea13-fcd9-5b44-9d22-1fa1f7b063a5,34,KAJIADO,989a07c0-3d42-55be-9c8e-df3c5aa18976,187,KAJIADO SOUTH,651ed375-8d2e-5e55-b790-9b822e3880d7,931,ENTONET/LENKISIM,9d70ca2a-3517-5788-a641-216db4cde6be,11,OSOIT PR. SCH.
f413ea13-fcd9-5b44-9d22-1fa1f7b063a5,34,KAJIADO,989a07c0-3d42-55be-9c8e-df3c5aa18976,187,KAJIADO SOUTH,651ed375-8d2e-5e55-b790-9b822e3880d7,931,ENTONET/LENKISIM,656846ed-f9b2-50ad-9311-f366d3beff5d,12,NAOR ENKARE PR. SCH.
f413ea13-fcd9-5b44-9d22-1fa1f7b063a5,34,KAJIADO,989a07c0-3d42-55be-9c8e-df3c5aa18976,187,KAJIADO SOUTH,651ed375-8d2e-5e55-b790-9b822e3880d7,931,ENTONET/LENKISIM,ef260fae-fa09-5e4f-b547-e5f670b4729b,13,LOORMONGI NUR. SCH.
f413ea13-fcd9-5b44-9d22-1fa1f7b063a5,34,KAJIADO,989a07c0-3d42-55be-9c8e-df3c5aa18976,187,KAJIADO SOUTH,651ed375-8d2e-5e55-b790-9b822e3880d7,931,ENTONET/LENKISIM,fc4e6c65-5d87-5538-a2ff-dd1650997d83,14,LOOLAKIR PR. SCH.
f413ea13-fcd9-5b44-9d22-1fa1f7b063a5,34,KAJIADO,989a07c0-3d42-55be-9c8e-df3c5aa18976,187,KAJIADO SOUTH,651ed375-8d2e-5e55-b790-9b822e3880d7,931,ENTONET/LENKISIM,cdaa5c2e-f07a-5fba-9263-97975c860d9d,15,OLOILALEI PR. SCH.
f413ea13-fcd9-5b44-9d22-1fa1f7b063a5,34,KAJIADO,989a07c0-3d42-55be-9c8e-df3c5aa18976,187,KAJIADO SOUTH,651ed375-8d2e-5e55-b790-9b822e3880d7,931,ENTONET/LENKISIM,9c1c380a-8f65-515a-a5df-badc248a54fb,16,OLGULULUI PR. SCH.
f413ea13-fcd9-5b44-9d22-1fa1f7b063a5,34,KAJIADO,989a07c0-3d42-55be-9c8e-df3c5aa18976,187,KAJIADO SOUTH,651ed375-8d2e-5e55-b790-9b822e3880d7,931,ENTONET/LENKISIM,86008724-91e2-5e04-936b-7083a9f452f2,17,MESHENANI PRI. SCH.
f413ea13-fcd9-5b44-9d22-1fa1f7b063a5,34,KAJIADO,989a07c0-3d42-55be-9c8e-df3c5aa18976,187,KAJIADO SOUTH,651ed375-8d2e-5e55-b790-9b822e3880d7,931,ENTONET/LENKISIM,8a7f0c70-9460-55c1-abda-715784e88571,18,NGARARAMPUNI NUR. SCH.
f413ea13-fcd9-5b44-9d22-1fa1f7b063a5,34,KAJIADO,989a07c0-3d42-55be-9c8e-df3c5aa18976,187,KAJIADO SOUTH,651ed375-8d2e-5e55-b790-9b822e3880d7,931,ENTONET/LENKISIM,529a0b81-cdb8-544b-9c01-82e4d6f8a1e9,19,ELUAI NUR. SCH.
f413ea13-fcd9-5b44-9d22-1fa1f7b063a5,34,KAJIADO,989a07c0-3d42-55be-9c8e-df3c5aa18976,187,KAJIADO SOUTH,651ed375-8d2e-5e55-b790-9b822e3880d7,931,ENTONET/LENKISIM,752a958e-48b7-5968-b0c8-d0e9c46f7bb6,20,ELERAI BOREHOLE NUR. SCH.
f413ea13-fcd9-5b44-9d22-1fa1f7b063a5,34,KAJIADO,989a07c0-3d42-55be-9c8e-df3c5aa18976,187,KAJIADO SOUTH,651ed375-8d2e-5e55-b790-9b822e3880d7,931,ENTONET/LENKISIM,78a35de8-066f-5646-9c41-c98f1500b627,21,AMBOSELI PR. SCH.
f413ea13-fcd9-5b44-9d22-1fa1f7b063a5,34,KAJIADO,989a07c0-3d42-55be-9c8e-df3c5aa18976,187,KAJIADO SOUTH,651ed375-8d2e-5e55-b790-9b822e3880d7,931,ENTONET/LENKISIM,366b2011-87c1-543d-9235-3a69e0ecee26,102,RONGAI CATHOLIC CHURCH
f413ea13-fcd9-5b44-9d22-1fa1f7b063a5,34,KAJIADO,989a07c0-3d42-55be-9c8e-df3c5aa18976,187,KAJIADO SOUTH,c63ffd2e-2e28-52bd-8b36-f8b5e4dd975f,932,MBIRIKANI/ESELENKEI,93b997ff-3a09-5496-b0a0-6a6481e9f185,22,LENKISIM PR. SCH.
f413ea13-fcd9-5b44-9d22-1fa1f7b063a5,34,KAJIADO,989a07c0-3d42-55be-9c8e-df3c5aa18976,187,KAJIADO SOUTH,c63ffd2e-2e28-52bd-8b36-f8b5e4dd975f,932,MBIRIKANI/ESELENKEI,420e2011-0a98-53fe-8b51-cd3eab5f55bb,23,INKOROSHONI NUR. SCH.
f413ea13-fcd9-5b44-9d22-1fa1f7b063a5,34,KAJIADO,989a07c0-3d42-55be-9c8e-df3c5aa18976,187,KAJIADO SOUTH,c63ffd2e-2e28-52bd-8b36-f8b5e4dd975f,932,MBIRIKANI/ESELENKEI,a6dee55c-07dc-5ee7-85ab-19f0187e9bee,24,ISINET PR. SCH.
f413ea13-fcd9-5b44-9d22-1fa1f7b063a5,34,KAJIADO,989a07c0-3d42-55be-9c8e-df3c5aa18976,187,KAJIADO SOUTH,c63ffd2e-2e28-52bd-8b36-f8b5e4dd975f,932,MBIRIKANI/ESELENKEI,f2ece4d4-ca99-5940-86cb-4b513377a5d7,25,NABULA NUR. SCH.
f413ea13-fcd9-5b44-9d22-1fa1f7b063a5,34,KAJIADO,989a07c0-3d42-55be-9c8e-df3c5aa18976,187,KAJIADO SOUTH,c63ffd2e-2e28-52bd-8b36-f8b5e4dd975f,932,MBIRIKANI/ESELENKEI,d419e7e0-1a58-5f2b-b04c-4a37b5c3500c,26,ENKAJI NAIBORR NUR. SCH.
f413ea13-fcd9-5b44-9d22-1fa1f7b063a5,34,KAJIADO,989a07c0-3d42-55be-9c8e-df3c5aa18976,187,KAJIADO SOUTH,c63ffd2e-2e28-52bd-8b36-f8b5e4dd975f,932,MBIRIKANI/ESELENKEI,2eb675db-9fe2-5a78-96bd-beb364b0ea15,27,ENKIJAPE PR. SCH.
f413ea13-fcd9-5b44-9d22-1fa1f7b063a5,34,KAJIADO,989a07c0-3d42-55be-9c8e-df3c5aa18976,187,KAJIADO SOUTH,c63ffd2e-2e28-52bd-8b36-f8b5e4dd975f,932,MBIRIKANI/ESELENKEI,07a7fc31-4b8b-595d-bc08-ce5e46294e32,28,KALESIRUA NUR. SCH.
f413ea13-fcd9-5b44-9d22-1fa1f7b063a5,34,KAJIADO,989a07c0-3d42-55be-9c8e-df3c5aa18976,187,KAJIADO SOUTH,c63ffd2e-2e28-52bd-8b36-f8b5e4dd975f,932,MBIRIKANI/ESELENKEI,270f2f8e-fd08-5d30-9a33-da5ffdd793d6,29,OLNG'OSUA PR. SCH.
f413ea13-fcd9-5b44-9d22-1fa1f7b063a5,34,KAJIADO,989a07c0-3d42-55be-9c8e-df3c5aa18976,187,KAJIADO SOUTH,c63ffd2e-2e28-52bd-8b36-f8b5e4dd975f,932,MBIRIKANI/ESELENKEI,c2082eda-505a-57ef-8836-34b8e0f5c51f,30,ILCHALAI PR. SCH.
f413ea13-fcd9-5b44-9d22-1fa1f7b063a5,34,KAJIADO,989a07c0-3d42-55be-9c8e-df3c5aa18976,187,KAJIADO SOUTH,c63ffd2e-2e28-52bd-8b36-f8b5e4dd975f,932,MBIRIKANI/ESELENKEI,9455d16c-762c-5e5d-84cd-8fb11c1793d9,31,LEMASUSU PR. SCH.
f413ea13-fcd9-5b44-9d22-1fa1f7b063a5,34,KAJIADO,989a07c0-3d42-55be-9c8e-df3c5aa18976,187,KAJIADO SOUTH,c63ffd2e-2e28-52bd-8b36-f8b5e4dd975f,932,MBIRIKANI/ESELENKEI,2a473793-dc34-56ec-a299-0b28341ced2d,32,LEINKATI PR. SCH.
f413ea13-fcd9-5b44-9d22-1fa1f7b063a5,34,KAJIADO,989a07c0-3d42-55be-9c8e-df3c5aa18976,187,KAJIADO SOUTH,c63ffd2e-2e28-52bd-8b36-f8b5e4dd975f,932,MBIRIKANI/ESELENKEI,4280e5f1-0853-5f2c-abc7-9e6379399e67,33,OLBILI PR. SCH.
f413ea13-fcd9-5b44-9d22-1fa1f7b063a5,34,KAJIADO,989a07c0-3d42-55be-9c8e-df3c5aa18976,187,KAJIADO SOUTH,c63ffd2e-2e28-52bd-8b36-f8b5e4dd975f,932,MBIRIKANI/ESELENKEI,f473c24d-3755-5769-9fcb-25c8ea3b3e8e,34,NATOISHE PR. SCH.
f413ea13-fcd9-5b44-9d22-1fa1f7b063a5,34,KAJIADO,989a07c0-3d42-55be-9c8e-df3c5aa18976,187,KAJIADO SOUTH,c63ffd2e-2e28-52bd-8b36-f8b5e4dd975f,932,MBIRIKANI/ESELENKEI,d22dbb26-173f-576e-8211-67173a98181f,35,INKOISUK PR. SCH.
f413ea13-fcd9-5b44-9d22-1fa1f7b063a5,34,KAJIADO,989a07c0-3d42-55be-9c8e-df3c5aa18976,187,KAJIADO SOUTH,c63ffd2e-2e28-52bd-8b36-f8b5e4dd975f,932,MBIRIKANI/ESELENKEI,c61064c7-8856-5fed-b21f-7d72cb62a31a,36,OLDOINYIO-WAUAS NUR. SCH.
f413ea13-fcd9-5b44-9d22-1fa1f7b063a5,34,KAJIADO,989a07c0-3d42-55be-9c8e-df3c5aa18976,187,KAJIADO SOUTH,c63ffd2e-2e28-52bd-8b36-f8b5e4dd975f,932,MBIRIKANI/ESELENKEI,44db4aa6-7410-5a59-addb-9365b6be6f38,37,OLANDI PR. SCH.
f413ea13-fcd9-5b44-9d22-1fa1f7b063a5,34,KAJIADO,989a07c0-3d42-55be-9c8e-df3c5aa18976,187,KAJIADO SOUTH,c63ffd2e-2e28-52bd-8b36-f8b5e4dd975f,932,MBIRIKANI/ESELENKEI,56b33260-45db-5c05-939e-7504de863651,38,ILTULETA PR. SCH.
f413ea13-fcd9-5b44-9d22-1fa1f7b063a5,34,KAJIADO,989a07c0-3d42-55be-9c8e-df3c5aa18976,187,KAJIADO SOUTH,c63ffd2e-2e28-52bd-8b36-f8b5e4dd975f,932,MBIRIKANI/ESELENKEI,8daa81cb-cf8a-544f-add6-9fa81220da14,39,ILOIRERO PR. SCH.
f413ea13-fcd9-5b44-9d22-1fa1f7b063a5,34,KAJIADO,989a07c0-3d42-55be-9c8e-df3c5aa18976,187,KAJIADO SOUTH,c63ffd2e-2e28-52bd-8b36-f8b5e4dd975f,932,MBIRIKANI/ESELENKEI,712895f3-b9e1-59bb-8fbd-dcbd0afa2d1e,103,EMUKUTAN PRIMARY SCHOOL
f413ea13-fcd9-5b44-9d22-1fa1f7b063a5,34,KAJIADO,989a07c0-3d42-55be-9c8e-df3c5aa18976,187,KAJIADO SOUTH,c63ffd2e-2e28-52bd-8b36-f8b5e4dd975f,932,MBIRIKANI/ESELENKEI,91b0e7ca-0117-56d8-9b02-b8adee34add5,104,ILNGOSUANI ESELENKEI NURSARY SCHOOL
f413ea13-fcd9-5b44-9d22-1fa1f7b063a5,34,KAJIADO,989a07c0-3d42-55be-9c8e-df3c5aa18976,187,KAJIADO SOUTH,d6319b0a-2fd4-53b6-8e52-46d0ab07c577,933,KUKU,21878ea1-8723-52ca-b08e-e22d8d8b6706,40,ILITILAL PR. SCH.
f413ea13-fcd9-5b44-9d22-1fa1f7b063a5,34,KAJIADO,989a07c0-3d42-55be-9c8e-df3c5aa18976,187,KAJIADO SOUTH,d6319b0a-2fd4-53b6-8e52-46d0ab07c577,933,KUKU,a027ec5c-2b97-5cac-af7f-fb8911189d8c,41,NEITI NUR. SCH.
f413ea13-fcd9-5b44-9d22-1fa1f7b063a5,34,KAJIADO,989a07c0-3d42-55be-9c8e-df3c5aa18976,187,KAJIADO SOUTH,d6319b0a-2fd4-53b6-8e52-46d0ab07c577,933,KUKU,190bfb62-f17c-5cdb-9133-922c03ac9b8f,42,OYERATA PR. SCH.
f413ea13-fcd9-5b44-9d22-1fa1f7b063a5,34,KAJIADO,989a07c0-3d42-55be-9c8e-df3c5aa18976,187,KAJIADO SOUTH,d6319b0a-2fd4-53b6-8e52-46d0ab07c577,933,KUKU,ba11c180-cfcf-54db-8368-a3adfb74c14f,43,LOOLEPO NUR. SCH.
f413ea13-fcd9-5b44-9d22-1fa1f7b063a5,34,KAJIADO,989a07c0-3d42-55be-9c8e-df3c5aa18976,187,KAJIADO SOUTH,d6319b0a-2fd4-53b6-8e52-46d0ab07c577,933,KUKU,0f055d2a-9721-5561-ab73-4c5f9968c94e,44,MOILO PR. SCH.
f413ea13-fcd9-5b44-9d22-1fa1f7b063a5,34,KAJIADO,989a07c0-3d42-55be-9c8e-df3c5aa18976,187,KAJIADO SOUTH,d6319b0a-2fd4-53b6-8e52-46d0ab07c577,933,KUKU,21e59049-bbfd-50cb-bef2-ff23531637cb,45,ENKUSERO PR. SCH.
f413ea13-fcd9-5b44-9d22-1fa1f7b063a5,34,KAJIADO,989a07c0-3d42-55be-9c8e-df3c5aa18976,187,KAJIADO SOUTH,d6319b0a-2fd4-53b6-8e52-46d0ab07c577,933,KUKU,7f54adc2-fb65-5c23-8a60-455a8e904661,46,ENKUTOTO PR. SCH.
f413ea13-fcd9-5b44-9d22-1fa1f7b063a5,34,KAJIADO,989a07c0-3d42-55be-9c8e-df3c5aa18976,187,KAJIADO SOUTH,d6319b0a-2fd4-53b6-8e52-46d0ab07c577,933,KUKU,e3f58564-b8e6-5a0b-a92e-42d1d8031f9e,47,OLKARIA PR. SCH.
f413ea13-fcd9-5b44-9d22-1fa1f7b063a5,34,KAJIADO,989a07c0-3d42-55be-9c8e-df3c5aa18976,187,KAJIADO SOUTH,d6319b0a-2fd4-53b6-8e52-46d0ab07c577,933,KUKU,15ec6a7c-4f11-577c-a806-2d36be00e87d,48,KUKU PR. SCH.
f413ea13-fcd9-5b44-9d22-1fa1f7b063a5,34,KAJIADO,989a07c0-3d42-55be-9c8e-df3c5aa18976,187,KAJIADO SOUTH,d6319b0a-2fd4-53b6-8e52-46d0ab07c577,933,KUKU,0e811fcd-9e9d-5776-b75e-5fcde7e4e9a8,49,NAROK ENTERIT NUR. SCH.
f413ea13-fcd9-5b44-9d22-1fa1f7b063a5,34,KAJIADO,989a07c0-3d42-55be-9c8e-df3c5aa18976,187,KAJIADO SOUTH,d6319b0a-2fd4-53b6-8e52-46d0ab07c577,933,KUKU,cf37b4b5-669a-50bb-b8bd-cb0173ca05a2,50,A.I.C. PR. SCH.
f413ea13-fcd9-5b44-9d22-1fa1f7b063a5,34,KAJIADO,989a07c0-3d42-55be-9c8e-df3c5aa18976,187,KAJIADO SOUTH,d6319b0a-2fd4-53b6-8e52-46d0ab07c577,933,KUKU,db9b6bd2-3a35-599d-8a5a-6594409eaef7,51,LOITOKITOK PR. SCH.
f413ea13-fcd9-5b44-9d22-1fa1f7b063a5,34,KAJIADO,989a07c0-3d42-55be-9c8e-df3c5aa18976,187,KAJIADO SOUTH,d6319b0a-2fd4-53b6-8e52-46d0ab07c577,933,KUKU,c4d99a23-b3b7-50be-84b0-99d7fcba7c6e,52,FULL GOSPEL CHURCH KAMUKUNJI
f413ea13-fcd9-5b44-9d22-1fa1f7b063a5,34,KAJIADO,989a07c0-3d42-55be-9c8e-df3c5aa18976,187,KAJIADO SOUTH,d6319b0a-2fd4-53b6-8e52-46d0ab07c577,933,KUKU,740a48f5-ac65-5be5-ac2d-7872a0df4b38,53,K.A.G CHURCH BONDENI
f413ea13-fcd9-5b44-9d22-1fa1f7b063a5,34,KAJIADO,989a07c0-3d42-55be-9c8e-df3c5aa18976,187,KAJIADO SOUTH,d6319b0a-2fd4-53b6-8e52-46d0ab07c577,933,KUKU,480752af-0e1b-508b-8ec8-b4961888cd27,54,NKAMA PR. SCH.
f413ea13-fcd9-5b44-9d22-1fa1f7b063a5,34,KAJIADO,989a07c0-3d42-55be-9c8e-df3c5aa18976,187,KAJIADO SOUTH,d6319b0a-2fd4-53b6-8e52-46d0ab07c577,933,KUKU,6f4a3813-9c08-5e66-b885-e13a02c34281,55,OLE MUTURI PR. SCH.
f413ea13-fcd9-5b44-9d22-1fa1f7b063a5,34,KAJIADO,989a07c0-3d42-55be-9c8e-df3c5aa18976,187,KAJIADO SOUTH,d6319b0a-2fd4-53b6-8e52-46d0ab07c577,933,KUKU,2d3f521b-d3cb-5e62-943d-8df47c04cc17,56,SHURIE NUR. SCH.
f413ea13-fcd9-5b44-9d22-1fa1f7b063a5,34,KAJIADO,989a07c0-3d42-55be-9c8e-df3c5aa18976,187,KAJIADO SOUTH,d6319b0a-2fd4-53b6-8e52-46d0ab07c577,933,KUKU,682cf746-17b2-5173-9b99-84dd41da64ce,57,NASORE CATHOLIC CHURCH
f413ea13-fcd9-5b44-9d22-1fa1f7b063a5,34,KAJIADO,989a07c0-3d42-55be-9c8e-df3c5aa18976,187,KAJIADO SOUTH,d6319b0a-2fd4-53b6-8e52-46d0ab07c577,933,KUKU,6d927359-8449-50d4-8049-2debc12570bc,58,INKISANJANI PR. SCH.
f413ea13-fcd9-5b44-9d22-1fa1f7b063a5,34,KAJIADO,989a07c0-3d42-55be-9c8e-df3c5aa18976,187,KAJIADO SOUTH,d6319b0a-2fd4-53b6-8e52-46d0ab07c577,933,KUKU,f37af91a-e5cb-50ee-b8f7-38eb1c56b55e,59,ELANGATA ENKIMA PR. SCH.
f413ea13-fcd9-5b44-9d22-1fa1f7b063a5,34,KAJIADO,989a07c0-3d42-55be-9c8e-df3c5aa18976,187,KAJIADO SOUTH,d6319b0a-2fd4-53b6-8e52-46d0ab07c577,933,KUKU,749b072f-44db-5863-a603-1b7ee077e9ac,60,LOOSOITOK PR. SCH.
f413ea13-fcd9-5b44-9d22-1fa1f7b063a5,34,KAJIADO,989a07c0-3d42-55be-9c8e-df3c5aa18976,187,KAJIADO SOUTH,d6319b0a-2fd4-53b6-8e52-46d0ab07c577,933,KUKU,166dee52-ab18-51a3-abbd-6526282ac07a,61,ENKII PR. SCH.
f413ea13-fcd9-5b44-9d22-1fa1f7b063a5,34,KAJIADO,989a07c0-3d42-55be-9c8e-df3c5aa18976,187,KAJIADO SOUTH,d6319b0a-2fd4-53b6-8e52-46d0ab07c577,933,KUKU,b8c2aeff-ddb5-5964-85ea-66bd9fd18469,62,OLORIKA PR. SCH.
f413ea13-fcd9-5b44-9d22-1fa1f7b063a5,34,KAJIADO,989a07c0-3d42-55be-9c8e-df3c5aa18976,187,KAJIADO SOUTH,d6319b0a-2fd4-53b6-8e52-46d0ab07c577,933,KUKU,921ed0ed-d037-53b3-943d-0a6452743050,63,ENKOLILI PR. SCH.
f413ea13-fcd9-5b44-9d22-1fa1f7b063a5,34,KAJIADO,989a07c0-3d42-55be-9c8e-df3c5aa18976,187,KAJIADO SOUTH,d6319b0a-2fd4-53b6-8e52-46d0ab07c577,933,KUKU,9ee0d4e7-e0f7-5390-bb4d-0e4b08503b61,64,OLTIASIKA PR. SCH.
f413ea13-fcd9-5b44-9d22-1fa1f7b063a5,34,KAJIADO,989a07c0-3d42-55be-9c8e-df3c5aa18976,187,KAJIADO SOUTH,d6319b0a-2fd4-53b6-8e52-46d0ab07c577,933,KUKU,0539968a-209e-5a46-aae8-dc2f04092895,65,NOLASITI PR. SCH. (MOROKOET)
f413ea13-fcd9-5b44-9d22-1fa1f7b063a5,34,KAJIADO,989a07c0-3d42-55be-9c8e-df3c5aa18976,187,KAJIADO SOUTH,d6319b0a-2fd4-53b6-8e52-46d0ab07c577,933,KUKU,5ceb64ea-c3d4-5f40-840f-bb9f1b4ca8df,105,OLMATASIA PENTECOSTAL CHURCH
f413ea13-fcd9-5b44-9d22-1fa1f7b063a5,34,KAJIADO,989a07c0-3d42-55be-9c8e-df3c5aa18976,187,KAJIADO SOUTH,d6319b0a-2fd4-53b6-8e52-46d0ab07c577,933,KUKU,83a0c52a-7785-598d-a182-3489a9f63ced,106,SAMAI PRIMARY
f413ea13-fcd9-5b44-9d22-1fa1f7b063a5,34,KAJIADO,989a07c0-3d42-55be-9c8e-df3c5aa18976,187,KAJIADO SOUTH,e0399732-5afd-5f15-98a9-207e9d85ef95,934,ROMBO,63487689-203d-51df-ab0f-2e695881f97b,66,ROMBO GIRLS PR. SCH.
f413ea13-fcd9-5b44-9d22-1fa1f7b063a5,34,KAJIADO,989a07c0-3d42-55be-9c8e-df3c5aa18976,187,KAJIADO SOUTH,e0399732-5afd-5f15-98a9-207e9d85ef95,934,ROMBO,36a79f92-3a10-5ee4-9fce-4736fc186348,67,ENCHURRAI PR. SCH.
f413ea13-fcd9-5b44-9d22-1fa1f7b063a5,34,KAJIADO,989a07c0-3d42-55be-9c8e-df3c5aa18976,187,KAJIADO SOUTH,e0399732-5afd-5f15-98a9-207e9d85ef95,934,ROMBO,a345d10f-cae8-5f59-90e8-37666868a62b,68,BELLGROVE LEMONGO PR. SCH.
f413ea13-fcd9-5b44-9d22-1fa1f7b063a5,34,KAJIADO,989a07c0-3d42-55be-9c8e-df3c5aa18976,187,KAJIADO SOUTH,e0399732-5afd-5f15-98a9-207e9d85ef95,934,ROMBO,bbe83b92-652a-5094-8ed9-39d86b798cef,69,BOMA PR. SCH.
f413ea13-fcd9-5b44-9d22-1fa1f7b063a5,34,KAJIADO,989a07c0-3d42-55be-9c8e-df3c5aa18976,187,KAJIADO SOUTH,e0399732-5afd-5f15-98a9-207e9d85ef95,934,ROMBO,d749b7d8-c95b-582d-8d4d-234836f535af,70,ORARAIT NUR. SCH.
f413ea13-fcd9-5b44-9d22-1fa1f7b063a5,34,KAJIADO,989a07c0-3d42-55be-9c8e-df3c5aa18976,187,KAJIADO SOUTH,e0399732-5afd-5f15-98a9-207e9d85ef95,934,ROMBO,f5d09236-c292-54ab-af01-3f76274935a1,71,OLGIRRA PR. SCH.
f413ea13-fcd9-5b44-9d22-1fa1f7b063a5,34,KAJIADO,989a07c0-3d42-55be-9c8e-df3c5aa18976,187,KAJIADO SOUTH,e0399732-5afd-5f15-98a9-207e9d85ef95,934,ROMBO,c4949ee7-067c-5eb3-832f-72c354c28679,72,ELERAI PR. SCH.
f413ea13-fcd9-5b44-9d22-1fa1f7b063a5,34,KAJIADO,989a07c0-3d42-55be-9c8e-df3c5aa18976,187,KAJIADO SOUTH,e0399732-5afd-5f15-98a9-207e9d85ef95,934,ROMBO,de05f0ef-391c-56dc-99c1-21397e9cfda5,73,ESOSIAN PR. SCH.
f413ea13-fcd9-5b44-9d22-1fa1f7b063a5,34,KAJIADO,989a07c0-3d42-55be-9c8e-df3c5aa18976,187,KAJIADO SOUTH,e0399732-5afd-5f15-98a9-207e9d85ef95,934,ROMBO,3814ccfc-a716-5cde-aa35-ec5d59d47d6c,74,OLMAPINU PR. SCH.
f413ea13-fcd9-5b44-9d22-1fa1f7b063a5,34,KAJIADO,989a07c0-3d42-55be-9c8e-df3c5aa18976,187,KAJIADO SOUTH,e0399732-5afd-5f15-98a9-207e9d85ef95,934,ROMBO,cff00cde-a258-5bb1-992e-15c2e8cf0207,75,OLOIBORSOIT PR. SCH.
f413ea13-fcd9-5b44-9d22-1fa1f7b063a5,34,KAJIADO,989a07c0-3d42-55be-9c8e-df3c5aa18976,187,KAJIADO SOUTH,e0399732-5afd-5f15-98a9-207e9d85ef95,934,ROMBO,fa658d47-028b-5e81-8023-c45dd346175a,76,MATEPES PR. SCH.
f413ea13-fcd9-5b44-9d22-1fa1f7b063a5,34,KAJIADO,989a07c0-3d42-55be-9c8e-df3c5aa18976,187,KAJIADO SOUTH,e0399732-5afd-5f15-98a9-207e9d85ef95,934,ROMBO,b13c8ee6-10f2-5c56-a11e-6bde96d5e23e,77,NASIPA PR. SCH.
f413ea13-fcd9-5b44-9d22-1fa1f7b063a5,34,KAJIADO,989a07c0-3d42-55be-9c8e-df3c5aa18976,187,KAJIADO SOUTH,e0399732-5afd-5f15-98a9-207e9d85ef95,934,ROMBO,97c2840e-911a-5c3c-8de1-8bbed9c3155e,78,PENTECOSTAL CHURCH NOLASITI
f413ea13-fcd9-5b44-9d22-1fa1f7b063a5,34,KAJIADO,989a07c0-3d42-55be-9c8e-df3c5aa18976,187,KAJIADO SOUTH,e0399732-5afd-5f15-98a9-207e9d85ef95,934,ROMBO,45d03ee0-8e37-5fee-95d8-17e6464d0fa8,79,LOIYAPASEI NUR. SCH.
f413ea13-fcd9-5b44-9d22-1fa1f7b063a5,34,KAJIADO,989a07c0-3d42-55be-9c8e-df3c5aa18976,187,KAJIADO SOUTH,e0399732-5afd-5f15-98a9-207e9d85ef95,934,ROMBO,130da742-a0e6-5201-9749-c451aa22fcde,80,MUNYURRA PR. SCH.
f413ea13-fcd9-5b44-9d22-1fa1f7b063a5,34,KAJIADO,989a07c0-3d42-55be-9c8e-df3c5aa18976,187,KAJIADO SOUTH,e0399732-5afd-5f15-98a9-207e9d85ef95,934,ROMBO,594a9026-3394-5bd0-a2b0-55736c38ceaa,81,OLBAK NUR. SCH.
f413ea13-fcd9-5b44-9d22-1fa1f7b063a5,34,KAJIADO,989a07c0-3d42-55be-9c8e-df3c5aa18976,187,KAJIADO SOUTH,e0399732-5afd-5f15-98a9-207e9d85ef95,934,ROMBO,15e9767f-06f0-5e53-b834-8d7bc467a2d8,82,ENTARARA PR. SCH.
f413ea13-fcd9-5b44-9d22-1fa1f7b063a5,34,KAJIADO,989a07c0-3d42-55be-9c8e-df3c5aa18976,187,KAJIADO SOUTH,e0399732-5afd-5f15-98a9-207e9d85ef95,934,ROMBO,8ae4a5d8-dbac-538f-9d2d-5af261ae0292,83,OLMAROROI PR. SCH.
f413ea13-fcd9-5b44-9d22-1fa1f7b063a5,34,KAJIADO,989a07c0-3d42-55be-9c8e-df3c5aa18976,187,KAJIADO SOUTH,e0399732-5afd-5f15-98a9-207e9d85ef95,934,ROMBO,05d8f292-42ae-5e40-9fc0-fa49f35d03f2,84,OLOOSHONYOKIE PR. SCH.
f413ea13-fcd9-5b44-9d22-1fa1f7b063a5,34,KAJIADO,989a07c0-3d42-55be-9c8e-df3c5aa18976,187,KAJIADO SOUTH,e0399732-5afd-5f15-98a9-207e9d85ef95,934,ROMBO,22fa3959-5980-59d0-956b-81eee00be89a,85,ILLASIT PR. SCH.
f413ea13-fcd9-5b44-9d22-1fa1f7b063a5,34,KAJIADO,989a07c0-3d42-55be-9c8e-df3c5aa18976,187,KAJIADO SOUTH,e0399732-5afd-5f15-98a9-207e9d85ef95,934,ROMBO,34f1419e-10c5-5615-b14e-be057d68cfd1,86,CATHOLIC CHURCH ILLASIT
f413ea13-fcd9-5b44-9d22-1fa1f7b063a5,34,KAJIADO,989a07c0-3d42-55be-9c8e-df3c5aa18976,187,KAJIADO SOUTH,e0399732-5afd-5f15-98a9-207e9d85ef95,934,ROMBO,31052aff-8ad1-58c9-ab95-64b821094ba8,87,KIKELEWA PR. SCH.
f413ea13-fcd9-5b44-9d22-1fa1f7b063a5,34,KAJIADO,989a07c0-3d42-55be-9c8e-df3c5aa18976,187,KAJIADO SOUTH,e0399732-5afd-5f15-98a9-207e9d85ef95,934,ROMBO,acff8e7a-c179-56e6-87d1-86be5dc85d94,88,OLKIRORITI PR. SCH.
f413ea13-fcd9-5b44-9d22-1fa1f7b063a5,34,KAJIADO,989a07c0-3d42-55be-9c8e-df3c5aa18976,187,KAJIADO SOUTH,e0399732-5afd-5f15-98a9-207e9d85ef95,934,ROMBO,88705723-b470-5439-8475-6a0340515f9e,89,ST ANDREWS CHURCH KIKELELWA
f413ea13-fcd9-5b44-9d22-1fa1f7b063a5,34,KAJIADO,989a07c0-3d42-55be-9c8e-df3c5aa18976,187,KAJIADO SOUTH,e0399732-5afd-5f15-98a9-207e9d85ef95,934,ROMBO,0dd0f13f-0c22-5b27-9f4d-39c59993504e,107,ENTARARA SEC SCHOOL
f413ea13-fcd9-5b44-9d22-1fa1f7b063a5,34,KAJIADO,989a07c0-3d42-55be-9c8e-df3c5aa18976,187,KAJIADO SOUTH,ec2be18a-7e07-5179-bdd5-1f5497440feb,935,KIMANA,8d3d0794-7e56-5621-88cb-393f9334f485,90,LOORMEUTI PR. SCH.
f413ea13-fcd9-5b44-9d22-1fa1f7b063a5,34,KAJIADO,989a07c0-3d42-55be-9c8e-df3c5aa18976,187,KAJIADO SOUTH,ec2be18a-7e07-5179-bdd5-1f5497440feb,935,KIMANA,b7c1333c-12fa-57b6-b3b5-b7d9892e1a37,91,IMPIRON PR. SCH.
f413ea13-fcd9-5b44-9d22-1fa1f7b063a5,34,KAJIADO,989a07c0-3d42-55be-9c8e-df3c5aa18976,187,KAJIADO SOUTH,ec2be18a-7e07-5179-bdd5-1f5497440feb,935,KIMANA,063142cc-a5b4-5ed9-b149-c6b8fb91d83a,92,CHRIST THE KING SEC. SCH.
f413ea13-fcd9-5b44-9d22-1fa1f7b063a5,34,KAJIADO,989a07c0-3d42-55be-9c8e-df3c5aa18976,187,KAJIADO SOUTH,ec2be18a-7e07-5179-bdd5-1f5497440feb,935,KIMANA,ac65ecc9-6e5a-57e0-b6e7-68aab7c55637,93,MAISUYATI PR. SCH.
f413ea13-fcd9-5b44-9d22-1fa1f7b063a5,34,KAJIADO,989a07c0-3d42-55be-9c8e-df3c5aa18976,187,KAJIADO SOUTH,ec2be18a-7e07-5179-bdd5-1f5497440feb,935,KIMANA,14f7482e-0b4a-54cf-996c-9dbd4114ca49,94,KIMANA PR. SCH.
f413ea13-fcd9-5b44-9d22-1fa1f7b063a5,34,KAJIADO,989a07c0-3d42-55be-9c8e-df3c5aa18976,187,KAJIADO SOUTH,ec2be18a-7e07-5179-bdd5-1f5497440feb,935,KIMANA,4c87bfbb-cf25-5717-8aa5-f4f89fdd8c0f,95,KIMANA SEC. SCH.
f413ea13-fcd9-5b44-9d22-1fa1f7b063a5,34,KAJIADO,989a07c0-3d42-55be-9c8e-df3c5aa18976,187,KAJIADO SOUTH,ec2be18a-7e07-5179-bdd5-1f5497440feb,935,KIMANA,12a92c9a-8c43-5936-9f56-e88626b557e2,96,LEMONGO PR. SCH.
f413ea13-fcd9-5b44-9d22-1fa1f7b063a5,34,KAJIADO,989a07c0-3d42-55be-9c8e-df3c5aa18976,187,KAJIADO SOUTH,ec2be18a-7e07-5179-bdd5-1f5497440feb,935,KIMANA,6e8e3049-33c3-55ed-80d0-009052e5bb94,97,NAMELOK PR. SCH.
f413ea13-fcd9-5b44-9d22-1fa1f7b063a5,34,KAJIADO,989a07c0-3d42-55be-9c8e-df3c5aa18976,187,KAJIADO SOUTH,ec2be18a-7e07-5179-bdd5-1f5497440feb,935,KIMANA,ffd1c6c2-131d-529e-917b-87ed7fd9d338,98,OLOILE PR. SCH.
f413ea13-fcd9-5b44-9d22-1fa1f7b063a5,34,KAJIADO,989a07c0-3d42-55be-9c8e-df3c5aa18976,187,KAJIADO SOUTH,ec2be18a-7e07-5179-bdd5-1f5497440feb,935,KIMANA,3f9ac0b2-070e-5863-b89d-86bd81549115,99,INKARIAK RONKENA PR. SCH.
f413ea13-fcd9-5b44-9d22-1fa1f7b063a5,34,KAJIADO,989a07c0-3d42-55be-9c8e-df3c5aa18976,187,KAJIADO SOUTH,ec2be18a-7e07-5179-bdd5-1f5497440feb,935,KIMANA,6719379c-6892-5540-b430-23fcd36b9197,100,SOMPET PR. SCH.
f413ea13-fcd9-5b44-9d22-1fa1f7b063a5,34,KAJIADO,989a07c0-3d42-55be-9c8e-df3c5aa18976,187,KAJIADO SOUTH,ec2be18a-7e07-5179-bdd5-1f5497440feb,935,KIMANA,179f5531-a560-5d77-a1fa-2706512efa66,101,OLDOINYO OIBORR PR. SCH.
f413ea13-fcd9-5b44-9d22-1fa1f7b063a5,34,KAJIADO,989a07c0-3d42-55be-9c8e-df3c5aa18976,187,KAJIADO SOUTH,ec2be18a-7e07-5179-bdd5-1f5497440feb,935,KIMANA,5c00acd3-a087-54d7-a09d-c51dbf13972c,108,KAG OLOSHAIKI KIMANA
