66e549b7-01e2-5d07-98d5-430f74d8d3b2,20,KIRINYAGA,c9549c94-256a-5e60-b6cc-633debf569a4,100,MWEA,8d6e7123-fb17-50fc-a71e-4b63fd521da5,496,MUTITHI,362c4e1c-b7b7-596e-b49a-cf5d71a7f089,1,KAGIO PRIMARY SCHOOL
66e549b7-01e2-5d07-98d5-430f74d8d3b2,20,KIRINYAGA,c9549c94-256a-5e60-b6cc-633debf569a4,100,MWEA,8d6e7123-fb17-50fc-a71e-4b63fd521da5,496,MUTITHI,c17182bd-1d8f-54c7-b2bb-c1fce2d22677,2,KINYAGA PRIMARY SCHOOL
66e549b7-01e2-5d07-98d5-430f74d8d3b2,20,KIRINYAGA,c9549c94-256a-5e60-b6cc-633debf569a4,100,MWEA,8d6e7123-fb17-50fc-a71e-4b63fd521da5,496,MUTITHI,b2b158d6-3be9-52f1-850b-9e1154011be5,3,ST MARY'S MUTITHI GIRLS SECONDARY SCHO
66e549b7-01e2-5d07-98d5-430f74d8d3b2,20,KIRINYAGA,c9549c94-256a-5e60-b6cc-633debf569a4,100,MWEA,8d6e7123-fb17-50fc-a71e-4b63fd521da5,496,MUTITHI,561960e5-36cd-5f8c-89db-090d9c1beaa7,4,KANDONGU PRIMARY SCHOOL
66e549b7-01e2-5d07-98d5-430f74d8d3b2,20,KIRINYAGA,c9549c94-256a-5e60-b6cc-633debf569a4,100,MWEA,8d6e7123-fb17-50fc-a71e-4b63fd521da5,496,MUTITHI,fecbcf86-408e-5e65-aa94-0ca6e9196bdf,5,KANGA'RU PRIMARY SCHOOL
66e549b7-01e2-5d07-98d5-430f74d8d3b2,20,KIRINYAGA,c9549c94-256a-5e60-b6cc-633debf569a4,100,MWEA,8d6e7123-fb17-50fc-a71e-4b63fd521da5,496,MUTITHI,f6fe3edc-a4bb-588e-b91b-879df3e7598b,6,RWANG'ONDU PRIMARY SCHOOL
66e549b7-01e2-5d07-98d5-430f74d8d3b2,20,KIRINYAGA,c9549c94-256a-5e60-b6cc-633debf569a4,100,MWEA,8d6e7123-fb17-50fc-a71e-4b63fd521da5,496,MUTITHI,3a190d76-a993-5aed-9379-0f187d533106,7,KWA' V' KENYA NATIONAL HIGHWAYS AUTH
66e549b7-01e2-5d07-98d5-430f74d8d3b2,20,KIRINYAGA,c9549c94-256a-5e60-b6cc-633debf569a4,100,MWEA,8d6e7123-fb17-50fc-a71e-4b63fd521da5,496,MUTITHI,f9887f81-affa-5639-a36c-8c95e0693ddb,8,RUKANGA PRIMARY SCHOOL
66e549b7-01e2-5d07-98d5-430f74d8d3b2,20,KIRINYAGA,c9549c94-256a-5e60-b6cc-633debf569a4,100,MWEA,8d6e7123-fb17-50fc-a71e-4b63fd521da5,496,MUTITHI,8aabad9a-81fa-5e6a-bee0-eea4385eded2,9,KAMINJI PRIMARY SCHOOL
66e549b7-01e2-5d07-98d5-430f74d8d3b2,20,KIRINYAGA,c9549c94-256a-5e60-b6cc-633debf569a4,100,MWEA,8d6e7123-fb17-50fc-a71e-4b63fd521da5,496,MUTITHI,93363351-c0dc-5e50-9870-53508f24fc43,10,MUTITHI PRIMARY SCHOOL
66e549b7-01e2-5d07-98d5-430f74d8d3b2,20,KIRINYAGA,c9549c94-256a-5e60-b6cc-633debf569a4,100,MWEA,8d6e7123-fb17-50fc-a71e-4b63fd521da5,496,MUTITHI,b026f083-45e4-5b9e-b1f1-1d164e8aa6f4,11,KIRWARA PRIMARY SCHOOL
66e549b7-01e2-5d07-98d5-430f74d8d3b2,20,KIRINYAGA,c9549c94-256a-5e60-b6cc-633debf569a4,100,MWEA,8d6e7123-fb17-50fc-a71e-4b63fd521da5,496,MUTITHI,b8cf8191-c8c8-59aa-b359-ebeb4959d257,12,RIANDIRA PRIMARY SCHOOL
66e549b7-01e2-5d07-98d5-430f74d8d3b2,20,KIRINYAGA,c9549c94-256a-5e60-b6cc-633debf569a4,100,MWEA,8d6e7123-fb17-50fc-a71e-4b63fd521da5,496,MUTITHI,c07e23dc-5863-5165-8eda-a8b38751b846,13,NGO'THI PRIMARY SCHOOL
66e549b7-01e2-5d07-98d5-430f74d8d3b2,20,KIRINYAGA,c9549c94-256a-5e60-b6cc-633debf569a4,100,MWEA,8d6e7123-fb17-50fc-a71e-4b63fd521da5,496,MUTITHI,6bc483e2-9623-5438-8212-a60aa37b4433,14,WAMUMU REHABILITATION SCHOOL
66e549b7-01e2-5d07-98d5-430f74d8d3b2,20,KIRINYAGA,c9549c94-256a-5e60-b6cc-633debf569a4,100,MWEA,8d6e7123-fb17-50fc-a71e-4b63fd521da5,496,MUTITHI,5d0a649f-e32d-57b8-bec3-b3a65bedd0f4,15,WAKANIU PRIMARY SCHOOL
66e549b7-01e2-5d07-98d5-430f74d8d3b2,20,KIRINYAGA,c9549c94-256a-5e60-b6cc-633debf569a4,100,MWEA,8d6e7123-fb17-50fc-a71e-4b63fd521da5,496,MUTITHI,aa5ddc30-734e-50fb-bcb8-d9b3c0db6db9,16,GOOD SAMARITAN SECONDARY SCHOOL
66e549b7-01e2-5d07-98d5-430f74d8d3b2,20,KIRINYAGA,c9549c94-256a-5e60-b6cc-633debf569a4,100,MWEA,8d6e7123-fb17-50fc-a71e-4b63fd521da5,496,MUTITHI,09b23650-7c5c-5f62-ae22-035ed1b42f0a,17,KIAMIKUYU YOUTH POLYTECHNIC
66e549b7-01e2-5d07-98d5-430f74d8d3b2,20,KIRINYAGA,c9549c94-256a-5e60-b6cc-633debf569a4,100,MWEA,8d6e7123-fb17-50fc-a71e-4b63fd521da5,496,MUTITHI,875bd2b8-dba8-5514-923c-dc44d02fe8e5,95,KIAMACIRI ACK CHURCH
66e549b7-01e2-5d07-98d5-430f74d8d3b2,20,KIRINYAGA,c9549c94-256a-5e60-b6cc-633debf569a4,100,MWEA,1ab50a01-e111-5189-8bce-f7825bfbfb68,497,KANGAI,79e9318b-59c2-54dd-8789-2f73afccc87f,18,MIANYA PRIMARY SCHOOL
66e549b7-01e2-5d07-98d5-430f74d8d3b2,20,KIRINYAGA,c9549c94-256a-5e60-b6cc-633debf569a4,100,MWEA,1ab50a01-e111-5189-8bce-f7825bfbfb68,497,KANGAI,4045dc4f-c336-5f14-8217-98588a9d85b2,19,NYAGA PRIMARY SCHOOL
66e549b7-01e2-5d07-98d5-430f74d8d3b2,20,KIRINYAGA,c9549c94-256a-5e60-b6cc-633debf569a4,100,MWEA,1ab50a01-e111-5189-8bce-f7825bfbfb68,497,KANGAI,52213937-c1af-58af-8dc4-1eb92d769f24,20,KANGURE PRIMARY SCHOOL
66e549b7-01e2-5d07-98d5-430f74d8d3b2,20,KIRINYAGA,c9549c94-256a-5e60-b6cc-633debf569a4,100,MWEA,1ab50a01-e111-5189-8bce-f7825bfbfb68,497,KANGAI,be780ff9-720a-5a6f-add0-d69fcafe6996,21,KANGAI PRIMARY SCHOOL
66e549b7-01e2-5d07-98d5-430f74d8d3b2,20,KIRINYAGA,c9549c94-256a-5e60-b6cc-633debf569a4,100,MWEA,1ab50a01-e111-5189-8bce-f7825bfbfb68,497,KANGAI,b8a987d0-1607-5a8e-8cf0-4edbae3cb412,22,GITOO-INI PRIMARY SCHOOL
66e549b7-01e2-5d07-98d5-430f74d8d3b2,20,KIRINYAGA,c9549c94-256a-5e60-b6cc-633debf569a4,100,MWEA,1ab50a01-e111-5189-8bce-f7825bfbfb68,497,KANGAI,632537fd-abef-5385-aa59-649391ac41f8,23,NDABA PRIMARY SCHOOL
66e549b7-01e2-5d07-98d5-430f74d8d3b2,20,KIRINYAGA,c9549c94-256a-5e60-b6cc-633debf569a4,100,MWEA,1ab50a01-e111-5189-8bce-f7825bfbfb68,497,KANGAI,9b44973f-2c01-580d-9a9b-763dd72ef062,24,KOMBU-INI PRIMARY SCHOOL
66e549b7-01e2-5d07-98d5-430f74d8d3b2,20,KIRINYAGA,c9549c94-256a-5e60-b6cc-633debf569a4,100,MWEA,9ae6518a-47fc-5376-a205-970c12f85734,498,THIBA,dbf51374-8c98-5961-9762-52f0d7f2c7c5,25,MUKOU PRIMARY SCHOOL
66e549b7-01e2-5d07-98d5-430f74d8d3b2,20,KIRINYAGA,c9549c94-256a-5e60-b6cc-633debf569a4,100,MWEA,9ae6518a-47fc-5376-a205-970c12f85734,498,THIBA,300ddca7-95f4-579b-84dc-bcb78e54b9fe,26,KARIRA PRIMARY SCHOOL
66e549b7-01e2-5d07-98d5-430f74d8d3b2,20,KIRINYAGA,c9549c94-256a-5e60-b6cc-633debf569a4,100,MWEA,9ae6518a-47fc-5376-a205-970c12f85734,498,THIBA,e6c7b220-2732-5090-8d16-45618baef87e,27,NYAIKUNGU PRIMARY SCHOOL
66e549b7-01e2-5d07-98d5-430f74d8d3b2,20,KIRINYAGA,c9549c94-256a-5e60-b6cc-633debf569a4,100,MWEA,9ae6518a-47fc-5376-a205-970c12f85734,498,THIBA,34d4c4f3-b42b-5882-ac28-6d494d1af18e,28,NGUKA PRIMARY SCHOOL
66e549b7-01e2-5d07-98d5-430f74d8d3b2,20,KIRINYAGA,c9549c94-256a-5e60-b6cc-633debf569a4,100,MWEA,9ae6518a-47fc-5376-a205-970c12f85734,498,THIBA,548373f0-5e9d-576d-b764-22320355a0a7,29,NDOROME PRIMARY SCHOOL
66e549b7-01e2-5d07-98d5-430f74d8d3b2,20,KIRINYAGA,c9549c94-256a-5e60-b6cc-633debf569a4,100,MWEA,9ae6518a-47fc-5376-a205-970c12f85734,498,THIBA,63a1df36-d728-578a-a99b-0518d83194be,30,MBUI NJERU PRIMARY SCHOOL
66e549b7-01e2-5d07-98d5-430f74d8d3b2,20,KIRINYAGA,c9549c94-256a-5e60-b6cc-633debf569a4,100,MWEA,9ae6518a-47fc-5376-a205-970c12f85734,498,THIBA,f5a10319-75a2-5abd-bb39-d5dbce935246,31,THIBA PRIMARY SCHOOL
66e549b7-01e2-5d07-98d5-430f74d8d3b2,20,KIRINYAGA,c9549c94-256a-5e60-b6cc-633debf569a4,100,MWEA,9ae6518a-47fc-5376-a205-970c12f85734,498,THIBA,7eea152d-d89e-56b3-9bf5-2e4f94d265a6,32,NGUKA SECONDARY SCHOOL
66e549b7-01e2-5d07-98d5-430f74d8d3b2,20,KIRINYAGA,c9549c94-256a-5e60-b6cc-633debf569a4,100,MWEA,9ae6518a-47fc-5376-a205-970c12f85734,498,THIBA,47aae5fb-2837-5c0b-b233-e19d1acbd6a3,33,THIBA SECONDARY SCHOOL
66e549b7-01e2-5d07-98d5-430f74d8d3b2,20,KIRINYAGA,c9549c94-256a-5e60-b6cc-633debf569a4,100,MWEA,9ae6518a-47fc-5376-a205-970c12f85734,498,THIBA,a9bf3338-a72c-5f31-b610-edb78ea14377,34,MWEA SECONDARY SCHOOL
66e549b7-01e2-5d07-98d5-430f74d8d3b2,20,KIRINYAGA,c9549c94-256a-5e60-b6cc-633debf569a4,100,MWEA,9ae6518a-47fc-5376-a205-970c12f85734,498,THIBA,081b99f8-0e5d-5b60-a9fd-fd4e9e15155d,96,KARIMA NEW APOSTOLIC CHURCH
66e549b7-01e2-5d07-98d5-430f74d8d3b2,20,KIRINYAGA,c9549c94-256a-5e60-b6cc-633debf569a4,100,MWEA,34e7e87d-d703-558a-b915-95dff5c8bf56,499,WAMUMU,919f7709-600b-59c6-a220-874641884828,35,KIANDEGWA PRIMARY SCHOOL
66e549b7-01e2-5d07-98d5-430f74d8d3b2,20,KIRINYAGA,c9549c94-256a-5e60-b6cc-633debf569a4,100,MWEA,34e7e87d-d703-558a-b915-95dff5c8bf56,499,WAMUMU,9377f081-064b-5835-8de1-8c5357708d24,36,CIAGIINI PRIMARY SCHOOL
66e549b7-01e2-5d07-98d5-430f74d8d3b2,20,KIRINYAGA,c9549c94-256a-5e60-b6cc-633debf569a4,100,MWEA,34e7e87d-d703-558a-b915-95dff5c8bf56,499,WAMUMU,2dce9fc8-3943-5b90-b805-043accab843e,37,MARURUMO PRIMARY SCHOOL
66e549b7-01e2-5d07-98d5-430f74d8d3b2,20,KIRINYAGA,c9549c94-256a-5e60-b6cc-633debf569a4,100,MWEA,34e7e87d-d703-558a-b915-95dff5c8bf56,499,WAMUMU,59481127-a468-502c-9021-868723fa6bff,38,RURII PRIMARY SCHOOL
66e549b7-01e2-5d07-98d5-430f74d8d3b2,20,KIRINYAGA,c9549c94-256a-5e60-b6cc-633debf569a4,100,MWEA,34e7e87d-d703-558a-b915-95dff5c8bf56,499,WAMUMU,47952583-e3fe-51e6-a0ca-7bb7f128fe17,39,NGANG'A SECONDARY SCHOOL
66e549b7-01e2-5d07-98d5-430f74d8d3b2,20,KIRINYAGA,c9549c94-256a-5e60-b6cc-633debf569a4,100,MWEA,34e7e87d-d703-558a-b915-95dff5c8bf56,499,WAMUMU,a9d2d96a-bb0d-5d86-9826-40c946ea5a4a,40,THOME PRIMARY SCHOOL
66e549b7-01e2-5d07-98d5-430f74d8d3b2,20,KIRINYAGA,c9549c94-256a-5e60-b6cc-633debf569a4,100,MWEA,34e7e87d-d703-558a-b915-95dff5c8bf56,499,WAMUMU,eaaa120a-cf34-5b0d-aef7-432d5437aeb8,41,GATEGI B MARKET CENTRE
66e549b7-01e2-5d07-98d5-430f74d8d3b2,20,KIRINYAGA,c9549c94-256a-5e60-b6cc-633debf569a4,100,MWEA,34e7e87d-d703-558a-b915-95dff5c8bf56,499,WAMUMU,b1283c95-475e-5b87-bb8f-3c4e658af343,97,GATWIRI SOCIAL HALL
66e549b7-01e2-5d07-98d5-430f74d8d3b2,20,KIRINYAGA,c9549c94-256a-5e60-b6cc-633debf569a4,100,MWEA,811acf69-9b20-5de6-a6b1-98795c1574ef,500,NYANGATI,e6a43a15-5935-5ef5-b0b7-43e2405c9eb5,42,KIORUGARI PRIMARY SCHOOL
66e549b7-01e2-5d07-98d5-430f74d8d3b2,20,KIRINYAGA,c9549c94-256a-5e60-b6cc-633debf569a4,100,MWEA,811acf69-9b20-5de6-a6b1-98795c1574ef,500,NYANGATI,551deeca-b449-5739-a8f0-fd4b47ce0956,43,KIMBIMBI PRIMARY SCHOOL
66e549b7-01e2-5d07-98d5-430f74d8d3b2,20,KIRINYAGA,c9549c94-256a-5e60-b6cc-633debf569a4,100,MWEA,811acf69-9b20-5de6-a6b1-98795c1574ef,500,NYANGATI,311e75be-6770-5848-a179-28ce5876e7f1,44,MUTUNGARA PRIMARY SCHOOL
66e549b7-01e2-5d07-98d5-430f74d8d3b2,20,KIRINYAGA,c9549c94-256a-5e60-b6cc-633debf569a4,100,MWEA,811acf69-9b20-5de6-a6b1-98795c1574ef,500,NYANGATI,5a40e048-63c7-5aae-b8ae-b6b9ab6f9d73,45,NYANGATI PRIMARY SCHOOL
66e549b7-01e2-5d07-98d5-430f74d8d3b2,20,KIRINYAGA,c9549c94-256a-5e60-b6cc-633debf569a4,100,MWEA,811acf69-9b20-5de6-a6b1-98795c1574ef,500,NYANGATI,c7799d84-f90a-536e-b14b-bf5b65fc1168,46,URUMANDI COFFEE FACTORY
66e549b7-01e2-5d07-98d5-430f74d8d3b2,20,KIRINYAGA,c9549c94-256a-5e60-b6cc-633debf569a4,100,MWEA,811acf69-9b20-5de6-a6b1-98795c1574ef,500,NYANGATI,d03317df-b679-55cd-967d-05323efe21a8,47,KIANGANGA CATTLE DIP
66e549b7-01e2-5d07-98d5-430f74d8d3b2,20,KIRINYAGA,c9549c94-256a-5e60-b6cc-633debf569a4,100,MWEA,811acf69-9b20-5de6-a6b1-98795c1574ef,500,NYANGATI,635db9e3-81e3-5959-975c-2fe8114ffd5e,48,SAINT PAUL PRIMARY SCHOOL
66e549b7-01e2-5d07-98d5-430f74d8d3b2,20,KIRINYAGA,c9549c94-256a-5e60-b6cc-633debf569a4,100,MWEA,811acf69-9b20-5de6-a6b1-98795c1574ef,500,NYANGATI,388b07b5-3afa-505e-93aa-e0506eaaaca9,49,AHITI NDOMBA PRIMARY SCHOOL
66e549b7-01e2-5d07-98d5-430f74d8d3b2,20,KIRINYAGA,c9549c94-256a-5e60-b6cc-633debf569a4,100,MWEA,811acf69-9b20-5de6-a6b1-98795c1574ef,500,NYANGATI,11813b5b-c0bd-54d4-8d87-99e84d865891,50,GAKUO PRIMARY SCHOOL
66e549b7-01e2-5d07-98d5-430f74d8d3b2,20,KIRINYAGA,c9549c94-256a-5e60-b6cc-633debf569a4,100,MWEA,811acf69-9b20-5de6-a6b1-98795c1574ef,500,NYANGATI,4a862abb-06e9-5beb-ae99-0554f65e59d9,51,KITHIRITI PRIMARY SCHOOL
66e549b7-01e2-5d07-98d5-430f74d8d3b2,20,KIRINYAGA,c9549c94-256a-5e60-b6cc-633debf569a4,100,MWEA,811acf69-9b20-5de6-a6b1-98795c1574ef,500,NYANGATI,9bdd68c1-9e46-5a09-8593-5fd2589f91ce,52,KANGU NURSERY SCHOOL
66e549b7-01e2-5d07-98d5-430f74d8d3b2,20,KIRINYAGA,c9549c94-256a-5e60-b6cc-633debf569a4,100,MWEA,811acf69-9b20-5de6-a6b1-98795c1574ef,500,NYANGATI,064de0c3-a67b-5f7a-bbb1-53a66744449d,53,KUTUS PRIMARY SCHOOL
66e549b7-01e2-5d07-98d5-430f74d8d3b2,20,KIRINYAGA,c9549c94-256a-5e60-b6cc-633debf569a4,100,MWEA,811acf69-9b20-5de6-a6b1-98795c1574ef,500,NYANGATI,9f9f9a2b-04e9-5ef8-9813-778f3633ae4b,54,KAROTI GIRLS SECONDARY SCHOOL
66e549b7-01e2-5d07-98d5-430f74d8d3b2,20,KIRINYAGA,c9549c94-256a-5e60-b6cc-633debf569a4,100,MWEA,811acf69-9b20-5de6-a6b1-98795c1574ef,500,NYANGATI,84c68546-47ac-52ef-95dc-dd6083800f8e,55,KUTUS SECONDARY SCHOOL.
66e549b7-01e2-5d07-98d5-430f74d8d3b2,20,KIRINYAGA,c9549c94-256a-5e60-b6cc-633debf569a4,100,MWEA,511a0b01-7da7-5275-81ba-72888683f2f6,501,MURINDUKO,4389bd2f-78c4-5333-95ba-19b6548d9f00,56,MUMBU-INI PRIMARY SCHOOL
66e549b7-01e2-5d07-98d5-430f74d8d3b2,20,KIRINYAGA,c9549c94-256a-5e60-b6cc-633debf569a4,100,MWEA,511a0b01-7da7-5275-81ba-72888683f2f6,501,MURINDUKO,3a333ed0-a63a-54d8-ba3e-cccb8c6d2288,57,MUGAMBA-CIURA PRIMARY SCHOOL
66e549b7-01e2-5d07-98d5-430f74d8d3b2,20,KIRINYAGA,c9549c94-256a-5e60-b6cc-633debf569a4,100,MWEA,511a0b01-7da7-5275-81ba-72888683f2f6,501,MURINDUKO,4099394e-70e4-549f-9eba-97ce57835739,58,MURINDUKO PRIMARY SCHOOL
66e549b7-01e2-5d07-98d5-430f74d8d3b2,20,KIRINYAGA,c9549c94-256a-5e60-b6cc-633debf569a4,100,MWEA,511a0b01-7da7-5275-81ba-72888683f2f6,501,MURINDUKO,bfdbbbd2-2673-5550-a227-4ed9fe0d7ac8,59,KANJINJI SECONDARY SCHOOL
66e549b7-01e2-5d07-98d5-430f74d8d3b2,20,KIRINYAGA,c9549c94-256a-5e60-b6cc-633debf569a4,100,MWEA,511a0b01-7da7-5275-81ba-72888683f2f6,501,MURINDUKO,a5660609-7d1f-539d-bf83-96ed472d1600,60,TOGONYE COFFEE FACTORY
66e549b7-01e2-5d07-98d5-430f74d8d3b2,20,KIRINYAGA,c9549c94-256a-5e60-b6cc-633debf569a4,100,MWEA,511a0b01-7da7-5275-81ba-72888683f2f6,501,MURINDUKO,ae2bd65f-0503-5bcb-87c6-178f776c5adf,61,NGUCUI PRIMARY SCHOOL
66e549b7-01e2-5d07-98d5-430f74d8d3b2,20,KIRINYAGA,c9549c94-256a-5e60-b6cc-633debf569a4,100,MWEA,511a0b01-7da7-5275-81ba-72888683f2f6,501,MURINDUKO,4418f567-3506-5d60-9472-c2fdeb2cfb03,62,ICHANG'I PRIMARY SCHOOL
66e549b7-01e2-5d07-98d5-430f74d8d3b2,20,KIRINYAGA,c9549c94-256a-5e60-b6cc-633debf569a4,100,MWEA,511a0b01-7da7-5275-81ba-72888683f2f6,501,MURINDUKO,4ecf2045-3807-5b3a-94ca-a91376189e4c,63,GATHIGI-INI PRIMARY SCHOOL
66e549b7-01e2-5d07-98d5-430f74d8d3b2,20,KIRINYAGA,c9549c94-256a-5e60-b6cc-633debf569a4,100,MWEA,511a0b01-7da7-5275-81ba-72888683f2f6,501,MURINDUKO,f55314b0-ee51-5dc0-982e-26735b54cefb,64,URUMANDI PRIMARY SCHOOL
66e549b7-01e2-5d07-98d5-430f74d8d3b2,20,KIRINYAGA,c9549c94-256a-5e60-b6cc-633debf569a4,100,MWEA,511a0b01-7da7-5275-81ba-72888683f2f6,501,MURINDUKO,c31e5109-6c7c-5f7e-ade0-362e132caf4c,65,MATHIGA PRIMARY SCHOOL
66e549b7-01e2-5d07-98d5-430f74d8d3b2,20,KIRINYAGA,c9549c94-256a-5e60-b6cc-633debf569a4,100,MWEA,511a0b01-7da7-5275-81ba-72888683f2f6,501,MURINDUKO,21ca6f65-4036-5623-a197-c1c5f9828c44,66,ITHIGA RIA NJUKI PRIMARY SCHOOL
66e549b7-01e2-5d07-98d5-430f74d8d3b2,20,KIRINYAGA,c9549c94-256a-5e60-b6cc-633debf569a4,100,MWEA,511a0b01-7da7-5275-81ba-72888683f2f6,501,MURINDUKO,4692a34c-94d0-56f2-8251-21c3d0bab04d,67,DIFATHAS PRIMARY SCHOOL
66e549b7-01e2-5d07-98d5-430f74d8d3b2,20,KIRINYAGA,c9549c94-256a-5e60-b6cc-633debf569a4,100,MWEA,511a0b01-7da7-5275-81ba-72888683f2f6,501,MURINDUKO,d5183020-c68d-587d-a50d-9f8b0f48c522,68,TOGONYE PRIMARY SCHOOL
66e549b7-01e2-5d07-98d5-430f74d8d3b2,20,KIRINYAGA,c9549c94-256a-5e60-b6cc-633debf569a4,100,MWEA,511a0b01-7da7-5275-81ba-72888683f2f6,501,MURINDUKO,f77b0abf-b91e-5f0f-821d-f08f03b98f48,69,KARUANGI PRIMARY SCHOOL
66e549b7-01e2-5d07-98d5-430f74d8d3b2,20,KIRINYAGA,c9549c94-256a-5e60-b6cc-633debf569a4,100,MWEA,511a0b01-7da7-5275-81ba-72888683f2f6,501,MURINDUKO,8dd0587a-e8b6-56e7-9ab1-65cdea54db41,70,KANDAWA PRIMARY SCHOOL
66e549b7-01e2-5d07-98d5-430f74d8d3b2,20,KIRINYAGA,c9549c94-256a-5e60-b6cc-633debf569a4,100,MWEA,511a0b01-7da7-5275-81ba-72888683f2f6,501,MURINDUKO,355dcd33-7e9c-56d2-a649-8d4ad920ffc3,71,IKURUNGU PRIMARY SCHOOL
66e549b7-01e2-5d07-98d5-430f74d8d3b2,20,KIRINYAGA,c9549c94-256a-5e60-b6cc-633debf569a4,100,MWEA,511a0b01-7da7-5275-81ba-72888683f2f6,501,MURINDUKO,124c6df2-019a-5daa-9bd8-6738db3c1a8c,72,ITANGI PRIMARY SCHOOL
66e549b7-01e2-5d07-98d5-430f74d8d3b2,20,KIRINYAGA,c9549c94-256a-5e60-b6cc-633debf569a4,100,MWEA,511a0b01-7da7-5275-81ba-72888683f2f6,501,MURINDUKO,16002c77-904a-5c4e-8728-61bc05d5d8fb,98,MIATU-INI PRIMARY SCHOOL
66e549b7-01e2-5d07-98d5-430f74d8d3b2,20,KIRINYAGA,c9549c94-256a-5e60-b6cc-633debf569a4,100,MWEA,7a1c5608-7470-58fa-aef9-566ebd48a500,502,GATHIGIRIRI,68d184da-e4f3-590f-a8a3-2d606435141b,73,MURUBARA PRIMARY SCHOOL
66e549b7-01e2-5d07-98d5-430f74d8d3b2,20,KIRINYAGA,c9549c94-256a-5e60-b6cc-633debf569a4,100,MWEA,7a1c5608-7470-58fa-aef9-566ebd48a500,502,GATHIGIRIRI,43f0553b-fc38-5761-8709-4467f6a5ff8f,74,NYAMINDI PRIMARY SCHOOL
66e549b7-01e2-5d07-98d5-430f74d8d3b2,20,KIRINYAGA,c9549c94-256a-5e60-b6cc-633debf569a4,100,MWEA,7a1c5608-7470-58fa-aef9-566ebd48a500,502,GATHIGIRIRI,98e3640b-b2e5-59f2-9ab0-bf42520edde7,75,KIRIKO SOCIAL HALL
66e549b7-01e2-5d07-98d5-430f74d8d3b2,20,KIRINYAGA,c9549c94-256a-5e60-b6cc-633debf569a4,100,MWEA,7a1c5608-7470-58fa-aef9-566ebd48a500,502,GATHIGIRIRI,9419b624-4fc1-5773-b8a2-79cae9139929,76,KAMUCHEGE PRIMARY SCHOOL
66e549b7-01e2-5d07-98d5-430f74d8d3b2,20,KIRINYAGA,c9549c94-256a-5e60-b6cc-633debf569a4,100,MWEA,7a1c5608-7470-58fa-aef9-566ebd48a500,502,GATHIGIRIRI,7be98806-cb10-57cf-92b0-29f501d4d3f3,77,GATHIGIRIRI PRIMARY SCHOOL
66e549b7-01e2-5d07-98d5-430f74d8d3b2,20,KIRINYAGA,c9549c94-256a-5e60-b6cc-633debf569a4,100,MWEA,7a1c5608-7470-58fa-aef9-566ebd48a500,502,GATHIGIRIRI,c6d8b7ec-bc3b-58cc-a3fe-ea8b87a84f7e,78,MAHIGA-INI NURSERY SCHOOL
66e549b7-01e2-5d07-98d5-430f74d8d3b2,20,KIRINYAGA,c9549c94-256a-5e60-b6cc-633debf569a4,100,MWEA,7a1c5608-7470-58fa-aef9-566ebd48a500,502,GATHIGIRIRI,08a23305-5b37-5af2-94d5-986bca376330,79,KIROGO PRIMARY SCHOOL
66e549b7-01e2-5d07-98d5-430f74d8d3b2,20,KIRINYAGA,c9549c94-256a-5e60-b6cc-633debf569a4,100,MWEA,7a1c5608-7470-58fa-aef9-566ebd48a500,502,GATHIGIRIRI,6c324179-9b34-592f-abb3-3420e76a74cd,80,KIMBIMBI KENYA AGRICULTURAL RESEARCH
66e549b7-01e2-5d07-98d5-430f74d8d3b2,20,KIRINYAGA,c9549c94-256a-5e60-b6cc-633debf569a4,100,MWEA,7a1c5608-7470-58fa-aef9-566ebd48a500,502,GATHIGIRIRI,aca349c7-01f5-5b93-8f11-d4c360d74e51,81,KAMUCHEGE PLAYING GROUND
66e549b7-01e2-5d07-98d5-430f74d8d3b2,20,KIRINYAGA,c9549c94-256a-5e60-b6cc-633debf569a4,100,MWEA,7a1c5608-7470-58fa-aef9-566ebd48a500,502,GATHIGIRIRI,65709ba7-0c3b-5b6c-839a-3aa2c2008615,82,KIROGO SOCIAL HALL
66e549b7-01e2-5d07-98d5-430f74d8d3b2,20,KIRINYAGA,c9549c94-256a-5e60-b6cc-633debf569a4,100,MWEA,7a1c5608-7470-58fa-aef9-566ebd48a500,502,GATHIGIRIRI,cc9419bb-c791-54c6-9e24-d071bef3cb23,83,MATHANGAUTA PRIMARY SCHOOL
66e549b7-01e2-5d07-98d5-430f74d8d3b2,20,KIRINYAGA,c9549c94-256a-5e60-b6cc-633debf569a4,100,MWEA,f0b3f31e-5b38-521b-b709-fcfd8ba60ef3,503,TEBERE,c5ec01c6-c0d9-5c78-b5fd-cf479879dd34,84,MURUBARA SOCIAL HALL
66e549b7-01e2-5d07-98d5-430f74d8d3b2,20,KIRINYAGA,c9549c94-256a-5e60-b6cc-633debf569a4,100,MWEA,f0b3f31e-5b38-521b-b709-fcfd8ba60ef3,503,TEBERE,8f1d2dbb-1371-5895-b73b-651256d3d24e,85,MITHUTHI-INI MARKET CENTRE
66e549b7-01e2-5d07-98d5-430f74d8d3b2,20,KIRINYAGA,c9549c94-256a-5e60-b6cc-633debf569a4,100,MWEA,f0b3f31e-5b38-521b-b709-fcfd8ba60ef3,503,TEBERE,a0ea6799-73a8-5553-a521-039337713b02,86,NDINDIRUKU MARKET CENTRE
66e549b7-01e2-5d07-98d5-430f74d8d3b2,20,KIRINYAGA,c9549c94-256a-5e60-b6cc-633debf569a4,100,MWEA,f0b3f31e-5b38-521b-b709-fcfd8ba60ef3,503,TEBERE,e83371f9-62b5-5771-bc98-4ac65fe14c33,87,WANG'URU COUNTY COUNCIL HALL .
66e549b7-01e2-5d07-98d5-430f74d8d3b2,20,KIRINYAGA,c9549c94-256a-5e60-b6cc-633debf569a4,100,MWEA,f0b3f31e-5b38-521b-b709-fcfd8ba60ef3,503,TEBERE,6530aac7-ba20-5b48-81da-c131290eee61,88,KIAMANYEKI PRIMARY SCHOOL
66e549b7-01e2-5d07-98d5-430f74d8d3b2,20,KIRINYAGA,c9549c94-256a-5e60-b6cc-633debf569a4,100,MWEA,f0b3f31e-5b38-521b-b709-fcfd8ba60ef3,503,TEBERE,b4661561-fd27-5ef7-8a54-e02872b8a6ad,89,KIUMBU PRIMARY SCHOOL
66e549b7-01e2-5d07-98d5-430f74d8d3b2,20,KIRINYAGA,c9549c94-256a-5e60-b6cc-633debf569a4,100,MWEA,f0b3f31e-5b38-521b-b709-fcfd8ba60ef3,503,TEBERE,d279f0d1-81a7-5819-afe6-9006d697c26e,90,NGURUBANI PRIMARY SCHOOL
66e549b7-01e2-5d07-98d5-430f74d8d3b2,20,KIRINYAGA,c9549c94-256a-5e60-b6cc-633debf569a4,100,MWEA,f0b3f31e-5b38-521b-b709-fcfd8ba60ef3,503,TEBERE,9c80edc5-ddcf-56c8-9e8f-673755cd010c,91,KIARUKUNGU PRIMARY SCHOOL
66e549b7-01e2-5d07-98d5-430f74d8d3b2,20,KIRINYAGA,c9549c94-256a-5e60-b6cc-633debf569a4,100,MWEA,f0b3f31e-5b38-521b-b709-fcfd8ba60ef3,503,TEBERE,3b07f38f-5926-5499-b9cd-bea2449a8b23,92,NDINDIRUKU PRIMARY SCHOOL
66e549b7-01e2-5d07-98d5-430f74d8d3b2,20,KIRINYAGA,c9549c94-256a-5e60-b6cc-633debf569a4,100,MWEA,f0b3f31e-5b38-521b-b709-fcfd8ba60ef3,503,TEBERE,6f23887f-de2c-5a86-a286-95d9a7dbd8b7,93,WANG'URU SECONDARY SCHOOL
66e549b7-01e2-5d07-98d5-430f74d8d3b2,20,KIRINYAGA,c9549c94-256a-5e60-b6cc-633debf569a4,100,MWEA,f0b3f31e-5b38-521b-b709-fcfd8ba60ef3,503,TEBERE,7cd7d3f2-f67b-51bd-beec-5331516aa2f3,94,MUCII WA URATA YOUTH POLYTECHNIC
66e549b7-01e2-5d07-98d5-430f74d8d3b2,20,KIRINYAGA,c14ab014-6ccf-5753-99ad-da713f8fd089,101,GICHUGU,6a3c6a30-61fc-56db-a526-51fb2ba4dc70,504,KABARE,9a63536b-cc27-5ebe-bf62-194368dcc440,1,MUGUMO PRIMARY SCHOOL
66e549b7-01e2-5d07-98d5-430f74d8d3b2,20,KIRINYAGA,c14ab014-6ccf-5753-99ad-da713f8fd089,101,GICHUGU,6a3c6a30-61fc-56db-a526-51fb2ba4dc70,504,KABARE,4220d756-4bb5-5589-aa77-f7476f936d0f,2,KIMUNYE PRIMARY SCHOOL
66e549b7-01e2-5d07-98d5-430f74d8d3b2,20,KIRINYAGA,c14ab014-6ccf-5753-99ad-da713f8fd089,101,GICHUGU,6a3c6a30-61fc-56db-a526-51fb2ba4dc70,504,KABARE,85458161-e518-5071-a50a-c25df38649b4,3,KIANGUENYI PRIMARY SCHOOL
66e549b7-01e2-5d07-98d5-430f74d8d3b2,20,KIRINYAGA,c14ab014-6ccf-5753-99ad-da713f8fd089,101,GICHUGU,6a3c6a30-61fc-56db-a526-51fb2ba4dc70,504,KABARE,c076b720-6d5e-5628-9bf1-913d9db8690c,4,NYAGITHUCI PRIMARY SCHOOL
66e549b7-01e2-5d07-98d5-430f74d8d3b2,20,KIRINYAGA,c14ab014-6ccf-5753-99ad-da713f8fd089,101,GICHUGU,6a3c6a30-61fc-56db-a526-51fb2ba4dc70,504,KABARE,40fe49f5-0fb3-554a-a096-ad78e7073f06,5,GATUGURA PRIMARY SCHOOL
66e549b7-01e2-5d07-98d5-430f74d8d3b2,20,KIRINYAGA,c14ab014-6ccf-5753-99ad-da713f8fd089,101,GICHUGU,6a3c6a30-61fc-56db-a526-51fb2ba4dc70,504,KABARE,8410ac98-c65f-539e-8122-05249ad6aaf7,6,MUTIGE BOYS SECONDARY SCHOOL
66e549b7-01e2-5d07-98d5-430f74d8d3b2,20,KIRINYAGA,c14ab014-6ccf-5753-99ad-da713f8fd089,101,GICHUGU,6a3c6a30-61fc-56db-a526-51fb2ba4dc70,504,KABARE,ed6a54f8-d14e-5771-b584-2cc38101b89b,7,NGUNGU PRIMARY SCHOOL
66e549b7-01e2-5d07-98d5-430f74d8d3b2,20,KIRINYAGA,c14ab014-6ccf-5753-99ad-da713f8fd089,101,GICHUGU,6a3c6a30-61fc-56db-a526-51fb2ba4dc70,504,KABARE,84ccbb9c-90c1-574d-8f12-a6e2b7fd2ae4,8,GATUNGURU PRIMARY SCHOOL
66e549b7-01e2-5d07-98d5-430f74d8d3b2,20,KIRINYAGA,c14ab014-6ccf-5753-99ad-da713f8fd089,101,GICHUGU,6a3c6a30-61fc-56db-a526-51fb2ba4dc70,504,KABARE,b68c0229-1e03-557b-9561-4ddaa4c1021f,9,KABARE BOYS PRIMARY SCHOOL
66e549b7-01e2-5d07-98d5-430f74d8d3b2,20,KIRINYAGA,c14ab014-6ccf-5753-99ad-da713f8fd089,101,GICHUGU,6a3c6a30-61fc-56db-a526-51fb2ba4dc70,504,KABARE,b896062a-ca8d-54d0-a820-a7a469f4ee3a,10,KIAMICIRI PRIMARY SCHOOL
66e549b7-01e2-5d07-98d5-430f74d8d3b2,20,KIRINYAGA,c14ab014-6ccf-5753-99ad-da713f8fd089,101,GICHUGU,6a3c6a30-61fc-56db-a526-51fb2ba4dc70,504,KABARE,a795b395-db34-5866-addd-e52245558525,11,KUTUS TOWN CENTRE
66e549b7-01e2-5d07-98d5-430f74d8d3b2,20,KIRINYAGA,c14ab014-6ccf-5753-99ad-da713f8fd089,101,GICHUGU,6a3c6a30-61fc-56db-a526-51fb2ba4dc70,504,KABARE,bf755a9c-034b-57f7-8d3e-8778aeccb72a,12,RUKENYA PRIMARY SCHOOL
66e549b7-01e2-5d07-98d5-430f74d8d3b2,20,KIRINYAGA,c14ab014-6ccf-5753-99ad-da713f8fd089,101,GICHUGU,6a3c6a30-61fc-56db-a526-51fb2ba4dc70,504,KABARE,2e6bfa29-2451-5bef-9336-f1ed646f3235,13,KIMUNYE TEA FACTORY
66e549b7-01e2-5d07-98d5-430f74d8d3b2,20,KIRINYAGA,c14ab014-6ccf-5753-99ad-da713f8fd089,101,GICHUGU,6a3c6a30-61fc-56db-a526-51fb2ba4dc70,504,KABARE,5bbf9516-c165-56ec-b8d0-efed9f07be3e,14,GITHIRU TEA BUYING CENTRE
66e549b7-01e2-5d07-98d5-430f74d8d3b2,20,KIRINYAGA,c14ab014-6ccf-5753-99ad-da713f8fd089,101,GICHUGU,6a3c6a30-61fc-56db-a526-51fb2ba4dc70,504,KABARE,627805e1-2a05-5df8-b593-e877817f88ac,15,KIANGOMBE NURSERY SCHOOL
66e549b7-01e2-5d07-98d5-430f74d8d3b2,20,KIRINYAGA,c14ab014-6ccf-5753-99ad-da713f8fd089,101,GICHUGU,6a3c6a30-61fc-56db-a526-51fb2ba4dc70,504,KABARE,825bd2a3-c00d-5db2-b3ee-c762407d3375,16,KONYU COFFEE FACTORY
66e549b7-01e2-5d07-98d5-430f74d8d3b2,20,KIRINYAGA,c14ab014-6ccf-5753-99ad-da713f8fd089,101,GICHUGU,6a3c6a30-61fc-56db-a526-51fb2ba4dc70,504,KABARE,e2f70c16-4592-56d2-82ee-1cfb1beb1a3c,17,KAMIIGUA YOUTH POLYTECHNIC
66e549b7-01e2-5d07-98d5-430f74d8d3b2,20,KIRINYAGA,c14ab014-6ccf-5753-99ad-da713f8fd089,101,GICHUGU,6a3c6a30-61fc-56db-a526-51fb2ba4dc70,504,KABARE,c3d5fcac-6a3f-5f53-b738-f36e42a1709f,18,KIRINGA COFFEE FACTORY
66e549b7-01e2-5d07-98d5-430f74d8d3b2,20,KIRINYAGA,c14ab014-6ccf-5753-99ad-da713f8fd089,101,GICHUGU,6a3c6a30-61fc-56db-a526-51fb2ba4dc70,504,KABARE,c5ee34a2-1170-5f86-b77d-59c9ad6c05ad,19,MUKENGERIA TEA BUYING CENTRE
66e549b7-01e2-5d07-98d5-430f74d8d3b2,20,KIRINYAGA,c14ab014-6ccf-5753-99ad-da713f8fd089,101,GICHUGU,6a3c6a30-61fc-56db-a526-51fb2ba4dc70,504,KABARE,4baaa2ac-31b3-5179-a419-ef1dd6e2b6e5,20,UNJIRU TEA BUYING CENTRE
66e549b7-01e2-5d07-98d5-430f74d8d3b2,20,KIRINYAGA,c14ab014-6ccf-5753-99ad-da713f8fd089,101,GICHUGU,6a3c6a30-61fc-56db-a526-51fb2ba4dc70,504,KABARE,7728b0ff-825e-53d3-bf16-478ad3328a6d,21,ITHAREINI PUBLIC MARKET
66e549b7-01e2-5d07-98d5-430f74d8d3b2,20,KIRINYAGA,c14ab014-6ccf-5753-99ad-da713f8fd089,101,GICHUGU,6a3c6a30-61fc-56db-a526-51fb2ba4dc70,504,KABARE,fe8eebce-7baa-54f1-88e9-b2147da78c6f,22,GATUGURA SOCIAL HALL
66e549b7-01e2-5d07-98d5-430f74d8d3b2,20,KIRINYAGA,c14ab014-6ccf-5753-99ad-da713f8fd089,101,GICHUGU,6a3c6a30-61fc-56db-a526-51fb2ba4dc70,504,KABARE,8ae0094d-5efb-5e05-bf8d-3934eb5bee3d,23,KIMUNYE TEA BUYING CENTRE
66e549b7-01e2-5d07-98d5-430f74d8d3b2,20,KIRINYAGA,c14ab014-6ccf-5753-99ad-da713f8fd089,101,GICHUGU,6a3c6a30-61fc-56db-a526-51fb2ba4dc70,504,KABARE,6d0e06bc-ab06-589c-8023-0ddb4c181b37,24,GITHUMARA TEA BUYING CENTRE
66e549b7-01e2-5d07-98d5-430f74d8d3b2,20,KIRINYAGA,c14ab014-6ccf-5753-99ad-da713f8fd089,101,GICHUGU,6a3c6a30-61fc-56db-a526-51fb2ba4dc70,504,KABARE,3187a1ca-1674-5518-82f0-6442e5d01816,25,KARIA PUBLIC STADIUM
66e549b7-01e2-5d07-98d5-430f74d8d3b2,20,KIRINYAGA,c14ab014-6ccf-5753-99ad-da713f8fd089,101,GICHUGU,6a3c6a30-61fc-56db-a526-51fb2ba4dc70,504,KABARE,f34bf597-0786-56f9-9b05-6b2f93459364,26,RIAKITHIGA DISPENSARY
66e549b7-01e2-5d07-98d5-430f74d8d3b2,20,KIRINYAGA,c14ab014-6ccf-5753-99ad-da713f8fd089,101,GICHUGU,6a3c6a30-61fc-56db-a526-51fb2ba4dc70,504,KABARE,4dbb2f0a-ec12-59c9-b484-2ded82d9cafb,27,KUTUS OLD MARKET
66e549b7-01e2-5d07-98d5-430f74d8d3b2,20,KIRINYAGA,c14ab014-6ccf-5753-99ad-da713f8fd089,101,GICHUGU,6a3c6a30-61fc-56db-a526-51fb2ba4dc70,504,KABARE,40a903ee-4651-5d92-bc6d-4e30067c15d6,28,MUKURE COFFEE FACTORY
66e549b7-01e2-5d07-98d5-430f74d8d3b2,20,KIRINYAGA,c14ab014-6ccf-5753-99ad-da713f8fd089,101,GICHUGU,6a3c6a30-61fc-56db-a526-51fb2ba4dc70,504,KABARE,022a6f1e-516c-58d4-a185-4e9ee5db2567,29,MUKOIGO TEA BUYING CENTRE
66e549b7-01e2-5d07-98d5-430f74d8d3b2,20,KIRINYAGA,c14ab014-6ccf-5753-99ad-da713f8fd089,101,GICHUGU,5070f566-a07b-5c75-8216-b8f9585e07e6,505,BARAGWI,9220dc8e-41a9-50d9-9e07-c9a88dff491c,30,KIANDAI PRIMARY SCHOOL
66e549b7-01e2-5d07-98d5-430f74d8d3b2,20,KIRINYAGA,c14ab014-6ccf-5753-99ad-da713f8fd089,101,GICHUGU,5070f566-a07b-5c75-8216-b8f9585e07e6,505,BARAGWI,bbef2e8b-ecdf-5e04-a41d-95ee2fc5450d,31,KIAMWATHI PRIMARY SCHOOL
66e549b7-01e2-5d07-98d5-430f74d8d3b2,20,KIRINYAGA,c14ab014-6ccf-5753-99ad-da713f8fd089,101,GICHUGU,5070f566-a07b-5c75-8216-b8f9585e07e6,505,BARAGWI,19df827e-8302-5722-9e9e-cc2cd050e9fd,32,RAIMU PRIMARY SCHOOL
66e549b7-01e2-5d07-98d5-430f74d8d3b2,20,KIRINYAGA,c14ab014-6ccf-5753-99ad-da713f8fd089,101,GICHUGU,5070f566-a07b-5c75-8216-b8f9585e07e6,505,BARAGWI,c907dedd-9dd6-5d37-abe9-55c32f9ed545,33,RWAMBITI PRIMARY SCHOOL
66e549b7-01e2-5d07-98d5-430f74d8d3b2,20,KIRINYAGA,c14ab014-6ccf-5753-99ad-da713f8fd089,101,GICHUGU,5070f566-a07b-5c75-8216-b8f9585e07e6,505,BARAGWI,5aeae175-a3ad-5e64-ae91-df64c9ec4bb5,34,KIANJIRU PRIMARY SCHOOL
66e549b7-01e2-5d07-98d5-430f74d8d3b2,20,KIRINYAGA,c14ab014-6ccf-5753-99ad-da713f8fd089,101,GICHUGU,5070f566-a07b-5c75-8216-b8f9585e07e6,505,BARAGWI,29cef1a5-58d8-5769-bcb5-b93a6b4acab3,35,GITHAGE PRIMARY SCHOOL
66e549b7-01e2-5d07-98d5-430f74d8d3b2,20,KIRINYAGA,c14ab014-6ccf-5753-99ad-da713f8fd089,101,GICHUGU,5070f566-a07b-5c75-8216-b8f9585e07e6,505,BARAGWI,e5053241-19cf-5f7d-b2cc-57f634e94dc7,36,KIATHI PRIMARY SCHOOL
66e549b7-01e2-5d07-98d5-430f74d8d3b2,20,KIRINYAGA,c14ab014-6ccf-5753-99ad-da713f8fd089,101,GICHUGU,5070f566-a07b-5c75-8216-b8f9585e07e6,505,BARAGWI,cd621588-016c-52c8-937d-35020c0be7e4,37,KIBURIA PRIMARY SCHOOL
66e549b7-01e2-5d07-98d5-430f74d8d3b2,20,KIRINYAGA,c14ab014-6ccf-5753-99ad-da713f8fd089,101,GICHUGU,5070f566-a07b-5c75-8216-b8f9585e07e6,505,BARAGWI,72dd7243-5aba-537f-98ae-f2879882d5db,38,GITHIURURI COFFEE FACTORY
66e549b7-01e2-5d07-98d5-430f74d8d3b2,20,KIRINYAGA,c14ab014-6ccf-5753-99ad-da713f8fd089,101,GICHUGU,5070f566-a07b-5c75-8216-b8f9585e07e6,505,BARAGWI,f4e35d03-ba8d-5556-a0d3-aaeb66f47494,39,THIMU COFFEE FACTORY
66e549b7-01e2-5d07-98d5-430f74d8d3b2,20,KIRINYAGA,c14ab014-6ccf-5753-99ad-da713f8fd089,101,GICHUGU,5070f566-a07b-5c75-8216-b8f9585e07e6,505,BARAGWI,3cdeebd8-08de-5e75-8f84-1261b35987e2,40,KIANYAGA COFFEE FACTORY
66e549b7-01e2-5d07-98d5-430f74d8d3b2,20,KIRINYAGA,c14ab014-6ccf-5753-99ad-da713f8fd089,101,GICHUGU,5070f566-a07b-5c75-8216-b8f9585e07e6,505,BARAGWI,cfca9b08-bd0b-5df4-86b4-aa73242f768b,41,KIANJIRU COFFEE FACTORY
66e549b7-01e2-5d07-98d5-430f74d8d3b2,20,KIRINYAGA,c14ab014-6ccf-5753-99ad-da713f8fd089,101,GICHUGU,5070f566-a07b-5c75-8216-b8f9585e07e6,505,BARAGWI,2f92c340-7774-5633-95e5-06e912bff5bf,42,RWAMBITI COFFEE FACTORY
66e549b7-01e2-5d07-98d5-430f74d8d3b2,20,KIRINYAGA,c14ab014-6ccf-5753-99ad-da713f8fd089,101,GICHUGU,0e4e8e79-1ab5-55c9-aeed-b2ad5bc09adf,506,NJUKIINI,74ca1218-6026-5366-b115-af571225f0fa,43,GACIONGO PRIMARY SCHOOL
66e549b7-01e2-5d07-98d5-430f74d8d3b2,20,KIRINYAGA,c14ab014-6ccf-5753-99ad-da713f8fd089,101,GICHUGU,0e4e8e79-1ab5-55c9-aeed-b2ad5bc09adf,506,NJUKIINI,00c19d03-dba2-5aa0-8aa7-8f70f8badfd9,44,KARUCHO PRIMARY SCHOOL
66e549b7-01e2-5d07-98d5-430f74d8d3b2,20,KIRINYAGA,c14ab014-6ccf-5753-99ad-da713f8fd089,101,GICHUGU,0e4e8e79-1ab5-55c9-aeed-b2ad5bc09adf,506,NJUKIINI,0d088329-68f3-5f7f-b554-27338e356781,45,KIANYAMBO PRIMARY SCHOOL
66e549b7-01e2-5d07-98d5-430f74d8d3b2,20,KIRINYAGA,c14ab014-6ccf-5753-99ad-da713f8fd089,101,GICHUGU,0e4e8e79-1ab5-55c9-aeed-b2ad5bc09adf,506,NJUKIINI,edf327a0-5bed-58ac-9971-3e2ab0b7053a,46,KIMWEA'S YOUTH POLYTECHNIC
66e549b7-01e2-5d07-98d5-430f74d8d3b2,20,KIRINYAGA,c14ab014-6ccf-5753-99ad-da713f8fd089,101,GICHUGU,0e4e8e79-1ab5-55c9-aeed-b2ad5bc09adf,506,NJUKIINI,baf1cac5-1052-5982-8834-e655f48571c4,47,KANJUU PRIMARY SCHOOL
66e549b7-01e2-5d07-98d5-430f74d8d3b2,20,KIRINYAGA,c14ab014-6ccf-5753-99ad-da713f8fd089,101,GICHUGU,0e4e8e79-1ab5-55c9-aeed-b2ad5bc09adf,506,NJUKIINI,fd126264-fc8d-50e3-85cb-e49d548893a8,48,KIAUMBUI PRIMARY SCHOOL
66e549b7-01e2-5d07-98d5-430f74d8d3b2,20,KIRINYAGA,c14ab014-6ccf-5753-99ad-da713f8fd089,101,GICHUGU,0e4e8e79-1ab5-55c9-aeed-b2ad5bc09adf,506,NJUKIINI,2ef13b2d-05c0-5d47-9902-685c11c61171,49,GACHATHA PRIMARY SCHOOL
66e549b7-01e2-5d07-98d5-430f74d8d3b2,20,KIRINYAGA,c14ab014-6ccf-5753-99ad-da713f8fd089,101,GICHUGU,0e4e8e79-1ab5-55c9-aeed-b2ad5bc09adf,506,NJUKIINI,04480065-0405-54af-8dbc-44d01fafded8,50,NGIRIAMBU PRIMARY SCHOOL
66e549b7-01e2-5d07-98d5-430f74d8d3b2,20,KIRINYAGA,c14ab014-6ccf-5753-99ad-da713f8fd089,101,GICHUGU,0e4e8e79-1ab5-55c9-aeed-b2ad5bc09adf,506,NJUKIINI,6671270e-77bb-5f11-b267-ab7c1ba0e39f,51,GICONJOINI PRIMARY SCHOOL
66e549b7-01e2-5d07-98d5-430f74d8d3b2,20,KIRINYAGA,c14ab014-6ccf-5753-99ad-da713f8fd089,101,GICHUGU,0e4e8e79-1ab5-55c9-aeed-b2ad5bc09adf,506,NJUKIINI,bc92568c-b941-521e-8896-ee85df2097c4,52,MBURI CHRISTIAN PRIMARY SCHOOL
66e549b7-01e2-5d07-98d5-430f74d8d3b2,20,KIRINYAGA,c14ab014-6ccf-5753-99ad-da713f8fd089,101,GICHUGU,0e4e8e79-1ab5-55c9-aeed-b2ad5bc09adf,506,NJUKIINI,53044c37-a943-5892-87eb-bf8ce1f834d3,53,KEGWA COFFEE FACTORY
66e549b7-01e2-5d07-98d5-430f74d8d3b2,20,KIRINYAGA,c14ab014-6ccf-5753-99ad-da713f8fd089,101,GICHUGU,0e4e8e79-1ab5-55c9-aeed-b2ad5bc09adf,506,NJUKIINI,226f7dbf-a214-566a-b386-4067469848ed,54,MBURI CCM PRIMARY SCHOOL
66e549b7-01e2-5d07-98d5-430f74d8d3b2,20,KIRINYAGA,c14ab014-6ccf-5753-99ad-da713f8fd089,101,GICHUGU,0e4e8e79-1ab5-55c9-aeed-b2ad5bc09adf,506,NJUKIINI,ce1ef716-8b41-574b-b08a-f941fe39c282,55,KIRI COFFEE FACTORY
66e549b7-01e2-5d07-98d5-430f74d8d3b2,20,KIRINYAGA,c14ab014-6ccf-5753-99ad-da713f8fd089,101,GICHUGU,0e4e8e79-1ab5-55c9-aeed-b2ad5bc09adf,506,NJUKIINI,560e0f0b-4e70-5951-bb1d-0e0d62e45c50,56,MUBURI COFFEE FACTORY
66e549b7-01e2-5d07-98d5-430f74d8d3b2,20,KIRINYAGA,c14ab014-6ccf-5753-99ad-da713f8fd089,101,GICHUGU,0e4e8e79-1ab5-55c9-aeed-b2ad5bc09adf,506,NJUKIINI,eae8f63b-6f66-55ca-9bad-e5c6374a7475,57,GATHOGE MARKET
66e549b7-01e2-5d07-98d5-430f74d8d3b2,20,KIRINYAGA,c14ab014-6ccf-5753-99ad-da713f8fd089,101,GICHUGU,db11fb85-bc88-5fad-a9c6-381d26e84726,507,NGARIAMA,3b27ec8c-86ef-519e-b411-30402f9030b1,58,KIAMBATHA PRIMARY SCHOOL
66e549b7-01e2-5d07-98d5-430f74d8d3b2,20,KIRINYAGA,c14ab014-6ccf-5753-99ad-da713f8fd089,101,GICHUGU,db11fb85-bc88-5fad-a9c6-381d26e84726,507,NGARIAMA,7dbc3e5e-e672-5978-89e3-ae2e736416d1,59,NGARIAMA PRIMARY SCHOOL
66e549b7-01e2-5d07-98d5-430f74d8d3b2,20,KIRINYAGA,c14ab014-6ccf-5753-99ad-da713f8fd089,101,GICHUGU,db11fb85-bc88-5fad-a9c6-381d26e84726,507,NGARIAMA,0103402a-5ef3-5ede-8913-83c41b1bac70,60,KIAMUGUMO PRIMARY SCHOOL
66e549b7-01e2-5d07-98d5-430f74d8d3b2,20,KIRINYAGA,c14ab014-6ccf-5753-99ad-da713f8fd089,101,GICHUGU,db11fb85-bc88-5fad-a9c6-381d26e84726,507,NGARIAMA,55253f99-9d8b-5fa2-8e60-149c06090e76,61,GITHURE PRIMARY SCHOOL
66e549b7-01e2-5d07-98d5-430f74d8d3b2,20,KIRINYAGA,c14ab014-6ccf-5753-99ad-da713f8fd089,101,GICHUGU,db11fb85-bc88-5fad-a9c6-381d26e84726,507,NGARIAMA,0f6e787c-7379-51ef-85fd-8fcec45eed9c,62,MWANIANJAU PRIMARY SCHOOL
66e549b7-01e2-5d07-98d5-430f74d8d3b2,20,KIRINYAGA,c14ab014-6ccf-5753-99ad-da713f8fd089,101,GICHUGU,db11fb85-bc88-5fad-a9c6-381d26e84726,507,NGARIAMA,595ab5c4-9055-5c83-b312-b846726216f2,63,KATHUNGURI PRIMARY SCHOOL
66e549b7-01e2-5d07-98d5-430f74d8d3b2,20,KIRINYAGA,c14ab014-6ccf-5753-99ad-da713f8fd089,101,GICHUGU,db11fb85-bc88-5fad-a9c6-381d26e84726,507,NGARIAMA,bd0e5d49-aa6e-5140-8959-8a989bf6d282,64,KIANDUMU TEA BUYING CENTRE
66e549b7-01e2-5d07-98d5-430f74d8d3b2,20,KIRINYAGA,c14ab014-6ccf-5753-99ad-da713f8fd089,101,GICHUGU,db11fb85-bc88-5fad-a9c6-381d26e84726,507,NGARIAMA,b6420cf3-afdd-57cf-b771-bde7ca2b03d7,65,KAMWANA TEA BUYING CENTRE
66e549b7-01e2-5d07-98d5-430f74d8d3b2,20,KIRINYAGA,c14ab014-6ccf-5753-99ad-da713f8fd089,101,GICHUGU,db11fb85-bc88-5fad-a9c6-381d26e84726,507,NGARIAMA,cf010f44-05cb-5320-a8b3-79de4e023826,66,KABIRO-INI TEA BUYING CENTRE
66e549b7-01e2-5d07-98d5-430f74d8d3b2,20,KIRINYAGA,c14ab014-6ccf-5753-99ad-da713f8fd089,101,GICHUGU,db11fb85-bc88-5fad-a9c6-381d26e84726,507,NGARIAMA,61c6173b-392e-595d-a83d-facbf78012a5,67,KIAMUTUGU SECONDARY SCHOOL
66e549b7-01e2-5d07-98d5-430f74d8d3b2,20,KIRINYAGA,c14ab014-6ccf-5753-99ad-da713f8fd089,101,GICHUGU,db11fb85-bc88-5fad-a9c6-381d26e84726,507,NGARIAMA,da75dfe5-4286-5b76-8477-379cb247b390,68,GITUBA PRIMARY SCHOOL
66e549b7-01e2-5d07-98d5-430f74d8d3b2,20,KIRINYAGA,c14ab014-6ccf-5753-99ad-da713f8fd089,101,GICHUGU,db11fb85-bc88-5fad-a9c6-381d26e84726,507,NGARIAMA,2ba0c6d8-4f5b-5991-99ee-15e69f082872,69,KIAMUKI TEA BUYING CENTRE
66e549b7-01e2-5d07-98d5-430f74d8d3b2,20,KIRINYAGA,c14ab014-6ccf-5753-99ad-da713f8fd089,101,GICHUGU,db11fb85-bc88-5fad-a9c6-381d26e84726,507,NGARIAMA,e6106a2d-e012-5b5c-89c4-a742d1a9eaee,70,KAMBARARI TEA BUYING CENTRE
66e549b7-01e2-5d07-98d5-430f74d8d3b2,20,KIRINYAGA,c14ab014-6ccf-5753-99ad-da713f8fd089,101,GICHUGU,db11fb85-bc88-5fad-a9c6-381d26e84726,507,NGARIAMA,41b65ad7-c4b1-5cdc-99a2-cee614f842af,71,KIBAI TEA BUYING CENTRE
66e549b7-01e2-5d07-98d5-430f74d8d3b2,20,KIRINYAGA,c14ab014-6ccf-5753-99ad-da713f8fd089,101,GICHUGU,228bafa3-1de0-51ee-9dcc-42f42048b769,508,KARUMANDI,e210eb41-9a73-56d7-a816-3bbc4c61437a,72,KAVOTE PRIMARY SCHOOL
66e549b7-01e2-5d07-98d5-430f74d8d3b2,20,KIRINYAGA,c14ab014-6ccf-5753-99ad-da713f8fd089,101,GICHUGU,228bafa3-1de0-51ee-9dcc-42f42048b769,508,KARUMANDI,e7fda5a1-4401-5196-9c9c-fedda3a91a52,73,GUAMA PRIMARY SCHOOL
66e549b7-01e2-5d07-98d5-430f74d8d3b2,20,KIRINYAGA,c14ab014-6ccf-5753-99ad-da713f8fd089,101,GICHUGU,228bafa3-1de0-51ee-9dcc-42f42048b769,508,KARUMANDI,cb05bfb1-a20d-5ffc-93fe-d05e3c3b448e,74,KARUMANDI SOUTH PRIMARY SCHOOL
66e549b7-01e2-5d07-98d5-430f74d8d3b2,20,KIRINYAGA,c14ab014-6ccf-5753-99ad-da713f8fd089,101,GICHUGU,228bafa3-1de0-51ee-9dcc-42f42048b769,508,KARUMANDI,f7b56ffd-a400-5a9e-b891-5c79c74c2275,75,THUMAITA EAST PRIMARY SCHOOL
66e549b7-01e2-5d07-98d5-430f74d8d3b2,20,KIRINYAGA,c14ab014-6ccf-5753-99ad-da713f8fd089,101,GICHUGU,228bafa3-1de0-51ee-9dcc-42f42048b769,508,KARUMANDI,842fb5ee-78db-59fb-824e-dd9bbc52b8d5,76,KIBARU PRIMARY SCHOOL
66e549b7-01e2-5d07-98d5-430f74d8d3b2,20,KIRINYAGA,c14ab014-6ccf-5753-99ad-da713f8fd089,101,GICHUGU,228bafa3-1de0-51ee-9dcc-42f42048b769,508,KARUMANDI,3a50c1b3-d04f-5cba-95fe-ef0bd014f3f2,77,KARIRU PRIMARY SCHOOL
66e549b7-01e2-5d07-98d5-430f74d8d3b2,20,KIRINYAGA,c14ab014-6ccf-5753-99ad-da713f8fd089,101,GICHUGU,228bafa3-1de0-51ee-9dcc-42f42048b769,508,KARUMANDI,e773fcfa-5998-5c37-9474-9b408aa8b92c,78,GIKUMBO PRIMARY SCHOOL
66e549b7-01e2-5d07-98d5-430f74d8d3b2,20,KIRINYAGA,c14ab014-6ccf-5753-99ad-da713f8fd089,101,GICHUGU,228bafa3-1de0-51ee-9dcc-42f42048b769,508,KARUMANDI,c8afc047-723a-5130-9805-a9df3cb917c5,79,THUIYA PRIMARY SCHOOL
66e549b7-01e2-5d07-98d5-430f74d8d3b2,20,KIRINYAGA,c14ab014-6ccf-5753-99ad-da713f8fd089,101,GICHUGU,228bafa3-1de0-51ee-9dcc-42f42048b769,508,KARUMANDI,99cc786a-46b0-59de-8764-4a8b5287b9d3,80,KANGWACI TEA BUYING CENTRE
66e549b7-01e2-5d07-98d5-430f74d8d3b2,20,KIRINYAGA,c14ab014-6ccf-5753-99ad-da713f8fd089,101,GICHUGU,228bafa3-1de0-51ee-9dcc-42f42048b769,508,KARUMANDI,09d1ce1c-c7a3-5f31-9101-e412fb416c21,81,NYANJA PRIMARY SCHOOL
66e549b7-01e2-5d07-98d5-430f74d8d3b2,20,KIRINYAGA,c14ab014-6ccf-5753-99ad-da713f8fd089,101,GICHUGU,228bafa3-1de0-51ee-9dcc-42f42048b769,508,KARUMANDI,f6a9e6b0-f34b-54eb-b222-6af572925d3a,82,MUCHAGARA PRIMARY SCHOOL
66e549b7-01e2-5d07-98d5-430f74d8d3b2,20,KIRINYAGA,c14ab014-6ccf-5753-99ad-da713f8fd089,101,GICHUGU,228bafa3-1de0-51ee-9dcc-42f42048b769,508,KARUMANDI,d36bf0d3-11a0-5b47-ad5f-f1559fcbfd09,83,KARANI TEA BUYING CENTRE
66e549b7-01e2-5d07-98d5-430f74d8d3b2,20,KIRINYAGA,c14ab014-6ccf-5753-99ad-da713f8fd089,101,GICHUGU,228bafa3-1de0-51ee-9dcc-42f42048b769,508,KARUMANDI,f2276a61-7210-5f40-99c3-738d7e28d48d,84,KARUMANDI COFFEE FACTORY
66e549b7-01e2-5d07-98d5-430f74d8d3b2,20,KIRINYAGA,c14ab014-6ccf-5753-99ad-da713f8fd089,101,GICHUGU,228bafa3-1de0-51ee-9dcc-42f42048b769,508,KARUMANDI,a16f96e6-657f-5d1a-b201-9e74060ec68e,85,KIAMBOGO TEA BUYING CENTRE
66e549b7-01e2-5d07-98d5-430f74d8d3b2,20,KIRINYAGA,c14ab014-6ccf-5753-99ad-da713f8fd089,101,GICHUGU,228bafa3-1de0-51ee-9dcc-42f42048b769,508,KARUMANDI,a9399af1-72e9-5e4f-aa20-88392382df56,86,KAMANGI TEA BUYING CENTRE
66e549b7-01e2-5d07-98d5-430f74d8d3b2,20,KIRINYAGA,c14ab014-6ccf-5753-99ad-da713f8fd089,101,GICHUGU,228bafa3-1de0-51ee-9dcc-42f42048b769,508,KARUMANDI,a0a67cc0-7fc4-5ee6-b58f-973ad97324d1,87,GACAMI TEA BUYING CENTRE
66e549b7-01e2-5d07-98d5-430f74d8d3b2,20,KIRINYAGA,c14ab014-6ccf-5753-99ad-da713f8fd089,101,GICHUGU,228bafa3-1de0-51ee-9dcc-42f42048b769,508,KARUMANDI,418f2adb-cd59-5292-b1c6-efb5d69d3bb0,88,KAMWETI AGRICULTURAL TRAINING CENTR
66e549b7-01e2-5d07-98d5-430f74d8d3b2,20,KIRINYAGA,c14ab014-6ccf-5753-99ad-da713f8fd089,101,GICHUGU,228bafa3-1de0-51ee-9dcc-42f42048b769,508,KARUMANDI,2759f9cc-745b-513c-90fe-4aa4d1f682da,89,GUAMA COFFEE FACTORY
66e549b7-01e2-5d07-98d5-430f74d8d3b2,20,KIRINYAGA,c14ab014-6ccf-5753-99ad-da713f8fd089,101,GICHUGU,228bafa3-1de0-51ee-9dcc-42f42048b769,508,KARUMANDI,378b83d4-60d1-53da-8101-4690a656f983,90,KARUTI TEA BUYING CENTRE
66e549b7-01e2-5d07-98d5-430f74d8d3b2,20,KIRINYAGA,c14ab014-6ccf-5753-99ad-da713f8fd089,101,GICHUGU,228bafa3-1de0-51ee-9dcc-42f42048b769,508,KARUMANDI,44fc0e30-e820-5006-a422-d333aeb3e63c,91,KATHUNGURI TEA BUYING CENTRE
66e549b7-01e2-5d07-98d5-430f74d8d3b2,20,KIRINYAGA,9dc3173b-0ca9-500d-9750-bd7e607753f1,102,NDIA,e46cc49d-904f-51af-b446-d8f53539fc83,509,MUKURE,6607d098-c569-59ee-9573-f7e0f50095f0,1,NDIRITI PRIMARY SCHOOL
66e549b7-01e2-5d07-98d5-430f74d8d3b2,20,KIRINYAGA,9dc3173b-0ca9-500d-9750-bd7e607753f1,102,NDIA,e46cc49d-904f-51af-b446-d8f53539fc83,509,MUKURE,9fd0ba5a-9fde-5b3f-8e84-5304951988e0,2,MURAGARA PRIMARY SCH.OOL
66e549b7-01e2-5d07-98d5-430f74d8d3b2,20,KIRINYAGA,9dc3173b-0ca9-500d-9750-bd7e607753f1,102,NDIA,e46cc49d-904f-51af-b446-d8f53539fc83,509,MUKURE,10398230-0339-5aa3-a48e-481e06c56ad0,3,KIANGAGE TEA BUYING CENTRE
66e549b7-01e2-5d07-98d5-430f74d8d3b2,20,KIRINYAGA,9dc3173b-0ca9-500d-9750-bd7e607753f1,102,NDIA,e46cc49d-904f-51af-b446-d8f53539fc83,509,MUKURE,a1a80ee3-b655-56ab-a41b-53282fd11985,4,KIANGOBE TEA BUYING CENTRE
66e549b7-01e2-5d07-98d5-430f74d8d3b2,20,KIRINYAGA,9dc3173b-0ca9-500d-9750-bd7e607753f1,102,NDIA,e46cc49d-904f-51af-b446-d8f53539fc83,509,MUKURE,a3bca2e0-b590-5710-aec9-4c81a2eef65f,5,KANDEGWA TEA BUYING CENTRE
66e549b7-01e2-5d07-98d5-430f74d8d3b2,20,KIRINYAGA,9dc3173b-0ca9-500d-9750-bd7e607753f1,102,NDIA,e46cc49d-904f-51af-b446-d8f53539fc83,509,MUKURE,043150e8-2d5f-5fc5-b7a8-1f65a0349de3,6,GATHAMBI PRIMARY SCHOOL
66e549b7-01e2-5d07-98d5-430f74d8d3b2,20,KIRINYAGA,9dc3173b-0ca9-500d-9750-bd7e607753f1,102,NDIA,e46cc49d-904f-51af-b446-d8f53539fc83,509,MUKURE,56365eb2-19b1-51c8-9c57-b4b6297392f8,7,GATHAMBI COFFEE FACTORY
66e549b7-01e2-5d07-98d5-430f74d8d3b2,20,KIRINYAGA,9dc3173b-0ca9-500d-9750-bd7e607753f1,102,NDIA,e46cc49d-904f-51af-b446-d8f53539fc83,509,MUKURE,ac8171bc-19b6-5506-a52f-5c7a12d49ae3,8,KAIRICHI TEA BUYING CENTRE
66e549b7-01e2-5d07-98d5-430f74d8d3b2,20,KIRINYAGA,9dc3173b-0ca9-500d-9750-bd7e607753f1,102,NDIA,e46cc49d-904f-51af-b446-d8f53539fc83,509,MUKURE,a660edc1-f1bd-5e4b-a7b4-ab700bbd2754,9,KIAMBAGATHI TEA BUYING CENTRE
66e549b7-01e2-5d07-98d5-430f74d8d3b2,20,KIRINYAGA,9dc3173b-0ca9-500d-9750-bd7e607753f1,102,NDIA,e46cc49d-904f-51af-b446-d8f53539fc83,509,MUKURE,0f8fd428-f8af-5f08-874f-2f28e2c049d4,10,KABONGE PRIMARY SCHOOL
66e549b7-01e2-5d07-98d5-430f74d8d3b2,20,KIRINYAGA,9dc3173b-0ca9-500d-9750-bd7e607753f1,102,NDIA,e46cc49d-904f-51af-b446-d8f53539fc83,509,MUKURE,ff0706c6-f602-5062-82e3-d9a8f569c781,11,KABONGE TEA BUYING CENTRE
66e549b7-01e2-5d07-98d5-430f74d8d3b2,20,KIRINYAGA,9dc3173b-0ca9-500d-9750-bd7e607753f1,102,NDIA,e46cc49d-904f-51af-b446-d8f53539fc83,509,MUKURE,8cccaedb-9c74-5b04-a86e-ccaf1f02935d,12,KIARAGANA COFFEE FACTORY
66e549b7-01e2-5d07-98d5-430f74d8d3b2,20,KIRINYAGA,9dc3173b-0ca9-500d-9750-bd7e607753f1,102,NDIA,e46cc49d-904f-51af-b446-d8f53539fc83,509,MUKURE,09252edd-7381-521b-a40c-135f5707cc22,13,KIARAGANA PRIMARY SCHOOL
66e549b7-01e2-5d07-98d5-430f74d8d3b2,20,KIRINYAGA,9dc3173b-0ca9-500d-9750-bd7e607753f1,102,NDIA,e46cc49d-904f-51af-b446-d8f53539fc83,509,MUKURE,661337be-83e9-55d9-831d-d847146578f6,14,A.I.P.C.A. RIAKIANIA PRIMARY SCHOOL
66e549b7-01e2-5d07-98d5-430f74d8d3b2,20,KIRINYAGA,9dc3173b-0ca9-500d-9750-bd7e607753f1,102,NDIA,e46cc49d-904f-51af-b446-d8f53539fc83,509,MUKURE,9eaa3925-498e-5600-a405-7dd26c24f04e,15,KARIA-INI COFFEE FACTORY
66e549b7-01e2-5d07-98d5-430f74d8d3b2,20,KIRINYAGA,9dc3173b-0ca9-500d-9750-bd7e607753f1,102,NDIA,e46cc49d-904f-51af-b446-d8f53539fc83,509,MUKURE,1dea50fe-c71a-5c75-b968-e4e921430d2d,16,KARIMA-INI PRIMARY SCHOOL
66e549b7-01e2-5d07-98d5-430f74d8d3b2,20,KIRINYAGA,9dc3173b-0ca9-500d-9750-bd7e607753f1,102,NDIA,e46cc49d-904f-51af-b446-d8f53539fc83,509,MUKURE,c2cac1da-4a9f-5aa2-88e9-016b0f93816b,17,"ACK ST. BARNABAS CHURCH HALL,KAHARO"
66e549b7-01e2-5d07-98d5-430f74d8d3b2,20,KIRINYAGA,9dc3173b-0ca9-500d-9750-bd7e607753f1,102,NDIA,e46cc49d-904f-51af-b446-d8f53539fc83,509,MUKURE,e058c533-f793-541e-a74c-1050d49ce2d3,18,GETUYA PRIMARY SCHOOL
66e549b7-01e2-5d07-98d5-430f74d8d3b2,20,KIRINYAGA,9dc3173b-0ca9-500d-9750-bd7e607753f1,102,NDIA,e46cc49d-904f-51af-b446-d8f53539fc83,509,MUKURE,3cb6e583-7a53-57eb-997a-2641140f6522,19,ST. PATRICK KARIRIA CATHOLIC CHURCH
66e549b7-01e2-5d07-98d5-430f74d8d3b2,20,KIRINYAGA,9dc3173b-0ca9-500d-9750-bd7e607753f1,102,NDIA,e46cc49d-904f-51af-b446-d8f53539fc83,509,MUKURE,97840425-faa7-535b-9555-08f8162bcc9b,20,LOWER BARICHO PRIMARY SCHOOL
66e549b7-01e2-5d07-98d5-430f74d8d3b2,20,KIRINYAGA,9dc3173b-0ca9-500d-9750-bd7e607753f1,102,NDIA,e46cc49d-904f-51af-b446-d8f53539fc83,509,MUKURE,531e5aa9-3165-5b36-9d66-2876225bb6e1,21,KIBURU PRIMARY SCHOOL
66e549b7-01e2-5d07-98d5-430f74d8d3b2,20,KIRINYAGA,9dc3173b-0ca9-500d-9750-bd7e607753f1,102,NDIA,e46cc49d-904f-51af-b446-d8f53539fc83,509,MUKURE,483e4a79-dc6d-5f64-a7c7-ebb9b0927fa6,22,MITONDO COFFEE FACTORY
66e549b7-01e2-5d07-98d5-430f74d8d3b2,20,KIRINYAGA,9dc3173b-0ca9-500d-9750-bd7e607753f1,102,NDIA,e46cc49d-904f-51af-b446-d8f53539fc83,509,MUKURE,8e7a244a-c7bb-5f28-bcc6-351b8b82cbaa,23,UPPER BARICHO PRIMARY SCHOOL
66e549b7-01e2-5d07-98d5-430f74d8d3b2,20,KIRINYAGA,9dc3173b-0ca9-500d-9750-bd7e607753f1,102,NDIA,e46cc49d-904f-51af-b446-d8f53539fc83,509,MUKURE,364af441-95a4-5afb-97f5-7caeb2459edd,24,KIAMBWE YOUTH POLY-TECHNIC
66e549b7-01e2-5d07-98d5-430f74d8d3b2,20,KIRINYAGA,9dc3173b-0ca9-500d-9750-bd7e607753f1,102,NDIA,e46cc49d-904f-51af-b446-d8f53539fc83,509,MUKURE,6569d145-b9f9-58d3-8689-85428e7c2c3c,25,NDIGARU PRIMARY SCHOOL
66e549b7-01e2-5d07-98d5-430f74d8d3b2,20,KIRINYAGA,9dc3173b-0ca9-500d-9750-bd7e607753f1,102,NDIA,2857e6cb-36bb-56e6-8dcb-e2dff3742990,510,KIINE,1c49c39b-4899-5dc1-8945-ca180a029dc1,26,KIRIKO PRIMARY SCHOOL
66e549b7-01e2-5d07-98d5-430f74d8d3b2,20,KIRINYAGA,9dc3173b-0ca9-500d-9750-bd7e607753f1,102,NDIA,2857e6cb-36bb-56e6-8dcb-e2dff3742990,510,KIINE,3c14871f-284a-5f49-b421-9ef93dce529b,27,MATHIA PRIMARY SCHOOL
66e549b7-01e2-5d07-98d5-430f74d8d3b2,20,KIRINYAGA,9dc3173b-0ca9-500d-9750-bd7e607753f1,102,NDIA,2857e6cb-36bb-56e6-8dcb-e2dff3742990,510,KIINE,5510c61f-9b7f-53b0-a989-dcf4d06a9d62,28,KAHARO TEA BUYING CENTRE
66e549b7-01e2-5d07-98d5-430f74d8d3b2,20,KIRINYAGA,9dc3173b-0ca9-500d-9750-bd7e607753f1,102,NDIA,2857e6cb-36bb-56e6-8dcb-e2dff3742990,510,KIINE,b4c3d268-06c5-51aa-85df-02e1e3b8e39d,29,KIANGAI PRIMARY SCHOOL
66e549b7-01e2-5d07-98d5-430f74d8d3b2,20,KIRINYAGA,9dc3173b-0ca9-500d-9750-bd7e607753f1,102,NDIA,2857e6cb-36bb-56e6-8dcb-e2dff3742990,510,KIINE,72bc87b7-e8ec-51d0-a858-422bd59998fd,30,THUNGURI PRIMARY SCHOOL
66e549b7-01e2-5d07-98d5-430f74d8d3b2,20,KIRINYAGA,9dc3173b-0ca9-500d-9750-bd7e607753f1,102,NDIA,2857e6cb-36bb-56e6-8dcb-e2dff3742990,510,KIINE,1b37b9d0-ada0-5fc4-b97e-da0229598d71,31,KIANWE PRIMARY SCHOOL
66e549b7-01e2-5d07-98d5-430f74d8d3b2,20,KIRINYAGA,9dc3173b-0ca9-500d-9750-bd7e607753f1,102,NDIA,2857e6cb-36bb-56e6-8dcb-e2dff3742990,510,KIINE,6c0ee9e3-dff8-5dca-9092-66b09f7d7b06,32,NDIMA KANINI TEA BUYING CENTRE
66e549b7-01e2-5d07-98d5-430f74d8d3b2,20,KIRINYAGA,9dc3173b-0ca9-500d-9750-bd7e607753f1,102,NDIA,2857e6cb-36bb-56e6-8dcb-e2dff3742990,510,KIINE,e2d4724c-41e2-5650-8708-6f6d8ea5fad3,33,NGUGU-INI PRIMARY SCHOOL
66e549b7-01e2-5d07-98d5-430f74d8d3b2,20,KIRINYAGA,9dc3173b-0ca9-500d-9750-bd7e607753f1,102,NDIA,2857e6cb-36bb-56e6-8dcb-e2dff3742990,510,KIINE,6cefd394-38ad-526d-81e6-acf7e874e9c4,34,KIANGOMA PRIMARY SCHOOL
66e549b7-01e2-5d07-98d5-430f74d8d3b2,20,KIRINYAGA,9dc3173b-0ca9-500d-9750-bd7e607753f1,102,NDIA,2857e6cb-36bb-56e6-8dcb-e2dff3742990,510,KIINE,a70ecc93-c96c-5584-9fd7-3f5a4b7b0a8c,35,KIBIRIGWI PRIMARY SCHOOL
66e549b7-01e2-5d07-98d5-430f74d8d3b2,20,KIRINYAGA,9dc3173b-0ca9-500d-9750-bd7e607753f1,102,NDIA,2857e6cb-36bb-56e6-8dcb-e2dff3742990,510,KIINE,fade5aa7-d73d-52f9-877b-b197fe7ef27f,36,RAGATI COFFEE FACTORY
66e549b7-01e2-5d07-98d5-430f74d8d3b2,20,KIRINYAGA,9dc3173b-0ca9-500d-9750-bd7e607753f1,102,NDIA,2857e6cb-36bb-56e6-8dcb-e2dff3742990,510,KIINE,c1877112-6ebb-5cb8-a778-2e4ee09d1315,37,KIRIKO PEFA CHURCH
66e549b7-01e2-5d07-98d5-430f74d8d3b2,20,KIRINYAGA,9dc3173b-0ca9-500d-9750-bd7e607753f1,102,NDIA,2857e6cb-36bb-56e6-8dcb-e2dff3742990,510,KIINE,c8294413-7d19-5987-8af5-e45b2f61b77a,38,KAIRINI PRIMARY SCHOOL
66e549b7-01e2-5d07-98d5-430f74d8d3b2,20,KIRINYAGA,9dc3173b-0ca9-500d-9750-bd7e607753f1,102,NDIA,2857e6cb-36bb-56e6-8dcb-e2dff3742990,510,KIINE,fa1a1f0f-ec56-5473-8b41-95ac6b097ed2,39,CHEMA COFFEE FACTORY
66e549b7-01e2-5d07-98d5-430f74d8d3b2,20,KIRINYAGA,9dc3173b-0ca9-500d-9750-bd7e607753f1,102,NDIA,2857e6cb-36bb-56e6-8dcb-e2dff3742990,510,KIINE,9a611f76-d4c1-5574-8c05-bcf533d1e1c8,40,MUTITU PEFA CHURCH
66e549b7-01e2-5d07-98d5-430f74d8d3b2,20,KIRINYAGA,9dc3173b-0ca9-500d-9750-bd7e607753f1,102,NDIA,2857e6cb-36bb-56e6-8dcb-e2dff3742990,510,KIINE,6296797a-bccc-5f89-8d6f-b3416b5b018b,41,KIAMUMU NATIONAL INDEPENDENT CHURC
66e549b7-01e2-5d07-98d5-430f74d8d3b2,20,KIRINYAGA,9dc3173b-0ca9-500d-9750-bd7e607753f1,102,NDIA,2857e6cb-36bb-56e6-8dcb-e2dff3742990,510,KIINE,a83cf48d-30b7-5b51-adce-8da94fc03f40,42,KIINE PRIMARY SCHOOL
66e549b7-01e2-5d07-98d5-430f74d8d3b2,20,KIRINYAGA,9dc3173b-0ca9-500d-9750-bd7e607753f1,102,NDIA,2857e6cb-36bb-56e6-8dcb-e2dff3742990,510,KIINE,fb9fc713-b6ed-50f6-9809-ce11951e55da,43,KIBINGOTI YOUTH POLY-TECHNIC
66e549b7-01e2-5d07-98d5-430f74d8d3b2,20,KIRINYAGA,9dc3173b-0ca9-500d-9750-bd7e607753f1,102,NDIA,2857e6cb-36bb-56e6-8dcb-e2dff3742990,510,KIINE,72c41f55-baf6-572f-9675-30e47ee4a5cc,44,KAHUHOINI PRIMARY SCHOOL
66e549b7-01e2-5d07-98d5-430f74d8d3b2,20,KIRINYAGA,9dc3173b-0ca9-500d-9750-bd7e607753f1,102,NDIA,2857e6cb-36bb-56e6-8dcb-e2dff3742990,510,KIINE,07154014-b08b-54a8-a427-e4ab04ae2eed,45,ST. PETER KARINGA-INI CATHOLIC CHURCH
66e549b7-01e2-5d07-98d5-430f74d8d3b2,20,KIRINYAGA,9dc3173b-0ca9-500d-9750-bd7e607753f1,102,NDIA,2857e6cb-36bb-56e6-8dcb-e2dff3742990,510,KIINE,67809a06-b5ea-5e6a-a371-387130d3936f,46,"KAG CHURCH,KIANDAI"
66e549b7-01e2-5d07-98d5-430f74d8d3b2,20,KIRINYAGA,9dc3173b-0ca9-500d-9750-bd7e607753f1,102,NDIA,2857e6cb-36bb-56e6-8dcb-e2dff3742990,510,KIINE,1fa8716c-57f3-5d3f-9f98-30d8137fe8e0,47,KIANDANGAE PRIMARY SCHOOL
66e549b7-01e2-5d07-98d5-430f74d8d3b2,20,KIRINYAGA,9dc3173b-0ca9-500d-9750-bd7e607753f1,102,NDIA,2857e6cb-36bb-56e6-8dcb-e2dff3742990,510,KIINE,02d350eb-679e-5617-b4eb-4668e29a3a5e,48,ACK ST. FAITH MUTINU CHURCH HALL
66e549b7-01e2-5d07-98d5-430f74d8d3b2,20,KIRINYAGA,9dc3173b-0ca9-500d-9750-bd7e607753f1,102,NDIA,2857e6cb-36bb-56e6-8dcb-e2dff3742990,510,KIINE,2d109b27-82aa-5067-804f-e7e6be2ee46d,49,THUMAITA WEST PRIMARY SCHOOL
66e549b7-01e2-5d07-98d5-430f74d8d3b2,20,KIRINYAGA,9dc3173b-0ca9-500d-9750-bd7e607753f1,102,NDIA,2857e6cb-36bb-56e6-8dcb-e2dff3742990,510,KIINE,bea5e5d6-a4fe-5f4b-abc6-d4cb20a23f2d,50,KATHAKA PRIMARY SCHOOL
66e549b7-01e2-5d07-98d5-430f74d8d3b2,20,KIRINYAGA,9dc3173b-0ca9-500d-9750-bd7e607753f1,102,NDIA,2857e6cb-36bb-56e6-8dcb-e2dff3742990,510,KIINE,facfcb62-e08c-5efc-a84c-e4f664caa5e2,51,"PCEA EMMANUEL CHURCH HALL,KAGIO"
66e549b7-01e2-5d07-98d5-430f74d8d3b2,20,KIRINYAGA,9dc3173b-0ca9-500d-9750-bd7e607753f1,102,NDIA,2857e6cb-36bb-56e6-8dcb-e2dff3742990,510,KIINE,6ecf3493-0411-5607-b661-781a7b1d2629,52,CCM KAGIO CHURCH HALL
66e549b7-01e2-5d07-98d5-430f74d8d3b2,20,KIRINYAGA,9dc3173b-0ca9-500d-9750-bd7e607753f1,102,NDIA,b4ec77ee-07fc-515e-93df-911d1f8cda22,511,KARITI,f8c64c0d-cbdb-5b76-810a-f558a6101032,53,KIANJEGE WEST PRIMARY SCHOOL
66e549b7-01e2-5d07-98d5-430f74d8d3b2,20,KIRINYAGA,9dc3173b-0ca9-500d-9750-bd7e607753f1,102,NDIA,b4ec77ee-07fc-515e-93df-911d1f8cda22,511,KARITI,bc006ff2-779b-5781-aeb8-f2e3e9c17188,54,PCEA MUKURIA CHURCH
66e549b7-01e2-5d07-98d5-430f74d8d3b2,20,KIRINYAGA,9dc3173b-0ca9-500d-9750-bd7e607753f1,102,NDIA,b4ec77ee-07fc-515e-93df-911d1f8cda22,511,KARITI,fb0e4fd0-1b61-57f0-90f8-c5f7cea2e28f,55,MUKANGU PRIMARY SCHOOL
66e549b7-01e2-5d07-98d5-430f74d8d3b2,20,KIRINYAGA,9dc3173b-0ca9-500d-9750-bd7e607753f1,102,NDIA,b4ec77ee-07fc-515e-93df-911d1f8cda22,511,KARITI,e4863e1a-6139-58dd-b91d-36880151af6c,56,MURURI-INI CATHOLIC CHURCH CENTRE
66e549b7-01e2-5d07-98d5-430f74d8d3b2,20,KIRINYAGA,9dc3173b-0ca9-500d-9750-bd7e607753f1,102,NDIA,b4ec77ee-07fc-515e-93df-911d1f8cda22,511,KARITI,cd29a8d8-e204-5b8d-a8a6-fce00dbe03f1,57,MUKUI PRIMARY SCHOOL
66e549b7-01e2-5d07-98d5-430f74d8d3b2,20,KIRINYAGA,9dc3173b-0ca9-500d-9750-bd7e607753f1,102,NDIA,b4ec77ee-07fc-515e-93df-911d1f8cda22,511,KARITI,e0ed711f-c5f5-5895-b41a-5c240ce0ad60,58,THIGIRICHI NEW APOSTOLIC CHURCH
66e549b7-01e2-5d07-98d5-430f74d8d3b2,20,KIRINYAGA,9dc3173b-0ca9-500d-9750-bd7e607753f1,102,NDIA,b4ec77ee-07fc-515e-93df-911d1f8cda22,511,KARITI,20f05c04-1c12-582a-9eef-91992666011a,59,GITHUA-INI PRIMARY SCHOOL
66e549b7-01e2-5d07-98d5-430f74d8d3b2,20,KIRINYAGA,9dc3173b-0ca9-500d-9750-bd7e607753f1,102,NDIA,b4ec77ee-07fc-515e-93df-911d1f8cda22,511,KARITI,29cb6694-afb4-59e9-8827-83d0fb571b5b,60,KARIMA PRIMARY SCHOOL
66e549b7-01e2-5d07-98d5-430f74d8d3b2,20,KIRINYAGA,9dc3173b-0ca9-500d-9750-bd7e607753f1,102,NDIA,b4ec77ee-07fc-515e-93df-911d1f8cda22,511,KARITI,64f35d0f-38aa-52e6-9b5b-6029e7874adf,61,NGANDO NURSERY SCHOOL
66e549b7-01e2-5d07-98d5-430f74d8d3b2,20,KIRINYAGA,9dc3173b-0ca9-500d-9750-bd7e607753f1,102,NDIA,b4ec77ee-07fc-515e-93df-911d1f8cda22,511,KARITI,253a17da-3aef-5f30-81d9-b1a848275a75,62,KINYAKIIRU PRIMARY SCHOOL
66e549b7-01e2-5d07-98d5-430f74d8d3b2,20,KIRINYAGA,9dc3173b-0ca9-500d-9750-bd7e607753f1,102,NDIA,b4ec77ee-07fc-515e-93df-911d1f8cda22,511,KARITI,23fb246c-0ae0-53e2-b06e-795173ff3273,63,KIANGWACI CATHOLIC CHURCH HALL
66e549b7-01e2-5d07-98d5-430f74d8d3b2,20,KIRINYAGA,9dc3173b-0ca9-500d-9750-bd7e607753f1,102,NDIA,b4ec77ee-07fc-515e-93df-911d1f8cda22,511,KARITI,0e244838-c3b4-51b5-82cd-0033c3b36023,64,GACHARU PRIMARY SCHOOL
66e549b7-01e2-5d07-98d5-430f74d8d3b2,20,KIRINYAGA,9dc3173b-0ca9-500d-9750-bd7e607753f1,102,NDIA,b4ec77ee-07fc-515e-93df-911d1f8cda22,511,KARITI,04b05cd5-fb40-5716-b933-f6db7fc70095,65,KAHIRO PRIMARY SCHOOL
66e549b7-01e2-5d07-98d5-430f74d8d3b2,20,KIRINYAGA,9dc3173b-0ca9-500d-9750-bd7e607753f1,102,NDIA,b4ec77ee-07fc-515e-93df-911d1f8cda22,511,KARITI,84248564-eb6f-5297-9e55-f4cff3068160,66,UPPER SAGANA PRIMARY SCHOOL
66e549b7-01e2-5d07-98d5-430f74d8d3b2,20,KIRINYAGA,9dc3173b-0ca9-500d-9750-bd7e607753f1,102,NDIA,b4ec77ee-07fc-515e-93df-911d1f8cda22,511,KARITI,2aeabfa2-68b6-5934-9a07-431cd5824da9,67,LOWER SAGANA PRIMARY SCHOOL
66e549b7-01e2-5d07-98d5-430f74d8d3b2,20,KIRINYAGA,9dc3173b-0ca9-500d-9750-bd7e607753f1,102,NDIA,b4ec77ee-07fc-515e-93df-911d1f8cda22,511,KARITI,80198dac-dc03-5017-8e2c-6ca2d17d6ea9,68,THANJU PRIMARY SCHOOL
66e549b7-01e2-5d07-98d5-430f74d8d3b2,20,KIRINYAGA,9dc3173b-0ca9-500d-9750-bd7e607753f1,102,NDIA,b4ec77ee-07fc-515e-93df-911d1f8cda22,511,KARITI,629484ab-c7c7-5ef3-9b0c-51f0999ab40d,69,GAKINDU PRIMARY SCHOOL
66e549b7-01e2-5d07-98d5-430f74d8d3b2,20,KIRINYAGA,9dc3173b-0ca9-500d-9750-bd7e607753f1,102,NDIA,b4ec77ee-07fc-515e-93df-911d1f8cda22,511,KARITI,c6629436-6f5f-582e-90f7-c75c27fa97bc,70,SAGANA MUSLIM PRIMARY SCHOOL
66e549b7-01e2-5d07-98d5-430f74d8d3b2,20,KIRINYAGA,ebcfc06f-76ea-50cd-8ea8-0ad4707951c9,103,KIRINYAGA CENTRAL,4d30f7a2-e574-52d2-a696-b8dc1fc51f95,512,MUTIRA,5d0d9e10-2057-502d-a937-1484a9e03ef7,1,KIAMAINA PRIMARY SCHOOL
66e549b7-01e2-5d07-98d5-430f74d8d3b2,20,KIRINYAGA,ebcfc06f-76ea-50cd-8ea8-0ad4707951c9,103,KIRINYAGA CENTRAL,4d30f7a2-e574-52d2-a696-b8dc1fc51f95,512,MUTIRA,57f38888-7c75-511a-bd40-8c2a8c06d613,2,GATHUTHUMA PRIMARY SCHOOL
66e549b7-01e2-5d07-98d5-430f74d8d3b2,20,KIRINYAGA,ebcfc06f-76ea-50cd-8ea8-0ad4707951c9,103,KIRINYAGA CENTRAL,4d30f7a2-e574-52d2-a696-b8dc1fc51f95,512,MUTIRA,6d40bf79-4ad9-55b6-aa65-a252579f0749,3,KAMUIRU PRIMARY SCHOOL
66e549b7-01e2-5d07-98d5-430f74d8d3b2,20,KIRINYAGA,ebcfc06f-76ea-50cd-8ea8-0ad4707951c9,103,KIRINYAGA CENTRAL,4d30f7a2-e574-52d2-a696-b8dc1fc51f95,512,MUTIRA,599c05ac-b099-5040-b2d5-3000fe41284a,4,KIAMUTUIRA PRIMARY SCHOOL
66e549b7-01e2-5d07-98d5-430f74d8d3b2,20,KIRINYAGA,ebcfc06f-76ea-50cd-8ea8-0ad4707951c9,103,KIRINYAGA CENTRAL,4d30f7a2-e574-52d2-a696-b8dc1fc51f95,512,MUTIRA,bca6ae53-4374-529c-9224-2fec04e8e863,5,KIARUGU PRIMARY SCHOOL
66e549b7-01e2-5d07-98d5-430f74d8d3b2,20,KIRINYAGA,ebcfc06f-76ea-50cd-8ea8-0ad4707951c9,103,KIRINYAGA CENTRAL,4d30f7a2-e574-52d2-a696-b8dc1fc51f95,512,MUTIRA,9262cd2c-5b10-524e-bb90-ed7abf2c27c6,6,KATHITI TEA BUYING CENTRE
66e549b7-01e2-5d07-98d5-430f74d8d3b2,20,KIRINYAGA,ebcfc06f-76ea-50cd-8ea8-0ad4707951c9,103,KIRINYAGA CENTRAL,4d30f7a2-e574-52d2-a696-b8dc1fc51f95,512,MUTIRA,b5ddb5df-a0c7-5421-ac91-fcde8fb7d6c4,7,KAGUMO C.C.M PRIMARY SCHOOL
66e549b7-01e2-5d07-98d5-430f74d8d3b2,20,KIRINYAGA,ebcfc06f-76ea-50cd-8ea8-0ad4707951c9,103,KIRINYAGA CENTRAL,4d30f7a2-e574-52d2-a696-b8dc1fc51f95,512,MUTIRA,df6a320d-94d7-56b3-b1ce-c080824a0da5,8,MUTIRA PRIMARY SCHOOL
66e549b7-01e2-5d07-98d5-430f74d8d3b2,20,KIRINYAGA,ebcfc06f-76ea-50cd-8ea8-0ad4707951c9,103,KIRINYAGA CENTRAL,4d30f7a2-e574-52d2-a696-b8dc1fc51f95,512,MUTIRA,5fa12b5d-aed4-5932-bacb-5d4b68ed1697,9,KANGWARE TEA BUYING CENTRE
66e549b7-01e2-5d07-98d5-430f74d8d3b2,20,KIRINYAGA,ebcfc06f-76ea-50cd-8ea8-0ad4707951c9,103,KIRINYAGA CENTRAL,4d30f7a2-e574-52d2-a696-b8dc1fc51f95,512,MUTIRA,b0155514-9090-5cb0-8c13-2d5f8dfcae20,10,KAGUMO TEA BUYING CENTRE
66e549b7-01e2-5d07-98d5-430f74d8d3b2,20,KIRINYAGA,ebcfc06f-76ea-50cd-8ea8-0ad4707951c9,103,KIRINYAGA CENTRAL,4d30f7a2-e574-52d2-a696-b8dc1fc51f95,512,MUTIRA,c66e15d6-d28a-59e4-b38e-9eb61521b6c8,11,KIANDUKU TEA BUYING CENTRE
66e549b7-01e2-5d07-98d5-430f74d8d3b2,20,KIRINYAGA,ebcfc06f-76ea-50cd-8ea8-0ad4707951c9,103,KIRINYAGA CENTRAL,4d30f7a2-e574-52d2-a696-b8dc1fc51f95,512,MUTIRA,0e29fd4c-45e2-5ecd-a1b4-3fc38a09b9ad,12,KIANJAGI TEA BUYING CENTRE
66e549b7-01e2-5d07-98d5-430f74d8d3b2,20,KIRINYAGA,ebcfc06f-76ea-50cd-8ea8-0ad4707951c9,103,KIRINYAGA CENTRAL,4d30f7a2-e574-52d2-a696-b8dc1fc51f95,512,MUTIRA,cb61c637-ecd5-562e-a5cf-4775b5b5ec03,13,GATWE PRIMARY SCHOOL
66e549b7-01e2-5d07-98d5-430f74d8d3b2,20,KIRINYAGA,ebcfc06f-76ea-50cd-8ea8-0ad4707951c9,103,KIRINYAGA CENTRAL,4d30f7a2-e574-52d2-a696-b8dc1fc51f95,512,MUTIRA,14e6f12f-b53f-50f8-871e-e87b037024ef,14,KAGUMO HEALTH CENTRE
66e549b7-01e2-5d07-98d5-430f74d8d3b2,20,KIRINYAGA,ebcfc06f-76ea-50cd-8ea8-0ad4707951c9,103,KIRINYAGA CENTRAL,4d30f7a2-e574-52d2-a696-b8dc1fc51f95,512,MUTIRA,94cc9b2a-e813-51f3-a2e7-da7f6a669ab4,15,RWAMBITI TEA BUYING CENTRE
66e549b7-01e2-5d07-98d5-430f74d8d3b2,20,KIRINYAGA,ebcfc06f-76ea-50cd-8ea8-0ad4707951c9,103,KIRINYAGA CENTRAL,4d30f7a2-e574-52d2-a696-b8dc1fc51f95,512,MUTIRA,4d729fee-7ace-590d-b98e-ba8ba4e2616f,16,GATHERA TEA BUYING CENTRE
66e549b7-01e2-5d07-98d5-430f74d8d3b2,20,KIRINYAGA,ebcfc06f-76ea-50cd-8ea8-0ad4707951c9,103,KIRINYAGA CENTRAL,d8a89fb7-4ba5-5854-b323-21c1de457f7c,513,KANYEKINI,1fbec314-5777-5a06-9a0d-04d338219d3f,17,KIANGUNGU PRIMARY SCHOOL
66e549b7-01e2-5d07-98d5-430f74d8d3b2,20,KIRINYAGA,ebcfc06f-76ea-50cd-8ea8-0ad4707951c9,103,KIRINYAGA CENTRAL,d8a89fb7-4ba5-5854-b323-21c1de457f7c,513,KANYEKINI,dc0c5bb7-fe84-5667-b983-5d42d3403563,18,MUKINDURI PRIMARY SCHOOL
66e549b7-01e2-5d07-98d5-430f74d8d3b2,20,KIRINYAGA,ebcfc06f-76ea-50cd-8ea8-0ad4707951c9,103,KIRINYAGA CENTRAL,d8a89fb7-4ba5-5854-b323-21c1de457f7c,513,KANYEKINI,a3b6b11d-f032-5c0a-8156-8e340451eb8b,19,NJEGA PRIMARY SCHOOL
66e549b7-01e2-5d07-98d5-430f74d8d3b2,20,KIRINYAGA,ebcfc06f-76ea-50cd-8ea8-0ad4707951c9,103,KIRINYAGA CENTRAL,d8a89fb7-4ba5-5854-b323-21c1de457f7c,513,KANYEKINI,fee5f46a-9cd8-5d00-bdf2-e7f6816dc495,20,KIANJEGE EAST PRIMARY SCHOOL
66e549b7-01e2-5d07-98d5-430f74d8d3b2,20,KIRINYAGA,ebcfc06f-76ea-50cd-8ea8-0ad4707951c9,103,KIRINYAGA CENTRAL,d8a89fb7-4ba5-5854-b323-21c1de457f7c,513,KANYEKINI,69ca3cbd-c6c7-5c3d-9859-b66cc8e4d6f5,21,KIRIMUNGE PRIMARY SCHOOL
66e549b7-01e2-5d07-98d5-430f74d8d3b2,20,KIRINYAGA,ebcfc06f-76ea-50cd-8ea8-0ad4707951c9,103,KIRINYAGA CENTRAL,d8a89fb7-4ba5-5854-b323-21c1de457f7c,513,KANYEKINI,dd411c6c-e491-5a5e-9ef1-aa19fec6e1d3,22,NGORANO COFFEE FACTORY
66e549b7-01e2-5d07-98d5-430f74d8d3b2,20,KIRINYAGA,ebcfc06f-76ea-50cd-8ea8-0ad4707951c9,103,KIRINYAGA CENTRAL,d8a89fb7-4ba5-5854-b323-21c1de457f7c,513,KANYEKINI,0732391c-fc66-5609-b72f-75a6712bd47d,23,MUTITU PRIMARY SCHOOL
66e549b7-01e2-5d07-98d5-430f74d8d3b2,20,KIRINYAGA,ebcfc06f-76ea-50cd-8ea8-0ad4707951c9,103,KIRINYAGA CENTRAL,d8a89fb7-4ba5-5854-b323-21c1de457f7c,513,KANYEKINI,4e48c3e3-359a-590f-89ba-6274368bec8e,24,KIRIMA PRIMARY SCHOOL
66e549b7-01e2-5d07-98d5-430f74d8d3b2,20,KIRINYAGA,ebcfc06f-76ea-50cd-8ea8-0ad4707951c9,103,KIRINYAGA CENTRAL,d8a89fb7-4ba5-5854-b323-21c1de457f7c,513,KANYEKINI,ea0f2c51-3076-50db-99da-32e6b747a03f,25,NGARU PRIMARY SCHOOL
66e549b7-01e2-5d07-98d5-430f74d8d3b2,20,KIRINYAGA,ebcfc06f-76ea-50cd-8ea8-0ad4707951c9,103,KIRINYAGA CENTRAL,d8a89fb7-4ba5-5854-b323-21c1de457f7c,513,KANYEKINI,e7008f4a-989a-5f8d-bdd5-db23febc56d4,26,GATUTO PRIMARY SCHOOL
66e549b7-01e2-5d07-98d5-430f74d8d3b2,20,KIRINYAGA,ebcfc06f-76ea-50cd-8ea8-0ad4707951c9,103,KIRINYAGA CENTRAL,d8a89fb7-4ba5-5854-b323-21c1de457f7c,513,KANYEKINI,5dc5f956-794c-5fb8-b76a-8e69192e9e13,27,GITWE PRIMARY SCHOOL
66e549b7-01e2-5d07-98d5-430f74d8d3b2,20,KIRINYAGA,ebcfc06f-76ea-50cd-8ea8-0ad4707951c9,103,KIRINYAGA CENTRAL,d8a89fb7-4ba5-5854-b323-21c1de457f7c,513,KANYEKINI,3ece3724-9b1d-5c3b-a62d-a69f76a997aa,28,KIRINYAGA UNIVERSITY
66e549b7-01e2-5d07-98d5-430f74d8d3b2,20,KIRINYAGA,ebcfc06f-76ea-50cd-8ea8-0ad4707951c9,103,KIRINYAGA CENTRAL,d8a89fb7-4ba5-5854-b323-21c1de457f7c,513,KANYEKINI,4ce43629-c368-5183-89e8-5bccce296a22,29,KIAGA PRIMARY SCHOOL
66e549b7-01e2-5d07-98d5-430f74d8d3b2,20,KIRINYAGA,ebcfc06f-76ea-50cd-8ea8-0ad4707951c9,103,KIRINYAGA CENTRAL,d8a89fb7-4ba5-5854-b323-21c1de457f7c,513,KANYEKINI,8e0077ec-76f5-5cac-9bf4-2acf557f0e8e,30,KIAMUTHAMBI CATTLE DIP
66e549b7-01e2-5d07-98d5-430f74d8d3b2,20,KIRINYAGA,ebcfc06f-76ea-50cd-8ea8-0ad4707951c9,103,KIRINYAGA CENTRAL,62298c56-f535-5b2b-9681-e37efe1e7286,514,KERUGOYA,6e7e5f61-9fd1-5268-b404-877995a51320,31,KAITHERI PRIMARY SCHOOL
66e549b7-01e2-5d07-98d5-430f74d8d3b2,20,KIRINYAGA,ebcfc06f-76ea-50cd-8ea8-0ad4707951c9,103,KIRINYAGA CENTRAL,62298c56-f535-5b2b-9681-e37efe1e7286,514,KERUGOYA,b5de883f-cf14-5398-8697-6c6e2a85c7c0,32,ST. JOSEPH KERUGOYA BOYS PRIMARY SCHO
66e549b7-01e2-5d07-98d5-430f74d8d3b2,20,KIRINYAGA,ebcfc06f-76ea-50cd-8ea8-0ad4707951c9,103,KIRINYAGA CENTRAL,62298c56-f535-5b2b-9681-e37efe1e7286,514,KERUGOYA,b4ea4d98-e1ff-5adc-91ba-cf2cafa8094a,33,KAITHERI YOUTH POLY-TECHNIC
66e549b7-01e2-5d07-98d5-430f74d8d3b2,20,KIRINYAGA,ebcfc06f-76ea-50cd-8ea8-0ad4707951c9,103,KIRINYAGA CENTRAL,62298c56-f535-5b2b-9681-e37efe1e7286,514,KERUGOYA,a6784239-5b5b-541d-9127-312ed069d21b,34,KAGUYU COFFEE FACTORY
66e549b7-01e2-5d07-98d5-430f74d8d3b2,20,KIRINYAGA,ebcfc06f-76ea-50cd-8ea8-0ad4707951c9,103,KIRINYAGA CENTRAL,62298c56-f535-5b2b-9681-e37efe1e7286,514,KERUGOYA,1e026e3f-442e-5617-b60b-5ddd3846339d,35,KARIA SECONDARY SCHOOL
66e549b7-01e2-5d07-98d5-430f74d8d3b2,20,KIRINYAGA,ebcfc06f-76ea-50cd-8ea8-0ad4707951c9,103,KIRINYAGA CENTRAL,62298c56-f535-5b2b-9681-e37efe1e7286,514,KERUGOYA,5f05d5cc-076d-5e4a-82d4-7c6e407077d7,36,KIABARIKIRI PRIMARY SCHOOL
66e549b7-01e2-5d07-98d5-430f74d8d3b2,20,KIRINYAGA,ebcfc06f-76ea-50cd-8ea8-0ad4707951c9,103,KIRINYAGA CENTRAL,62298c56-f535-5b2b-9681-e37efe1e7286,514,KERUGOYA,5fe54aae-d55d-5922-a60e-cdfccfc0c7dd,37,KIANDIERI PRIMARY SCHOOL
66e549b7-01e2-5d07-98d5-430f74d8d3b2,20,KIRINYAGA,ebcfc06f-76ea-50cd-8ea8-0ad4707951c9,103,KIRINYAGA CENTRAL,62298c56-f535-5b2b-9681-e37efe1e7286,514,KERUGOYA,f721f75a-11ea-5a25-8108-640238b3a7e4,38,GAKOIGO PRIMARY SCHOOL
66e549b7-01e2-5d07-98d5-430f74d8d3b2,20,KIRINYAGA,ebcfc06f-76ea-50cd-8ea8-0ad4707951c9,103,KIRINYAGA CENTRAL,62298c56-f535-5b2b-9681-e37efe1e7286,514,KERUGOYA,eb8f27f0-5386-5f0f-ae9e-39c8f06a7dce,39,WAIGIRI PRIMARY SCHOOL
66e549b7-01e2-5d07-98d5-430f74d8d3b2,20,KIRINYAGA,ebcfc06f-76ea-50cd-8ea8-0ad4707951c9,103,KIRINYAGA CENTRAL,62298c56-f535-5b2b-9681-e37efe1e7286,514,KERUGOYA,7fa2ee19-1c58-5aba-a5d4-1cfd5dc1c239,40,KIARITHA PRIMARY SCHOOL
66e549b7-01e2-5d07-98d5-430f74d8d3b2,20,KIRINYAGA,ebcfc06f-76ea-50cd-8ea8-0ad4707951c9,103,KIRINYAGA CENTRAL,62298c56-f535-5b2b-9681-e37efe1e7286,514,KERUGOYA,b399dd9f-9c57-59c8-b8c7-96934c2ed930,41,KERUGOYA COFFEE FACTORY
66e549b7-01e2-5d07-98d5-430f74d8d3b2,20,KIRINYAGA,ebcfc06f-76ea-50cd-8ea8-0ad4707951c9,103,KIRINYAGA CENTRAL,62298c56-f535-5b2b-9681-e37efe1e7286,514,KERUGOYA,85df58e7-5a98-53a1-bd06-8bd64cdbd039,42,KIRIGO PRIMARY SCHOOL
66e549b7-01e2-5d07-98d5-430f74d8d3b2,20,KIRINYAGA,ebcfc06f-76ea-50cd-8ea8-0ad4707951c9,103,KIRINYAGA CENTRAL,62298c56-f535-5b2b-9681-e37efe1e7286,514,KERUGOYA,2e3fc1a5-7d8d-5483-91c8-751b35a6c5f8,43,PILLAR OF ROCK PRIMARY SCHOOL
66e549b7-01e2-5d07-98d5-430f74d8d3b2,20,KIRINYAGA,ebcfc06f-76ea-50cd-8ea8-0ad4707951c9,103,KIRINYAGA CENTRAL,62298c56-f535-5b2b-9681-e37efe1e7286,514,KERUGOYA,4fa6e9ac-dc2e-52eb-a17e-4b230c42ce35,44,RUTUI COFFEE FACTORY
66e549b7-01e2-5d07-98d5-430f74d8d3b2,20,KIRINYAGA,ebcfc06f-76ea-50cd-8ea8-0ad4707951c9,103,KIRINYAGA CENTRAL,62298c56-f535-5b2b-9681-e37efe1e7286,514,KERUGOYA,78f7c7ab-d60b-5bc4-bddf-b9a889e8cf36,45,GAKARARA TEA BUYING CENTRE
66e549b7-01e2-5d07-98d5-430f74d8d3b2,20,KIRINYAGA,ebcfc06f-76ea-50cd-8ea8-0ad4707951c9,103,KIRINYAGA CENTRAL,62298c56-f535-5b2b-9681-e37efe1e7286,514,KERUGOYA,68ee9d92-6bec-5682-94bd-87e044328337,46,AMANI GARDENS
66e549b7-01e2-5d07-98d5-430f74d8d3b2,20,KIRINYAGA,ebcfc06f-76ea-50cd-8ea8-0ad4707951c9,103,KIRINYAGA CENTRAL,7dc86f43-63f2-5dd0-9885-a0cdcd2f1932,515,INOI,0cc4781e-f034-54d4-b458-53f02d5a8064,47,NDIMI COFFEE FACTORY
66e549b7-01e2-5d07-98d5-430f74d8d3b2,20,KIRINYAGA,ebcfc06f-76ea-50cd-8ea8-0ad4707951c9,103,KIRINYAGA CENTRAL,7dc86f43-63f2-5dd0-9885-a0cdcd2f1932,515,INOI,bbfd373e-fdf1-56b6-a8d7-4e8b957fa4cd,48,KIAMURUGA PRIMARY SCHOOL
66e549b7-01e2-5d07-98d5-430f74d8d3b2,20,KIRINYAGA,ebcfc06f-76ea-50cd-8ea8-0ad4707951c9,103,KIRINYAGA CENTRAL,7dc86f43-63f2-5dd0-9885-a0cdcd2f1932,515,INOI,bb2758f7-3561-5978-b304-afaed9f66a43,49,MUGWANDI PRIMARY SCHOOL
66e549b7-01e2-5d07-98d5-430f74d8d3b2,20,KIRINYAGA,ebcfc06f-76ea-50cd-8ea8-0ad4707951c9,103,KIRINYAGA CENTRAL,7dc86f43-63f2-5dd0-9885-a0cdcd2f1932,515,INOI,9a88d439-a62d-5962-ae4a-755d9200b37a,50,KANGAITA TEA BUYING CENTRE
66e549b7-01e2-5d07-98d5-430f74d8d3b2,20,KIRINYAGA,ebcfc06f-76ea-50cd-8ea8-0ad4707951c9,103,KIRINYAGA CENTRAL,7dc86f43-63f2-5dd0-9885-a0cdcd2f1932,515,INOI,a4d359d3-1906-52b1-90d5-f6c204221a62,51,NYAKITHUCHI TEA BUYING CENTRE
66e549b7-01e2-5d07-98d5-430f74d8d3b2,20,KIRINYAGA,ebcfc06f-76ea-50cd-8ea8-0ad4707951c9,103,KIRINYAGA CENTRAL,7dc86f43-63f2-5dd0-9885-a0cdcd2f1932,515,INOI,3dd5a89c-62df-5e36-b8d7-903bb3a05363,52,MUTUMA PRIMARY SCHOOL
66e549b7-01e2-5d07-98d5-430f74d8d3b2,20,KIRINYAGA,ebcfc06f-76ea-50cd-8ea8-0ad4707951c9,103,KIRINYAGA CENTRAL,7dc86f43-63f2-5dd0-9885-a0cdcd2f1932,515,INOI,bffeb6a3-62c3-55f6-b6e3-715ebb380114,53,KARAINI PRIMARY SCHOOL
66e549b7-01e2-5d07-98d5-430f74d8d3b2,20,KIRINYAGA,ebcfc06f-76ea-50cd-8ea8-0ad4707951c9,103,KIRINYAGA CENTRAL,7dc86f43-63f2-5dd0-9885-a0cdcd2f1932,515,INOI,fc1e27d4-24b2-58b8-9d11-6052047202d8,54,THAITA PRIMARY SCHOOL
66e549b7-01e2-5d07-98d5-430f74d8d3b2,20,KIRINYAGA,ebcfc06f-76ea-50cd-8ea8-0ad4707951c9,103,KIRINYAGA CENTRAL,7dc86f43-63f2-5dd0-9885-a0cdcd2f1932,515,INOI,006f537b-50cc-5137-8d83-dbc797b2a131,55,KIRANJA PRIMARY SCHOOL
66e549b7-01e2-5d07-98d5-430f74d8d3b2,20,KIRINYAGA,ebcfc06f-76ea-50cd-8ea8-0ad4707951c9,103,KIRINYAGA CENTRAL,7dc86f43-63f2-5dd0-9885-a0cdcd2f1932,515,INOI,0e63ca4d-6b79-5a9c-b79c-63dd5071adf0,56,KANGAITA PRIMARY SCHOOL
66e549b7-01e2-5d07-98d5-430f74d8d3b2,20,KIRINYAGA,ebcfc06f-76ea-50cd-8ea8-0ad4707951c9,103,KIRINYAGA CENTRAL,7dc86f43-63f2-5dd0-9885-a0cdcd2f1932,515,INOI,f4e38c98-ff91-59d0-9b69-9f33727c0b65,57,KIANJOGU TEA BUYING CENTRE
66e549b7-01e2-5d07-98d5-430f74d8d3b2,20,KIRINYAGA,ebcfc06f-76ea-50cd-8ea8-0ad4707951c9,103,KIRINYAGA CENTRAL,7dc86f43-63f2-5dd0-9885-a0cdcd2f1932,515,INOI,5e848855-1ebf-507d-a633-6af855ecb065,58,KIANGIBUINI TEA BUYING CENTRE
66e549b7-01e2-5d07-98d5-430f74d8d3b2,20,KIRINYAGA,ebcfc06f-76ea-50cd-8ea8-0ad4707951c9,103,KIRINYAGA CENTRAL,7dc86f43-63f2-5dd0-9885-a0cdcd2f1932,515,INOI,4f0a2c68-622a-5ef6-81e6-e11b491ee16b,59,THAITA TEA BUYING CENTRE
66e549b7-01e2-5d07-98d5-430f74d8d3b2,20,KIRINYAGA,ebcfc06f-76ea-50cd-8ea8-0ad4707951c9,103,KIRINYAGA CENTRAL,7dc86f43-63f2-5dd0-9885-a0cdcd2f1932,515,INOI,23b9364b-84d1-55df-af9a-c7db36a2344b,60,MUNG'ETHA TEA BUYING CENTRE
