8f8173d9-2f8d-5636-a693-24d9f79ba651,31,LAIKIPIA,f125e4a9-55bd-50ad-bf69-abaa97d3b7cd,163,LAIKIPIA WEST,a9166d8d-dd61-55cf-8ade-b53e53f2474e,811,OL-MORAN,537fdae1-e47e-5ed5-8acd-57e78cb1e264,1,MIHARATI PRIMARY SCHOOL
8f8173d9-2f8d-5636-a693-24d9f79ba651,31,LAIKIPIA,f125e4a9-55bd-50ad-bf69-abaa97d3b7cd,163,LAIKIPIA WEST,a9166d8d-dd61-55cf-8ade-b53e53f2474e,811,OL-MORAN,e8b24a07-95c2-5758-a997-214c26218a6f,2,OLMORAN DAY SECONDARY SCHOOL
8f8173d9-2f8d-5636-a693-24d9f79ba651,31,LAIKIPIA,f125e4a9-55bd-50ad-bf69-abaa97d3b7cd,163,LAIKIPIA WEST,a9166d8d-dd61-55cf-8ade-b53e53f2474e,811,OL-MORAN,e912886a-d6b3-5b69-b14c-e497af0dc5d2,3,LAIKIPIA RANCHING PRIMARY SCHOOL
8f8173d9-2f8d-5636-a693-24d9f79ba651,31,LAIKIPIA,f125e4a9-55bd-50ad-bf69-abaa97d3b7cd,163,LAIKIPIA WEST,a9166d8d-dd61-55cf-8ade-b53e53f2474e,811,OL-MORAN,b420010a-a48c-5e3d-8291-063054f81fae,4,KABATI PRIMARY SCHOOL
8f8173d9-2f8d-5636-a693-24d9f79ba651,31,LAIKIPIA,f125e4a9-55bd-50ad-bf69-abaa97d3b7cd,163,LAIKIPIA WEST,a9166d8d-dd61-55cf-8ade-b53e53f2474e,811,OL-MORAN,e79c788b-21a9-577a-8c79-a4e869c61ee3,5,LARIAK PRIMARY SCHOOL
8f8173d9-2f8d-5636-a693-24d9f79ba651,31,LAIKIPIA,f125e4a9-55bd-50ad-bf69-abaa97d3b7cd,163,LAIKIPIA WEST,a9166d8d-dd61-55cf-8ade-b53e53f2474e,811,OL-MORAN,80879eea-382e-57f5-9f11-93f2e3e1932d,6,WANGWACHI PRIMARY SCHOOL
8f8173d9-2f8d-5636-a693-24d9f79ba651,31,LAIKIPIA,f125e4a9-55bd-50ad-bf69-abaa97d3b7cd,163,LAIKIPIA WEST,a9166d8d-dd61-55cf-8ade-b53e53f2474e,811,OL-MORAN,ba233470-f9f0-5923-812e-f0b544113d25,7,SIPILI PRIMARY SCHOOL
8f8173d9-2f8d-5636-a693-24d9f79ba651,31,LAIKIPIA,f125e4a9-55bd-50ad-bf69-abaa97d3b7cd,163,LAIKIPIA WEST,a9166d8d-dd61-55cf-8ade-b53e53f2474e,811,OL-MORAN,984c8932-dd89-59d9-a1ef-134cf9609121,8,NAIBOROM PRIMARY SCHOOL
8f8173d9-2f8d-5636-a693-24d9f79ba651,31,LAIKIPIA,f125e4a9-55bd-50ad-bf69-abaa97d3b7cd,163,LAIKIPIA WEST,a9166d8d-dd61-55cf-8ade-b53e53f2474e,811,OL-MORAN,0129e0d0-7c8b-57bf-9f02-ea06843d6f11,9,MAKUTANO NURSERY SCHOOL
8f8173d9-2f8d-5636-a693-24d9f79ba651,31,LAIKIPIA,f125e4a9-55bd-50ad-bf69-abaa97d3b7cd,163,LAIKIPIA WEST,a9166d8d-dd61-55cf-8ade-b53e53f2474e,811,OL-MORAN,c2eb154d-fcc7-5989-a9be-e5250736dfda,11,DIMKOM NURSERY SCHOOL
8f8173d9-2f8d-5636-a693-24d9f79ba651,31,LAIKIPIA,f125e4a9-55bd-50ad-bf69-abaa97d3b7cd,163,LAIKIPIA WEST,a9166d8d-dd61-55cf-8ade-b53e53f2474e,811,OL-MORAN,06a93e41-80d2-558e-8c8e-6bae12eed274,12,MAHIGA PRIMARY SCHOOL
8f8173d9-2f8d-5636-a693-24d9f79ba651,31,LAIKIPIA,f125e4a9-55bd-50ad-bf69-abaa97d3b7cd,163,LAIKIPIA WEST,a9166d8d-dd61-55cf-8ade-b53e53f2474e,811,OL-MORAN,4714c2f5-d38e-57b6-8177-748547e44b63,13,KIO PRIMARY SCHOOL
8f8173d9-2f8d-5636-a693-24d9f79ba651,31,LAIKIPIA,f125e4a9-55bd-50ad-bf69-abaa97d3b7cd,163,LAIKIPIA WEST,eac49792-4b33-53c9-8aff-3647a9cdc5e7,812,RUMURUTI TOWNSHIP,b924fb4d-e27b-5861-9449-f6211d74a50d,14,RUMURUTI PRIMARY SCHOOL
8f8173d9-2f8d-5636-a693-24d9f79ba651,31,LAIKIPIA,f125e4a9-55bd-50ad-bf69-abaa97d3b7cd,163,LAIKIPIA WEST,eac49792-4b33-53c9-8aff-3647a9cdc5e7,812,RUMURUTI TOWNSHIP,5140814e-8814-5189-9587-792870808538,15,MUTAMAIYU PRIMARY SCHOOL
8f8173d9-2f8d-5636-a693-24d9f79ba651,31,LAIKIPIA,f125e4a9-55bd-50ad-bf69-abaa97d3b7cd,163,LAIKIPIA WEST,eac49792-4b33-53c9-8aff-3647a9cdc5e7,812,RUMURUTI TOWNSHIP,92e0d577-2b9f-59cb-8b48-5907eb3bf8a3,16,MANYATTA PRIMARY SCHOOL
8f8173d9-2f8d-5636-a693-24d9f79ba651,31,LAIKIPIA,f125e4a9-55bd-50ad-bf69-abaa97d3b7cd,163,LAIKIPIA WEST,eac49792-4b33-53c9-8aff-3647a9cdc5e7,812,RUMURUTI TOWNSHIP,617fc06e-0701-5863-b9e2-a8992178571d,17,NDURUMO PRIMARY SCHOOL
8f8173d9-2f8d-5636-a693-24d9f79ba651,31,LAIKIPIA,f125e4a9-55bd-50ad-bf69-abaa97d3b7cd,163,LAIKIPIA WEST,eac49792-4b33-53c9-8aff-3647a9cdc5e7,812,RUMURUTI TOWNSHIP,e0366e75-9926-5a34-85e9-9987e6c25c43,18,MATEGITHI PRIMARY SCHOOL
8f8173d9-2f8d-5636-a693-24d9f79ba651,31,LAIKIPIA,f125e4a9-55bd-50ad-bf69-abaa97d3b7cd,163,LAIKIPIA WEST,eac49792-4b33-53c9-8aff-3647a9cdc5e7,812,RUMURUTI TOWNSHIP,e4ce3d1e-3696-5303-ab02-3dc444ca435d,19,KAGAA PRIMARY SCHOOL
8f8173d9-2f8d-5636-a693-24d9f79ba651,31,LAIKIPIA,f125e4a9-55bd-50ad-bf69-abaa97d3b7cd,163,LAIKIPIA WEST,eac49792-4b33-53c9-8aff-3647a9cdc5e7,812,RUMURUTI TOWNSHIP,0fec3ad1-b8ea-5880-b14d-4359f90d50cd,20,MWIRERI PRIMARY SCHOOL
8f8173d9-2f8d-5636-a693-24d9f79ba651,31,LAIKIPIA,f125e4a9-55bd-50ad-bf69-abaa97d3b7cd,163,LAIKIPIA WEST,eac49792-4b33-53c9-8aff-3647a9cdc5e7,812,RUMURUTI TOWNSHIP,912c1522-e650-5b66-aabc-4e55a03a5b16,21,MACHUNGURU PRIMARY SCHOOL
8f8173d9-2f8d-5636-a693-24d9f79ba651,31,LAIKIPIA,f125e4a9-55bd-50ad-bf69-abaa97d3b7cd,163,LAIKIPIA WEST,eac49792-4b33-53c9-8aff-3647a9cdc5e7,812,RUMURUTI TOWNSHIP,bb415bd9-a11e-5a03-9b32-f80cfcb74bde,22,SIMOTWO PRIMARY SCHOOL
8f8173d9-2f8d-5636-a693-24d9f79ba651,31,LAIKIPIA,f125e4a9-55bd-50ad-bf69-abaa97d3b7cd,163,LAIKIPIA WEST,eac49792-4b33-53c9-8aff-3647a9cdc5e7,812,RUMURUTI TOWNSHIP,caf7efb7-cd79-58d9-b82e-e4e3d4dd4280,23,KAPKURES PRIMARY SCHOOL
8f8173d9-2f8d-5636-a693-24d9f79ba651,31,LAIKIPIA,f125e4a9-55bd-50ad-bf69-abaa97d3b7cd,163,LAIKIPIA WEST,eac49792-4b33-53c9-8aff-3647a9cdc5e7,812,RUMURUTI TOWNSHIP,482099ab-bb21-54d4-90af-8e58f279df94,24,AINAPMOI PRIMARY SCHOOL
8f8173d9-2f8d-5636-a693-24d9f79ba651,31,LAIKIPIA,f125e4a9-55bd-50ad-bf69-abaa97d3b7cd,163,LAIKIPIA WEST,eac49792-4b33-53c9-8aff-3647a9cdc5e7,812,RUMURUTI TOWNSHIP,95a34dfa-9984-5411-8b79-cb5391264f4e,25,MAGOMANO PRIMARY SCHOOL
8f8173d9-2f8d-5636-a693-24d9f79ba651,31,LAIKIPIA,f125e4a9-55bd-50ad-bf69-abaa97d3b7cd,163,LAIKIPIA WEST,eac49792-4b33-53c9-8aff-3647a9cdc5e7,812,RUMURUTI TOWNSHIP,aaf8332e-7a3a-5965-ad41-c196aef7cd88,26,OL-ARINYIRO PRIMARY SCHOOL
8f8173d9-2f8d-5636-a693-24d9f79ba651,31,LAIKIPIA,f125e4a9-55bd-50ad-bf69-abaa97d3b7cd,163,LAIKIPIA WEST,eac49792-4b33-53c9-8aff-3647a9cdc5e7,812,RUMURUTI TOWNSHIP,056814b9-b1cc-5aee-bb4b-409f29503bf7,131,OTHAYA OMC PRIMARY SCHOOL
8f8173d9-2f8d-5636-a693-24d9f79ba651,31,LAIKIPIA,f125e4a9-55bd-50ad-bf69-abaa97d3b7cd,163,LAIKIPIA WEST,eac49792-4b33-53c9-8aff-3647a9cdc5e7,812,RUMURUTI TOWNSHIP,13a02a28-4430-5357-a07a-ba6f755a81a3,132,MATHURI NURSERY SCHOOL
8f8173d9-2f8d-5636-a693-24d9f79ba651,31,LAIKIPIA,f125e4a9-55bd-50ad-bf69-abaa97d3b7cd,163,LAIKIPIA WEST,eac49792-4b33-53c9-8aff-3647a9cdc5e7,812,RUMURUTI TOWNSHIP,534c4d6b-2552-5a5f-8ab1-f6ba83d110c7,133,MAJI MENGI NURSERY SCHOOL
8f8173d9-2f8d-5636-a693-24d9f79ba651,31,LAIKIPIA,f125e4a9-55bd-50ad-bf69-abaa97d3b7cd,163,LAIKIPIA WEST,f042b5bb-fdad-56f9-be96-84ee8f79834c,813,GITHIGA,637db792-33fd-5ad7-ba44-48d7b7a2e30e,27,KINAMBA PRIMARY SCHOOL
8f8173d9-2f8d-5636-a693-24d9f79ba651,31,LAIKIPIA,f125e4a9-55bd-50ad-bf69-abaa97d3b7cd,163,LAIKIPIA WEST,f042b5bb-fdad-56f9-be96-84ee8f79834c,813,GITHIGA,8406aecd-833f-5750-bd07-88689fc6b3c2,28,KARIAINI PRIMARY SCHOOL
8f8173d9-2f8d-5636-a693-24d9f79ba651,31,LAIKIPIA,f125e4a9-55bd-50ad-bf69-abaa97d3b7cd,163,LAIKIPIA WEST,f042b5bb-fdad-56f9-be96-84ee8f79834c,813,GITHIGA,5170b652-d438-57b4-8111-049f51ce4d80,29,NG'ELESHA PRIMARY SCHOOL
8f8173d9-2f8d-5636-a693-24d9f79ba651,31,LAIKIPIA,f125e4a9-55bd-50ad-bf69-abaa97d3b7cd,163,LAIKIPIA WEST,f042b5bb-fdad-56f9-be96-84ee8f79834c,813,GITHIGA,97e1c50a-2b04-5038-bab9-38aa26605558,30,OL ARABEL PRIMARY SCHOOL
8f8173d9-2f8d-5636-a693-24d9f79ba651,31,LAIKIPIA,f125e4a9-55bd-50ad-bf69-abaa97d3b7cd,163,LAIKIPIA WEST,f042b5bb-fdad-56f9-be96-84ee8f79834c,813,GITHIGA,faf0f195-af87-5633-a051-6e1f3ce450c3,31,NYAKINYUA PRIMARY SCHOOL
8f8173d9-2f8d-5636-a693-24d9f79ba651,31,LAIKIPIA,f125e4a9-55bd-50ad-bf69-abaa97d3b7cd,163,LAIKIPIA WEST,f042b5bb-fdad-56f9-be96-84ee8f79834c,813,GITHIGA,54f96a15-0ac4-5d8d-9cf4-72dfc5060a09,32,LOBERE PRIMARY SCHOOL
8f8173d9-2f8d-5636-a693-24d9f79ba651,31,LAIKIPIA,f125e4a9-55bd-50ad-bf69-abaa97d3b7cd,163,LAIKIPIA WEST,f042b5bb-fdad-56f9-be96-84ee8f79834c,813,GITHIGA,bb0cd9a4-3f82-5110-acc6-ff8e9f95f69c,33,TANDARE PRIMARY SCHOOL
8f8173d9-2f8d-5636-a693-24d9f79ba651,31,LAIKIPIA,f125e4a9-55bd-50ad-bf69-abaa97d3b7cd,163,LAIKIPIA WEST,f042b5bb-fdad-56f9-be96-84ee8f79834c,813,GITHIGA,2169db41-b309-5edd-89ab-d1e921ec251c,34,MITETA PRIMARY SCHOOL
8f8173d9-2f8d-5636-a693-24d9f79ba651,31,LAIKIPIA,f125e4a9-55bd-50ad-bf69-abaa97d3b7cd,163,LAIKIPIA WEST,f042b5bb-fdad-56f9-be96-84ee8f79834c,813,GITHIGA,45fe78d4-5784-5c1a-98f7-720a0e1a5e4c,35,NJORUA PRIMARY SCHOOL
8f8173d9-2f8d-5636-a693-24d9f79ba651,31,LAIKIPIA,f125e4a9-55bd-50ad-bf69-abaa97d3b7cd,163,LAIKIPIA WEST,f042b5bb-fdad-56f9-be96-84ee8f79834c,813,GITHIGA,b97f77a9-93af-5819-a5b0-fee807202a6c,36,MAHUA PRIMARY SCHOOL
8f8173d9-2f8d-5636-a693-24d9f79ba651,31,LAIKIPIA,f125e4a9-55bd-50ad-bf69-abaa97d3b7cd,163,LAIKIPIA WEST,f042b5bb-fdad-56f9-be96-84ee8f79834c,813,GITHIGA,848dfa65-3d4a-5fef-9a7a-0ff67c15c0ee,37,NYAKIAMBI PRIMARY SCHOOL
8f8173d9-2f8d-5636-a693-24d9f79ba651,31,LAIKIPIA,f125e4a9-55bd-50ad-bf69-abaa97d3b7cd,163,LAIKIPIA WEST,f042b5bb-fdad-56f9-be96-84ee8f79834c,813,GITHIGA,7a04fbb8-b644-5d06-b168-a6613e718d3f,38,BUSTANI PRIMARY SCHOOL
8f8173d9-2f8d-5636-a693-24d9f79ba651,31,LAIKIPIA,f125e4a9-55bd-50ad-bf69-abaa97d3b7cd,163,LAIKIPIA WEST,f042b5bb-fdad-56f9-be96-84ee8f79834c,813,GITHIGA,571ba464-e085-5645-a1e6-d848e8f327bd,39,MILIMANI PRIMARY SCHOOL
8f8173d9-2f8d-5636-a693-24d9f79ba651,31,LAIKIPIA,f125e4a9-55bd-50ad-bf69-abaa97d3b7cd,163,LAIKIPIA WEST,f042b5bb-fdad-56f9-be96-84ee8f79834c,813,GITHIGA,4605f59d-76a8-53eb-a1f5-2738f62b104e,40,KIWANJA PRIMARY SCHOOL
8f8173d9-2f8d-5636-a693-24d9f79ba651,31,LAIKIPIA,f125e4a9-55bd-50ad-bf69-abaa97d3b7cd,163,LAIKIPIA WEST,f042b5bb-fdad-56f9-be96-84ee8f79834c,813,GITHIGA,c97644b3-0713-5017-9b83-af416c89d1a4,41,NDINDIKA PRIMARY SCHOOL
8f8173d9-2f8d-5636-a693-24d9f79ba651,31,LAIKIPIA,f125e4a9-55bd-50ad-bf69-abaa97d3b7cd,163,LAIKIPIA WEST,f042b5bb-fdad-56f9-be96-84ee8f79834c,813,GITHIGA,5a8176b5-de89-5c45-976a-6a203101aa42,42,G.G. KINAMBA HIGH SCHOOL
8f8173d9-2f8d-5636-a693-24d9f79ba651,31,LAIKIPIA,f125e4a9-55bd-50ad-bf69-abaa97d3b7cd,163,LAIKIPIA WEST,f042b5bb-fdad-56f9-be96-84ee8f79834c,813,GITHIGA,7fa2ab8c-807a-5ba5-9e8e-414f215af518,43,KISIMA PRIMARY SCHOOL
8f8173d9-2f8d-5636-a693-24d9f79ba651,31,LAIKIPIA,f125e4a9-55bd-50ad-bf69-abaa97d3b7cd,163,LAIKIPIA WEST,f042b5bb-fdad-56f9-be96-84ee8f79834c,813,GITHIGA,11ae1c0c-4b77-5800-8080-62d333720e3e,134,MBOGOINI PRIMARY SCHOOL
8f8173d9-2f8d-5636-a693-24d9f79ba651,31,LAIKIPIA,f125e4a9-55bd-50ad-bf69-abaa97d3b7cd,163,LAIKIPIA WEST,10f756f7-84df-5666-817d-f89db3fff89f,814,MARMANET,ac833df1-1b8a-5660-bae9-2d29cd75e379,44,NAIGERA PRIMARY SCHOOL
8f8173d9-2f8d-5636-a693-24d9f79ba651,31,LAIKIPIA,f125e4a9-55bd-50ad-bf69-abaa97d3b7cd,163,LAIKIPIA WEST,10f756f7-84df-5666-817d-f89db3fff89f,814,MARMANET,cd25f315-97e4-58b7-b7a4-2b8f59addc47,45,OL'NGARUA PRIMARY SCHOOL
8f8173d9-2f8d-5636-a693-24d9f79ba651,31,LAIKIPIA,f125e4a9-55bd-50ad-bf69-abaa97d3b7cd,163,LAIKIPIA WEST,10f756f7-84df-5666-817d-f89db3fff89f,814,MARMANET,202e1dee-5553-55e9-8e49-bf9420fb74b1,46,GATIRIMA PRIMARY SCHOOL
8f8173d9-2f8d-5636-a693-24d9f79ba651,31,LAIKIPIA,f125e4a9-55bd-50ad-bf69-abaa97d3b7cd,163,LAIKIPIA WEST,10f756f7-84df-5666-817d-f89db3fff89f,814,MARMANET,4ec18062-4030-57f7-89e0-a000d84ad088,47,THIGIO PRIMARY SCHOOL
8f8173d9-2f8d-5636-a693-24d9f79ba651,31,LAIKIPIA,f125e4a9-55bd-50ad-bf69-abaa97d3b7cd,163,LAIKIPIA WEST,10f756f7-84df-5666-817d-f89db3fff89f,814,MARMANET,6afd1365-196b-5c51-bb3e-12a657763098,48,KARANDI PRIMARY SCHOOL
8f8173d9-2f8d-5636-a693-24d9f79ba651,31,LAIKIPIA,f125e4a9-55bd-50ad-bf69-abaa97d3b7cd,163,LAIKIPIA WEST,10f756f7-84df-5666-817d-f89db3fff89f,814,MARMANET,d3d2ea5d-7624-50c9-bbc4-a829382735c6,49,KIAMBOGO PRIMARY SCHOOL
8f8173d9-2f8d-5636-a693-24d9f79ba651,31,LAIKIPIA,f125e4a9-55bd-50ad-bf69-abaa97d3b7cd,163,LAIKIPIA WEST,10f756f7-84df-5666-817d-f89db3fff89f,814,MARMANET,23f9edaa-2386-56b0-a6d8-3a45eb65e92c,50,KARABA PRIMARY SCHOOL
8f8173d9-2f8d-5636-a693-24d9f79ba651,31,LAIKIPIA,f125e4a9-55bd-50ad-bf69-abaa97d3b7cd,163,LAIKIPIA WEST,10f756f7-84df-5666-817d-f89db3fff89f,814,MARMANET,1b6f4024-1b34-5893-a197-cc18e724b14c,51,KABAGE PRIMARY SCHOOL
8f8173d9-2f8d-5636-a693-24d9f79ba651,31,LAIKIPIA,f125e4a9-55bd-50ad-bf69-abaa97d3b7cd,163,LAIKIPIA WEST,10f756f7-84df-5666-817d-f89db3fff89f,814,MARMANET,8918c309-9b55-5340-a896-3c57e18cedfe,52,CHERETA PRIMARY SCHOOL
8f8173d9-2f8d-5636-a693-24d9f79ba651,31,LAIKIPIA,f125e4a9-55bd-50ad-bf69-abaa97d3b7cd,163,LAIKIPIA WEST,10f756f7-84df-5666-817d-f89db3fff89f,814,MARMANET,6ae20118-c426-5402-9d5d-8e66aaeefabd,53,LEREMATESHO PRIMARY SCHOOL
8f8173d9-2f8d-5636-a693-24d9f79ba651,31,LAIKIPIA,f125e4a9-55bd-50ad-bf69-abaa97d3b7cd,163,LAIKIPIA WEST,10f756f7-84df-5666-817d-f89db3fff89f,814,MARMANET,0e51e9d4-ffd0-5a84-8885-7bfec2d8393f,54,KANGUMO PRIMARY SCHOOL
8f8173d9-2f8d-5636-a693-24d9f79ba651,31,LAIKIPIA,f125e4a9-55bd-50ad-bf69-abaa97d3b7cd,163,LAIKIPIA WEST,10f756f7-84df-5666-817d-f89db3fff89f,814,MARMANET,fc05aed2-0be7-5f8b-8732-77d4618b5b20,55,MUHOTETU GIRLS SECONDARY SCHOOL
8f8173d9-2f8d-5636-a693-24d9f79ba651,31,LAIKIPIA,f125e4a9-55bd-50ad-bf69-abaa97d3b7cd,163,LAIKIPIA WEST,10f756f7-84df-5666-817d-f89db3fff89f,814,MARMANET,ef1cc7b9-be2f-5ff0-a0bd-dba7aec85725,56,MAIRO PRIMARY SCHOOL
8f8173d9-2f8d-5636-a693-24d9f79ba651,31,LAIKIPIA,f125e4a9-55bd-50ad-bf69-abaa97d3b7cd,163,LAIKIPIA WEST,10f756f7-84df-5666-817d-f89db3fff89f,814,MARMANET,978a6880-ac51-5c50-a68f-372a8e0a0e1c,57,MELWA PRIMARY SCHOOL
8f8173d9-2f8d-5636-a693-24d9f79ba651,31,LAIKIPIA,f125e4a9-55bd-50ad-bf69-abaa97d3b7cd,163,LAIKIPIA WEST,10f756f7-84df-5666-817d-f89db3fff89f,814,MARMANET,a3960ac7-5df5-53c8-a1a0-f40cfe53a879,58,MURICHU PRIMARY SCHOOL
8f8173d9-2f8d-5636-a693-24d9f79ba651,31,LAIKIPIA,f125e4a9-55bd-50ad-bf69-abaa97d3b7cd,163,LAIKIPIA WEST,10f756f7-84df-5666-817d-f89db3fff89f,814,MARMANET,d02a62cf-f159-5630-bbe9-fc60d623d190,59,NDAGARA PRIMARY SCHOOL
8f8173d9-2f8d-5636-a693-24d9f79ba651,31,LAIKIPIA,f125e4a9-55bd-50ad-bf69-abaa97d3b7cd,163,LAIKIPIA WEST,10f756f7-84df-5666-817d-f89db3fff89f,814,MARMANET,9d2cc17a-6fc6-5200-98e2-6b84f935d3be,60,OLJABET PRIMARY SCHOOL
8f8173d9-2f8d-5636-a693-24d9f79ba651,31,LAIKIPIA,f125e4a9-55bd-50ad-bf69-abaa97d3b7cd,163,LAIKIPIA WEST,10f756f7-84df-5666-817d-f89db3fff89f,814,MARMANET,8426334e-6de6-538f-8fed-2be739c559a2,61,MARMANET SOCIAL HALL
8f8173d9-2f8d-5636-a693-24d9f79ba651,31,LAIKIPIA,f125e4a9-55bd-50ad-bf69-abaa97d3b7cd,163,LAIKIPIA WEST,10f756f7-84df-5666-817d-f89db3fff89f,814,MARMANET,e54e84a3-cf10-5c73-9b6e-15572c1fb77a,62,KING'UKA PRIMARY SCHOOL
8f8173d9-2f8d-5636-a693-24d9f79ba651,31,LAIKIPIA,f125e4a9-55bd-50ad-bf69-abaa97d3b7cd,163,LAIKIPIA WEST,10f756f7-84df-5666-817d-f89db3fff89f,814,MARMANET,7fbf88ba-68fe-501e-ad3e-66546165de6a,63,THIRU PRIMARY SCHOOL
8f8173d9-2f8d-5636-a693-24d9f79ba651,31,LAIKIPIA,f125e4a9-55bd-50ad-bf69-abaa97d3b7cd,163,LAIKIPIA WEST,10f756f7-84df-5666-817d-f89db3fff89f,814,MARMANET,ed263d10-8d5b-528e-9260-8c8b9db829d2,64,KWANJIKU PRIMARY SCHOOL
8f8173d9-2f8d-5636-a693-24d9f79ba651,31,LAIKIPIA,f125e4a9-55bd-50ad-bf69-abaa97d3b7cd,163,LAIKIPIA WEST,10f756f7-84df-5666-817d-f89db3fff89f,814,MARMANET,c77a46e2-f3fd-57ec-872c-2140a68f5e4e,65,MUNG'ETHO PRIMARY SCHOOL
8f8173d9-2f8d-5636-a693-24d9f79ba651,31,LAIKIPIA,f125e4a9-55bd-50ad-bf69-abaa97d3b7cd,163,LAIKIPIA WEST,10f756f7-84df-5666-817d-f89db3fff89f,814,MARMANET,8431f130-3c98-5625-a543-5d1641deed45,66,MANJANI PRIMARY SCHOOL
8f8173d9-2f8d-5636-a693-24d9f79ba651,31,LAIKIPIA,f125e4a9-55bd-50ad-bf69-abaa97d3b7cd,163,LAIKIPIA WEST,10f756f7-84df-5666-817d-f89db3fff89f,814,MARMANET,7ea2c985-2558-5556-bb03-b67a7b89dbc4,67,GITUAMBA PRIMARY SCHOOL
8f8173d9-2f8d-5636-a693-24d9f79ba651,31,LAIKIPIA,f125e4a9-55bd-50ad-bf69-abaa97d3b7cd,163,LAIKIPIA WEST,10f756f7-84df-5666-817d-f89db3fff89f,814,MARMANET,e2adc4fb-36f5-57f0-bc16-53caeecee664,68,MUNYU PRIMARY SCHOOL
8f8173d9-2f8d-5636-a693-24d9f79ba651,31,LAIKIPIA,f125e4a9-55bd-50ad-bf69-abaa97d3b7cd,163,LAIKIPIA WEST,10f756f7-84df-5666-817d-f89db3fff89f,814,MARMANET,818686a0-4adb-5d80-92d3-09b51696e23c,69,KIRIMA PRIMARY SCHOOL
8f8173d9-2f8d-5636-a693-24d9f79ba651,31,LAIKIPIA,f125e4a9-55bd-50ad-bf69-abaa97d3b7cd,163,LAIKIPIA WEST,10f756f7-84df-5666-817d-f89db3fff89f,814,MARMANET,bc3a4b41-466a-562e-ae81-ed27d004c40f,70,NG'ARACHI PRIMARY SCHOOL
8f8173d9-2f8d-5636-a693-24d9f79ba651,31,LAIKIPIA,f125e4a9-55bd-50ad-bf69-abaa97d3b7cd,163,LAIKIPIA WEST,10f756f7-84df-5666-817d-f89db3fff89f,814,MARMANET,16f21603-847d-5179-a6a9-8e8fe03449e6,71,LEMBUS PRIMARY SCHOOL
8f8173d9-2f8d-5636-a693-24d9f79ba651,31,LAIKIPIA,f125e4a9-55bd-50ad-bf69-abaa97d3b7cd,163,LAIKIPIA WEST,10f756f7-84df-5666-817d-f89db3fff89f,814,MARMANET,c3547b0c-9c4c-5b0a-bc16-22f22eab6508,72,GATAMI PRIMARY SCHOOL
8f8173d9-2f8d-5636-a693-24d9f79ba651,31,LAIKIPIA,f125e4a9-55bd-50ad-bf69-abaa97d3b7cd,163,LAIKIPIA WEST,10f756f7-84df-5666-817d-f89db3fff89f,814,MARMANET,2d7176be-0427-5632-80a7-d5129055667d,73,KAMBI YA SIMBA NURSERY SCHOOL
8f8173d9-2f8d-5636-a693-24d9f79ba651,31,LAIKIPIA,f125e4a9-55bd-50ad-bf69-abaa97d3b7cd,163,LAIKIPIA WEST,10f756f7-84df-5666-817d-f89db3fff89f,814,MARMANET,64768c2b-7230-550e-bbac-9767636b210a,135,MUGUONGO PRIMARY SCHOOL
8f8173d9-2f8d-5636-a693-24d9f79ba651,31,LAIKIPIA,f125e4a9-55bd-50ad-bf69-abaa97d3b7cd,163,LAIKIPIA WEST,10f756f7-84df-5666-817d-f89db3fff89f,814,MARMANET,a7a218b1-cfc5-5a1e-b1a9-411b4e3f48ed,136,KIRITI PRIMARY SCHOOL
8f8173d9-2f8d-5636-a693-24d9f79ba651,31,LAIKIPIA,f125e4a9-55bd-50ad-bf69-abaa97d3b7cd,163,LAIKIPIA WEST,10f756f7-84df-5666-817d-f89db3fff89f,814,MARMANET,c47091f9-4dc8-53a4-a734-8b92cb12887e,137,SIRON PRIMARY SCHOOL
8f8173d9-2f8d-5636-a693-24d9f79ba651,31,LAIKIPIA,f125e4a9-55bd-50ad-bf69-abaa97d3b7cd,163,LAIKIPIA WEST,e9348043-cf1e-5064-ae09-e6f1df3c02df,815,IGWAMITI,2b50c6ff-a6d3-5f2f-b85a-8dbd10bf507a,74,MUTHENGERA PRIMARY SCHOOL
8f8173d9-2f8d-5636-a693-24d9f79ba651,31,LAIKIPIA,f125e4a9-55bd-50ad-bf69-abaa97d3b7cd,163,LAIKIPIA WEST,e9348043-cf1e-5064-ae09-e6f1df3c02df,815,IGWAMITI,c86674a5-62f9-5fbc-802c-1cd1119ef01d,75,ST. MARTIN MUTHENGERA ACADEMY
8f8173d9-2f8d-5636-a693-24d9f79ba651,31,LAIKIPIA,f125e4a9-55bd-50ad-bf69-abaa97d3b7cd,163,LAIKIPIA WEST,e9348043-cf1e-5064-ae09-e6f1df3c02df,815,IGWAMITI,592159f9-c16e-548b-9814-9ae36b2a9043,76,KANG'A NDERITU COMMUNITY PLOT
8f8173d9-2f8d-5636-a693-24d9f79ba651,31,LAIKIPIA,f125e4a9-55bd-50ad-bf69-abaa97d3b7cd,163,LAIKIPIA WEST,e9348043-cf1e-5064-ae09-e6f1df3c02df,815,IGWAMITI,dff740ed-4a0f-5b41-a665-dda6ffe84da5,77,KUNDARILLA PRIMARY SCHOOL
8f8173d9-2f8d-5636-a693-24d9f79ba651,31,LAIKIPIA,f125e4a9-55bd-50ad-bf69-abaa97d3b7cd,163,LAIKIPIA WEST,e9348043-cf1e-5064-ae09-e6f1df3c02df,815,IGWAMITI,4b73982c-79bf-5847-975c-7517059bf9cb,78,GATERO PRIMARY SCHOOL
8f8173d9-2f8d-5636-a693-24d9f79ba651,31,LAIKIPIA,f125e4a9-55bd-50ad-bf69-abaa97d3b7cd,163,LAIKIPIA WEST,e9348043-cf1e-5064-ae09-e6f1df3c02df,815,IGWAMITI,efd95b65-5bb3-5925-ad35-b9cb55fe0673,79,KITE PRIMARY SCHOOL
8f8173d9-2f8d-5636-a693-24d9f79ba651,31,LAIKIPIA,f125e4a9-55bd-50ad-bf69-abaa97d3b7cd,163,LAIKIPIA WEST,e9348043-cf1e-5064-ae09-e6f1df3c02df,815,IGWAMITI,2050ff3d-823c-5df3-b616-1312bcf2ff14,80,RWATHIA PRIMARY SCHOOL
8f8173d9-2f8d-5636-a693-24d9f79ba651,31,LAIKIPIA,f125e4a9-55bd-50ad-bf69-abaa97d3b7cd,163,LAIKIPIA WEST,e9348043-cf1e-5064-ae09-e6f1df3c02df,815,IGWAMITI,9d2b98c9-902d-5b98-939d-50dc033249e8,81,P.C.E.A. NGAINDEITHIA CHURCH & PRE-PRIM
8f8173d9-2f8d-5636-a693-24d9f79ba651,31,LAIKIPIA,f125e4a9-55bd-50ad-bf69-abaa97d3b7cd,163,LAIKIPIA WEST,e9348043-cf1e-5064-ae09-e6f1df3c02df,815,IGWAMITI,b06bb03d-eefb-57ac-bf64-cf64e32d0d35,82,WAIMUNGU NURSERY SCHOOL
8f8173d9-2f8d-5636-a693-24d9f79ba651,31,LAIKIPIA,f125e4a9-55bd-50ad-bf69-abaa97d3b7cd,163,LAIKIPIA WEST,e9348043-cf1e-5064-ae09-e6f1df3c02df,815,IGWAMITI,80cf55a7-6ffd-52e1-8e9e-9fa419c37bac,83,KIANDEGE SECONDARY SCHOOL
8f8173d9-2f8d-5636-a693-24d9f79ba651,31,LAIKIPIA,f125e4a9-55bd-50ad-bf69-abaa97d3b7cd,163,LAIKIPIA WEST,e9348043-cf1e-5064-ae09-e6f1df3c02df,815,IGWAMITI,909c9c4e-1777-54c6-b959-c7ff1a163acd,84,NYAHURURU MUNICIPAL COUNCIL SOCIAL
8f8173d9-2f8d-5636-a693-24d9f79ba651,31,LAIKIPIA,f125e4a9-55bd-50ad-bf69-abaa97d3b7cd,163,LAIKIPIA WEST,e9348043-cf1e-5064-ae09-e6f1df3c02df,815,IGWAMITI,3d6995a7-8096-5e28-a4e0-c574d27f47cc,85,91 MUNICIPALITY PRIMARY SCHOOL
8f8173d9-2f8d-5636-a693-24d9f79ba651,31,LAIKIPIA,f125e4a9-55bd-50ad-bf69-abaa97d3b7cd,163,LAIKIPIA WEST,e9348043-cf1e-5064-ae09-e6f1df3c02df,815,IGWAMITI,e5d0cc12-9de3-549c-8910-83b9c520c75c,86,NGARENARO PRIMARY SCHOOL
8f8173d9-2f8d-5636-a693-24d9f79ba651,31,LAIKIPIA,f125e4a9-55bd-50ad-bf69-abaa97d3b7cd,163,LAIKIPIA WEST,e9348043-cf1e-5064-ae09-e6f1df3c02df,815,IGWAMITI,bf165ca0-0cd6-5972-9ba5-1614c84f4355,87,STAREHE PRIMARY SCHOOL
8f8173d9-2f8d-5636-a693-24d9f79ba651,31,LAIKIPIA,f125e4a9-55bd-50ad-bf69-abaa97d3b7cd,163,LAIKIPIA WEST,e9348043-cf1e-5064-ae09-e6f1df3c02df,815,IGWAMITI,978e3e7a-5f8c-5b3d-9e36-cfdf1750ecd9,88,COUNTY CONFERENCE CENTRE
8f8173d9-2f8d-5636-a693-24d9f79ba651,31,LAIKIPIA,f125e4a9-55bd-50ad-bf69-abaa97d3b7cd,163,LAIKIPIA WEST,e9348043-cf1e-5064-ae09-e6f1df3c02df,815,IGWAMITI,ba27b4bc-abdc-5c16-80bb-4ddc1236ec1d,89,MANGUO PRIMARY SCHOOL
8f8173d9-2f8d-5636-a693-24d9f79ba651,31,LAIKIPIA,f125e4a9-55bd-50ad-bf69-abaa97d3b7cd,163,LAIKIPIA WEST,e9348043-cf1e-5064-ae09-e6f1df3c02df,815,IGWAMITI,238a94f6-b8e0-5bf7-9ef4-a58867ebd28d,90,NYAHURURU PRIMARY SCHOOL
8f8173d9-2f8d-5636-a693-24d9f79ba651,31,LAIKIPIA,f125e4a9-55bd-50ad-bf69-abaa97d3b7cd,163,LAIKIPIA WEST,e9348043-cf1e-5064-ae09-e6f1df3c02df,815,IGWAMITI,87993cb0-fd8c-5751-b4eb-014570c05e22,91,MARIAKANI PRIMARY SCHOOL
8f8173d9-2f8d-5636-a693-24d9f79ba651,31,LAIKIPIA,f125e4a9-55bd-50ad-bf69-abaa97d3b7cd,163,LAIKIPIA WEST,e9348043-cf1e-5064-ae09-e6f1df3c02df,815,IGWAMITI,e44bd2eb-b1cd-57bb-b474-6d7acac859f4,92,MAINA PRIMARY SCHOOL
8f8173d9-2f8d-5636-a693-24d9f79ba651,31,LAIKIPIA,f125e4a9-55bd-50ad-bf69-abaa97d3b7cd,163,LAIKIPIA WEST,e9348043-cf1e-5064-ae09-e6f1df3c02df,815,IGWAMITI,03dfffa6-4da5-5023-91de-6a53b2733fcd,93,THAMA PRIMARY SCHOOL
8f8173d9-2f8d-5636-a693-24d9f79ba651,31,LAIKIPIA,f125e4a9-55bd-50ad-bf69-abaa97d3b7cd,163,LAIKIPIA WEST,e9348043-cf1e-5064-ae09-e6f1df3c02df,815,IGWAMITI,7daee954-8f00-5dcf-a979-4a860cabf1e4,94,NYAHURURU PRIMARY ECD CENTRE
8f8173d9-2f8d-5636-a693-24d9f79ba651,31,LAIKIPIA,f125e4a9-55bd-50ad-bf69-abaa97d3b7cd,163,LAIKIPIA WEST,e9348043-cf1e-5064-ae09-e6f1df3c02df,815,IGWAMITI,cc4aa7e2-9e2e-5296-807a-2ed5af5e0e8b,95,NYANDARUA BOARDING PRIMARY SCHOOL
8f8173d9-2f8d-5636-a693-24d9f79ba651,31,LAIKIPIA,f125e4a9-55bd-50ad-bf69-abaa97d3b7cd,163,LAIKIPIA WEST,e9348043-cf1e-5064-ae09-e6f1df3c02df,815,IGWAMITI,c156f4d9-cda9-5b0a-be35-85ff65cd8471,96,SHAMANEI PRIMARY SCHOOL
8f8173d9-2f8d-5636-a693-24d9f79ba651,31,LAIKIPIA,f125e4a9-55bd-50ad-bf69-abaa97d3b7cd,163,LAIKIPIA WEST,e9348043-cf1e-5064-ae09-e6f1df3c02df,815,IGWAMITI,0bc6760f-09c0-5a40-a8ca-90c4eb5fd0c2,97,IGWAMITI PRIMARY SCHOOL
8f8173d9-2f8d-5636-a693-24d9f79ba651,31,LAIKIPIA,f125e4a9-55bd-50ad-bf69-abaa97d3b7cd,163,LAIKIPIA WEST,e9348043-cf1e-5064-ae09-e6f1df3c02df,815,IGWAMITI,76e4ab42-5d7b-535b-8ab4-a1939e5a207a,98,HUHO-INI PRIMARY SCHOOL
8f8173d9-2f8d-5636-a693-24d9f79ba651,31,LAIKIPIA,f125e4a9-55bd-50ad-bf69-abaa97d3b7cd,163,LAIKIPIA WEST,e9348043-cf1e-5064-ae09-e6f1df3c02df,815,IGWAMITI,3999a8d1-e45b-5438-8663-9231f23f755a,99,LOSOGWA PRIMARY SCHOOL
8f8173d9-2f8d-5636-a693-24d9f79ba651,31,LAIKIPIA,f125e4a9-55bd-50ad-bf69-abaa97d3b7cd,163,LAIKIPIA WEST,e9348043-cf1e-5064-ae09-e6f1df3c02df,815,IGWAMITI,f41075aa-ea80-5ee3-a785-dd62fda223af,100,UASO NAROK PRIMARY SCHOOL
8f8173d9-2f8d-5636-a693-24d9f79ba651,31,LAIKIPIA,f125e4a9-55bd-50ad-bf69-abaa97d3b7cd,163,LAIKIPIA WEST,e9348043-cf1e-5064-ae09-e6f1df3c02df,815,IGWAMITI,c79b6d17-120c-508f-8e72-7e146a83f1ad,101,GITUNDAGA NURSERY SCHOOL
8f8173d9-2f8d-5636-a693-24d9f79ba651,31,LAIKIPIA,f125e4a9-55bd-50ad-bf69-abaa97d3b7cd,163,LAIKIPIA WEST,e9348043-cf1e-5064-ae09-e6f1df3c02df,815,IGWAMITI,53171cf9-8f32-591b-a62d-435c1e205832,102,MUKURWEINI POLICE POST
8f8173d9-2f8d-5636-a693-24d9f79ba651,31,LAIKIPIA,f125e4a9-55bd-50ad-bf69-abaa97d3b7cd,163,LAIKIPIA WEST,e9348043-cf1e-5064-ae09-e6f1df3c02df,815,IGWAMITI,26d642f0-7411-549d-b9b9-4c471a9b63dd,103,SILALE PRIMARY SCHOOL
8f8173d9-2f8d-5636-a693-24d9f79ba651,31,LAIKIPIA,f125e4a9-55bd-50ad-bf69-abaa97d3b7cd,163,LAIKIPIA WEST,e9348043-cf1e-5064-ae09-e6f1df3c02df,815,IGWAMITI,c318c4dc-3fa4-5301-907a-79592e7e6467,104,RUGONGO PRIMARY SCHOOL
8f8173d9-2f8d-5636-a693-24d9f79ba651,31,LAIKIPIA,f125e4a9-55bd-50ad-bf69-abaa97d3b7cd,163,LAIKIPIA WEST,e9348043-cf1e-5064-ae09-e6f1df3c02df,815,IGWAMITI,60d8a793-6871-5460-8cae-9ba9649eb277,105,KARANGI PRIMARY SCHOOL
8f8173d9-2f8d-5636-a693-24d9f79ba651,31,LAIKIPIA,f125e4a9-55bd-50ad-bf69-abaa97d3b7cd,163,LAIKIPIA WEST,e9348043-cf1e-5064-ae09-e6f1df3c02df,815,IGWAMITI,05464f76-47e5-5401-a534-8979bde1ae14,106,KIGUMO PRIMARY SCHOOL
8f8173d9-2f8d-5636-a693-24d9f79ba651,31,LAIKIPIA,f125e4a9-55bd-50ad-bf69-abaa97d3b7cd,163,LAIKIPIA WEST,e9348043-cf1e-5064-ae09-e6f1df3c02df,815,IGWAMITI,0c642756-0e22-5352-b942-5afffeecef92,107,NAKWAKALES NURSERY SCH
8f8173d9-2f8d-5636-a693-24d9f79ba651,31,LAIKIPIA,f125e4a9-55bd-50ad-bf69-abaa97d3b7cd,163,LAIKIPIA WEST,e9348043-cf1e-5064-ae09-e6f1df3c02df,815,IGWAMITI,3c3c19ff-6e77-5610-80b2-ce55ca01e234,108,SIBERIA NURSERY SCHOOL
8f8173d9-2f8d-5636-a693-24d9f79ba651,31,LAIKIPIA,f125e4a9-55bd-50ad-bf69-abaa97d3b7cd,163,LAIKIPIA WEST,e9348043-cf1e-5064-ae09-e6f1df3c02df,815,IGWAMITI,3d4bbb17-2ef9-524e-bdc5-7b73c535d3ca,109,CHEMICHEMI TRADING CENTRE
8f8173d9-2f8d-5636-a693-24d9f79ba651,31,LAIKIPIA,f125e4a9-55bd-50ad-bf69-abaa97d3b7cd,163,LAIKIPIA WEST,e9348043-cf1e-5064-ae09-e6f1df3c02df,815,IGWAMITI,cd01a542-1f5c-5be9-ace6-5b7b2c2bc2d5,110,KIRIMA NURSERY SCHOOL
8f8173d9-2f8d-5636-a693-24d9f79ba651,31,LAIKIPIA,f125e4a9-55bd-50ad-bf69-abaa97d3b7cd,163,LAIKIPIA WEST,e9348043-cf1e-5064-ae09-e6f1df3c02df,815,IGWAMITI,86b4e50e-6b41-5583-8c4d-7d2e724c5d68,111,MAHIANYU PRIMARY SCHOOL
8f8173d9-2f8d-5636-a693-24d9f79ba651,31,LAIKIPIA,f125e4a9-55bd-50ad-bf69-abaa97d3b7cd,163,LAIKIPIA WEST,e9348043-cf1e-5064-ae09-e6f1df3c02df,815,IGWAMITI,4a272a77-fb69-5480-bfed-fb883c5ee2c1,112,MT. ANGELS PRIMARY SCHOOL
8f8173d9-2f8d-5636-a693-24d9f79ba651,31,LAIKIPIA,f125e4a9-55bd-50ad-bf69-abaa97d3b7cd,163,LAIKIPIA WEST,e9348043-cf1e-5064-ae09-e6f1df3c02df,815,IGWAMITI,16183883-bc75-5e7a-a20d-49567908902f,113,NYAHURURU MUNICIPAL STADIUM
8f8173d9-2f8d-5636-a693-24d9f79ba651,31,LAIKIPIA,f125e4a9-55bd-50ad-bf69-abaa97d3b7cd,163,LAIKIPIA WEST,e9348043-cf1e-5064-ae09-e6f1df3c02df,815,IGWAMITI,9e6bbca0-a6b5-5743-9852-029aa57c5232,138,KAICHAKUN PRIMARY SCHOOL
8f8173d9-2f8d-5636-a693-24d9f79ba651,31,LAIKIPIA,f125e4a9-55bd-50ad-bf69-abaa97d3b7cd,163,LAIKIPIA WEST,e9348043-cf1e-5064-ae09-e6f1df3c02df,815,IGWAMITI,8eea9fd0-7c31-55ff-bdc5-74dca75cf195,139,LOKIRIAMA NURSERY SCHOOL
8f8173d9-2f8d-5636-a693-24d9f79ba651,31,LAIKIPIA,f125e4a9-55bd-50ad-bf69-abaa97d3b7cd,163,LAIKIPIA WEST,e9348043-cf1e-5064-ae09-e6f1df3c02df,815,IGWAMITI,545024ab-0d24-50fe-a379-a3ab95ad4917,140,BETHEL PRIMARY SCHOOL
8f8173d9-2f8d-5636-a693-24d9f79ba651,31,LAIKIPIA,f125e4a9-55bd-50ad-bf69-abaa97d3b7cd,163,LAIKIPIA WEST,e9348043-cf1e-5064-ae09-e6f1df3c02df,815,IGWAMITI,099178c7-e5d2-5360-8b21-062fd256821c,141,MUNANDA PRIMARY SCHOOL
8f8173d9-2f8d-5636-a693-24d9f79ba651,31,LAIKIPIA,f125e4a9-55bd-50ad-bf69-abaa97d3b7cd,163,LAIKIPIA WEST,2c9ff42b-89f1-567f-8d78-79f1f2d60581,816,SALAMA,03578c49-5822-5bb3-88b5-fd939e7559b5,114,NORTH TETU PRIMARY SCHOOL
8f8173d9-2f8d-5636-a693-24d9f79ba651,31,LAIKIPIA,f125e4a9-55bd-50ad-bf69-abaa97d3b7cd,163,LAIKIPIA WEST,2c9ff42b-89f1-567f-8d78-79f1f2d60581,816,SALAMA,0007ca22-6ef7-5536-afeb-6e1695fd5d4f,115,MATHIRA PRIMARY SCHOOL
8f8173d9-2f8d-5636-a693-24d9f79ba651,31,LAIKIPIA,f125e4a9-55bd-50ad-bf69-abaa97d3b7cd,163,LAIKIPIA WEST,2c9ff42b-89f1-567f-8d78-79f1f2d60581,816,SALAMA,5cb53cf6-c8f3-592c-8205-f0fcc7d5bddb,116,KIAMARIGA PRIMARY SCHOOL
8f8173d9-2f8d-5636-a693-24d9f79ba651,31,LAIKIPIA,f125e4a9-55bd-50ad-bf69-abaa97d3b7cd,163,LAIKIPIA WEST,2c9ff42b-89f1-567f-8d78-79f1f2d60581,816,SALAMA,8c657df7-a328-5796-822a-a32f3faf858b,117,RAYA PRIMARY SCHOOL
8f8173d9-2f8d-5636-a693-24d9f79ba651,31,LAIKIPIA,f125e4a9-55bd-50ad-bf69-abaa97d3b7cd,163,LAIKIPIA WEST,2c9ff42b-89f1-567f-8d78-79f1f2d60581,816,SALAMA,a3251e4d-2bcb-5269-93e6-0301013cd2cc,118,MUTARA PRIMARY SCHOOL
8f8173d9-2f8d-5636-a693-24d9f79ba651,31,LAIKIPIA,f125e4a9-55bd-50ad-bf69-abaa97d3b7cd,163,LAIKIPIA WEST,2c9ff42b-89f1-567f-8d78-79f1f2d60581,816,SALAMA,6a4f877a-fd46-5446-99a9-4da725dac1bd,119,MARURA PRIMARY SCHOOL
8f8173d9-2f8d-5636-a693-24d9f79ba651,31,LAIKIPIA,f125e4a9-55bd-50ad-bf69-abaa97d3b7cd,163,LAIKIPIA WEST,2c9ff42b-89f1-567f-8d78-79f1f2d60581,816,SALAMA,cf099b7e-6d61-5105-b9ab-6bab389e6e96,120,KERIKO PRIMARY SCHOOL
8f8173d9-2f8d-5636-a693-24d9f79ba651,31,LAIKIPIA,f125e4a9-55bd-50ad-bf69-abaa97d3b7cd,163,LAIKIPIA WEST,2c9ff42b-89f1-567f-8d78-79f1f2d60581,816,SALAMA,2d21e186-b223-58a2-abf4-22e78e2c1200,121,KISIRIRI PRIMARY SCHOOL
8f8173d9-2f8d-5636-a693-24d9f79ba651,31,LAIKIPIA,f125e4a9-55bd-50ad-bf69-abaa97d3b7cd,163,LAIKIPIA WEST,2c9ff42b-89f1-567f-8d78-79f1f2d60581,816,SALAMA,bff8fbe8-47ce-514c-8767-ca13b254c3ba,122,SALAMA PRIMARY SCHOOL
8f8173d9-2f8d-5636-a693-24d9f79ba651,31,LAIKIPIA,f125e4a9-55bd-50ad-bf69-abaa97d3b7cd,163,LAIKIPIA WEST,2c9ff42b-89f1-567f-8d78-79f1f2d60581,816,SALAMA,8691f3de-bd17-5e89-85dc-f389380db8e2,123,RONDA PRIMARY SCHOLL
8f8173d9-2f8d-5636-a693-24d9f79ba651,31,LAIKIPIA,f125e4a9-55bd-50ad-bf69-abaa97d3b7cd,163,LAIKIPIA WEST,2c9ff42b-89f1-567f-8d78-79f1f2d60581,816,SALAMA,d6c0f2af-1ae7-5e2f-8ac0-5af639007565,124,MURUKU PRIMARY SCHOOL
8f8173d9-2f8d-5636-a693-24d9f79ba651,31,LAIKIPIA,f125e4a9-55bd-50ad-bf69-abaa97d3b7cd,163,LAIKIPIA WEST,2c9ff42b-89f1-567f-8d78-79f1f2d60581,816,SALAMA,24cafd95-b7fa-5ede-81b8-f5b127597a12,125,NGANOINE PRIMARY SCHOOL
8f8173d9-2f8d-5636-a693-24d9f79ba651,31,LAIKIPIA,f125e4a9-55bd-50ad-bf69-abaa97d3b7cd,163,LAIKIPIA WEST,2c9ff42b-89f1-567f-8d78-79f1f2d60581,816,SALAMA,5b895cf5-7894-5ba5-bc49-b980dac57905,126,KIAHITI PRIMARY SCHOOL
8f8173d9-2f8d-5636-a693-24d9f79ba651,31,LAIKIPIA,f125e4a9-55bd-50ad-bf69-abaa97d3b7cd,163,LAIKIPIA WEST,2c9ff42b-89f1-567f-8d78-79f1f2d60581,816,SALAMA,035e7f3c-668a-521c-ab37-f576423b3756,127,MURUAI PRIMARY SCHOOL
8f8173d9-2f8d-5636-a693-24d9f79ba651,31,LAIKIPIA,f125e4a9-55bd-50ad-bf69-abaa97d3b7cd,163,LAIKIPIA WEST,2c9ff42b-89f1-567f-8d78-79f1f2d60581,816,SALAMA,5e411fba-d220-579a-81a0-d99fcf7e6277,128,MATIGARI BOARDING PRIMARY SCHOOL
8f8173d9-2f8d-5636-a693-24d9f79ba651,31,LAIKIPIA,f125e4a9-55bd-50ad-bf69-abaa97d3b7cd,163,LAIKIPIA WEST,2c9ff42b-89f1-567f-8d78-79f1f2d60581,816,SALAMA,7419d142-fbaf-5cdf-adb6-b5a911a0285b,129,NGUU PRIMARY SCHOOL
8f8173d9-2f8d-5636-a693-24d9f79ba651,31,LAIKIPIA,f125e4a9-55bd-50ad-bf69-abaa97d3b7cd,163,LAIKIPIA WEST,2c9ff42b-89f1-567f-8d78-79f1f2d60581,816,SALAMA,7b5c35a0-9327-5dda-9525-e32df990d290,130,NGURURITI NURSERY SCHOOL
8f8173d9-2f8d-5636-a693-24d9f79ba651,31,LAIKIPIA,03fa971f-98f1-5e1b-8503-3426fbe6ed50,164,LAIKIPIA EAST,0661253b-cd72-5589-9bc8-2baf6e4e0955,817,NGOBIT,815b742d-040a-5288-ab06-c5752bf4cc8e,1,OLTAFFETA PRIMARY SCHOOL
8f8173d9-2f8d-5636-a693-24d9f79ba651,31,LAIKIPIA,03fa971f-98f1-5e1b-8503-3426fbe6ed50,164,LAIKIPIA EAST,0661253b-cd72-5589-9bc8-2baf6e4e0955,817,NGOBIT,e24fb906-161e-5eb1-a0e7-ab86b7b4f9db,2,SIRIMA PRIMARY SCHOOL
8f8173d9-2f8d-5636-a693-24d9f79ba651,31,LAIKIPIA,03fa971f-98f1-5e1b-8503-3426fbe6ed50,164,LAIKIPIA EAST,0661253b-cd72-5589-9bc8-2baf6e4e0955,817,NGOBIT,cf836996-2a66-5ba2-b7b9-fcfb4c1af96b,3,GITHIRA PRIMARY SCHOOL
8f8173d9-2f8d-5636-a693-24d9f79ba651,31,LAIKIPIA,03fa971f-98f1-5e1b-8503-3426fbe6ed50,164,LAIKIPIA EAST,0661253b-cd72-5589-9bc8-2baf6e4e0955,817,NGOBIT,aec4c182-a082-5509-9899-93cdfe28e182,4,KIJABE PRIMARY SCHOOL
8f8173d9-2f8d-5636-a693-24d9f79ba651,31,LAIKIPIA,03fa971f-98f1-5e1b-8503-3426fbe6ed50,164,LAIKIPIA EAST,0661253b-cd72-5589-9bc8-2baf6e4e0955,817,NGOBIT,721e3651-c850-523e-bda6-0bb30ee21f3e,5,WITHARE PRIMARY SCHOOL
8f8173d9-2f8d-5636-a693-24d9f79ba651,31,LAIKIPIA,03fa971f-98f1-5e1b-8503-3426fbe6ed50,164,LAIKIPIA EAST,0661253b-cd72-5589-9bc8-2baf6e4e0955,817,NGOBIT,80c936a1-533a-55c8-9d40-4aa9e405f496,6,MWITURIA PRIMARY SCHOOL
8f8173d9-2f8d-5636-a693-24d9f79ba651,31,LAIKIPIA,03fa971f-98f1-5e1b-8503-3426fbe6ed50,164,LAIKIPIA EAST,0661253b-cd72-5589-9bc8-2baf6e4e0955,817,NGOBIT,2d22087f-6e6d-55f4-8ac0-8471307de0c0,7,MUNYAKA PRIMARY SCHOOL
8f8173d9-2f8d-5636-a693-24d9f79ba651,31,LAIKIPIA,03fa971f-98f1-5e1b-8503-3426fbe6ed50,164,LAIKIPIA EAST,0661253b-cd72-5589-9bc8-2baf6e4e0955,817,NGOBIT,691fe2ee-3fdd-5a2d-8b52-33b671ca394c,8,KARUNGU PRIMARY SCHOOL
8f8173d9-2f8d-5636-a693-24d9f79ba651,31,LAIKIPIA,03fa971f-98f1-5e1b-8503-3426fbe6ed50,164,LAIKIPIA EAST,0661253b-cd72-5589-9bc8-2baf6e4e0955,817,NGOBIT,7f39b91d-9075-55ee-a567-08f5880fb469,9,MUHONIA PRIMARY SCHOOL
8f8173d9-2f8d-5636-a693-24d9f79ba651,31,LAIKIPIA,03fa971f-98f1-5e1b-8503-3426fbe6ed50,164,LAIKIPIA EAST,0661253b-cd72-5589-9bc8-2baf6e4e0955,817,NGOBIT,d70350e5-cb0c-5604-9725-2a2ff46b96b4,10,MWIRERI PRIMARY SCHOOL
8f8173d9-2f8d-5636-a693-24d9f79ba651,31,LAIKIPIA,03fa971f-98f1-5e1b-8503-3426fbe6ed50,164,LAIKIPIA EAST,0661253b-cd72-5589-9bc8-2baf6e4e0955,817,NGOBIT,05c35f62-d479-55f7-b949-236481edff15,11,KARIGU-INI PRIMARY SCHOOL
8f8173d9-2f8d-5636-a693-24d9f79ba651,31,LAIKIPIA,03fa971f-98f1-5e1b-8503-3426fbe6ed50,164,LAIKIPIA EAST,0661253b-cd72-5589-9bc8-2baf6e4e0955,817,NGOBIT,7ca9b434-aaec-58c8-9582-04494a2881ff,12,NGOBIT PRIMARY SCHOOL
8f8173d9-2f8d-5636-a693-24d9f79ba651,31,LAIKIPIA,03fa971f-98f1-5e1b-8503-3426fbe6ed50,164,LAIKIPIA EAST,0661253b-cd72-5589-9bc8-2baf6e4e0955,817,NGOBIT,4de05eac-75c3-56fe-aca8-068e83ca2100,13,WAMURA PRIMARY SCHOOL
8f8173d9-2f8d-5636-a693-24d9f79ba651,31,LAIKIPIA,03fa971f-98f1-5e1b-8503-3426fbe6ed50,164,LAIKIPIA EAST,0661253b-cd72-5589-9bc8-2baf6e4e0955,817,NGOBIT,6f78b3ca-ef8f-54ed-a4ae-a989dccf5500,14,RUTUNGURU PRIMARY SCHOOL
8f8173d9-2f8d-5636-a693-24d9f79ba651,31,LAIKIPIA,03fa971f-98f1-5e1b-8503-3426fbe6ed50,164,LAIKIPIA EAST,0661253b-cd72-5589-9bc8-2baf6e4e0955,817,NGOBIT,602fa4ca-306f-5605-9f5c-12d282e84203,15,RUAI PRIMARY SCHOOL
8f8173d9-2f8d-5636-a693-24d9f79ba651,31,LAIKIPIA,03fa971f-98f1-5e1b-8503-3426fbe6ed50,164,LAIKIPIA EAST,0661253b-cd72-5589-9bc8-2baf6e4e0955,817,NGOBIT,fc40aeeb-4c12-5a1c-aa0c-657ca53c2dd0,16,NYAMBUGICHI PRIMARY SCHOOL
8f8173d9-2f8d-5636-a693-24d9f79ba651,31,LAIKIPIA,03fa971f-98f1-5e1b-8503-3426fbe6ed50,164,LAIKIPIA EAST,0661253b-cd72-5589-9bc8-2baf6e4e0955,817,NGOBIT,8b0432d5-1d61-5fc7-b6d5-57db1e169cbf,17,WIYUMIRIRIE YOUTH POLY
8f8173d9-2f8d-5636-a693-24d9f79ba651,31,LAIKIPIA,03fa971f-98f1-5e1b-8503-3426fbe6ed50,164,LAIKIPIA EAST,0661253b-cd72-5589-9bc8-2baf6e4e0955,817,NGOBIT,3e689120-078b-50e1-97c4-a95322766475,18,WIYUMIRIRIE PRIMARY SCHOOL
8f8173d9-2f8d-5636-a693-24d9f79ba651,31,LAIKIPIA,03fa971f-98f1-5e1b-8503-3426fbe6ed50,164,LAIKIPIA EAST,0661253b-cd72-5589-9bc8-2baf6e4e0955,817,NGOBIT,d2d5272c-a025-59a8-89bf-6e8e821d4a4d,19,MATHENYA PRIMARY SCHOOL
8f8173d9-2f8d-5636-a693-24d9f79ba651,31,LAIKIPIA,03fa971f-98f1-5e1b-8503-3426fbe6ed50,164,LAIKIPIA EAST,0661253b-cd72-5589-9bc8-2baf6e4e0955,817,NGOBIT,d90c7558-ea1f-57b1-87dc-31e70bf0ada5,20,METHA PRIMARY SCHOOL
8f8173d9-2f8d-5636-a693-24d9f79ba651,31,LAIKIPIA,03fa971f-98f1-5e1b-8503-3426fbe6ed50,164,LAIKIPIA EAST,0661253b-cd72-5589-9bc8-2baf6e4e0955,817,NGOBIT,fc0762ed-9752-5227-92bd-3d7022fc0223,21,SUGUROI PRIMARY SCHOOL
8f8173d9-2f8d-5636-a693-24d9f79ba651,31,LAIKIPIA,03fa971f-98f1-5e1b-8503-3426fbe6ed50,164,LAIKIPIA EAST,0661253b-cd72-5589-9bc8-2baf6e4e0955,817,NGOBIT,09a36747-cc9f-52b2-80ac-d8905e518777,22,NGOBIT POLICE STATION
8f8173d9-2f8d-5636-a693-24d9f79ba651,31,LAIKIPIA,03fa971f-98f1-5e1b-8503-3426fbe6ed50,164,LAIKIPIA EAST,0661253b-cd72-5589-9bc8-2baf6e4e0955,817,NGOBIT,9cdd42f3-303d-5a3a-abd5-ff381d78ccb0,23,BAHATI PRIMARY SCHOOL
8f8173d9-2f8d-5636-a693-24d9f79ba651,31,LAIKIPIA,03fa971f-98f1-5e1b-8503-3426fbe6ed50,164,LAIKIPIA EAST,0661253b-cd72-5589-9bc8-2baf6e4e0955,817,NGOBIT,4438913b-1c78-5cd7-8591-3acee98a7746,24,SOUTH IMENTI PRIMARY SCHOOL
8f8173d9-2f8d-5636-a693-24d9f79ba651,31,LAIKIPIA,03fa971f-98f1-5e1b-8503-3426fbe6ed50,164,LAIKIPIA EAST,0661253b-cd72-5589-9bc8-2baf6e4e0955,817,NGOBIT,52ce11c8-8e22-5fd7-aa01-1c0f3af81b8b,25,MWIHOKO PRIMARY SCHOOL
8f8173d9-2f8d-5636-a693-24d9f79ba651,31,LAIKIPIA,03fa971f-98f1-5e1b-8503-3426fbe6ed50,164,LAIKIPIA EAST,0661253b-cd72-5589-9bc8-2baf6e4e0955,817,NGOBIT,6c9d6eef-a569-5b9c-8070-53d189fd9762,26,SHALOM PRIMARY SCHOOL GROUND
8f8173d9-2f8d-5636-a693-24d9f79ba651,31,LAIKIPIA,03fa971f-98f1-5e1b-8503-3426fbe6ed50,164,LAIKIPIA EAST,0661253b-cd72-5589-9bc8-2baf6e4e0955,817,NGOBIT,a150a497-e59e-53fc-b6d2-9f7155fd893f,27,MUTARO PRIMARY SCHOOL
8f8173d9-2f8d-5636-a693-24d9f79ba651,31,LAIKIPIA,03fa971f-98f1-5e1b-8503-3426fbe6ed50,164,LAIKIPIA EAST,0661253b-cd72-5589-9bc8-2baf6e4e0955,817,NGOBIT,26e52f4b-e617-597d-a10a-6d186a1e6566,28,SHALOM DISPENSARY
8f8173d9-2f8d-5636-a693-24d9f79ba651,31,LAIKIPIA,03fa971f-98f1-5e1b-8503-3426fbe6ed50,164,LAIKIPIA EAST,0661253b-cd72-5589-9bc8-2baf6e4e0955,817,NGOBIT,25da9371-caf2-5733-994a-c216c4a7e04a,29,NAITOROSHI PRIMARY SCHOOL
8f8173d9-2f8d-5636-a693-24d9f79ba651,31,LAIKIPIA,03fa971f-98f1-5e1b-8503-3426fbe6ed50,164,LAIKIPIA EAST,6a727c3c-c7a6-5fc7-9013-7d9becf6b132,818,TIGITHI,5f9cf562-be7f-5ca5-9252-3ff222ccd267,30,CHUMA PRIMARY SCHOOL
8f8173d9-2f8d-5636-a693-24d9f79ba651,31,LAIKIPIA,03fa971f-98f1-5e1b-8503-3426fbe6ed50,164,LAIKIPIA EAST,6a727c3c-c7a6-5fc7-9013-7d9becf6b132,818,TIGITHI,4f8706cf-0796-5807-95a0-35f55637098c,31,MUKURI PRIMARY SCHOOL
8f8173d9-2f8d-5636-a693-24d9f79ba651,31,LAIKIPIA,03fa971f-98f1-5e1b-8503-3426fbe6ed50,164,LAIKIPIA EAST,6a727c3c-c7a6-5fc7-9013-7d9becf6b132,818,TIGITHI,289796bf-03a9-5ecc-80cd-b61d71a8cb61,32,TIGITHI PRIMARY SCHOOL
8f8173d9-2f8d-5636-a693-24d9f79ba651,31,LAIKIPIA,03fa971f-98f1-5e1b-8503-3426fbe6ed50,164,LAIKIPIA EAST,6a727c3c-c7a6-5fc7-9013-7d9becf6b132,818,TIGITHI,5a4bc80c-fac8-54ab-af7d-bdf7f5a49fae,33,MATHINGIRA PRIMARY SCHOOL
8f8173d9-2f8d-5636-a693-24d9f79ba651,31,LAIKIPIA,03fa971f-98f1-5e1b-8503-3426fbe6ed50,164,LAIKIPIA EAST,6a727c3c-c7a6-5fc7-9013-7d9becf6b132,818,TIGITHI,93684840-0430-588f-bddb-0ed539b2c0d7,34,MUKADAMIA PRIMARY SCHOOL
8f8173d9-2f8d-5636-a693-24d9f79ba651,31,LAIKIPIA,03fa971f-98f1-5e1b-8503-3426fbe6ed50,164,LAIKIPIA EAST,6a727c3c-c7a6-5fc7-9013-7d9becf6b132,818,TIGITHI,45d5f430-2564-59e7-bda1-b715c7526a31,35,WERU-INI PRIMARY SCHOOL
8f8173d9-2f8d-5636-a693-24d9f79ba651,31,LAIKIPIA,03fa971f-98f1-5e1b-8503-3426fbe6ed50,164,LAIKIPIA EAST,6a727c3c-c7a6-5fc7-9013-7d9becf6b132,818,TIGITHI,06aa726c-4c9d-5efd-9572-092a044f6443,36,MITEERO PRIMARY SCHOOL
8f8173d9-2f8d-5636-a693-24d9f79ba651,31,LAIKIPIA,03fa971f-98f1-5e1b-8503-3426fbe6ed50,164,LAIKIPIA EAST,6a727c3c-c7a6-5fc7-9013-7d9becf6b132,818,TIGITHI,31c7b515-a60f-56eb-a2df-1e37bb366d01,37,LECHUGU PRIMARY SCHOOL
8f8173d9-2f8d-5636-a693-24d9f79ba651,31,LAIKIPIA,03fa971f-98f1-5e1b-8503-3426fbe6ed50,164,LAIKIPIA EAST,6a727c3c-c7a6-5fc7-9013-7d9becf6b132,818,TIGITHI,bee91569-3482-5a20-a19c-4b38eb29ccbc,38,MALE PRIMARY SCHOOL
8f8173d9-2f8d-5636-a693-24d9f79ba651,31,LAIKIPIA,03fa971f-98f1-5e1b-8503-3426fbe6ed50,164,LAIKIPIA EAST,6a727c3c-c7a6-5fc7-9013-7d9becf6b132,818,TIGITHI,749fead2-e788-56b8-b3fe-e2af77456c8d,39,KIHATO PRIMARY SCHOOL
8f8173d9-2f8d-5636-a693-24d9f79ba651,31,LAIKIPIA,03fa971f-98f1-5e1b-8503-3426fbe6ed50,164,LAIKIPIA EAST,6a727c3c-c7a6-5fc7-9013-7d9becf6b132,818,TIGITHI,0fc240af-d9ca-5a42-b60f-f51c5b19cd2b,40,RIACHUI PRIMARY SCHOOL
8f8173d9-2f8d-5636-a693-24d9f79ba651,31,LAIKIPIA,03fa971f-98f1-5e1b-8503-3426fbe6ed50,164,LAIKIPIA EAST,6a727c3c-c7a6-5fc7-9013-7d9becf6b132,818,TIGITHI,30b762df-e2ce-532e-9330-ef9f4a002c82,41,THARUA PRIMARY SCHOOL
8f8173d9-2f8d-5636-a693-24d9f79ba651,31,LAIKIPIA,03fa971f-98f1-5e1b-8503-3426fbe6ed50,164,LAIKIPIA EAST,6a727c3c-c7a6-5fc7-9013-7d9becf6b132,818,TIGITHI,a5f8cf88-82bd-5be8-bd8a-6d92d28e2848,42,NYAKIO PRIMARY SCHOOL
8f8173d9-2f8d-5636-a693-24d9f79ba651,31,LAIKIPIA,03fa971f-98f1-5e1b-8503-3426fbe6ed50,164,LAIKIPIA EAST,6a727c3c-c7a6-5fc7-9013-7d9becf6b132,818,TIGITHI,3f4c40c4-8ba6-50e4-807b-0f65596d2309,43,BAHATI DEB SOLIO PRIMARY SCHOOL
8f8173d9-2f8d-5636-a693-24d9f79ba651,31,LAIKIPIA,03fa971f-98f1-5e1b-8503-3426fbe6ed50,164,LAIKIPIA EAST,6a727c3c-c7a6-5fc7-9013-7d9becf6b132,818,TIGITHI,a81d3a24-d1c5-5495-ac35-9f93e0ccbcd6,44,TETU PRIMARY SCHOOL SOLIO
8f8173d9-2f8d-5636-a693-24d9f79ba651,31,LAIKIPIA,03fa971f-98f1-5e1b-8503-3426fbe6ed50,164,LAIKIPIA EAST,6a727c3c-c7a6-5fc7-9013-7d9becf6b132,818,TIGITHI,22d63a2a-a3f7-58f8-9d65-5e423b03ad16,45,KIBUBUNGI PRIMARY SCHOOL
8f8173d9-2f8d-5636-a693-24d9f79ba651,31,LAIKIPIA,03fa971f-98f1-5e1b-8503-3426fbe6ed50,164,LAIKIPIA EAST,6a727c3c-c7a6-5fc7-9013-7d9becf6b132,818,TIGITHI,e100ba62-b3d0-547c-890f-d8326a888bba,46,WATHITUGA PRIMARY SCHOOL
8f8173d9-2f8d-5636-a693-24d9f79ba651,31,LAIKIPIA,03fa971f-98f1-5e1b-8503-3426fbe6ed50,164,LAIKIPIA EAST,6a727c3c-c7a6-5fc7-9013-7d9becf6b132,818,TIGITHI,989c372c-5d93-532f-a02f-b269f3a732fd,47,MWIYOGO PRIMARY SCHOOL
8f8173d9-2f8d-5636-a693-24d9f79ba651,31,LAIKIPIA,03fa971f-98f1-5e1b-8503-3426fbe6ed50,164,LAIKIPIA EAST,6a727c3c-c7a6-5fc7-9013-7d9becf6b132,818,TIGITHI,9e199162-c05f-50a1-b253-e63bca413216,48,KIAMBIRIRIA PRIMARY SCHOOL
8f8173d9-2f8d-5636-a693-24d9f79ba651,31,LAIKIPIA,03fa971f-98f1-5e1b-8503-3426fbe6ed50,164,LAIKIPIA EAST,6a727c3c-c7a6-5fc7-9013-7d9becf6b132,818,TIGITHI,3388fc0e-519f-5428-9ba1-b98346299f9d,49,SOLIO SOCIAL HALL
8f8173d9-2f8d-5636-a693-24d9f79ba651,31,LAIKIPIA,03fa971f-98f1-5e1b-8503-3426fbe6ed50,164,LAIKIPIA EAST,6a727c3c-c7a6-5fc7-9013-7d9becf6b132,818,TIGITHI,01adefbd-6f10-5c07-b966-a981f81a204a,50,DEB SOLIO RANCH PRIMARY SCHOOL
8f8173d9-2f8d-5636-a693-24d9f79ba651,31,LAIKIPIA,03fa971f-98f1-5e1b-8503-3426fbe6ed50,164,LAIKIPIA EAST,6a727c3c-c7a6-5fc7-9013-7d9becf6b132,818,TIGITHI,af7297e3-64db-5c57-87c8-cf50e3c2d7b9,51,BARAKA DEB SOLIO PRIMARY SCHOOL
8f8173d9-2f8d-5636-a693-24d9f79ba651,31,LAIKIPIA,03fa971f-98f1-5e1b-8503-3426fbe6ed50,164,LAIKIPIA EAST,6a727c3c-c7a6-5fc7-9013-7d9becf6b132,818,TIGITHI,723edb26-ce0e-5ed5-ad00-855240cfc403,52,KAMANGURA NURSERY SCHOOL
8f8173d9-2f8d-5636-a693-24d9f79ba651,31,LAIKIPIA,03fa971f-98f1-5e1b-8503-3426fbe6ed50,164,LAIKIPIA EAST,6a727c3c-c7a6-5fc7-9013-7d9becf6b132,818,TIGITHI,423d3f1e-4c4e-570c-a5ac-4fbad5bf7852,97,IRIUKU PRIMARY SCHOOL
8f8173d9-2f8d-5636-a693-24d9f79ba651,31,LAIKIPIA,03fa971f-98f1-5e1b-8503-3426fbe6ed50,164,LAIKIPIA EAST,6a727c3c-c7a6-5fc7-9013-7d9becf6b132,818,TIGITHI,fb44f19a-534c-5e6c-8d73-d7f259b66dac,98,FURAHA PRIMARY SCHOOL
8f8173d9-2f8d-5636-a693-24d9f79ba651,31,LAIKIPIA,03fa971f-98f1-5e1b-8503-3426fbe6ed50,164,LAIKIPIA EAST,6a727c3c-c7a6-5fc7-9013-7d9becf6b132,818,TIGITHI,df7c839b-4796-50e8-a75c-9928da737443,99,MOTHER TERESA PRIMARY SCHOOL
8f8173d9-2f8d-5636-a693-24d9f79ba651,31,LAIKIPIA,03fa971f-98f1-5e1b-8503-3426fbe6ed50,164,LAIKIPIA EAST,6a727c3c-c7a6-5fc7-9013-7d9becf6b132,818,TIGITHI,689574b7-9b58-5a0c-bb17-72d5646b973f,100,KARAI PRIMARY SCHOOL
8f8173d9-2f8d-5636-a693-24d9f79ba651,31,LAIKIPIA,03fa971f-98f1-5e1b-8503-3426fbe6ed50,164,LAIKIPIA EAST,6a727c3c-c7a6-5fc7-9013-7d9becf6b132,818,TIGITHI,112b9c1d-4451-57f1-9d7f-d1fe38386ae5,101,WAGUTHIRU ECD NURSERY SCHOOL
8f8173d9-2f8d-5636-a693-24d9f79ba651,31,LAIKIPIA,03fa971f-98f1-5e1b-8503-3426fbe6ed50,164,LAIKIPIA EAST,93c27e9b-e0b8-501a-8a38-2ec1642f0a93,819,THINGITHU,c90c4342-945c-5503-8eea-ea4900dc574f,53,RAILWAY CLUB
8f8173d9-2f8d-5636-a693-24d9f79ba651,31,LAIKIPIA,03fa971f-98f1-5e1b-8503-3426fbe6ed50,164,LAIKIPIA EAST,93c27e9b-e0b8-501a-8a38-2ec1642f0a93,819,THINGITHU,ef9881a0-14bc-5a6f-bdf9-d0be7eeccf0b,54,BUNGOMA PRIMARY SCHOOL
8f8173d9-2f8d-5636-a693-24d9f79ba651,31,LAIKIPIA,03fa971f-98f1-5e1b-8503-3426fbe6ed50,164,LAIKIPIA EAST,93c27e9b-e0b8-501a-8a38-2ec1642f0a93,819,THINGITHU,b2cb9f79-c0eb-5b12-818e-a0f44666a6c7,55,NDURURI PRIMARY SCHOOL
8f8173d9-2f8d-5636-a693-24d9f79ba651,31,LAIKIPIA,03fa971f-98f1-5e1b-8503-3426fbe6ed50,164,LAIKIPIA EAST,93c27e9b-e0b8-501a-8a38-2ec1642f0a93,819,THINGITHU,741ac95c-0f98-5fc0-ae08-85ad2d4b13d0,56,NANYUKI D.E.B PRIMARY SCHOOL
8f8173d9-2f8d-5636-a693-24d9f79ba651,31,LAIKIPIA,03fa971f-98f1-5e1b-8503-3426fbe6ed50,164,LAIKIPIA EAST,93c27e9b-e0b8-501a-8a38-2ec1642f0a93,819,THINGITHU,dc2c9ad3-8440-5b66-820e-44bc45112915,57,THINGITHU PRIMARY SCHOOL
8f8173d9-2f8d-5636-a693-24d9f79ba651,31,LAIKIPIA,03fa971f-98f1-5e1b-8503-3426fbe6ed50,164,LAIKIPIA EAST,93c27e9b-e0b8-501a-8a38-2ec1642f0a93,819,THINGITHU,23b44f74-c4b5-5030-9509-01c65803cfd6,58,LAIKIPIA AIR BASE PRIMARY SCHOOL
8f8173d9-2f8d-5636-a693-24d9f79ba651,31,LAIKIPIA,03fa971f-98f1-5e1b-8503-3426fbe6ed50,164,LAIKIPIA EAST,93c27e9b-e0b8-501a-8a38-2ec1642f0a93,819,THINGITHU,ba95687a-b288-5a95-9c5e-fe36eefa3db1,59,NJOGUINI PRIMARY SCHOOL
8f8173d9-2f8d-5636-a693-24d9f79ba651,31,LAIKIPIA,03fa971f-98f1-5e1b-8503-3426fbe6ed50,164,LAIKIPIA EAST,93c27e9b-e0b8-501a-8a38-2ec1642f0a93,819,THINGITHU,c96b54e8-977d-5ff8-bdfb-258746616254,60,MATANYA PRIMARY SCHOOL
8f8173d9-2f8d-5636-a693-24d9f79ba651,31,LAIKIPIA,03fa971f-98f1-5e1b-8503-3426fbe6ed50,164,LAIKIPIA EAST,93c27e9b-e0b8-501a-8a38-2ec1642f0a93,819,THINGITHU,d2fa512a-f7c5-568f-bc17-8b6417d00018,61,SWEETWATERS PRIMARY SCHOOL
8f8173d9-2f8d-5636-a693-24d9f79ba651,31,LAIKIPIA,03fa971f-98f1-5e1b-8503-3426fbe6ed50,164,LAIKIPIA EAST,93c27e9b-e0b8-501a-8a38-2ec1642f0a93,819,THINGITHU,3c98294b-aed0-58a5-95ac-3b5689f897d4,62,MIRERA PRIMARY SCHOOL
8f8173d9-2f8d-5636-a693-24d9f79ba651,31,LAIKIPIA,03fa971f-98f1-5e1b-8503-3426fbe6ed50,164,LAIKIPIA EAST,93c27e9b-e0b8-501a-8a38-2ec1642f0a93,819,THINGITHU,4524e4dc-15b4-5506-8031-a224106fe964,63,BARAKA DISPENSARY (MUNG'ETHO)
8f8173d9-2f8d-5636-a693-24d9f79ba651,31,LAIKIPIA,03fa971f-98f1-5e1b-8503-3426fbe6ed50,164,LAIKIPIA EAST,93c27e9b-e0b8-501a-8a38-2ec1642f0a93,819,THINGITHU,75699377-b78a-5546-a5fa-a6b7a205605e,64,ST LOISE GIRLS SECONDARY SCHOOL
8f8173d9-2f8d-5636-a693-24d9f79ba651,31,LAIKIPIA,03fa971f-98f1-5e1b-8503-3426fbe6ed50,164,LAIKIPIA EAST,93c27e9b-e0b8-501a-8a38-2ec1642f0a93,819,THINGITHU,db8afac4-1fd2-5abd-8dbf-723585437f24,65,BARAKA APS LINE (MUNG'ETHO)
8f8173d9-2f8d-5636-a693-24d9f79ba651,31,LAIKIPIA,03fa971f-98f1-5e1b-8503-3426fbe6ed50,164,LAIKIPIA EAST,93c27e9b-e0b8-501a-8a38-2ec1642f0a93,819,THINGITHU,4fe8c5f2-3a53-5a39-a7a5-77877538e76e,66,AIC NANYUKI NURSERY
8f8173d9-2f8d-5636-a693-24d9f79ba651,31,LAIKIPIA,03fa971f-98f1-5e1b-8503-3426fbe6ed50,164,LAIKIPIA EAST,93c27e9b-e0b8-501a-8a38-2ec1642f0a93,819,THINGITHU,49fb5952-9b67-5ef0-8995-2a1a44143555,67,NANYUKI POLYTECHNIC -
8f8173d9-2f8d-5636-a693-24d9f79ba651,31,LAIKIPIA,03fa971f-98f1-5e1b-8503-3426fbe6ed50,164,LAIKIPIA EAST,93c27e9b-e0b8-501a-8a38-2ec1642f0a93,819,THINGITHU,4c52acd2-5e26-55c2-9296-a438fcb83146,68,NANYUKI SOCIAL HALL-
8f8173d9-2f8d-5636-a693-24d9f79ba651,31,LAIKIPIA,03fa971f-98f1-5e1b-8503-3426fbe6ed50,164,LAIKIPIA EAST,93c27e9b-e0b8-501a-8a38-2ec1642f0a93,819,THINGITHU,f996dc8d-60de-514d-bed6-d053db4b23e6,103,TEMMAKIS PRIMARY SCHOOL
8f8173d9-2f8d-5636-a693-24d9f79ba651,31,LAIKIPIA,03fa971f-98f1-5e1b-8503-3426fbe6ed50,164,LAIKIPIA EAST,928f3570-7c23-5ae6-a0a8-32094f98bb46,820,NANYUKI,d5e38d69-11c4-5f9c-8c34-b819d445cd0f,69,LIKII PRIMARY SCH OOL
8f8173d9-2f8d-5636-a693-24d9f79ba651,31,LAIKIPIA,03fa971f-98f1-5e1b-8503-3426fbe6ed50,164,LAIKIPIA EAST,928f3570-7c23-5ae6-a0a8-32094f98bb46,820,NANYUKI,e496c4fb-b4ad-53ae-9626-ef6538f26b09,70,LIKII SOCIAL HALL
8f8173d9-2f8d-5636-a693-24d9f79ba651,31,LAIKIPIA,03fa971f-98f1-5e1b-8503-3426fbe6ed50,164,LAIKIPIA EAST,928f3570-7c23-5ae6-a0a8-32094f98bb46,820,NANYUKI,9fe42146-111e-5c1e-bc9f-bc50453b021d,71,LIKII NURSURY SCHOOL
8f8173d9-2f8d-5636-a693-24d9f79ba651,31,LAIKIPIA,03fa971f-98f1-5e1b-8503-3426fbe6ed50,164,LAIKIPIA EAST,928f3570-7c23-5ae6-a0a8-32094f98bb46,820,NANYUKI,9eff2221-ef9c-53e0-a142-da657092a9a2,72,NKANDO PRYIMARY SCHOOL-
8f8173d9-2f8d-5636-a693-24d9f79ba651,31,LAIKIPIA,03fa971f-98f1-5e1b-8503-3426fbe6ed50,164,LAIKIPIA EAST,928f3570-7c23-5ae6-a0a8-32094f98bb46,820,NANYUKI,abd072e0-6445-549a-b1be-f48b4c326679,73,NANYUKI PRIMARY SCHOOL
8f8173d9-2f8d-5636-a693-24d9f79ba651,31,LAIKIPIA,03fa971f-98f1-5e1b-8503-3426fbe6ed50,164,LAIKIPIA EAST,928f3570-7c23-5ae6-a0a8-32094f98bb46,820,NANYUKI,ca1e3aa5-94cf-582f-9bfb-eb3f4ec4ec49,74,NTURUKUMA PRIMARY SCHOOL
8f8173d9-2f8d-5636-a693-24d9f79ba651,31,LAIKIPIA,03fa971f-98f1-5e1b-8503-3426fbe6ed50,164,LAIKIPIA EAST,928f3570-7c23-5ae6-a0a8-32094f98bb46,820,NANYUKI,92aa4409-82c3-5f28-bd1c-06521799da40,75,MT.KENYA PRIMARY SCHOOL
8f8173d9-2f8d-5636-a693-24d9f79ba651,31,LAIKIPIA,03fa971f-98f1-5e1b-8503-3426fbe6ed50,164,LAIKIPIA EAST,928f3570-7c23-5ae6-a0a8-32094f98bb46,820,NANYUKI,89719cbc-bfe6-58d6-8f28-c9c07655793b,76,NANYUKI GARRISON PRIMARY SCHOOL
8f8173d9-2f8d-5636-a693-24d9f79ba651,31,LAIKIPIA,03fa971f-98f1-5e1b-8503-3426fbe6ed50,164,LAIKIPIA EAST,928f3570-7c23-5ae6-a0a8-32094f98bb46,820,NANYUKI,2cfa13bf-ae27-5a56-af92-045e2569fe40,77,KANYONI NURSERY SCHOOL
8f8173d9-2f8d-5636-a693-24d9f79ba651,31,LAIKIPIA,03fa971f-98f1-5e1b-8503-3426fbe6ed50,164,LAIKIPIA EAST,928f3570-7c23-5ae6-a0a8-32094f98bb46,820,NANYUKI,0aed8649-9006-5b07-9a4e-bc9391560be8,78,MUTHAIGA PRIMARY SCHOOL
8f8173d9-2f8d-5636-a693-24d9f79ba651,31,LAIKIPIA,03fa971f-98f1-5e1b-8503-3426fbe6ed50,164,LAIKIPIA EAST,928f3570-7c23-5ae6-a0a8-32094f98bb46,820,NANYUKI,c78568e2-b882-52c7-b46d-f05f8a5ed90d,79,CENTRAL PARK (KANU GROUND)
8f8173d9-2f8d-5636-a693-24d9f79ba651,31,LAIKIPIA,03fa971f-98f1-5e1b-8503-3426fbe6ed50,164,LAIKIPIA EAST,928f3570-7c23-5ae6-a0a8-32094f98bb46,820,NANYUKI,decc790f-3352-5d81-a0a6-33d5fea02d7e,80,ST. MOSES PRIMARY SCHOOL
8f8173d9-2f8d-5636-a693-24d9f79ba651,31,LAIKIPIA,03fa971f-98f1-5e1b-8503-3426fbe6ed50,164,LAIKIPIA EAST,928f3570-7c23-5ae6-a0a8-32094f98bb46,820,NANYUKI,4102ab15-fc95-5ca5-9847-307c141588e0,81,NANYUKI APS LINE GROUND
8f8173d9-2f8d-5636-a693-24d9f79ba651,31,LAIKIPIA,03fa971f-98f1-5e1b-8503-3426fbe6ed50,164,LAIKIPIA EAST,928f3570-7c23-5ae6-a0a8-32094f98bb46,820,NANYUKI,2cc8fde1-1ea1-55e9-8954-125ab5fb0b1a,82,ST.JUDE GIRLS SECONDARY SCHOOL
8f8173d9-2f8d-5636-a693-24d9f79ba651,31,LAIKIPIA,03fa971f-98f1-5e1b-8503-3426fbe6ed50,164,LAIKIPIA EAST,928f3570-7c23-5ae6-a0a8-32094f98bb46,820,NANYUKI,b6a15e2c-6c99-5c00-b0fc-df055fd93bd7,83,NANYUKI HIGH SCHOOL
8f8173d9-2f8d-5636-a693-24d9f79ba651,31,LAIKIPIA,03fa971f-98f1-5e1b-8503-3426fbe6ed50,164,LAIKIPIA EAST,928f3570-7c23-5ae6-a0a8-32094f98bb46,820,NANYUKI,9249cf63-c725-56a8-8782-aa86362b8429,104,NTURUKUMA KENYA FIBRE
8f8173d9-2f8d-5636-a693-24d9f79ba651,31,LAIKIPIA,03fa971f-98f1-5e1b-8503-3426fbe6ed50,164,LAIKIPIA EAST,acd48b2d-6457-5c6f-a7b2-5020bd94f0af,821,UMANDE,6dba0aff-731a-57ee-b044-ee91d1ecfd36,84,NYARIGINU PRIMARY SCHOOL
8f8173d9-2f8d-5636-a693-24d9f79ba651,31,LAIKIPIA,03fa971f-98f1-5e1b-8503-3426fbe6ed50,164,LAIKIPIA EAST,acd48b2d-6457-5c6f-a7b2-5020bd94f0af,821,UMANDE,71af5e29-cd66-513d-8241-499f05f851d5,85,MURUNGAI PRIMARY SCHOOL
8f8173d9-2f8d-5636-a693-24d9f79ba651,31,LAIKIPIA,03fa971f-98f1-5e1b-8503-3426fbe6ed50,164,LAIKIPIA EAST,acd48b2d-6457-5c6f-a7b2-5020bd94f0af,821,UMANDE,59ce167b-77fe-5120-b611-e4974ee6236b,86,KALALU PRIMARY SCHOOL
8f8173d9-2f8d-5636-a693-24d9f79ba651,31,LAIKIPIA,03fa971f-98f1-5e1b-8503-3426fbe6ed50,164,LAIKIPIA EAST,acd48b2d-6457-5c6f-a7b2-5020bd94f0af,821,UMANDE,7d115e34-83db-54c1-9009-bf9a9eaba09e,87,KALALU SECONDARY SCHOOL
8f8173d9-2f8d-5636-a693-24d9f79ba651,31,LAIKIPIA,03fa971f-98f1-5e1b-8503-3426fbe6ed50,164,LAIKIPIA EAST,acd48b2d-6457-5c6f-a7b2-5020bd94f0af,821,UMANDE,dc779c5b-3792-5ac9-849f-e9ae28050799,88,NDEMU PRIMARY SCHOOL
8f8173d9-2f8d-5636-a693-24d9f79ba651,31,LAIKIPIA,03fa971f-98f1-5e1b-8503-3426fbe6ed50,164,LAIKIPIA EAST,acd48b2d-6457-5c6f-a7b2-5020bd94f0af,821,UMANDE,3b41bdff-85c5-56df-8c5b-7ea489344573,89,MUGUMO PRIMARY SCHOOL
8f8173d9-2f8d-5636-a693-24d9f79ba651,31,LAIKIPIA,03fa971f-98f1-5e1b-8503-3426fbe6ed50,164,LAIKIPIA EAST,acd48b2d-6457-5c6f-a7b2-5020bd94f0af,821,UMANDE,5c948fcf-eb8c-5627-9588-e61184c78599,90,TETU PRIMARY SCHOOL
8f8173d9-2f8d-5636-a693-24d9f79ba651,31,LAIKIPIA,03fa971f-98f1-5e1b-8503-3426fbe6ed50,164,LAIKIPIA EAST,acd48b2d-6457-5c6f-a7b2-5020bd94f0af,821,UMANDE,f5d68387-c37a-596b-a9b6-1b8c99da16fb,91,BINGWA PRIMARY SCHOOL
8f8173d9-2f8d-5636-a693-24d9f79ba651,31,LAIKIPIA,03fa971f-98f1-5e1b-8503-3426fbe6ed50,164,LAIKIPIA EAST,acd48b2d-6457-5c6f-a7b2-5020bd94f0af,821,UMANDE,36e05aa4-8183-54a3-8590-3fe8643fa030,92,LOLDAIGA FARM HSE
8f8173d9-2f8d-5636-a693-24d9f79ba651,31,LAIKIPIA,03fa971f-98f1-5e1b-8503-3426fbe6ed50,164,LAIKIPIA EAST,acd48b2d-6457-5c6f-a7b2-5020bd94f0af,821,UMANDE,bfbb404c-02e5-5b0f-8d81-e6c7407b334a,93,GAKEU PRIMARY SCHOOL
8f8173d9-2f8d-5636-a693-24d9f79ba651,31,LAIKIPIA,03fa971f-98f1-5e1b-8503-3426fbe6ed50,164,LAIKIPIA EAST,acd48b2d-6457-5c6f-a7b2-5020bd94f0af,821,UMANDE,54311aa0-5ffa-5108-933e-96342880aff5,94,KALALU SOCIAL HALL
8f8173d9-2f8d-5636-a693-24d9f79ba651,31,LAIKIPIA,03fa971f-98f1-5e1b-8503-3426fbe6ed50,164,LAIKIPIA EAST,acd48b2d-6457-5c6f-a7b2-5020bd94f0af,821,UMANDE,8cadfc43-507e-5a83-a5d2-e1fecead05c2,95,UMANDE PRIMARY SCHOOL
8f8173d9-2f8d-5636-a693-24d9f79ba651,31,LAIKIPIA,03fa971f-98f1-5e1b-8503-3426fbe6ed50,164,LAIKIPIA EAST,acd48b2d-6457-5c6f-a7b2-5020bd94f0af,821,UMANDE,71b0fe11-e32b-532e-8f46-5208fba8c731,96,DAIGA PRIMARY SCHOOL
8f8173d9-2f8d-5636-a693-24d9f79ba651,31,LAIKIPIA,20ea5bda-b789-501d-807c-1d137a38ed79,165,LAIKIPIA NORTH,946eef2f-ea4f-56af-bb0a-cdd8e47cd34f,822,SOSIAN,e67fdc1a-94e9-5982-83f9-87021ab642f6,1,RABAL NURSERY SCHOOL
8f8173d9-2f8d-5636-a693-24d9f79ba651,31,LAIKIPIA,20ea5bda-b789-501d-807c-1d137a38ed79,165,LAIKIPIA NORTH,946eef2f-ea4f-56af-bb0a-cdd8e47cd34f,822,SOSIAN,5c45f24b-75ed-513d-b3b1-70a0b0398253,2,MUGIE PRIMARY SCHOOL
8f8173d9-2f8d-5636-a693-24d9f79ba651,31,LAIKIPIA,20ea5bda-b789-501d-807c-1d137a38ed79,165,LAIKIPIA NORTH,946eef2f-ea4f-56af-bb0a-cdd8e47cd34f,822,SOSIAN,5a0590d9-454a-59cc-a3dc-16dd62bfd794,3,LUONIEK PRIMARY SCHOOL
8f8173d9-2f8d-5636-a693-24d9f79ba651,31,LAIKIPIA,20ea5bda-b789-501d-807c-1d137a38ed79,165,LAIKIPIA NORTH,946eef2f-ea4f-56af-bb0a-cdd8e47cd34f,822,SOSIAN,f2e07bc9-65be-5a83-bfc9-99f6ab20852e,4,MAGADI PRIMARYY SCHOOL
8f8173d9-2f8d-5636-a693-24d9f79ba651,31,LAIKIPIA,20ea5bda-b789-501d-807c-1d137a38ed79,165,LAIKIPIA NORTH,946eef2f-ea4f-56af-bb0a-cdd8e47cd34f,822,SOSIAN,75320ce0-bc43-5e26-8b79-100df4979251,5,POSTA A.P. POST
8f8173d9-2f8d-5636-a693-24d9f79ba651,31,LAIKIPIA,20ea5bda-b789-501d-807c-1d137a38ed79,165,LAIKIPIA NORTH,946eef2f-ea4f-56af-bb0a-cdd8e47cd34f,822,SOSIAN,f325036f-76ef-5557-9e15-7021abbfb114,6,NDUNYU PRIMARY SCHOOL
8f8173d9-2f8d-5636-a693-24d9f79ba651,31,LAIKIPIA,20ea5bda-b789-501d-807c-1d137a38ed79,165,LAIKIPIA NORTH,946eef2f-ea4f-56af-bb0a-cdd8e47cd34f,822,SOSIAN,107144ad-7f7e-52be-a418-9855558d8aaf,7,MBOMBO PRIMARYSCHOOL
8f8173d9-2f8d-5636-a693-24d9f79ba651,31,LAIKIPIA,20ea5bda-b789-501d-807c-1d137a38ed79,165,LAIKIPIA NORTH,946eef2f-ea4f-56af-bb0a-cdd8e47cd34f,822,SOSIAN,f33e6513-4c2e-5119-adfe-b68ecc86e92d,8,COLCHECCIO FARM HOUSE
8f8173d9-2f8d-5636-a693-24d9f79ba651,31,LAIKIPIA,20ea5bda-b789-501d-807c-1d137a38ed79,165,LAIKIPIA NORTH,946eef2f-ea4f-56af-bb0a-cdd8e47cd34f,822,SOSIAN,5680c052-4149-5288-9852-ddd840d03a92,9,KIRIMON LMD OFFICE
8f8173d9-2f8d-5636-a693-24d9f79ba651,31,LAIKIPIA,20ea5bda-b789-501d-807c-1d137a38ed79,165,LAIKIPIA NORTH,946eef2f-ea4f-56af-bb0a-cdd8e47cd34f,822,SOSIAN,51612351-0ab9-5b86-9ee5-9bfb8486db5d,10,MORINJO NURSERY SCHOOL
8f8173d9-2f8d-5636-a693-24d9f79ba651,31,LAIKIPIA,20ea5bda-b789-501d-807c-1d137a38ed79,165,LAIKIPIA NORTH,946eef2f-ea4f-56af-bb0a-cdd8e47cd34f,822,SOSIAN,f695cd97-0fc3-54ec-9f04-41e742cf7784,11,OLMAISOR PRIMARYSCHOOL
8f8173d9-2f8d-5636-a693-24d9f79ba651,31,LAIKIPIA,20ea5bda-b789-501d-807c-1d137a38ed79,165,LAIKIPIA NORTH,946eef2f-ea4f-56af-bb0a-cdd8e47cd34f,822,SOSIAN,ce38e6c5-0e5d-590a-b869-e39bccacb899,12,TINGAMARA A.P. POST
8f8173d9-2f8d-5636-a693-24d9f79ba651,31,LAIKIPIA,20ea5bda-b789-501d-807c-1d137a38ed79,165,LAIKIPIA NORTH,946eef2f-ea4f-56af-bb0a-cdd8e47cd34f,822,SOSIAN,ddc575aa-91bf-551d-a4ae-bf7c2fdb02cf,13,MATHANJI PRIMARY SCHOOL
8f8173d9-2f8d-5636-a693-24d9f79ba651,31,LAIKIPIA,20ea5bda-b789-501d-807c-1d137a38ed79,165,LAIKIPIA NORTH,946eef2f-ea4f-56af-bb0a-cdd8e47cd34f,822,SOSIAN,822a9d97-d4ff-5092-9792-5c151676b78d,14,NGAREMARE PRIMARY SCHOOL
8f8173d9-2f8d-5636-a693-24d9f79ba651,31,LAIKIPIA,20ea5bda-b789-501d-807c-1d137a38ed79,165,LAIKIPIA NORTH,946eef2f-ea4f-56af-bb0a-cdd8e47cd34f,822,SOSIAN,89140c66-ab51-5ad5-b320-cb97821551d9,15,MATHENGE FARM
8f8173d9-2f8d-5636-a693-24d9f79ba651,31,LAIKIPIA,20ea5bda-b789-501d-807c-1d137a38ed79,165,LAIKIPIA NORTH,946eef2f-ea4f-56af-bb0a-cdd8e47cd34f,822,SOSIAN,3dd9f12a-045f-5454-8277-cbea3064f99e,16,NAIBOR AMANI PRIMARY SCHOOL
8f8173d9-2f8d-5636-a693-24d9f79ba651,31,LAIKIPIA,20ea5bda-b789-501d-807c-1d137a38ed79,165,LAIKIPIA NORTH,946eef2f-ea4f-56af-bb0a-cdd8e47cd34f,822,SOSIAN,334cd5ed-e956-573f-bb4a-4f81078e5476,17,ISLAND PRIMARY SCHOOL
8f8173d9-2f8d-5636-a693-24d9f79ba651,31,LAIKIPIA,20ea5bda-b789-501d-807c-1d137a38ed79,165,LAIKIPIA NORTH,946eef2f-ea4f-56af-bb0a-cdd8e47cd34f,822,SOSIAN,f73405d6-9b1c-5093-8e18-b6fadbecf797,18,SURVEY PRIMARY SCHOOL
8f8173d9-2f8d-5636-a693-24d9f79ba651,31,LAIKIPIA,20ea5bda-b789-501d-807c-1d137a38ed79,165,LAIKIPIA NORTH,946eef2f-ea4f-56af-bb0a-cdd8e47cd34f,822,SOSIAN,da343cc0-e240-52dc-8dab-3883e0b65270,19,NAROK PRIMARY SCHOOL
8f8173d9-2f8d-5636-a693-24d9f79ba651,31,LAIKIPIA,20ea5bda-b789-501d-807c-1d137a38ed79,165,LAIKIPIA NORTH,946eef2f-ea4f-56af-bb0a-cdd8e47cd34f,822,SOSIAN,17d682a6-648c-5996-9358-df4c7fcf2b56,20,NAKWANG NURSERY. SCHOOL
8f8173d9-2f8d-5636-a693-24d9f79ba651,31,LAIKIPIA,20ea5bda-b789-501d-807c-1d137a38ed79,165,LAIKIPIA NORTH,946eef2f-ea4f-56af-bb0a-cdd8e47cd34f,822,SOSIAN,b6b6c613-f275-5a10-b4dd-00a2b90fc2a8,21,MIRANGO PRIMARYOL
8f8173d9-2f8d-5636-a693-24d9f79ba651,31,LAIKIPIA,20ea5bda-b789-501d-807c-1d137a38ed79,165,LAIKIPIA NORTH,946eef2f-ea4f-56af-bb0a-cdd8e47cd34f,822,SOSIAN,8b431554-8bec-56b2-9003-5660b995db09,22,NDONYORIWO PRIMARY SCHOOL
8f8173d9-2f8d-5636-a693-24d9f79ba651,31,LAIKIPIA,20ea5bda-b789-501d-807c-1d137a38ed79,165,LAIKIPIA NORTH,946eef2f-ea4f-56af-bb0a-cdd8e47cd34f,822,SOSIAN,3bf7ede6-2103-53b3-8bd7-3bc230b84a4e,23,SUYIAN RANCH
8f8173d9-2f8d-5636-a693-24d9f79ba651,31,LAIKIPIA,20ea5bda-b789-501d-807c-1d137a38ed79,165,LAIKIPIA NORTH,946eef2f-ea4f-56af-bb0a-cdd8e47cd34f,822,SOSIAN,99ff5681-54bb-5295-8c3e-c9352b4151f2,24,KAHUHO PRIMARY SCHOOL
8f8173d9-2f8d-5636-a693-24d9f79ba651,31,LAIKIPIA,20ea5bda-b789-501d-807c-1d137a38ed79,165,LAIKIPIA NORTH,946eef2f-ea4f-56af-bb0a-cdd8e47cd34f,822,SOSIAN,eb404c12-a4c3-5159-bbdd-5f8313f08385,25,MINJORE PRIMARY SCHOOL
8f8173d9-2f8d-5636-a693-24d9f79ba651,31,LAIKIPIA,20ea5bda-b789-501d-807c-1d137a38ed79,165,LAIKIPIA NORTH,946eef2f-ea4f-56af-bb0a-cdd8e47cd34f,822,SOSIAN,41aec3f3-88bf-5bc0-9aa0-ca56b0df3f54,26,GITHIMA PRIMARY SCHOOL
8f8173d9-2f8d-5636-a693-24d9f79ba651,31,LAIKIPIA,20ea5bda-b789-501d-807c-1d137a38ed79,165,LAIKIPIA NORTH,946eef2f-ea4f-56af-bb0a-cdd8e47cd34f,822,SOSIAN,78d1a1ab-74a5-53be-b456-caee7bfb8768,27,MITHURI PRIMARY SCHOOL
8f8173d9-2f8d-5636-a693-24d9f79ba651,31,LAIKIPIA,20ea5bda-b789-501d-807c-1d137a38ed79,165,LAIKIPIA NORTH,946eef2f-ea4f-56af-bb0a-cdd8e47cd34f,822,SOSIAN,b39995ab-d9f2-5af2-b101-c9bf7c66e024,28,MUTARAKWA PRIMARY SCHOOL
8f8173d9-2f8d-5636-a693-24d9f79ba651,31,LAIKIPIA,20ea5bda-b789-501d-807c-1d137a38ed79,165,LAIKIPIA NORTH,946eef2f-ea4f-56af-bb0a-cdd8e47cd34f,822,SOSIAN,910977a1-e713-5665-b867-0a63ff0aa788,29,OLMUTUNYI PRIMARY SCHOOL
8f8173d9-2f8d-5636-a693-24d9f79ba651,31,LAIKIPIA,20ea5bda-b789-501d-807c-1d137a38ed79,165,LAIKIPIA NORTH,946eef2f-ea4f-56af-bb0a-cdd8e47cd34f,822,SOSIAN,a4d767d7-3298-5b3d-bb8f-7c2d79ef2511,30,MERIGWIT PRIMARY SCHOOL
8f8173d9-2f8d-5636-a693-24d9f79ba651,31,LAIKIPIA,20ea5bda-b789-501d-807c-1d137a38ed79,165,LAIKIPIA NORTH,946eef2f-ea4f-56af-bb0a-cdd8e47cd34f,822,SOSIAN,f001dd13-7d6f-5f03-ba86-6b0461c9080f,31,MARURA NAROK PRIMARY SCHOOL
8f8173d9-2f8d-5636-a693-24d9f79ba651,31,LAIKIPIA,20ea5bda-b789-501d-807c-1d137a38ed79,165,LAIKIPIA NORTH,946eef2f-ea4f-56af-bb0a-cdd8e47cd34f,822,SOSIAN,ee0ad52f-6aa3-5fe1-8ae9-5a262fa344e0,101,KANJUL PRIMARY SCHOOL
8f8173d9-2f8d-5636-a693-24d9f79ba651,31,LAIKIPIA,20ea5bda-b789-501d-807c-1d137a38ed79,165,LAIKIPIA NORTH,946eef2f-ea4f-56af-bb0a-cdd8e47cd34f,822,SOSIAN,5ed0158c-c1a5-507a-a736-ac7641871404,102,DAM MBILI PRIMARY SCHOOL
8f8173d9-2f8d-5636-a693-24d9f79ba651,31,LAIKIPIA,20ea5bda-b789-501d-807c-1d137a38ed79,165,LAIKIPIA NORTH,946eef2f-ea4f-56af-bb0a-cdd8e47cd34f,822,SOSIAN,cfe20ca4-7060-59ce-a35f-39fa7d40e584,103,LERA PRIMARY SCHOOL
8f8173d9-2f8d-5636-a693-24d9f79ba651,31,LAIKIPIA,20ea5bda-b789-501d-807c-1d137a38ed79,165,LAIKIPIA NORTH,946eef2f-ea4f-56af-bb0a-cdd8e47cd34f,822,SOSIAN,5a2cf0b5-7548-5820-9786-7f4927123a39,104,NKIRASHI RIMARY SCOOL
8f8173d9-2f8d-5636-a693-24d9f79ba651,31,LAIKIPIA,20ea5bda-b789-501d-807c-1d137a38ed79,165,LAIKIPIA NORTH,f553093b-66e6-5ce4-ba49-2ce81db35e44,823,SEGERA,8b517d7d-bcd5-51d6-8d94-09edfdc6d5e6,32,OLJOGI PRYIMARY SCHOOL
8f8173d9-2f8d-5636-a693-24d9f79ba651,31,LAIKIPIA,20ea5bda-b789-501d-807c-1d137a38ed79,165,LAIKIPIA NORTH,f553093b-66e6-5ce4-ba49-2ce81db35e44,823,SEGERA,0061f4df-3d6d-521d-a3ba-2e69ec8110d5,33,OLGIRGIR PRIMARY SCHOOL
8f8173d9-2f8d-5636-a693-24d9f79ba651,31,LAIKIPIA,20ea5bda-b789-501d-807c-1d137a38ed79,165,LAIKIPIA NORTH,f553093b-66e6-5ce4-ba49-2ce81db35e44,823,SEGERA,c35d3ae9-f566-5ee1-85d5-fb22bc979841,34,LAILAGWAN PRIMARY SCHOOL
8f8173d9-2f8d-5636-a693-24d9f79ba651,31,LAIKIPIA,20ea5bda-b789-501d-807c-1d137a38ed79,165,LAIKIPIA NORTH,f553093b-66e6-5ce4-ba49-2ce81db35e44,823,SEGERA,c8ad08cb-c53e-5bf3-ba35-dfbe04afebd2,35,MURAMATI PRIMARY SCHOOL
8f8173d9-2f8d-5636-a693-24d9f79ba651,31,LAIKIPIA,20ea5bda-b789-501d-807c-1d137a38ed79,165,LAIKIPIA NORTH,f553093b-66e6-5ce4-ba49-2ce81db35e44,823,SEGERA,c80e5135-d67f-5f7a-9b72-9aade961d74b,36,MUKIMA PRIMARY SCHOOL
8f8173d9-2f8d-5636-a693-24d9f79ba651,31,LAIKIPIA,20ea5bda-b789-501d-807c-1d137a38ed79,165,LAIKIPIA NORTH,f553093b-66e6-5ce4-ba49-2ce81db35e44,823,SEGERA,7a561557-fd79-57e8-9a40-0728504a9320,37,IMPALA FARM HSE
8f8173d9-2f8d-5636-a693-24d9f79ba651,31,LAIKIPIA,20ea5bda-b789-501d-807c-1d137a38ed79,165,LAIKIPIA NORTH,f553093b-66e6-5ce4-ba49-2ce81db35e44,823,SEGERA,f0c64eed-efcc-54e1-8864-5f5aee517f7e,38,MUKENYA FARM HSE
8f8173d9-2f8d-5636-a693-24d9f79ba651,31,LAIKIPIA,20ea5bda-b789-501d-807c-1d137a38ed79,165,LAIKIPIA NORTH,f553093b-66e6-5ce4-ba49-2ce81db35e44,823,SEGERA,602dceaa-80e7-597a-bb69-0a015e83e535,39,KABARAK FARM HSE
8f8173d9-2f8d-5636-a693-24d9f79ba651,31,LAIKIPIA,20ea5bda-b789-501d-807c-1d137a38ed79,165,LAIKIPIA NORTH,f553093b-66e6-5ce4-ba49-2ce81db35e44,823,SEGERA,b37b79e7-e61a-5172-a670-65a3765bf7be,40,UASONYIRO PRIMARY SCHOOL
8f8173d9-2f8d-5636-a693-24d9f79ba651,31,LAIKIPIA,20ea5bda-b789-501d-807c-1d137a38ed79,165,LAIKIPIA NORTH,f553093b-66e6-5ce4-ba49-2ce81db35e44,823,SEGERA,afa60713-f4b8-5061-91ce-61e7fb0f2035,41,NAIBOR PRIMARY SCHOOL
8f8173d9-2f8d-5636-a693-24d9f79ba651,31,LAIKIPIA,20ea5bda-b789-501d-807c-1d137a38ed79,165,LAIKIPIA NORTH,f553093b-66e6-5ce4-ba49-2ce81db35e44,823,SEGERA,12bf98ff-ef6c-5fdb-8a4f-c20168a36aa8,42,ENDANA PRIMARY SCHOOL
8f8173d9-2f8d-5636-a693-24d9f79ba651,31,LAIKIPIA,20ea5bda-b789-501d-807c-1d137a38ed79,165,LAIKIPIA NORTH,f553093b-66e6-5ce4-ba49-2ce81db35e44,823,SEGERA,77107cf9-33df-5704-bf9e-334ecd2cb651,43,ERERI PRIMARY SCHOOL
8f8173d9-2f8d-5636-a693-24d9f79ba651,31,LAIKIPIA,20ea5bda-b789-501d-807c-1d137a38ed79,165,LAIKIPIA NORTH,f553093b-66e6-5ce4-ba49-2ce81db35e44,823,SEGERA,35dcdf0b-8079-5eef-9f64-dc860843e7c2,44,LEKIJI PRIMARY SCHOOL
8f8173d9-2f8d-5636-a693-24d9f79ba651,31,LAIKIPIA,20ea5bda-b789-501d-807c-1d137a38ed79,165,LAIKIPIA NORTH,f553093b-66e6-5ce4-ba49-2ce81db35e44,823,SEGERA,eefb24af-20cb-524a-bf28-f899be219d3c,45,MUTIRITHIA PRIMARY SCHOOL
8f8173d9-2f8d-5636-a693-24d9f79ba651,31,LAIKIPIA,20ea5bda-b789-501d-807c-1d137a38ed79,165,LAIKIPIA NORTH,f553093b-66e6-5ce4-ba49-2ce81db35e44,823,SEGERA,f26de221-92e2-5a0d-b254-3e175d0a3ddb,46,RETETI PRIMARY SCHOOL
8f8173d9-2f8d-5636-a693-24d9f79ba651,31,LAIKIPIA,20ea5bda-b789-501d-807c-1d137a38ed79,165,LAIKIPIA NORTH,f553093b-66e6-5ce4-ba49-2ce81db35e44,823,SEGERA,5ebd4220-62d9-5005-8a04-3b2c330edb25,47,SEGERA MAIN GATE
8f8173d9-2f8d-5636-a693-24d9f79ba651,31,LAIKIPIA,20ea5bda-b789-501d-807c-1d137a38ed79,165,LAIKIPIA NORTH,f553093b-66e6-5ce4-ba49-2ce81db35e44,823,SEGERA,383265d0-bf40-56f7-9a20-7822b91df5ca,48,TINKA NYEUSI NURSERY
8f8173d9-2f8d-5636-a693-24d9f79ba651,31,LAIKIPIA,20ea5bda-b789-501d-807c-1d137a38ed79,165,LAIKIPIA NORTH,f553093b-66e6-5ce4-ba49-2ce81db35e44,823,SEGERA,044fa785-f5d7-56e6-8f5b-a7822687a819,49,IRURA PRIMARY SCHOOL
8f8173d9-2f8d-5636-a693-24d9f79ba651,31,LAIKIPIA,20ea5bda-b789-501d-807c-1d137a38ed79,165,LAIKIPIA NORTH,ffc65ac8-49ef-5b53-922a-801715c34803,824,MUGOGODO WEST,ed95d0cc-3638-52a7-8846-5c747b01bad6,50,EWASO PRIMARY SCHOOL
8f8173d9-2f8d-5636-a693-24d9f79ba651,31,LAIKIPIA,20ea5bda-b789-501d-807c-1d137a38ed79,165,LAIKIPIA NORTH,ffc65ac8-49ef-5b53-922a-801715c34803,824,MUGOGODO WEST,c0ee5efb-d326-5bb1-b275-07e4cf9cb081,51,OLMUNISHOI PRIMARY SCHOOL
8f8173d9-2f8d-5636-a693-24d9f79ba651,31,LAIKIPIA,20ea5bda-b789-501d-807c-1d137a38ed79,165,LAIKIPIA NORTH,ffc65ac8-49ef-5b53-922a-801715c34803,824,MUGOGODO WEST,d7b34d4a-a851-5427-940b-1705d1528002,52,SALT LICK LIVESTOCK CENTRE
8f8173d9-2f8d-5636-a693-24d9f79ba651,31,LAIKIPIA,20ea5bda-b789-501d-807c-1d137a38ed79,165,LAIKIPIA NORTH,ffc65ac8-49ef-5b53-922a-801715c34803,824,MUGOGODO WEST,8e81a7cb-e88b-5424-b45b-12f471ecf52d,53,NAIPERERE PRIMARY SCHOOL
8f8173d9-2f8d-5636-a693-24d9f79ba651,31,LAIKIPIA,20ea5bda-b789-501d-807c-1d137a38ed79,165,LAIKIPIA NORTH,ffc65ac8-49ef-5b53-922a-801715c34803,824,MUGOGODO WEST,11a066fd-c3c1-51c2-9fb7-8c12edb40bb6,54,ILMOTIOK PRIMARY SCHOOL
8f8173d9-2f8d-5636-a693-24d9f79ba651,31,LAIKIPIA,20ea5bda-b789-501d-807c-1d137a38ed79,165,LAIKIPIA NORTH,ffc65ac8-49ef-5b53-922a-801715c34803,824,MUGOGODO WEST,0c05b950-ce64-5c16-9505-edcac96f3907,55,TURA JUNCTION FIELD
8f8173d9-2f8d-5636-a693-24d9f79ba651,31,LAIKIPIA,20ea5bda-b789-501d-807c-1d137a38ed79,165,LAIKIPIA NORTH,ffc65ac8-49ef-5b53-922a-801715c34803,824,MUGOGODO WEST,fae37fb8-46a0-5400-9c81-ecb5ac2088ec,56,NG'ABOLO PRIMARY SCHOOL
8f8173d9-2f8d-5636-a693-24d9f79ba651,31,LAIKIPIA,20ea5bda-b789-501d-807c-1d137a38ed79,165,LAIKIPIA NORTH,ffc65ac8-49ef-5b53-922a-801715c34803,824,MUGOGODO WEST,b204ea3a-0c11-5fe8-9ac8-9b34bd1da9ba,57,KIMANJO PRIMARY SCHOOL
8f8173d9-2f8d-5636-a693-24d9f79ba651,31,LAIKIPIA,20ea5bda-b789-501d-807c-1d137a38ed79,165,LAIKIPIA NORTH,ffc65ac8-49ef-5b53-922a-801715c34803,824,MUGOGODO WEST,8cc6495d-519a-57fa-9a7e-b826397089dd,58,MUSUL PRIMARY SCHOOL
8f8173d9-2f8d-5636-a693-24d9f79ba651,31,LAIKIPIA,20ea5bda-b789-501d-807c-1d137a38ed79,165,LAIKIPIA NORTH,ffc65ac8-49ef-5b53-922a-801715c34803,824,MUGOGODO WEST,2424ff51-f169-51aa-af41-83dae654e770,59,SOITO OLTASHE NURSERY SCHOOL
8f8173d9-2f8d-5636-a693-24d9f79ba651,31,LAIKIPIA,20ea5bda-b789-501d-807c-1d137a38ed79,165,LAIKIPIA NORTH,ffc65ac8-49ef-5b53-922a-801715c34803,824,MUGOGODO WEST,5706a022-d3af-53bf-8b46-1e37a07363d9,60,PICHA NURSERY SCHOOL
8f8173d9-2f8d-5636-a693-24d9f79ba651,31,LAIKIPIA,20ea5bda-b789-501d-807c-1d137a38ed79,165,LAIKIPIA NORTH,ffc65ac8-49ef-5b53-922a-801715c34803,824,MUGOGODO WEST,6708e6b3-ff9f-514e-a7f7-ade9a5320873,61,ILPOLEI PRIMARY SCHOOL
8f8173d9-2f8d-5636-a693-24d9f79ba651,31,LAIKIPIA,20ea5bda-b789-501d-807c-1d137a38ed79,165,LAIKIPIA NORTH,ffc65ac8-49ef-5b53-922a-801715c34803,824,MUGOGODO WEST,93a15658-4097-568a-a970-de514cd2cd36,62,SARAMBA PRIMARY SCHOOL
8f8173d9-2f8d-5636-a693-24d9f79ba651,31,LAIKIPIA,20ea5bda-b789-501d-807c-1d137a38ed79,165,LAIKIPIA NORTH,ffc65ac8-49ef-5b53-922a-801715c34803,824,MUGOGODO WEST,fab628bf-5bbd-5a38-821d-59e8e9345c6b,63,SEEK PRIMARY SCHOOL
8f8173d9-2f8d-5636-a693-24d9f79ba651,31,LAIKIPIA,20ea5bda-b789-501d-807c-1d137a38ed79,165,LAIKIPIA NORTH,ffc65ac8-49ef-5b53-922a-801715c34803,824,MUGOGODO WEST,9102ef2d-ea45-5993-ad4c-91b08112c17d,64,EMULANGO BAPTIST NURSERY SCHOOL
8f8173d9-2f8d-5636-a693-24d9f79ba651,31,LAIKIPIA,20ea5bda-b789-501d-807c-1d137a38ed79,165,LAIKIPIA NORTH,ffc65ac8-49ef-5b53-922a-801715c34803,824,MUGOGODO WEST,b3337d35-e306-50d8-b733-7af0f4b542b1,65,NOSIRAI TRADING CENTRE
8f8173d9-2f8d-5636-a693-24d9f79ba651,31,LAIKIPIA,20ea5bda-b789-501d-807c-1d137a38ed79,165,LAIKIPIA NORTH,ffc65ac8-49ef-5b53-922a-801715c34803,824,MUGOGODO WEST,81ac3521-67ed-58e5-8cca-f6e4bb8c9ebe,66,TIAMAMUT NURSERY SCHOOL
8f8173d9-2f8d-5636-a693-24d9f79ba651,31,LAIKIPIA,20ea5bda-b789-501d-807c-1d137a38ed79,165,LAIKIPIA NORTH,ffc65ac8-49ef-5b53-922a-801715c34803,824,MUGOGODO WEST,e337edc5-03db-5cac-b9f2-a6bad2816b17,67,TOR NURSERY SCHOOL
8f8173d9-2f8d-5636-a693-24d9f79ba651,31,LAIKIPIA,20ea5bda-b789-501d-807c-1d137a38ed79,165,LAIKIPIA NORTH,ffc65ac8-49ef-5b53-922a-801715c34803,824,MUGOGODO WEST,518716d2-2db2-5ee7-a518-4f3a63acffeb,68,OLOSHAKI NURSERY SCHOOL
8f8173d9-2f8d-5636-a693-24d9f79ba651,31,LAIKIPIA,20ea5bda-b789-501d-807c-1d137a38ed79,165,LAIKIPIA NORTH,ffc65ac8-49ef-5b53-922a-801715c34803,824,MUGOGODO WEST,45a77c02-f085-596b-a9bf-0d24f10490b4,69,SOITOUDO PRIMARY SCHOOL
8f8173d9-2f8d-5636-a693-24d9f79ba651,31,LAIKIPIA,20ea5bda-b789-501d-807c-1d137a38ed79,165,LAIKIPIA NORTH,ffc65ac8-49ef-5b53-922a-801715c34803,824,MUGOGODO WEST,28c34a20-e156-55eb-8a19-24831cb0c270,70,NJURUM NURSERY SCHOOL
8f8173d9-2f8d-5636-a693-24d9f79ba651,31,LAIKIPIA,20ea5bda-b789-501d-807c-1d137a38ed79,165,LAIKIPIA NORTH,ffc65ac8-49ef-5b53-922a-801715c34803,824,MUGOGODO WEST,0142b694-0abb-59f4-8e2c-46d8ba401071,72,KURUM PRIMARY SCHOOL
8f8173d9-2f8d-5636-a693-24d9f79ba651,31,LAIKIPIA,20ea5bda-b789-501d-807c-1d137a38ed79,165,LAIKIPIA NORTH,ffc65ac8-49ef-5b53-922a-801715c34803,824,MUGOGODO WEST,ff0aab79-bf39-5a25-96c0-6a3bddba6728,105,NGIRIRIT PRIMARY SCHOOL
8f8173d9-2f8d-5636-a693-24d9f79ba651,31,LAIKIPIA,20ea5bda-b789-501d-807c-1d137a38ed79,165,LAIKIPIA NORTH,213bb103-7664-512f-95c5-5cca68539106,825,MUGOGODO EAST,028a9a4a-2c8a-5aba-9dc7-19b51cdb2cb2,71,LUKOSERO PRIMARY SCHOOL
8f8173d9-2f8d-5636-a693-24d9f79ba651,31,LAIKIPIA,20ea5bda-b789-501d-807c-1d137a38ed79,165,LAIKIPIA NORTH,213bb103-7664-512f-95c5-5cca68539106,825,MUGOGODO EAST,4f85a097-d073-5063-8181-2fbf328c90f8,73,KIWANJA YA NDEGE PRIMARY SCHOOL
8f8173d9-2f8d-5636-a693-24d9f79ba651,31,LAIKIPIA,20ea5bda-b789-501d-807c-1d137a38ed79,165,LAIKIPIA NORTH,213bb103-7664-512f-95c5-5cca68539106,825,MUGOGODO EAST,f423e859-456e-5b37-be49-dad568acce1c,74,OLKEINYEI PRIMARY SCHOOL
8f8173d9-2f8d-5636-a693-24d9f79ba651,31,LAIKIPIA,20ea5bda-b789-501d-807c-1d137a38ed79,165,LAIKIPIA NORTH,213bb103-7664-512f-95c5-5cca68539106,825,MUGOGODO EAST,c875975c-7303-5d2b-9bca-686360d12cc8,75,LARIAKOROK PRIMARY SCHOOL
8f8173d9-2f8d-5636-a693-24d9f79ba651,31,LAIKIPIA,20ea5bda-b789-501d-807c-1d137a38ed79,165,LAIKIPIA NORTH,213bb103-7664-512f-95c5-5cca68539106,825,MUGOGODO EAST,d054dfd8-dce2-5409-a897-9a644295d491,76,KATONGA NURSERY SCHOOL
8f8173d9-2f8d-5636-a693-24d9f79ba651,31,LAIKIPIA,20ea5bda-b789-501d-807c-1d137a38ed79,165,LAIKIPIA NORTH,213bb103-7664-512f-95c5-5cca68539106,825,MUGOGODO EAST,58183173-b756-5d25-911b-ab3f32fa4337,77,ARJIJO PRIMARY SCHOOL
8f8173d9-2f8d-5636-a693-24d9f79ba651,31,LAIKIPIA,20ea5bda-b789-501d-807c-1d137a38ed79,165,LAIKIPIA NORTH,213bb103-7664-512f-95c5-5cca68539106,825,MUGOGODO EAST,025deeec-9c9d-5dbd-a325-5865efb23145,78,SIEKU PRIMARY SCHOOL
8f8173d9-2f8d-5636-a693-24d9f79ba651,31,LAIKIPIA,20ea5bda-b789-501d-807c-1d137a38ed79,165,LAIKIPIA NORTH,213bb103-7664-512f-95c5-5cca68539106,825,MUGOGODO EAST,345b6b83-292f-510f-9f82-4a355ef2b152,79,KURIKURI PRIMARY SCHOOL
8f8173d9-2f8d-5636-a693-24d9f79ba651,31,LAIKIPIA,20ea5bda-b789-501d-807c-1d137a38ed79,165,LAIKIPIA NORTH,213bb103-7664-512f-95c5-5cca68539106,825,MUGOGODO EAST,1f78d902-2a86-5535-b89e-05c854a88990,80,DOLDOL PRIMARY SCHOOL
8f8173d9-2f8d-5636-a693-24d9f79ba651,31,LAIKIPIA,20ea5bda-b789-501d-807c-1d137a38ed79,165,LAIKIPIA NORTH,213bb103-7664-512f-95c5-5cca68539106,825,MUGOGODO EAST,eb210f0b-ff07-5805-acae-4b155f559932,81,ILMUKONGO NURSERY SCHOOL
8f8173d9-2f8d-5636-a693-24d9f79ba651,31,LAIKIPIA,20ea5bda-b789-501d-807c-1d137a38ed79,165,LAIKIPIA NORTH,213bb103-7664-512f-95c5-5cca68539106,825,MUGOGODO EAST,4dab73cd-884c-5635-a91e-5deba1cd214e,82,MURUANA IRUSHA PRIMARY SCHOOL
8f8173d9-2f8d-5636-a693-24d9f79ba651,31,LAIKIPIA,20ea5bda-b789-501d-807c-1d137a38ed79,165,LAIKIPIA NORTH,213bb103-7664-512f-95c5-5cca68539106,825,MUGOGODO EAST,ab83899d-dcd6-5765-812b-0e48b2670d72,83,ILINGWESI BANDAS (CUTURAL)
8f8173d9-2f8d-5636-a693-24d9f79ba651,31,LAIKIPIA,20ea5bda-b789-501d-807c-1d137a38ed79,165,LAIKIPIA NORTH,213bb103-7664-512f-95c5-5cca68539106,825,MUGOGODO EAST,bd03e67b-0c48-58f2-82bc-d0303c751055,84,NANDUNGORU NURSERY SCHOOL
8f8173d9-2f8d-5636-a693-24d9f79ba651,31,LAIKIPIA,20ea5bda-b789-501d-807c-1d137a38ed79,165,LAIKIPIA NORTH,213bb103-7664-512f-95c5-5cca68539106,825,MUGOGODO EAST,8c76cd6f-a155-56b1-b355-9cdc63e14712,85,CHUMVI PRIMARY SCHOOL
8f8173d9-2f8d-5636-a693-24d9f79ba651,31,LAIKIPIA,20ea5bda-b789-501d-807c-1d137a38ed79,165,LAIKIPIA NORTH,213bb103-7664-512f-95c5-5cca68539106,825,MUGOGODO EAST,03b46e96-63ad-522c-ac6b-5ac856bf69f2,86,ETHI PRIMARY SCHOOL
8f8173d9-2f8d-5636-a693-24d9f79ba651,31,LAIKIPIA,20ea5bda-b789-501d-807c-1d137a38ed79,165,LAIKIPIA NORTH,213bb103-7664-512f-95c5-5cca68539106,825,MUGOGODO EAST,bc8bf792-1939-513d-b598-6803982cc4db,87,NGENIA PRIMARY SCHOOL
8f8173d9-2f8d-5636-a693-24d9f79ba651,31,LAIKIPIA,20ea5bda-b789-501d-807c-1d137a38ed79,165,LAIKIPIA NORTH,213bb103-7664-512f-95c5-5cca68539106,825,MUGOGODO EAST,6c876a78-a2b9-56d8-8ad4-d48771ecf43c,88,NGENIA SECONDARY SCHOOL
8f8173d9-2f8d-5636-a693-24d9f79ba651,31,LAIKIPIA,20ea5bda-b789-501d-807c-1d137a38ed79,165,LAIKIPIA NORTH,213bb103-7664-512f-95c5-5cca68539106,825,MUGOGODO EAST,5984457a-eac5-5558-8ed6-c9c5b1eeb042,89,BOKISH NURSERY SCHOOL
8f8173d9-2f8d-5636-a693-24d9f79ba651,31,LAIKIPIA,20ea5bda-b789-501d-807c-1d137a38ed79,165,LAIKIPIA NORTH,213bb103-7664-512f-95c5-5cca68539106,825,MUGOGODO EAST,be9c08e9-2fb9-57a1-9829-c18fa69de172,90,SEEK MOBILE
8f8173d9-2f8d-5636-a693-24d9f79ba651,31,LAIKIPIA,20ea5bda-b789-501d-807c-1d137a38ed79,165,LAIKIPIA NORTH,213bb103-7664-512f-95c5-5cca68539106,825,MUGOGODO EAST,f08a9f4c-b9ae-5c64-9e7a-08e131778757,91,KAIRIGIRE PRIMARY SCHOOL
8f8173d9-2f8d-5636-a693-24d9f79ba651,31,LAIKIPIA,20ea5bda-b789-501d-807c-1d137a38ed79,165,LAIKIPIA NORTH,213bb103-7664-512f-95c5-5cca68539106,825,MUGOGODO EAST,a69d43d1-9846-5f43-b9b6-fda7440bbeb4,92,KANTANA NURSERY SCHOOL
8f8173d9-2f8d-5636-a693-24d9f79ba651,31,LAIKIPIA,20ea5bda-b789-501d-807c-1d137a38ed79,165,LAIKIPIA NORTH,213bb103-7664-512f-95c5-5cca68539106,825,MUGOGODO EAST,ae06701e-757d-57a4-8e67-4f6a989021e5,93,TASIA MOBILE
8f8173d9-2f8d-5636-a693-24d9f79ba651,31,LAIKIPIA,20ea5bda-b789-501d-807c-1d137a38ed79,165,LAIKIPIA NORTH,213bb103-7664-512f-95c5-5cca68539106,825,MUGOGODO EAST,053d61d1-7d81-57db-8bf7-1f5e74a8683e,94,MELAU NAYEU PRIMARY SCHOOL
8f8173d9-2f8d-5636-a693-24d9f79ba651,31,LAIKIPIA,20ea5bda-b789-501d-807c-1d137a38ed79,165,LAIKIPIA NORTH,213bb103-7664-512f-95c5-5cca68539106,825,MUGOGODO EAST,d9c4e51b-ddb2-566a-addd-1ebb47dcabc0,95,SIRIMON PRIMARY SCHOOL
8f8173d9-2f8d-5636-a693-24d9f79ba651,31,LAIKIPIA,20ea5bda-b789-501d-807c-1d137a38ed79,165,LAIKIPIA NORTH,213bb103-7664-512f-95c5-5cca68539106,825,MUGOGODO EAST,15326e56-ce90-5ace-a9d2-d1c84f5aa614,96,MIAMOJA PRIMARY SCHOOL
8f8173d9-2f8d-5636-a693-24d9f79ba651,31,LAIKIPIA,20ea5bda-b789-501d-807c-1d137a38ed79,165,LAIKIPIA NORTH,213bb103-7664-512f-95c5-5cca68539106,825,MUGOGODO EAST,5f35397a-cd85-5acf-b7cf-3a4c4a6c37ac,97,ENAIKISHOMI PRIMARY SCHOOL
8f8173d9-2f8d-5636-a693-24d9f79ba651,31,LAIKIPIA,20ea5bda-b789-501d-807c-1d137a38ed79,165,LAIKIPIA NORTH,213bb103-7664-512f-95c5-5cca68539106,825,MUGOGODO EAST,30c4045d-3dc1-5d40-a798-90fb2ef16dfc,98,KIIBO FARM
8f8173d9-2f8d-5636-a693-24d9f79ba651,31,LAIKIPIA,20ea5bda-b789-501d-807c-1d137a38ed79,165,LAIKIPIA NORTH,213bb103-7664-512f-95c5-5cca68539106,825,MUGOGODO EAST,23c04050-17dc-5015-9b96-2bc877d70334,99,SIOR MOBILE
8f8173d9-2f8d-5636-a693-24d9f79ba651,31,LAIKIPIA,20ea5bda-b789-501d-807c-1d137a38ed79,165,LAIKIPIA NORTH,213bb103-7664-512f-95c5-5cca68539106,825,MUGOGODO EAST,faef1b0f-689c-557c-9950-21f94064f4a5,100,ROTASHA PRIMARY SCHOOL
