e4d80b30-151e-51b5-9f4f-18a3b82718e6,9,MANDERA,afcfbf92-a3e0-53cd-81ed-f758a4879007,39,MANDERA WEST,e4a48552-7490-53f5-9b62-e2dc9317d612,191,TAKABA SOUTH,5be8c383-5cb0-58eb-bc64-240582a35f95,1,DIDKURO PRIMARY SCHOOL
e4d80b30-151e-51b5-9f4f-18a3b82718e6,9,MANDERA,afcfbf92-a3e0-53cd-81ed-f758a4879007,39,MANDERA WEST,e4a48552-7490-53f5-9b62-e2dc9317d612,191,TAKABA SOUTH,3f223f35-6646-5234-a25c-fcff4312ba1e,2,DUDUBLE PRIMARY SCHOOL
e4d80b30-151e-51b5-9f4f-18a3b82718e6,9,MANDERA,afcfbf92-a3e0-53cd-81ed-f758a4879007,39,MANDERA WEST,e4a48552-7490-53f5-9b62-e2dc9317d612,191,TAKABA SOUTH,b14236ed-9367-58b6-ae14-6156b61d0b28,3,WANGAI DAHAN PRIMARY SCHOOL
e4d80b30-151e-51b5-9f4f-18a3b82718e6,9,MANDERA,afcfbf92-a3e0-53cd-81ed-f758a4879007,39,MANDERA WEST,e4a48552-7490-53f5-9b62-e2dc9317d612,191,TAKABA SOUTH,1579ca5d-553e-571b-8a71-3eda713d898f,4,SUKELA QULI PRIMARY SCHOOL
e4d80b30-151e-51b5-9f4f-18a3b82718e6,9,MANDERA,afcfbf92-a3e0-53cd-81ed-f758a4879007,39,MANDERA WEST,e4a48552-7490-53f5-9b62-e2dc9317d612,191,TAKABA SOUTH,e464c691-17e8-5766-ab28-d788c5590a4f,5,KOTKOTO PRIMARY SCHOOL
e4d80b30-151e-51b5-9f4f-18a3b82718e6,9,MANDERA,afcfbf92-a3e0-53cd-81ed-f758a4879007,39,MANDERA WEST,e4a48552-7490-53f5-9b62-e2dc9317d612,191,TAKABA SOUTH,e571e9ca-500d-5213-875b-6ef5664a66c1,6,BOLOWLE PRIMARY SCHOOL
e4d80b30-151e-51b5-9f4f-18a3b82718e6,9,MANDERA,afcfbf92-a3e0-53cd-81ed-f758a4879007,39,MANDERA WEST,e4a48552-7490-53f5-9b62-e2dc9317d612,191,TAKABA SOUTH,019724a6-aa21-536b-a651-92b8332c1929,7,KOBADADI PRIMARY SCHOOL
e4d80b30-151e-51b5-9f4f-18a3b82718e6,9,MANDERA,afcfbf92-a3e0-53cd-81ed-f758a4879007,39,MANDERA WEST,e4a48552-7490-53f5-9b62-e2dc9317d612,191,TAKABA SOUTH,ae0b66a1-bf9e-53b3-aef5-0879b4725d3c,8,KOROBO PRIMARY SCHOOL
e4d80b30-151e-51b5-9f4f-18a3b82718e6,9,MANDERA,afcfbf92-a3e0-53cd-81ed-f758a4879007,39,MANDERA WEST,e4a48552-7490-53f5-9b62-e2dc9317d612,191,TAKABA SOUTH,abd3f48f-3714-502f-be56-f6e17f224a02,36,AMASA PRIMARY SCHOOL
e4d80b30-151e-51b5-9f4f-18a3b82718e6,9,MANDERA,afcfbf92-a3e0-53cd-81ed-f758a4879007,39,MANDERA WEST,e4a48552-7490-53f5-9b62-e2dc9317d612,191,TAKABA SOUTH,33a185b2-2ea2-52b6-8d27-0750b2bbe74c,37,WAYAM DERA PRIMARY SCHOOL
e4d80b30-151e-51b5-9f4f-18a3b82718e6,9,MANDERA,afcfbf92-a3e0-53cd-81ed-f758a4879007,39,MANDERA WEST,e4a48552-7490-53f5-9b62-e2dc9317d612,191,TAKABA SOUTH,7eb320dd-04fa-52dc-891f-4c1126732ad2,38,ITILALE PRIMARY SCHOOL
e4d80b30-151e-51b5-9f4f-18a3b82718e6,9,MANDERA,afcfbf92-a3e0-53cd-81ed-f758a4879007,39,MANDERA WEST,e4a48552-7490-53f5-9b62-e2dc9317d612,191,TAKABA SOUTH,4ba672be-c99f-5567-8177-e40a214ce7d5,39,GULANI PRIMARY SCHOOL
e4d80b30-151e-51b5-9f4f-18a3b82718e6,9,MANDERA,afcfbf92-a3e0-53cd-81ed-f758a4879007,39,MANDERA WEST,e4a48552-7490-53f5-9b62-e2dc9317d612,191,TAKABA SOUTH,16e3473d-c707-56a3-bac1-c6c8234a9d36,40,MAJIGARAM PRIMARY SCHOOL
e4d80b30-151e-51b5-9f4f-18a3b82718e6,9,MANDERA,afcfbf92-a3e0-53cd-81ed-f758a4879007,39,MANDERA WEST,e4a48552-7490-53f5-9b62-e2dc9317d612,191,TAKABA SOUTH,ef9dc978-40ec-50e5-a608-9639574dbdff,41,AYAN PRIMARY SCHOOL
e4d80b30-151e-51b5-9f4f-18a3b82718e6,9,MANDERA,afcfbf92-a3e0-53cd-81ed-f758a4879007,39,MANDERA WEST,e4a48552-7490-53f5-9b62-e2dc9317d612,191,TAKABA SOUTH,0d0c6218-b4da-578b-959c-f8ea039b816a,42,DUDUBLE EAST CHIEF'S OFFICE
e4d80b30-151e-51b5-9f4f-18a3b82718e6,9,MANDERA,afcfbf92-a3e0-53cd-81ed-f758a4879007,39,MANDERA WEST,92176cbc-e882-5b60-a4e5-1fd6539ca26c,192,TAKABA,709e77df-5fce-5cfc-978d-e34ed64d09f7,9,KUBDISHAN PRIMARY SCHOOL
e4d80b30-151e-51b5-9f4f-18a3b82718e6,9,MANDERA,afcfbf92-a3e0-53cd-81ed-f758a4879007,39,MANDERA WEST,92176cbc-e882-5b60-a4e5-1fd6539ca26c,192,TAKABA,225a8292-e57a-560a-9cac-4a23939b577e,10,ARDA HALO PRIMARY SCHOOL
e4d80b30-151e-51b5-9f4f-18a3b82718e6,9,MANDERA,afcfbf92-a3e0-53cd-81ed-f758a4879007,39,MANDERA WEST,92176cbc-e882-5b60-a4e5-1fd6539ca26c,192,TAKABA,3bf25b37-a056-575d-a1cf-c64fab6fe1ac,11,IYAN ABKULA PRIMARY SCHOOL
e4d80b30-151e-51b5-9f4f-18a3b82718e6,9,MANDERA,afcfbf92-a3e0-53cd-81ed-f758a4879007,39,MANDERA WEST,92176cbc-e882-5b60-a4e5-1fd6539ca26c,192,TAKABA,8ce1c137-1551-569e-b461-aa991e86cc27,12,BACHILE PRIMARY SCHOOL
e4d80b30-151e-51b5-9f4f-18a3b82718e6,9,MANDERA,afcfbf92-a3e0-53cd-81ed-f758a4879007,39,MANDERA WEST,92176cbc-e882-5b60-a4e5-1fd6539ca26c,192,TAKABA,0a3dfe5a-d608-50a0-834d-2af239e02bcd,13,ALLOKOBA PRIMARY SCHOOL
e4d80b30-151e-51b5-9f4f-18a3b82718e6,9,MANDERA,afcfbf92-a3e0-53cd-81ed-f758a4879007,39,MANDERA WEST,92176cbc-e882-5b60-a4e5-1fd6539ca26c,192,TAKABA,6e2d9af2-52e4-5c71-a82b-12c7da5483c7,14,TAKABA PRIMARY SCHOOL
e4d80b30-151e-51b5-9f4f-18a3b82718e6,9,MANDERA,afcfbf92-a3e0-53cd-81ed-f758a4879007,39,MANDERA WEST,92176cbc-e882-5b60-a4e5-1fd6539ca26c,192,TAKABA,2ecf69b1-253f-5aca-95ca-7a18c65663d8,15,ADULT EDUCATION CENTRE
e4d80b30-151e-51b5-9f4f-18a3b82718e6,9,MANDERA,afcfbf92-a3e0-53cd-81ed-f758a4879007,39,MANDERA WEST,92176cbc-e882-5b60-a4e5-1fd6539ca26c,192,TAKABA,4fbe064a-245a-5a1c-9cc7-7406e4b5e217,43,HAJI RASHID PRIMARY SCHOOL
e4d80b30-151e-51b5-9f4f-18a3b82718e6,9,MANDERA,afcfbf92-a3e0-53cd-81ed-f758a4879007,39,MANDERA WEST,92176cbc-e882-5b60-a4e5-1fd6539ca26c,192,TAKABA,447a7259-3da9-51ce-8535-79e42e6501bb,44,ROCKY HILLS PRIMARY SCHOOL
e4d80b30-151e-51b5-9f4f-18a3b82718e6,9,MANDERA,afcfbf92-a3e0-53cd-81ed-f758a4879007,39,MANDERA WEST,92176cbc-e882-5b60-a4e5-1fd6539ca26c,192,TAKABA,31b473b4-212e-59be-baa1-144c0b3f8c76,45,GUBATU PRIMARY SCHOOL
e4d80b30-151e-51b5-9f4f-18a3b82718e6,9,MANDERA,afcfbf92-a3e0-53cd-81ed-f758a4879007,39,MANDERA WEST,92176cbc-e882-5b60-a4e5-1fd6539ca26c,192,TAKABA,a770e164-d040-52cc-b5a6-5453f5b87a24,46,TAKABA BOYS SECONDARY SCHOOL
e4d80b30-151e-51b5-9f4f-18a3b82718e6,9,MANDERA,afcfbf92-a3e0-53cd-81ed-f758a4879007,39,MANDERA WEST,92176cbc-e882-5b60-a4e5-1fd6539ca26c,192,TAKABA,fd202cfb-8698-5122-a997-de3c240bd166,47,BAMBA TAKA PRIMARY SCHOOL
e4d80b30-151e-51b5-9f4f-18a3b82718e6,9,MANDERA,afcfbf92-a3e0-53cd-81ed-f758a4879007,39,MANDERA WEST,92176cbc-e882-5b60-a4e5-1fd6539ca26c,192,TAKABA,ef9a293e-ec70-58b9-8e7a-a1d70d13d6b1,48,GAMBELA PRIMARY SCHOOL
e4d80b30-151e-51b5-9f4f-18a3b82718e6,9,MANDERA,afcfbf92-a3e0-53cd-81ed-f758a4879007,39,MANDERA WEST,92176cbc-e882-5b60-a4e5-1fd6539ca26c,192,TAKABA,921b6b00-dd8c-56f4-9980-403253cab4fc,49,HAJI YUSSUF GIRLS SECONDARY SCHOOL
e4d80b30-151e-51b5-9f4f-18a3b82718e6,9,MANDERA,afcfbf92-a3e0-53cd-81ed-f758a4879007,39,MANDERA WEST,0735f522-c76f-58b9-94aa-1ccb8ca0742f,193,LAGSURE,9cc41b18-7e80-5ec2-a29a-136b1c162ebf,16,DARWED PRIMARY SCHOOL
e4d80b30-151e-51b5-9f4f-18a3b82718e6,9,MANDERA,afcfbf92-a3e0-53cd-81ed-f758a4879007,39,MANDERA WEST,0735f522-c76f-58b9-94aa-1ccb8ca0742f,193,LAGSURE,fdd6aac1-2a42-5eef-bb42-da346519f91c,17,LAG SURE PRIMARY SCHOOL
e4d80b30-151e-51b5-9f4f-18a3b82718e6,9,MANDERA,afcfbf92-a3e0-53cd-81ed-f758a4879007,39,MANDERA WEST,0735f522-c76f-58b9-94aa-1ccb8ca0742f,193,LAGSURE,9aa4129c-8857-501e-bbd0-a4b8b3c802c8,18,AWACHOSAMBUR PRIMARY SCHOOL
e4d80b30-151e-51b5-9f4f-18a3b82718e6,9,MANDERA,afcfbf92-a3e0-53cd-81ed-f758a4879007,39,MANDERA WEST,0735f522-c76f-58b9-94aa-1ccb8ca0742f,193,LAGSURE,8d44185a-9a46-559d-8dbb-8630f188ea98,19,GUTOLE PRIMARY SCHOOL
e4d80b30-151e-51b5-9f4f-18a3b82718e6,9,MANDERA,afcfbf92-a3e0-53cd-81ed-f758a4879007,39,MANDERA WEST,0735f522-c76f-58b9-94aa-1ccb8ca0742f,193,LAGSURE,ec3fd6ab-de0e-57b7-8151-20f731910027,50,MIRDAKAR PRIMARY SCHOOL
e4d80b30-151e-51b5-9f4f-18a3b82718e6,9,MANDERA,afcfbf92-a3e0-53cd-81ed-f758a4879007,39,MANDERA WEST,0735f522-c76f-58b9-94aa-1ccb8ca0742f,193,LAGSURE,9e1478cc-8dc4-5605-881f-855a00186104,51,SUKELA QALQALCHA PRIMARY SCHOOL
e4d80b30-151e-51b5-9f4f-18a3b82718e6,9,MANDERA,afcfbf92-a3e0-53cd-81ed-f758a4879007,39,MANDERA WEST,0735f522-c76f-58b9-94aa-1ccb8ca0742f,193,LAGSURE,b3828f1b-a9a0-502b-9710-6431b3852835,52,QOROBO SAGLAN PRIMARY SCHOOL
e4d80b30-151e-51b5-9f4f-18a3b82718e6,9,MANDERA,afcfbf92-a3e0-53cd-81ed-f758a4879007,39,MANDERA WEST,0735f522-c76f-58b9-94aa-1ccb8ca0742f,193,LAGSURE,b0469f5b-39ea-597b-8f89-a0f55e40c95b,53,OGODE PRIMARY SCHOOL
e4d80b30-151e-51b5-9f4f-18a3b82718e6,9,MANDERA,afcfbf92-a3e0-53cd-81ed-f758a4879007,39,MANDERA WEST,0735f522-c76f-58b9-94aa-1ccb8ca0742f,193,LAGSURE,56af4daf-93e7-50e3-a317-28359aaa2e2e,54,HOOPY PRIMARY SCHOOL
e4d80b30-151e-51b5-9f4f-18a3b82718e6,9,MANDERA,afcfbf92-a3e0-53cd-81ed-f758a4879007,39,MANDERA WEST,6a957e3a-18b5-5f20-bb66-55626cda115a,194,DANDU,4871230e-d9b1-5645-a6a2-16a5a8e9eec5,20,IRESTENO PRIMARY SCHOOL
e4d80b30-151e-51b5-9f4f-18a3b82718e6,9,MANDERA,afcfbf92-a3e0-53cd-81ed-f758a4879007,39,MANDERA WEST,6a957e3a-18b5-5f20-bb66-55626cda115a,194,DANDU,6cb5518e-fb6d-5831-bc20-3b10abfdd10b,21,KUBI HALO PRIMARY SCHOOL
e4d80b30-151e-51b5-9f4f-18a3b82718e6,9,MANDERA,afcfbf92-a3e0-53cd-81ed-f758a4879007,39,MANDERA WEST,6a957e3a-18b5-5f20-bb66-55626cda115a,194,DANDU,395d35e1-687d-5d10-b858-834f113c10e5,22,DANDU PRIMARY SCHOOL
e4d80b30-151e-51b5-9f4f-18a3b82718e6,9,MANDERA,afcfbf92-a3e0-53cd-81ed-f758a4879007,39,MANDERA WEST,6a957e3a-18b5-5f20-bb66-55626cda115a,194,DANDU,81597373-04d7-51f5-a90f-ea5492330782,23,EL DANABA PRIMARY SCHOOL
e4d80b30-151e-51b5-9f4f-18a3b82718e6,9,MANDERA,afcfbf92-a3e0-53cd-81ed-f758a4879007,39,MANDERA WEST,6a957e3a-18b5-5f20-bb66-55626cda115a,194,DANDU,f70f779b-1f72-554a-b782-13022e96e69d,24,ALATI DAM MOBILE
e4d80b30-151e-51b5-9f4f-18a3b82718e6,9,MANDERA,afcfbf92-a3e0-53cd-81ed-f758a4879007,39,MANDERA WEST,6a957e3a-18b5-5f20-bb66-55626cda115a,194,DANDU,724b3be6-2444-50c3-93ad-3029490b4135,25,AWACHOSAQIRA DAM MOBILE
e4d80b30-151e-51b5-9f4f-18a3b82718e6,9,MANDERA,afcfbf92-a3e0-53cd-81ed-f758a4879007,39,MANDERA WEST,6a957e3a-18b5-5f20-bb66-55626cda115a,194,DANDU,7397c19f-b5b5-5040-9e8d-e02c1148cb42,26,KARSA HAMA RPIMARY SCHOOL
e4d80b30-151e-51b5-9f4f-18a3b82718e6,9,MANDERA,afcfbf92-a3e0-53cd-81ed-f758a4879007,39,MANDERA WEST,6a957e3a-18b5-5f20-bb66-55626cda115a,194,DANDU,94a14343-7065-5020-b54c-56561893db0b,27,DIDKOBA PRIMARY SCHOOL
e4d80b30-151e-51b5-9f4f-18a3b82718e6,9,MANDERA,afcfbf92-a3e0-53cd-81ed-f758a4879007,39,MANDERA WEST,6a957e3a-18b5-5f20-bb66-55626cda115a,194,DANDU,fad2eeed-8629-5715-aa63-808b52f18441,55,DADABO PRIMARY SCHOOL
e4d80b30-151e-51b5-9f4f-18a3b82718e6,9,MANDERA,afcfbf92-a3e0-53cd-81ed-f758a4879007,39,MANDERA WEST,6a957e3a-18b5-5f20-bb66-55626cda115a,194,DANDU,15ebee49-2cad-5e6d-a5f9-b1de22f45b42,56,HADA PRIMARY SCHOOL
e4d80b30-151e-51b5-9f4f-18a3b82718e6,9,MANDERA,afcfbf92-a3e0-53cd-81ed-f758a4879007,39,MANDERA WEST,6a957e3a-18b5-5f20-bb66-55626cda115a,194,DANDU,085e933c-736d-58f9-b447-93319da21d18,57,HARBUYO PRIMARY SCHOOL
e4d80b30-151e-51b5-9f4f-18a3b82718e6,9,MANDERA,afcfbf92-a3e0-53cd-81ed-f758a4879007,39,MANDERA WEST,6a957e3a-18b5-5f20-bb66-55626cda115a,194,DANDU,63570ac9-2561-5f33-aa7e-f670dd2e6f14,58,MASHO PRIMARY SCHOOL
e4d80b30-151e-51b5-9f4f-18a3b82718e6,9,MANDERA,afcfbf92-a3e0-53cd-81ed-f758a4879007,39,MANDERA WEST,6a957e3a-18b5-5f20-bb66-55626cda115a,194,DANDU,57a1b926-8a0a-50b2-b604-023d56667d7d,59,ARGESA PRIMARY SCHOOL
e4d80b30-151e-51b5-9f4f-18a3b82718e6,9,MANDERA,afcfbf92-a3e0-53cd-81ed-f758a4879007,39,MANDERA WEST,6a957e3a-18b5-5f20-bb66-55626cda115a,194,DANDU,4c3ed6a2-b277-5e7c-83e0-dabb38d476e4,60,HABARKATU PRIMARY SCHOOL
e4d80b30-151e-51b5-9f4f-18a3b82718e6,9,MANDERA,afcfbf92-a3e0-53cd-81ed-f758a4879007,39,MANDERA WEST,6a957e3a-18b5-5f20-bb66-55626cda115a,194,DANDU,a18da152-8c03-5fa4-be5b-77740d20edbe,61,ABKOTE PRIMARY SCHOOL
e4d80b30-151e-51b5-9f4f-18a3b82718e6,9,MANDERA,afcfbf92-a3e0-53cd-81ed-f758a4879007,39,MANDERA WEST,6a957e3a-18b5-5f20-bb66-55626cda115a,194,DANDU,cdd6725e-d988-57ee-97ea-f688e89b5b31,62,DIRIB MAFUKO PRIMARY SCHOOL
e4d80b30-151e-51b5-9f4f-18a3b82718e6,9,MANDERA,afcfbf92-a3e0-53cd-81ed-f758a4879007,39,MANDERA WEST,6a957e3a-18b5-5f20-bb66-55626cda115a,194,DANDU,30180c00-53b7-5c52-b1a1-8a89429b4987,63,HADA DIMTU CENTRE
e4d80b30-151e-51b5-9f4f-18a3b82718e6,9,MANDERA,afcfbf92-a3e0-53cd-81ed-f758a4879007,39,MANDERA WEST,6352248a-0eff-530d-98c3-6cc7c3974ce0,195,GITHER,42843cff-9233-5b44-bceb-f8e0413ddc5f,28,GITHER PRIMARY SCHOOL
e4d80b30-151e-51b5-9f4f-18a3b82718e6,9,MANDERA,afcfbf92-a3e0-53cd-81ed-f758a4879007,39,MANDERA WEST,6352248a-0eff-530d-98c3-6cc7c3974ce0,195,GITHER,56706829-0912-5ce2-bbc7-d27bde6dcc50,29,SAKE CENTRE
e4d80b30-151e-51b5-9f4f-18a3b82718e6,9,MANDERA,afcfbf92-a3e0-53cd-81ed-f758a4879007,39,MANDERA WEST,6352248a-0eff-530d-98c3-6cc7c3974ce0,195,GITHER,4651c463-ab83-5626-a8e0-b172d88b984e,30,BURDURAS PRIMARY SCHOOL
e4d80b30-151e-51b5-9f4f-18a3b82718e6,9,MANDERA,afcfbf92-a3e0-53cd-81ed-f758a4879007,39,MANDERA WEST,6352248a-0eff-530d-98c3-6cc7c3974ce0,195,GITHER,dd514bca-dfbb-5c50-8392-53e801bf6efd,31,KARSA DIMA MOBILE
e4d80b30-151e-51b5-9f4f-18a3b82718e6,9,MANDERA,afcfbf92-a3e0-53cd-81ed-f758a4879007,39,MANDERA WEST,6352248a-0eff-530d-98c3-6cc7c3974ce0,195,GITHER,6a280675-abde-568f-a6fc-1f2567215c3e,32,SAKE PRIMARY SCHOOL
e4d80b30-151e-51b5-9f4f-18a3b82718e6,9,MANDERA,afcfbf92-a3e0-53cd-81ed-f758a4879007,39,MANDERA WEST,6352248a-0eff-530d-98c3-6cc7c3974ce0,195,GITHER,8f1a89f5-c101-59c5-a0de-6bc6694acfb6,33,GAGABA PRIMARY SCHOOL
e4d80b30-151e-51b5-9f4f-18a3b82718e6,9,MANDERA,afcfbf92-a3e0-53cd-81ed-f758a4879007,39,MANDERA WEST,6352248a-0eff-530d-98c3-6cc7c3974ce0,195,GITHER,55ebd240-d07e-59a9-95aa-a9a2be55436a,34,TESO RAMO PRIMARY SCHOOL
e4d80b30-151e-51b5-9f4f-18a3b82718e6,9,MANDERA,afcfbf92-a3e0-53cd-81ed-f758a4879007,39,MANDERA WEST,6352248a-0eff-530d-98c3-6cc7c3974ce0,195,GITHER,60300b68-98c3-5688-8bd2-7c1ddceaeb2f,35,DOBU PRIMARY SCHOOL
e4d80b30-151e-51b5-9f4f-18a3b82718e6,9,MANDERA,afcfbf92-a3e0-53cd-81ed-f758a4879007,39,MANDERA WEST,6352248a-0eff-530d-98c3-6cc7c3974ce0,195,GITHER,f9b8e54b-b17d-5287-9ad8-8898aaf7668c,64,HARSHILMI PRIMARY SCHOOL
e4d80b30-151e-51b5-9f4f-18a3b82718e6,9,MANDERA,afcfbf92-a3e0-53cd-81ed-f758a4879007,39,MANDERA WEST,6352248a-0eff-530d-98c3-6cc7c3974ce0,195,GITHER,2fb8bf7c-ac8e-52e0-9b62-707c1fe4151e,65,MIDINA PRIMARY SCHOOL
e4d80b30-151e-51b5-9f4f-18a3b82718e6,9,MANDERA,afcfbf92-a3e0-53cd-81ed-f758a4879007,39,MANDERA WEST,6352248a-0eff-530d-98c3-6cc7c3974ce0,195,GITHER,a9b33795-8e96-5cbc-97da-39670ac15cc9,66,MUBARAK INTEGRATED PRIMARY SCHOOL
e4d80b30-151e-51b5-9f4f-18a3b82718e6,9,MANDERA,afcfbf92-a3e0-53cd-81ed-f758a4879007,39,MANDERA WEST,6352248a-0eff-530d-98c3-6cc7c3974ce0,195,GITHER,b685a112-c3ab-5814-9961-578692fc8f12,67,MUKUTANO RPIMARY SCHOOL
e4d80b30-151e-51b5-9f4f-18a3b82718e6,9,MANDERA,afcfbf92-a3e0-53cd-81ed-f758a4879007,39,MANDERA WEST,6352248a-0eff-530d-98c3-6cc7c3974ce0,195,GITHER,d7aacb50-6169-5054-b643-02f8ccbd3355,68,GOBO GALA PRIMARY SCHOOL
e4d80b30-151e-51b5-9f4f-18a3b82718e6,9,MANDERA,afcfbf92-a3e0-53cd-81ed-f758a4879007,39,MANDERA WEST,6352248a-0eff-530d-98c3-6cc7c3974ce0,195,GITHER,c8662245-5e35-5b12-8ebd-e530dd74c48e,69,KALAF PRIMARY SCHOOL
e4d80b30-151e-51b5-9f4f-18a3b82718e6,9,MANDERA,afcfbf92-a3e0-53cd-81ed-f758a4879007,39,MANDERA WEST,6352248a-0eff-530d-98c3-6cc7c3974ce0,195,GITHER,d25526af-7d3c-5048-9c9b-aae1ad7ee055,70,KARSA DIMA PRIMARY SCHOOL
e4d80b30-151e-51b5-9f4f-18a3b82718e6,9,MANDERA,afcfbf92-a3e0-53cd-81ed-f758a4879007,39,MANDERA WEST,6352248a-0eff-530d-98c3-6cc7c3974ce0,195,GITHER,e597a4f5-9ea2-55d7-a8b7-68dcb34d8aae,71,HARDIMTU PRIMARY SCHOOL
e4d80b30-151e-51b5-9f4f-18a3b82718e6,9,MANDERA,afcfbf92-a3e0-53cd-81ed-f758a4879007,39,MANDERA WEST,6352248a-0eff-530d-98c3-6cc7c3974ce0,195,GITHER,6173fd0e-849e-5aef-9432-8cfa092803e2,72,MALABA PRIMARY SCHOOL
e4d80b30-151e-51b5-9f4f-18a3b82718e6,9,MANDERA,afcfbf92-a3e0-53cd-81ed-f758a4879007,39,MANDERA WEST,6352248a-0eff-530d-98c3-6cc7c3974ce0,195,GITHER,43f30af1-8a8f-595b-93dd-fe6341c0072a,73,GESREB PRIMARY SCHOOL
e4d80b30-151e-51b5-9f4f-18a3b82718e6,9,MANDERA,afcfbf92-a3e0-53cd-81ed-f758a4879007,39,MANDERA WEST,6352248a-0eff-530d-98c3-6cc7c3974ce0,195,GITHER,9a8aa463-2340-5337-8216-1912dbd4ccc5,75,KINISA PRIMARY SCHOOL
e4d80b30-151e-51b5-9f4f-18a3b82718e6,9,MANDERA,afcfbf92-a3e0-53cd-81ed-f758a4879007,39,MANDERA WEST,6352248a-0eff-530d-98c3-6cc7c3974ce0,195,GITHER,c6ea9284-29df-564f-a783-d457622a345d,76,SUKELA LOWO PRIMARY SCHOOL
e4d80b30-151e-51b5-9f4f-18a3b82718e6,9,MANDERA,afcfbf92-a3e0-53cd-81ed-f758a4879007,39,MANDERA WEST,6352248a-0eff-530d-98c3-6cc7c3974ce0,195,GITHER,935540f4-c852-50f8-926b-a31e4666abb0,77,DADACH DERA PRIMARY SCHOOL
e4d80b30-151e-51b5-9f4f-18a3b82718e6,9,MANDERA,298af6e3-47fc-5021-a932-729044c7b67e,40,BANISSA,298f1cc1-a344-57b6-9c81-43442910a188,196,BANISSA,ec611c19-18f0-52f2-9e89-5ee9abe125a9,1,LULIS PRIMARY SCHOOL
e4d80b30-151e-51b5-9f4f-18a3b82718e6,9,MANDERA,298af6e3-47fc-5021-a932-729044c7b67e,40,BANISSA,298f1cc1-a344-57b6-9c81-43442910a188,196,BANISSA,84a76abc-a14f-535d-b8b7-30acbe861788,2,OGONDICHO PRIMARY SCHOOL
e4d80b30-151e-51b5-9f4f-18a3b82718e6,9,MANDERA,298af6e3-47fc-5021-a932-729044c7b67e,40,BANISSA,298f1cc1-a344-57b6-9c81-43442910a188,196,BANISSA,50758c06-ce5c-5b9c-9b77-fe564993a6ca,3,BANISA PRIMARY SCHOOL
e4d80b30-151e-51b5-9f4f-18a3b82718e6,9,MANDERA,298af6e3-47fc-5021-a932-729044c7b67e,40,BANISSA,298f1cc1-a344-57b6-9c81-43442910a188,196,BANISSA,f996ab65-8d3d-5d93-b647-b42d81e3d1f7,4,CHIRACHA PRIMARY SCHOOL
e4d80b30-151e-51b5-9f4f-18a3b82718e6,9,MANDERA,298af6e3-47fc-5021-a932-729044c7b67e,40,BANISSA,298f1cc1-a344-57b6-9c81-43442910a188,196,BANISSA,350cc740-9e45-5872-a815-c6ba6855d2bd,5,AWAL YATANE PRIMARY SCHOOL
e4d80b30-151e-51b5-9f4f-18a3b82718e6,9,MANDERA,298af6e3-47fc-5021-a932-729044c7b67e,40,BANISSA,298f1cc1-a344-57b6-9c81-43442910a188,196,BANISSA,d3d1eac9-220f-59a0-bf12-469eb04d60a8,6,ANTRAK PRIMARY SCHOOL
e4d80b30-151e-51b5-9f4f-18a3b82718e6,9,MANDERA,298af6e3-47fc-5021-a932-729044c7b67e,40,BANISSA,298f1cc1-a344-57b6-9c81-43442910a188,196,BANISSA,f0ebb7d7-471c-5229-91c0-04cae1624e20,7,HAJI MOHAMED GIRA PRIMARY SCHOOL
e4d80b30-151e-51b5-9f4f-18a3b82718e6,9,MANDERA,298af6e3-47fc-5021-a932-729044c7b67e,40,BANISSA,298f1cc1-a344-57b6-9c81-43442910a188,196,BANISSA,661dec69-4fbb-5042-b0c9-07efe9933b4d,8,MERILLE PRIMARY SCHOOL
e4d80b30-151e-51b5-9f4f-18a3b82718e6,9,MANDERA,298af6e3-47fc-5021-a932-729044c7b67e,40,BANISSA,298f1cc1-a344-57b6-9c81-43442910a188,196,BANISSA,73272cd7-aa44-598f-bafa-c4dfb7f1797a,39,BANISA VOCATIONAL TECHNIC CENTER
e4d80b30-151e-51b5-9f4f-18a3b82718e6,9,MANDERA,298af6e3-47fc-5021-a932-729044c7b67e,40,BANISSA,298f1cc1-a344-57b6-9c81-43442910a188,196,BANISSA,3acea03b-e758-5577-9f4b-0b3b7dda5064,40,MATAARBA PRIMARY SCHOOL
e4d80b30-151e-51b5-9f4f-18a3b82718e6,9,MANDERA,298af6e3-47fc-5021-a932-729044c7b67e,40,BANISSA,298f1cc1-a344-57b6-9c81-43442910a188,196,BANISSA,ab28001c-d146-5571-a6e8-c6c1b5658b13,41,HARDAWA PRIMARY SCHOOL
e4d80b30-151e-51b5-9f4f-18a3b82718e6,9,MANDERA,298af6e3-47fc-5021-a932-729044c7b67e,40,BANISSA,934b304b-74cf-506d-990a-fdd0304d6eae,197,DERKHALE,4aeaedde-f193-5572-9078-9344a1303f43,9,DERKHALE PRIMARY SCHOOL
e4d80b30-151e-51b5-9f4f-18a3b82718e6,9,MANDERA,298af6e3-47fc-5021-a932-729044c7b67e,40,BANISSA,934b304b-74cf-506d-990a-fdd0304d6eae,197,DERKHALE,8e7ba11f-8d2b-5e4c-b855-d8613af10c83,10,TARAMA PRIMARY SCHOOL
e4d80b30-151e-51b5-9f4f-18a3b82718e6,9,MANDERA,298af6e3-47fc-5021-a932-729044c7b67e,40,BANISSA,934b304b-74cf-506d-990a-fdd0304d6eae,197,DERKHALE,4433dfff-5c33-5ec1-8f0c-cc5969829968,11,GOLJO PRIMARY SCHOOL
e4d80b30-151e-51b5-9f4f-18a3b82718e6,9,MANDERA,298af6e3-47fc-5021-a932-729044c7b67e,40,BANISSA,934b304b-74cf-506d-990a-fdd0304d6eae,197,DERKHALE,58781888-d6ef-5438-8231-efed19c969b9,12,KUKUB PRIMARY SCHOOL
e4d80b30-151e-51b5-9f4f-18a3b82718e6,9,MANDERA,298af6e3-47fc-5021-a932-729044c7b67e,40,BANISSA,934b304b-74cf-506d-990a-fdd0304d6eae,197,DERKHALE,0475b1ef-5b46-53c1-8d21-f91c84c55144,13,BURASHUM PRIMARY SCHOOL
e4d80b30-151e-51b5-9f4f-18a3b82718e6,9,MANDERA,298af6e3-47fc-5021-a932-729044c7b67e,40,BANISSA,934b304b-74cf-506d-990a-fdd0304d6eae,197,DERKHALE,5b587f0c-8e1e-56c9-9141-3dcd6b390a05,14,DIRIBOR PRIMARY SCHOOL
e4d80b30-151e-51b5-9f4f-18a3b82718e6,9,MANDERA,298af6e3-47fc-5021-a932-729044c7b67e,40,BANISSA,934b304b-74cf-506d-990a-fdd0304d6eae,197,DERKHALE,5b71cf44-3288-53b0-8a86-e06e8a93a1d9,42,QOROBO ABEROPRIMARY SCHOOL
e4d80b30-151e-51b5-9f4f-18a3b82718e6,9,MANDERA,298af6e3-47fc-5021-a932-729044c7b67e,40,BANISSA,934b304b-74cf-506d-990a-fdd0304d6eae,197,DERKHALE,7e19d6aa-8618-5d0d-915c-fb52a6171c27,43,QOROBOSHABA PRIMARY SCHOOL
e4d80b30-151e-51b5-9f4f-18a3b82718e6,9,MANDERA,298af6e3-47fc-5021-a932-729044c7b67e,40,BANISSA,934b304b-74cf-506d-990a-fdd0304d6eae,197,DERKHALE,9a2ec510-bbf0-598e-8ca9-6971a613f294,44,DAKAR PRIMARY SCHOOL
e4d80b30-151e-51b5-9f4f-18a3b82718e6,9,MANDERA,298af6e3-47fc-5021-a932-729044c7b67e,40,BANISSA,e24a9d6a-0f55-5bb2-9f9b-d73da559e4c5,198,GUBA,0bcf7bae-ad8d-5560-9a55-8a3801fe2986,15,GUBA PRIMARY SCHOOL
e4d80b30-151e-51b5-9f4f-18a3b82718e6,9,MANDERA,298af6e3-47fc-5021-a932-729044c7b67e,40,BANISSA,e24a9d6a-0f55-5bb2-9f9b-d73da559e4c5,198,GUBA,872e5080-070f-5b03-99ea-adac5a723e1d,16,CHIRIQO PRIMARY SCHOOL
e4d80b30-151e-51b5-9f4f-18a3b82718e6,9,MANDERA,298af6e3-47fc-5021-a932-729044c7b67e,40,BANISSA,e24a9d6a-0f55-5bb2-9f9b-d73da559e4c5,198,GUBA,0d5d55a4-9b80-5a6e-b2c9-89d363b619e8,17,QOTQOT DAM PRIMARY SCHOOL
e4d80b30-151e-51b5-9f4f-18a3b82718e6,9,MANDERA,298af6e3-47fc-5021-a932-729044c7b67e,40,BANISSA,e24a9d6a-0f55-5bb2-9f9b-d73da559e4c5,198,GUBA,eaa506f0-eb29-5644-8de0-8d4e2208eb0e,18,MURAT ELOW CENTRE
e4d80b30-151e-51b5-9f4f-18a3b82718e6,9,MANDERA,298af6e3-47fc-5021-a932-729044c7b67e,40,BANISSA,e24a9d6a-0f55-5bb2-9f9b-d73da559e4c5,198,GUBA,0b251a0b-4d74-53fa-a9e5-fb6bd4525718,19,TARBEY PRIMARY SCHOOL
e4d80b30-151e-51b5-9f4f-18a3b82718e6,9,MANDERA,298af6e3-47fc-5021-a932-729044c7b67e,40,BANISSA,e24a9d6a-0f55-5bb2-9f9b-d73da559e4c5,198,GUBA,fcb554c2-a51a-5d84-96b3-56545a44fda0,20,MURITHOW CENTRE
e4d80b30-151e-51b5-9f4f-18a3b82718e6,9,MANDERA,298af6e3-47fc-5021-a932-729044c7b67e,40,BANISSA,e24a9d6a-0f55-5bb2-9f9b-d73da559e4c5,198,GUBA,3f9d8ab0-39e2-5d27-bc31-83fd7e54a58d,21,JIBAL PRIMARY SCHOOL
e4d80b30-151e-51b5-9f4f-18a3b82718e6,9,MANDERA,298af6e3-47fc-5021-a932-729044c7b67e,40,BANISSA,bbc3ab7c-468a-5abd-b265-a41d7a6f8b0e,199,MALKAMARI,4769ace2-5bee-53f1-bfab-015a69c5a8f5,22,HULLOW PRIMARY SCHOOL
e4d80b30-151e-51b5-9f4f-18a3b82718e6,9,MANDERA,298af6e3-47fc-5021-a932-729044c7b67e,40,BANISSA,bbc3ab7c-468a-5abd-b265-a41d7a6f8b0e,199,MALKAMARI,3629c64f-b0f1-56e6-9a86-7e9c353e72e2,23,MALKAMARI PRIMARY SCHOOL
e4d80b30-151e-51b5-9f4f-18a3b82718e6,9,MANDERA,298af6e3-47fc-5021-a932-729044c7b67e,40,BANISSA,bbc3ab7c-468a-5abd-b265-a41d7a6f8b0e,199,MALKAMARI,c6c0b48d-26f7-5239-ad2e-b58b0cbd3d11,24,BISIQ MOBILE
e4d80b30-151e-51b5-9f4f-18a3b82718e6,9,MANDERA,298af6e3-47fc-5021-a932-729044c7b67e,40,BANISSA,bbc3ab7c-468a-5abd-b265-a41d7a6f8b0e,199,MALKAMARI,15c17ac5-f8cb-5c0f-a733-2c30f94a8f8b,25,MALKA RUQA PRIMARY SCHOOL
e4d80b30-151e-51b5-9f4f-18a3b82718e6,9,MANDERA,298af6e3-47fc-5021-a932-729044c7b67e,40,BANISSA,bbc3ab7c-468a-5abd-b265-a41d7a6f8b0e,199,MALKAMARI,941548e1-eb01-53fc-9a63-604fc0d8bfc2,26,RAJAU MOBILE
e4d80b30-151e-51b5-9f4f-18a3b82718e6,9,MANDERA,298af6e3-47fc-5021-a932-729044c7b67e,40,BANISSA,bbc3ab7c-468a-5abd-b265-a41d7a6f8b0e,199,MALKAMARI,b24a272d-ba79-50b6-89ea-6b286a86bbce,27,BOQON SAAR CENTRE
e4d80b30-151e-51b5-9f4f-18a3b82718e6,9,MANDERA,298af6e3-47fc-5021-a932-729044c7b67e,40,BANISSA,bbc3ab7c-468a-5abd-b265-a41d7a6f8b0e,199,MALKAMARI,49cacc0f-8324-5f0c-8fe4-323f399331c1,28,GARAB JIQLE CENTRE
e4d80b30-151e-51b5-9f4f-18a3b82718e6,9,MANDERA,298af6e3-47fc-5021-a932-729044c7b67e,40,BANISSA,bbc3ab7c-468a-5abd-b265-a41d7a6f8b0e,199,MALKAMARI,5b09351b-6acb-5a0e-8ccd-70a8d7a7599a,29,DOMAL PRIMARY SCHOOL
e4d80b30-151e-51b5-9f4f-18a3b82718e6,9,MANDERA,298af6e3-47fc-5021-a932-729044c7b67e,40,BANISSA,bbc3ab7c-468a-5abd-b265-a41d7a6f8b0e,199,MALKAMARI,92d5c253-ec84-51e4-9cae-95c37c55b65b,30,GOR ATHI PRIMARY SCHOOL
e4d80b30-151e-51b5-9f4f-18a3b82718e6,9,MANDERA,298af6e3-47fc-5021-a932-729044c7b67e,40,BANISSA,bbc3ab7c-468a-5abd-b265-a41d7a6f8b0e,199,MALKAMARI,c362c5bc-5a5c-52e2-a014-d3d853a81c15,31,ATA-GARBIJA CENTRE
e4d80b30-151e-51b5-9f4f-18a3b82718e6,9,MANDERA,298af6e3-47fc-5021-a932-729044c7b67e,40,BANISSA,bbc3ab7c-468a-5abd-b265-a41d7a6f8b0e,199,MALKAMARI,775a6c09-7f39-530b-ba9f-a237f10004d5,48,SHOBTOY PRIMARY SCHOOL
e4d80b30-151e-51b5-9f4f-18a3b82718e6,9,MANDERA,298af6e3-47fc-5021-a932-729044c7b67e,40,BANISSA,bbc3ab7c-468a-5abd-b265-a41d7a6f8b0e,199,MALKAMARI,ec59d3ed-34b5-5954-b9a7-857457351fcb,49,FARJAN PRIMARY SCHOOL
e4d80b30-151e-51b5-9f4f-18a3b82718e6,9,MANDERA,298af6e3-47fc-5021-a932-729044c7b67e,40,BANISSA,93fdb869-285d-5d9f-a633-69233f25473d,200,KILIWEHIRI,2a254478-4ead-5210-ad35-c40c36f2f609,32,EYMOLE PRIMARY SCHOOL
e4d80b30-151e-51b5-9f4f-18a3b82718e6,9,MANDERA,298af6e3-47fc-5021-a932-729044c7b67e,40,BANISSA,93fdb869-285d-5d9f-a633-69233f25473d,200,KILIWEHIRI,759ef83b-4520-5569-9947-7d1ee92aa937,33,KILIWEHIRI PRIMARY SCHOOL
e4d80b30-151e-51b5-9f4f-18a3b82718e6,9,MANDERA,298af6e3-47fc-5021-a932-729044c7b67e,40,BANISSA,93fdb869-285d-5d9f-a633-69233f25473d,200,KILIWEHIRI,468a4380-4371-5f40-8821-c7b1a711109d,34,AMEYI PRIMARY SCHOOL
e4d80b30-151e-51b5-9f4f-18a3b82718e6,9,MANDERA,298af6e3-47fc-5021-a932-729044c7b67e,40,BANISSA,93fdb869-285d-5d9f-a633-69233f25473d,200,KILIWEHIRI,987fa70a-2c2a-5093-a1b7-b8664d30a97f,35,BIRKAN PRIMARY SCHOOL
e4d80b30-151e-51b5-9f4f-18a3b82718e6,9,MANDERA,298af6e3-47fc-5021-a932-729044c7b67e,40,BANISSA,93fdb869-285d-5d9f-a633-69233f25473d,200,KILIWEHIRI,90498b8a-47e8-5afe-87e9-cb133b39195a,36,UMUR PRIMARY SCHOOL
e4d80b30-151e-51b5-9f4f-18a3b82718e6,9,MANDERA,298af6e3-47fc-5021-a932-729044c7b67e,40,BANISSA,93fdb869-285d-5d9f-a633-69233f25473d,200,KILIWEHIRI,b86b754c-8bed-5868-b088-19601891eb1d,37,DAKA BOR PRIMARY SCHOOL
e4d80b30-151e-51b5-9f4f-18a3b82718e6,9,MANDERA,298af6e3-47fc-5021-a932-729044c7b67e,40,BANISSA,93fdb869-285d-5d9f-a633-69233f25473d,200,KILIWEHIRI,a826eb27-e005-5840-9b86-be37f082a67c,38,FUNAN TESO PRIMARY SCHOOL
e4d80b30-151e-51b5-9f4f-18a3b82718e6,9,MANDERA,298af6e3-47fc-5021-a932-729044c7b67e,40,BANISSA,93fdb869-285d-5d9f-a633-69233f25473d,200,KILIWEHIRI,eaf45060-d3c5-519a-a514-12d179531c28,45,CHABI PRIMARY SCHOOL
e4d80b30-151e-51b5-9f4f-18a3b82718e6,9,MANDERA,298af6e3-47fc-5021-a932-729044c7b67e,40,BANISSA,93fdb869-285d-5d9f-a633-69233f25473d,200,KILIWEHIRI,0a1db566-9d29-5b6e-bdb4-abbce65c3374,50,ARDAGARSE PRIMARY SCHOOL
e4d80b30-151e-51b5-9f4f-18a3b82718e6,9,MANDERA,298af6e3-47fc-5021-a932-729044c7b67e,40,BANISSA,93fdb869-285d-5d9f-a633-69233f25473d,200,KILIWEHIRI,cff5db6e-45a0-53ef-8f54-78733c1c2c60,51,KHOTKHOT PRIMARY SCHOOL
e4d80b30-151e-51b5-9f4f-18a3b82718e6,9,MANDERA,298af6e3-47fc-5021-a932-729044c7b67e,40,BANISSA,93fdb869-285d-5d9f-a633-69233f25473d,200,KILIWEHIRI,691fee30-7e1a-5e04-8953-899975d09f02,52,DAMBALAGALE PRIMARY SCHOOL
e4d80b30-151e-51b5-9f4f-18a3b82718e6,9,MANDERA,298af6e3-47fc-5021-a932-729044c7b67e,40,BANISSA,93fdb869-285d-5d9f-a633-69233f25473d,200,KILIWEHIRI,d52692be-9ddf-551b-8ce7-859a4cfe380a,53,ACHINI PRIMARY SCHOOL
e4d80b30-151e-51b5-9f4f-18a3b82718e6,9,MANDERA,298af6e3-47fc-5021-a932-729044c7b67e,40,BANISSA,93fdb869-285d-5d9f-a633-69233f25473d,200,KILIWEHIRI,7952a226-bd6d-5c30-8519-f839653716d6,54,KHORGOWLA PRIMARY SCHOOL
e4d80b30-151e-51b5-9f4f-18a3b82718e6,9,MANDERA,298af6e3-47fc-5021-a932-729044c7b67e,40,BANISSA,93fdb869-285d-5d9f-a633-69233f25473d,200,KILIWEHIRI,26f77591-4162-5405-a62f-3e84d1c5ff21,55,BULAFULAY PRIMARY SCHOOL
e4d80b30-151e-51b5-9f4f-18a3b82718e6,9,MANDERA,298af6e3-47fc-5021-a932-729044c7b67e,40,BANISSA,93fdb869-285d-5d9f-a633-69233f25473d,200,KILIWEHIRI,c6c0fd88-3375-5278-b80a-879c2257bdd8,56,QARARIDERTU PRIMARY SCHOOL
e4d80b30-151e-51b5-9f4f-18a3b82718e6,9,MANDERA,298af6e3-47fc-5021-a932-729044c7b67e,40,BANISSA,93fdb869-285d-5d9f-a633-69233f25473d,200,KILIWEHIRI,2a24aa04-c855-5474-a50a-a0f686a7982c,57,DARKEN GABA PRIMARY SCHOOL
e4d80b30-151e-51b5-9f4f-18a3b82718e6,9,MANDERA,298af6e3-47fc-5021-a932-729044c7b67e,40,BANISSA,93fdb869-285d-5d9f-a633-69233f25473d,200,KILIWEHIRI,57ddf3b0-8f0e-5dbc-b21b-2d5b00f9db62,58,GESREBKI PRIMARY SCHOOL
e4d80b30-151e-51b5-9f4f-18a3b82718e6,9,MANDERA,298af6e3-47fc-5021-a932-729044c7b67e,40,BANISSA,93fdb869-285d-5d9f-a633-69233f25473d,200,KILIWEHIRI,0d2eb724-715f-5614-89e2-64729f75de19,59,SENIOR ABDULLAH GIRL SECONDARY SCHOO
e4d80b30-151e-51b5-9f4f-18a3b82718e6,9,MANDERA,298af6e3-47fc-5021-a932-729044c7b67e,40,BANISSA,93fdb869-285d-5d9f-a633-69233f25473d,200,KILIWEHIRI,34c01c69-5eeb-57c9-99de-8699853562f3,60,URILE PRIMARY SCHOOL
e4d80b30-151e-51b5-9f4f-18a3b82718e6,9,MANDERA,298af6e3-47fc-5021-a932-729044c7b67e,40,BANISSA,93fdb869-285d-5d9f-a633-69233f25473d,200,KILIWEHIRI,da40190b-bb8a-52f9-a7f4-9a6334832db1,61,KHABA GUTO PRIMARY SCHOOL
e4d80b30-151e-51b5-9f4f-18a3b82718e6,9,MANDERA,552a1650-991f-5a99-8295-9f24d888e926,41,MANDERA NORTH,420db271-ab98-52f1-b792-f3cdfe1115fe,201,ASHABITO,15ccd091-bff7-53e3-a863-181501d8f2ae,1,ASHABITO PRIMARY SCHOOL
e4d80b30-151e-51b5-9f4f-18a3b82718e6,9,MANDERA,552a1650-991f-5a99-8295-9f24d888e926,41,MANDERA NORTH,420db271-ab98-52f1-b792-f3cdfe1115fe,201,ASHABITO,06b97b4e-91d4-5283-b5b8-74aa8bc5f438,2,DARA FARMA
e4d80b30-151e-51b5-9f4f-18a3b82718e6,9,MANDERA,552a1650-991f-5a99-8295-9f24d888e926,41,MANDERA NORTH,420db271-ab98-52f1-b792-f3cdfe1115fe,201,ASHABITO,654a4056-1314-56e9-857e-27e4fc8ebd3f,3,LIBI BUL PRIMARY SCHOOL
e4d80b30-151e-51b5-9f4f-18a3b82718e6,9,MANDERA,552a1650-991f-5a99-8295-9f24d888e926,41,MANDERA NORTH,420db271-ab98-52f1-b792-f3cdfe1115fe,201,ASHABITO,69e28338-2924-5748-995f-c21a3fa2afde,4,SIGARE HILLS
e4d80b30-151e-51b5-9f4f-18a3b82718e6,9,MANDERA,552a1650-991f-5a99-8295-9f24d888e926,41,MANDERA NORTH,420db271-ab98-52f1-b792-f3cdfe1115fe,201,ASHABITO,70085ee6-cf6f-59ef-aa02-ef0f3445a308,5,BAMBO WEST
e4d80b30-151e-51b5-9f4f-18a3b82718e6,9,MANDERA,552a1650-991f-5a99-8295-9f24d888e926,41,MANDERA NORTH,420db271-ab98-52f1-b792-f3cdfe1115fe,201,ASHABITO,06260fda-1170-501d-b060-c4b46b2265b0,6,SUKELA TIFNA PRIMARY SCHOOL
e4d80b30-151e-51b5-9f4f-18a3b82718e6,9,MANDERA,552a1650-991f-5a99-8295-9f24d888e926,41,MANDERA NORTH,420db271-ab98-52f1-b792-f3cdfe1115fe,201,ASHABITO,6574b8b3-ff73-5f73-a152-6a818c8e4cbd,7,QURAMATHOW
e4d80b30-151e-51b5-9f4f-18a3b82718e6,9,MANDERA,552a1650-991f-5a99-8295-9f24d888e926,41,MANDERA NORTH,420db271-ab98-52f1-b792-f3cdfe1115fe,201,ASHABITO,7b25fa31-d007-5260-9748-c60671075ebd,8,ARDA ARGASU CENTRE
e4d80b30-151e-51b5-9f4f-18a3b82718e6,9,MANDERA,552a1650-991f-5a99-8295-9f24d888e926,41,MANDERA NORTH,420db271-ab98-52f1-b792-f3cdfe1115fe,201,ASHABITO,42c17195-71b8-5e9f-ac2e-1aae6cb2e118,9,BIRE CENTRE
e4d80b30-151e-51b5-9f4f-18a3b82718e6,9,MANDERA,552a1650-991f-5a99-8295-9f24d888e926,41,MANDERA NORTH,420db271-ab98-52f1-b792-f3cdfe1115fe,201,ASHABITO,1b53acfc-99fa-5e5c-a1bc-9a588714c1c5,10,WARGADUD DAM
e4d80b30-151e-51b5-9f4f-18a3b82718e6,9,MANDERA,552a1650-991f-5a99-8295-9f24d888e926,41,MANDERA NORTH,420db271-ab98-52f1-b792-f3cdfe1115fe,201,ASHABITO,284e7d73-926b-5b4b-a45d-39b245663e8e,11,KUBI HILLS
e4d80b30-151e-51b5-9f4f-18a3b82718e6,9,MANDERA,552a1650-991f-5a99-8295-9f24d888e926,41,MANDERA NORTH,5677824b-f057-5798-ac86-4ce18f6584ca,202,GUTICHA,cdc26a80-9651-53d9-a3e1-b155d86935db,12,OLLA PRIMARY SCHOOL
e4d80b30-151e-51b5-9f4f-18a3b82718e6,9,MANDERA,552a1650-991f-5a99-8295-9f24d888e926,41,MANDERA NORTH,5677824b-f057-5798-ac86-4ce18f6584ca,202,GUTICHA,eb375b36-bbac-5ca2-a2a4-bc96c313ec85,13,KOBAN DAKA
e4d80b30-151e-51b5-9f4f-18a3b82718e6,9,MANDERA,552a1650-991f-5a99-8295-9f24d888e926,41,MANDERA NORTH,5677824b-f057-5798-ac86-4ce18f6584ca,202,GUTICHA,f65cc507-3033-54e2-b86b-8e419f81f028,14,BARWAQO PRIMARY SCHOOL
e4d80b30-151e-51b5-9f4f-18a3b82718e6,9,MANDERA,552a1650-991f-5a99-8295-9f24d888e926,41,MANDERA NORTH,5677824b-f057-5798-ac86-4ce18f6584ca,202,GUTICHA,33a5b8f9-8a77-57b6-82d1-d5fd05baa3c6,15,SHIR SHIR PRIMARY SCHOOL
e4d80b30-151e-51b5-9f4f-18a3b82718e6,9,MANDERA,552a1650-991f-5a99-8295-9f24d888e926,41,MANDERA NORTH,5677824b-f057-5798-ac86-4ce18f6584ca,202,GUTICHA,18e40dcb-af4c-505b-b31d-534ef635cd61,16,GOFA PRIMARY SCHOOL
e4d80b30-151e-51b5-9f4f-18a3b82718e6,9,MANDERA,552a1650-991f-5a99-8295-9f24d888e926,41,MANDERA NORTH,5677824b-f057-5798-ac86-4ce18f6584ca,202,GUTICHA,e19720b0-a175-5622-9ee2-f186b7cd97e6,17,QORDOBO NURSERY SCHOOL
e4d80b30-151e-51b5-9f4f-18a3b82718e6,9,MANDERA,552a1650-991f-5a99-8295-9f24d888e926,41,MANDERA NORTH,5677824b-f057-5798-ac86-4ce18f6584ca,202,GUTICHA,e75c7a4c-99bd-5876-b754-c90c928d2e2a,18,GUTICHA PRIMARY SCHOOL
e4d80b30-151e-51b5-9f4f-18a3b82718e6,9,MANDERA,552a1650-991f-5a99-8295-9f24d888e926,41,MANDERA NORTH,5677824b-f057-5798-ac86-4ce18f6584ca,202,GUTICHA,6b43dbc2-b7f9-5975-8a4c-0d6afb79d5e8,19,SAQIRA VILLAGE
e4d80b30-151e-51b5-9f4f-18a3b82718e6,9,MANDERA,552a1650-991f-5a99-8295-9f24d888e926,41,MANDERA NORTH,5677824b-f057-5798-ac86-4ce18f6584ca,202,GUTICHA,f0994570-262b-5178-bd59-57bc1c125329,20,DARAB ATHATHI PRIMARY SCHOOL
e4d80b30-151e-51b5-9f4f-18a3b82718e6,9,MANDERA,552a1650-991f-5a99-8295-9f24d888e926,41,MANDERA NORTH,5677824b-f057-5798-ac86-4ce18f6584ca,202,GUTICHA,01998bb3-5163-5d35-9f97-63b8b3c4b30f,21,KORMA ADOW
e4d80b30-151e-51b5-9f4f-18a3b82718e6,9,MANDERA,552a1650-991f-5a99-8295-9f24d888e926,41,MANDERA NORTH,5677824b-f057-5798-ac86-4ce18f6584ca,202,GUTICHA,cd47668c-b0f1-5474-ad58-c24567b5a0af,22,SARMAN PRIMARY SCHOOL
e4d80b30-151e-51b5-9f4f-18a3b82718e6,9,MANDERA,552a1650-991f-5a99-8295-9f24d888e926,41,MANDERA NORTH,5677824b-f057-5798-ac86-4ce18f6584ca,202,GUTICHA,208fae62-e662-5a38-a6b3-d134a8b8c33a,23,YAQILA FARMS
e4d80b30-151e-51b5-9f4f-18a3b82718e6,9,MANDERA,552a1650-991f-5a99-8295-9f24d888e926,41,MANDERA NORTH,5677824b-f057-5798-ac86-4ce18f6584ca,202,GUTICHA,23d6e8aa-d0f3-521c-a799-207dfc4d2147,24,LANQURA PRIMARY SCHOOL
e4d80b30-151e-51b5-9f4f-18a3b82718e6,9,MANDERA,552a1650-991f-5a99-8295-9f24d888e926,41,MANDERA NORTH,5677824b-f057-5798-ac86-4ce18f6584ca,202,GUTICHA,33c9e7ad-74a7-579d-a7e6-fa1d2adcbb3f,56,ISTANBUL CENTRE
e4d80b30-151e-51b5-9f4f-18a3b82718e6,9,MANDERA,552a1650-991f-5a99-8295-9f24d888e926,41,MANDERA NORTH,5677824b-f057-5798-ac86-4ce18f6584ca,202,GUTICHA,7159bc79-4313-59d8-8401-12639ec9c19f,57,DAIDAI PRIMARY SCHOOL
e4d80b30-151e-51b5-9f4f-18a3b82718e6,9,MANDERA,552a1650-991f-5a99-8295-9f24d888e926,41,MANDERA NORTH,5677824b-f057-5798-ac86-4ce18f6584ca,202,GUTICHA,3fbd3835-f6e9-54a9-878c-41b35ac2866a,58,SHANDARMOD CENTRE
e4d80b30-151e-51b5-9f4f-18a3b82718e6,9,MANDERA,552a1650-991f-5a99-8295-9f24d888e926,41,MANDERA NORTH,5677824b-f057-5798-ac86-4ce18f6584ca,202,GUTICHA,1db0b86c-f60a-5bed-aa5e-0fd11e3d19ef,59,GARABLAQA PRIMARY SCHOOL
e4d80b30-151e-51b5-9f4f-18a3b82718e6,9,MANDERA,552a1650-991f-5a99-8295-9f24d888e926,41,MANDERA NORTH,5677824b-f057-5798-ac86-4ce18f6584ca,202,GUTICHA,f3a0c405-e1a8-5ba5-a613-9644880da004,60,GARBAB PRIMARY SCHOOL
e4d80b30-151e-51b5-9f4f-18a3b82718e6,9,MANDERA,552a1650-991f-5a99-8295-9f24d888e926,41,MANDERA NORTH,5677824b-f057-5798-ac86-4ce18f6584ca,202,GUTICHA,23234671-ed5d-51a9-b484-e8e75b583454,61,GUMAR CENTRE
e4d80b30-151e-51b5-9f4f-18a3b82718e6,9,MANDERA,552a1650-991f-5a99-8295-9f24d888e926,41,MANDERA NORTH,5677824b-f057-5798-ac86-4ce18f6584ca,202,GUTICHA,476e4381-cdde-5572-8645-a5f09401e7e1,62,DILLEY PRIMARY SCHOOL
e4d80b30-151e-51b5-9f4f-18a3b82718e6,9,MANDERA,552a1650-991f-5a99-8295-9f24d888e926,41,MANDERA NORTH,5677824b-f057-5798-ac86-4ce18f6584ca,202,GUTICHA,c3ed5cba-6242-57e7-8b58-83aadc63c59a,63,MKUTANO CENTRE
e4d80b30-151e-51b5-9f4f-18a3b82718e6,9,MANDERA,552a1650-991f-5a99-8295-9f24d888e926,41,MANDERA NORTH,5677824b-f057-5798-ac86-4ce18f6584ca,202,GUTICHA,e9811f27-4b3e-5820-86c6-11f89eec6f63,64,JIKOW PRIMARY SCHOOL
e4d80b30-151e-51b5-9f4f-18a3b82718e6,9,MANDERA,552a1650-991f-5a99-8295-9f24d888e926,41,MANDERA NORTH,5677824b-f057-5798-ac86-4ce18f6584ca,202,GUTICHA,3c3a8220-2520-55ee-8380-3939b7f5cf43,65,DAGAHTUR PRIMARY SCHOOL
e4d80b30-151e-51b5-9f4f-18a3b82718e6,9,MANDERA,552a1650-991f-5a99-8295-9f24d888e926,41,MANDERA NORTH,5677824b-f057-5798-ac86-4ce18f6584ca,202,GUTICHA,9323af3e-d435-58c4-be30-e21156a83fa1,67,YUUB GELTUR PRIMARY
e4d80b30-151e-51b5-9f4f-18a3b82718e6,9,MANDERA,552a1650-991f-5a99-8295-9f24d888e926,41,MANDERA NORTH,191f384b-7880-53e2-9a14-1bde6fc25b85,203,MOROTHILE,88a50d57-8fbd-5a1e-8030-410de7e50be5,25,KUBI PRIMARY SCHOOL
e4d80b30-151e-51b5-9f4f-18a3b82718e6,9,MANDERA,552a1650-991f-5a99-8295-9f24d888e926,41,MANDERA NORTH,191f384b-7880-53e2-9a14-1bde6fc25b85,203,MOROTHILE,bafb43ef-6400-5e21-93aa-0516fc99d965,26,KAJAJA
e4d80b30-151e-51b5-9f4f-18a3b82718e6,9,MANDERA,552a1650-991f-5a99-8295-9f24d888e926,41,MANDERA NORTH,191f384b-7880-53e2-9a14-1bde6fc25b85,203,MOROTHILE,6b32be5e-d2f4-5cd1-884e-41821385287b,27,MOROTHILE PRIMARY SCHOOL
e4d80b30-151e-51b5-9f4f-18a3b82718e6,9,MANDERA,552a1650-991f-5a99-8295-9f24d888e926,41,MANDERA NORTH,191f384b-7880-53e2-9a14-1bde6fc25b85,203,MOROTHILE,8526e9bc-fd5c-5386-b2d6-23b818e43004,68,MOROTHILE CHIEF CAMP
e4d80b30-151e-51b5-9f4f-18a3b82718e6,9,MANDERA,552a1650-991f-5a99-8295-9f24d888e926,41,MANDERA NORTH,ca008816-3ad3-54f8-9ade-339d54b1784b,204,RHAMU,f3295736-1579-582e-a8ea-b1563c5a159f,28,RHAMU PRIMARY SCHOOL
e4d80b30-151e-51b5-9f4f-18a3b82718e6,9,MANDERA,552a1650-991f-5a99-8295-9f24d888e926,41,MANDERA NORTH,ca008816-3ad3-54f8-9ade-339d54b1784b,204,RHAMU,642e8cee-7d69-5f0b-9a0d-3e1b9f1d5d12,29,SHANTOLEY PRIMARY SCHOOL
e4d80b30-151e-51b5-9f4f-18a3b82718e6,9,MANDERA,552a1650-991f-5a99-8295-9f24d888e926,41,MANDERA NORTH,ca008816-3ad3-54f8-9ade-339d54b1784b,204,RHAMU,77f80b4b-265c-5594-90f9-16cfe53d8df9,30,GIRISA PRIMARY SCHOOL
e4d80b30-151e-51b5-9f4f-18a3b82718e6,9,MANDERA,552a1650-991f-5a99-8295-9f24d888e926,41,MANDERA NORTH,ca008816-3ad3-54f8-9ade-339d54b1784b,204,RHAMU,d594f44d-4c5a-5ccc-8a45-d68bccbd8d99,31,AL-FOWZAN PRIMARY SCHOOL
e4d80b30-151e-51b5-9f4f-18a3b82718e6,9,MANDERA,552a1650-991f-5a99-8295-9f24d888e926,41,MANDERA NORTH,ca008816-3ad3-54f8-9ade-339d54b1784b,204,RHAMU,23994fff-4d64-5384-b960-f14f9ba5a631,32,TOSSI PRIMARY SCHOOL
e4d80b30-151e-51b5-9f4f-18a3b82718e6,9,MANDERA,552a1650-991f-5a99-8295-9f24d888e926,41,MANDERA NORTH,ca008816-3ad3-54f8-9ade-339d54b1784b,204,RHAMU,7d5d3b0d-ad16-5c35-9a16-b59f198bf816,33,LADENI PRIMARY SCHOOL
e4d80b30-151e-51b5-9f4f-18a3b82718e6,9,MANDERA,552a1650-991f-5a99-8295-9f24d888e926,41,MANDERA NORTH,ca008816-3ad3-54f8-9ade-339d54b1784b,204,RHAMU,e0b625e5-d67c-598d-83bc-aa2fb848b5ac,34,TOWFIQ PRIMARY SCHOOL
e4d80b30-151e-51b5-9f4f-18a3b82718e6,9,MANDERA,552a1650-991f-5a99-8295-9f24d888e926,41,MANDERA NORTH,ca008816-3ad3-54f8-9ade-339d54b1784b,204,RHAMU,fd7a5b35-1fd0-5069-8ce2-45b5114b7978,35,SAAKORA
e4d80b30-151e-51b5-9f4f-18a3b82718e6,9,MANDERA,552a1650-991f-5a99-8295-9f24d888e926,41,MANDERA NORTH,ca008816-3ad3-54f8-9ade-339d54b1784b,204,RHAMU,47847d38-2643-5f36-b999-8055949e8fac,36,SHANQALA PRIMARY SHOOL
e4d80b30-151e-51b5-9f4f-18a3b82718e6,9,MANDERA,552a1650-991f-5a99-8295-9f24d888e926,41,MANDERA NORTH,ca008816-3ad3-54f8-9ade-339d54b1784b,204,RHAMU,a210f53b-57b1-506d-9c83-bbb516422717,37,AWARA PRIMARY SCHOOL
e4d80b30-151e-51b5-9f4f-18a3b82718e6,9,MANDERA,552a1650-991f-5a99-8295-9f24d888e926,41,MANDERA NORTH,ca008816-3ad3-54f8-9ade-339d54b1784b,204,RHAMU,94ab2a1e-13f9-567a-81f7-9f27f9b1107c,38,JABI BAR
e4d80b30-151e-51b5-9f4f-18a3b82718e6,9,MANDERA,552a1650-991f-5a99-8295-9f24d888e926,41,MANDERA NORTH,ca008816-3ad3-54f8-9ade-339d54b1784b,204,RHAMU,57ddf5b2-3fdf-555a-9335-6087aa797293,39,ALHIDAYA PRIMARY SCHOOL
e4d80b30-151e-51b5-9f4f-18a3b82718e6,9,MANDERA,552a1650-991f-5a99-8295-9f24d888e926,41,MANDERA NORTH,ca008816-3ad3-54f8-9ade-339d54b1784b,204,RHAMU,6fb4903f-c45f-5934-8961-d441ddd906b5,40,SHEEKOLEY FARMS
e4d80b30-151e-51b5-9f4f-18a3b82718e6,9,MANDERA,552a1650-991f-5a99-8295-9f24d888e926,41,MANDERA NORTH,ca008816-3ad3-54f8-9ade-339d54b1784b,204,RHAMU,0519455b-3a20-553c-9a28-5eca249bbb0e,41,RHAMU DAY SECONDARY SCHOOL
e4d80b30-151e-51b5-9f4f-18a3b82718e6,9,MANDERA,552a1650-991f-5a99-8295-9f24d888e926,41,MANDERA NORTH,ca008816-3ad3-54f8-9ade-339d54b1784b,204,RHAMU,a9b4a6d3-ec89-5da9-870f-29316ad4cf9d,42,AL-FURQAN PRIMARY SCHOOL
e4d80b30-151e-51b5-9f4f-18a3b82718e6,9,MANDERA,552a1650-991f-5a99-8295-9f24d888e926,41,MANDERA NORTH,ca008816-3ad3-54f8-9ade-339d54b1784b,204,RHAMU,0ea43eb3-c2fc-567b-a8ae-aee1c0b82432,70,RHAMU GIRLS SEC SCHOOL
e4d80b30-151e-51b5-9f4f-18a3b82718e6,9,MANDERA,552a1650-991f-5a99-8295-9f24d888e926,41,MANDERA NORTH,ca008816-3ad3-54f8-9ade-339d54b1784b,204,RHAMU,f628cd0b-02a9-5a54-bd35-fdeb51d7981a,72,ABAKARO PRIMARY SCHOOL
e4d80b30-151e-51b5-9f4f-18a3b82718e6,9,MANDERA,552a1650-991f-5a99-8295-9f24d888e926,41,MANDERA NORTH,ca008816-3ad3-54f8-9ade-339d54b1784b,204,RHAMU,1290418a-5111-5bd6-a2cd-957ad4a17cc7,74,DARSALAM PRIMARY SCHOOL
e4d80b30-151e-51b5-9f4f-18a3b82718e6,9,MANDERA,552a1650-991f-5a99-8295-9f24d888e926,41,MANDERA NORTH,ca008816-3ad3-54f8-9ade-339d54b1784b,204,RHAMU,940e09b9-5bf0-55b2-9531-520625c39ecb,75,RHAMU POLYTHECNIC
e4d80b30-151e-51b5-9f4f-18a3b82718e6,9,MANDERA,552a1650-991f-5a99-8295-9f24d888e926,41,MANDERA NORTH,ca008816-3ad3-54f8-9ade-339d54b1784b,204,RHAMU,27f984a4-680b-5191-a265-4b1d7baf56f9,76,UPPER HILL PRIMARY SCHOOL
e4d80b30-151e-51b5-9f4f-18a3b82718e6,9,MANDERA,552a1650-991f-5a99-8295-9f24d888e926,41,MANDERA NORTH,ca008816-3ad3-54f8-9ade-339d54b1784b,204,RHAMU,f0658330-2199-52f5-a56d-2f1fb5aede05,77,DAU RIVER DAY SEC SCHOOL
e4d80b30-151e-51b5-9f4f-18a3b82718e6,9,MANDERA,552a1650-991f-5a99-8295-9f24d888e926,41,MANDERA NORTH,ca008816-3ad3-54f8-9ade-339d54b1784b,204,RHAMU,af716008-b137-528f-bba5-21ad34e28021,78,QODI
e4d80b30-151e-51b5-9f4f-18a3b82718e6,9,MANDERA,552a1650-991f-5a99-8295-9f24d888e926,41,MANDERA NORTH,ca008816-3ad3-54f8-9ade-339d54b1784b,204,RHAMU,4a5bcb7a-7c70-5038-aee9-cfd0b4900c3b,79,TAWAKAL PRIMARY
e4d80b30-151e-51b5-9f4f-18a3b82718e6,9,MANDERA,552a1650-991f-5a99-8295-9f24d888e926,41,MANDERA NORTH,3e1f60fb-ad56-5525-9a66-d5552d68afba,205,RHAMU-DIMTU,d453ea65-8c2c-5a9b-9f56-08ce7fc946aa,43,YABICHO A NURSERY
e4d80b30-151e-51b5-9f4f-18a3b82718e6,9,MANDERA,552a1650-991f-5a99-8295-9f24d888e926,41,MANDERA NORTH,3e1f60fb-ad56-5525-9a66-d5552d68afba,205,RHAMU-DIMTU,9e595569-3676-5156-86af-261e55873333,44,YABICHO PRIMARY SCHOOL
e4d80b30-151e-51b5-9f4f-18a3b82718e6,9,MANDERA,552a1650-991f-5a99-8295-9f24d888e926,41,MANDERA NORTH,3e1f60fb-ad56-5525-9a66-d5552d68afba,205,RHAMU-DIMTU,2833573c-993e-52f0-80bc-db515d156d49,45,KALMALAB
e4d80b30-151e-51b5-9f4f-18a3b82718e6,9,MANDERA,552a1650-991f-5a99-8295-9f24d888e926,41,MANDERA NORTH,3e1f60fb-ad56-5525-9a66-d5552d68afba,205,RHAMU-DIMTU,213c3635-bd4d-55d1-9786-ae363d40521d,46,KALICHA PRIMARY SCHOOL
e4d80b30-151e-51b5-9f4f-18a3b82718e6,9,MANDERA,552a1650-991f-5a99-8295-9f24d888e926,41,MANDERA NORTH,3e1f60fb-ad56-5525-9a66-d5552d68afba,205,RHAMU-DIMTU,88368c03-eba2-5f6f-8a7e-79a5c9c5a495,47,MADO WELLS
e4d80b30-151e-51b5-9f4f-18a3b82718e6,9,MANDERA,552a1650-991f-5a99-8295-9f24d888e926,41,MANDERA NORTH,3e1f60fb-ad56-5525-9a66-d5552d68afba,205,RHAMU-DIMTU,bca106ce-bf41-5bcc-af57-15c5449df656,48,RHAMU-DIMTU PRIMARY SCHOOL
e4d80b30-151e-51b5-9f4f-18a3b82718e6,9,MANDERA,552a1650-991f-5a99-8295-9f24d888e926,41,MANDERA NORTH,3e1f60fb-ad56-5525-9a66-d5552d68afba,205,RHAMU-DIMTU,8054b3f5-bf69-5de4-bdfc-95ef28b734dc,49,GARSEY PRIMARY SCHOOL
e4d80b30-151e-51b5-9f4f-18a3b82718e6,9,MANDERA,552a1650-991f-5a99-8295-9f24d888e926,41,MANDERA NORTH,3e1f60fb-ad56-5525-9a66-d5552d68afba,205,RHAMU-DIMTU,0d10ac12-d5f9-5de5-8a2e-ec58a6bde4aa,50,ADO SADEN
e4d80b30-151e-51b5-9f4f-18a3b82718e6,9,MANDERA,552a1650-991f-5a99-8295-9f24d888e926,41,MANDERA NORTH,3e1f60fb-ad56-5525-9a66-d5552d68afba,205,RHAMU-DIMTU,25811c62-936a-5162-94c3-cfc07029e25b,51,BUR JOHN PRIMARY SCHOOL
e4d80b30-151e-51b5-9f4f-18a3b82718e6,9,MANDERA,552a1650-991f-5a99-8295-9f24d888e926,41,MANDERA NORTH,3e1f60fb-ad56-5525-9a66-d5552d68afba,205,RHAMU-DIMTU,6caeb415-1e88-5925-8a50-117e9656a4e1,52,QORAHEY PRIMARY SCHOOL
e4d80b30-151e-51b5-9f4f-18a3b82718e6,9,MANDERA,552a1650-991f-5a99-8295-9f24d888e926,41,MANDERA NORTH,3e1f60fb-ad56-5525-9a66-d5552d68afba,205,RHAMU-DIMTU,3f7151e9-a2f1-5e61-b819-769087fb00c6,53,BALANQA SHALLOW WELLS
e4d80b30-151e-51b5-9f4f-18a3b82718e6,9,MANDERA,552a1650-991f-5a99-8295-9f24d888e926,41,MANDERA NORTH,3e1f60fb-ad56-5525-9a66-d5552d68afba,205,RHAMU-DIMTU,01a476f9-17d6-534b-b13b-b56628122a85,54,LIBIN GIRLS PRIMARY
e4d80b30-151e-51b5-9f4f-18a3b82718e6,9,MANDERA,552a1650-991f-5a99-8295-9f24d888e926,41,MANDERA NORTH,3e1f60fb-ad56-5525-9a66-d5552d68afba,205,RHAMU-DIMTU,877f11de-5a51-5397-9a4d-bce2c4b1f4d5,55,USUBEY CENTER
e4d80b30-151e-51b5-9f4f-18a3b82718e6,9,MANDERA,552a1650-991f-5a99-8295-9f24d888e926,41,MANDERA NORTH,3e1f60fb-ad56-5525-9a66-d5552d68afba,205,RHAMU-DIMTU,c721c6d7-d834-5aa4-9f36-cf62e1fdbdb9,66,DAGAHTUR WATER POINT
e4d80b30-151e-51b5-9f4f-18a3b82718e6,9,MANDERA,552a1650-991f-5a99-8295-9f24d888e926,41,MANDERA NORTH,3e1f60fb-ad56-5525-9a66-d5552d68afba,205,RHAMU-DIMTU,8cdfe29b-bc38-59e7-8edb-9c01501c7cfa,80,DEGMARER PRIMARY SCHOOL
e4d80b30-151e-51b5-9f4f-18a3b82718e6,9,MANDERA,552a1650-991f-5a99-8295-9f24d888e926,41,MANDERA NORTH,3e1f60fb-ad56-5525-9a66-d5552d68afba,205,RHAMU-DIMTU,20cef8b1-4e22-5595-8627-fecd157e44c8,81,BARJIF CENTRE
e4d80b30-151e-51b5-9f4f-18a3b82718e6,9,MANDERA,552a1650-991f-5a99-8295-9f24d888e926,41,MANDERA NORTH,3e1f60fb-ad56-5525-9a66-d5552d68afba,205,RHAMU-DIMTU,0d9271ef-2fca-543f-bcc4-acea43c2dfb1,82,GABRAY CENTRE
e4d80b30-151e-51b5-9f4f-18a3b82718e6,9,MANDERA,552a1650-991f-5a99-8295-9f24d888e926,41,MANDERA NORTH,3e1f60fb-ad56-5525-9a66-d5552d68afba,205,RHAMU-DIMTU,e636693f-a2f3-56ca-a0aa-660ad83c4248,83,HARARE PRIMARY SCHOOL
e4d80b30-151e-51b5-9f4f-18a3b82718e6,9,MANDERA,81e44c18-7778-5a24-bc10-577737a7363b,42,MANDERA SOUTH,12c16eb0-6f47-5b73-bbd7-28df33ab4ef7,206,WARGADUD,eaf879a2-115c-593a-a8c3-a48554aa9a93,1,ASAL CENTRE
e4d80b30-151e-51b5-9f4f-18a3b82718e6,9,MANDERA,81e44c18-7778-5a24-bc10-577737a7363b,42,MANDERA SOUTH,12c16eb0-6f47-5b73-bbd7-28df33ab4ef7,206,WARGADUD,9f238cf6-b73e-5b50-8b3f-44afe0b82b93,2,ELELE PRIMARY SCHOOL
e4d80b30-151e-51b5-9f4f-18a3b82718e6,9,MANDERA,81e44c18-7778-5a24-bc10-577737a7363b,42,MANDERA SOUTH,12c16eb0-6f47-5b73-bbd7-28df33ab4ef7,206,WARGADUD,79f71cf4-bfe2-5116-8027-09a1ddb41600,3,ERES KINTO PRIMARY SCHOOL
e4d80b30-151e-51b5-9f4f-18a3b82718e6,9,MANDERA,81e44c18-7778-5a24-bc10-577737a7363b,42,MANDERA SOUTH,12c16eb0-6f47-5b73-bbd7-28df33ab4ef7,206,WARGADUD,c2916859-6cc6-5891-8f36-e5130160a561,4,HARSANGA PRIMARY SCHOOL
e4d80b30-151e-51b5-9f4f-18a3b82718e6,9,MANDERA,81e44c18-7778-5a24-bc10-577737a7363b,42,MANDERA SOUTH,12c16eb0-6f47-5b73-bbd7-28df33ab4ef7,206,WARGADUD,9d880919-cb7c-5bd7-973a-df016e4d00a2,5,CHIROLE PRIMARY SCHOOL
e4d80b30-151e-51b5-9f4f-18a3b82718e6,9,MANDERA,81e44c18-7778-5a24-bc10-577737a7363b,42,MANDERA SOUTH,12c16eb0-6f47-5b73-bbd7-28df33ab4ef7,206,WARGADUD,e6145eaa-a9b6-5995-a8ef-a47b02ed0a60,6,ARDA QALACHA PRIMARY SCHOOL
e4d80b30-151e-51b5-9f4f-18a3b82718e6,9,MANDERA,81e44c18-7778-5a24-bc10-577737a7363b,42,MANDERA SOUTH,12c16eb0-6f47-5b73-bbd7-28df33ab4ef7,206,WARGADUD,21e4ec7a-4fe8-5e1d-85f5-48dd402a6755,7,ABEY BUQE PRIMARY SCHOOL
e4d80b30-151e-51b5-9f4f-18a3b82718e6,9,MANDERA,81e44c18-7778-5a24-bc10-577737a7363b,42,MANDERA SOUTH,12c16eb0-6f47-5b73-bbd7-28df33ab4ef7,206,WARGADUD,a9e5272e-0c13-540f-8926-0d1cfc587d6c,8,WARGADUD PRIMARY SCHOOL
e4d80b30-151e-51b5-9f4f-18a3b82718e6,9,MANDERA,81e44c18-7778-5a24-bc10-577737a7363b,42,MANDERA SOUTH,12c16eb0-6f47-5b73-bbd7-28df33ab4ef7,206,WARGADUD,b16d1074-4eb6-5486-844d-3ab6e18f4088,55,TULI PRIMARY SCHOOL
e4d80b30-151e-51b5-9f4f-18a3b82718e6,9,MANDERA,81e44c18-7778-5a24-bc10-577737a7363b,42,MANDERA SOUTH,12c16eb0-6f47-5b73-bbd7-28df33ab4ef7,206,WARGADUD,8f7a8f4b-70b8-5ad5-938f-42d280c2881c,58,CORNER S
e4d80b30-151e-51b5-9f4f-18a3b82718e6,9,MANDERA,81e44c18-7778-5a24-bc10-577737a7363b,42,MANDERA SOUTH,12c16eb0-6f47-5b73-bbd7-28df33ab4ef7,206,WARGADUD,7ffc6008-9b6f-5268-be7e-00c6e22daab5,59,DAMOG PRIMARY SCHOOL
e4d80b30-151e-51b5-9f4f-18a3b82718e6,9,MANDERA,81e44c18-7778-5a24-bc10-577737a7363b,42,MANDERA SOUTH,12c16eb0-6f47-5b73-bbd7-28df33ab4ef7,206,WARGADUD,2d4efc93-32b7-585f-b91c-138eea8c160c,61,AWALBANDERA VILLAGE CENTRE
e4d80b30-151e-51b5-9f4f-18a3b82718e6,9,MANDERA,81e44c18-7778-5a24-bc10-577737a7363b,42,MANDERA SOUTH,1c3d3803-2d85-5fe3-961b-76a2b2e2d8b1,207,KUTULO,1e7ef95e-f502-5908-8dda-c56a79e95921,9,NYAT ALIO PRIMARY
e4d80b30-151e-51b5-9f4f-18a3b82718e6,9,MANDERA,81e44c18-7778-5a24-bc10-577737a7363b,42,MANDERA SOUTH,1c3d3803-2d85-5fe3-961b-76a2b2e2d8b1,207,KUTULO,46a795e7-522d-589b-a4d5-4bc2484b37e6,10,KUTAYU PRIMARY SCHOOL
e4d80b30-151e-51b5-9f4f-18a3b82718e6,9,MANDERA,81e44c18-7778-5a24-bc10-577737a7363b,42,MANDERA SOUTH,1c3d3803-2d85-5fe3-961b-76a2b2e2d8b1,207,KUTULO,15bc3d47-18ff-5231-941d-013f8702ba1d,11,GOGOGESA SHALLOW WELLS
e4d80b30-151e-51b5-9f4f-18a3b82718e6,9,MANDERA,81e44c18-7778-5a24-bc10-577737a7363b,42,MANDERA SOUTH,1c3d3803-2d85-5fe3-961b-76a2b2e2d8b1,207,KUTULO,bb6bc738-a796-5061-9e0b-518ec9792fb3,12,BOJI GARSE PRIMARY SCHOOL
e4d80b30-151e-51b5-9f4f-18a3b82718e6,9,MANDERA,81e44c18-7778-5a24-bc10-577737a7363b,42,MANDERA SOUTH,1c3d3803-2d85-5fe3-961b-76a2b2e2d8b1,207,KUTULO,d553c10c-e282-5133-9d24-4dbc3f4ba5c6,13,GARSESALA HEALTH CENTRE
e4d80b30-151e-51b5-9f4f-18a3b82718e6,9,MANDERA,81e44c18-7778-5a24-bc10-577737a7363b,42,MANDERA SOUTH,1c3d3803-2d85-5fe3-961b-76a2b2e2d8b1,207,KUTULO,c81ade32-fbc0-5568-b4b0-568be88a00f2,14,BORE HOLE 11 PRIMARY SCHOOL
e4d80b30-151e-51b5-9f4f-18a3b82718e6,9,MANDERA,81e44c18-7778-5a24-bc10-577737a7363b,42,MANDERA SOUTH,1c3d3803-2d85-5fe3-961b-76a2b2e2d8b1,207,KUTULO,5a438a7d-c65b-56e9-9f4e-169244edad36,15,GODE PRIMARY SCHOOL
e4d80b30-151e-51b5-9f4f-18a3b82718e6,9,MANDERA,81e44c18-7778-5a24-bc10-577737a7363b,42,MANDERA SOUTH,1c3d3803-2d85-5fe3-961b-76a2b2e2d8b1,207,KUTULO,a08749b1-3a34-5161-a373-238d80575f83,16,CHIEF MOHAMED JARI ACADEMY
e4d80b30-151e-51b5-9f4f-18a3b82718e6,9,MANDERA,81e44c18-7778-5a24-bc10-577737a7363b,42,MANDERA SOUTH,1c3d3803-2d85-5fe3-961b-76a2b2e2d8b1,207,KUTULO,ab2afdc2-ecd3-5051-83ba-cbf29bd81acf,17,DABACITY PRIMARY SCHOOL
e4d80b30-151e-51b5-9f4f-18a3b82718e6,9,MANDERA,81e44c18-7778-5a24-bc10-577737a7363b,42,MANDERA SOUTH,1c3d3803-2d85-5fe3-961b-76a2b2e2d8b1,207,KUTULO,eefe8f6b-7280-5d9f-8a57-59cc512f9c74,18,DIMU PRIMARY SCHOOL
e4d80b30-151e-51b5-9f4f-18a3b82718e6,9,MANDERA,81e44c18-7778-5a24-bc10-577737a7363b,42,MANDERA SOUTH,1c3d3803-2d85-5fe3-961b-76a2b2e2d8b1,207,KUTULO,da445d54-250d-58a6-aaa9-ef1cf7a883bc,19,HARAWALE PRIMARY SCHOOL
e4d80b30-151e-51b5-9f4f-18a3b82718e6,9,MANDERA,81e44c18-7778-5a24-bc10-577737a7363b,42,MANDERA SOUTH,1c3d3803-2d85-5fe3-961b-76a2b2e2d8b1,207,KUTULO,af1ed523-48c9-5dc8-bdf3-9349b527891a,20,ABE UMUR PRIMARY SCHOOL
e4d80b30-151e-51b5-9f4f-18a3b82718e6,9,MANDERA,81e44c18-7778-5a24-bc10-577737a7363b,42,MANDERA SOUTH,1c3d3803-2d85-5fe3-961b-76a2b2e2d8b1,207,KUTULO,780b0494-a5ae-55cb-a76f-92c040eecb35,21,ELRAMU PRIMARY SCHOOL
e4d80b30-151e-51b5-9f4f-18a3b82718e6,9,MANDERA,81e44c18-7778-5a24-bc10-577737a7363b,42,MANDERA SOUTH,1c3d3803-2d85-5fe3-961b-76a2b2e2d8b1,207,KUTULO,e06f07ac-84f8-57a8-b85f-57856e944570,22,FALAMA PRIMARY SCHOOL
e4d80b30-151e-51b5-9f4f-18a3b82718e6,9,MANDERA,81e44c18-7778-5a24-bc10-577737a7363b,42,MANDERA SOUTH,1c3d3803-2d85-5fe3-961b-76a2b2e2d8b1,207,KUTULO,85512fd3-4543-547d-b061-73075b35ef93,23,LEHELE PRIMARY SCHOOL
e4d80b30-151e-51b5-9f4f-18a3b82718e6,9,MANDERA,81e44c18-7778-5a24-bc10-577737a7363b,42,MANDERA SOUTH,1c3d3803-2d85-5fe3-961b-76a2b2e2d8b1,207,KUTULO,8e40bc22-507c-5602-af7b-8d8e30a6f711,63,ELKURO
e4d80b30-151e-51b5-9f4f-18a3b82718e6,9,MANDERA,81e44c18-7778-5a24-bc10-577737a7363b,42,MANDERA SOUTH,1c3d3803-2d85-5fe3-961b-76a2b2e2d8b1,207,KUTULO,30771430-9caa-5b2a-ae28-af3010afaacf,65,OLD KUTULO PRIMARY
e4d80b30-151e-51b5-9f4f-18a3b82718e6,9,MANDERA,81e44c18-7778-5a24-bc10-577737a7363b,42,MANDERA SOUTH,1c3d3803-2d85-5fe3-961b-76a2b2e2d8b1,207,KUTULO,a2d6d73e-12cc-5646-930e-e1532e2fbe42,66,MITITA PRIMARY SCHOOL
e4d80b30-151e-51b5-9f4f-18a3b82718e6,9,MANDERA,81e44c18-7778-5a24-bc10-577737a7363b,42,MANDERA SOUTH,1c3d3803-2d85-5fe3-961b-76a2b2e2d8b1,207,KUTULO,5707713b-ec80-5045-8e91-57268e9488a0,67,GESREBKI PRIMARY SCHOOL
e4d80b30-151e-51b5-9f4f-18a3b82718e6,9,MANDERA,81e44c18-7778-5a24-bc10-577737a7363b,42,MANDERA SOUTH,1c3d3803-2d85-5fe3-961b-76a2b2e2d8b1,207,KUTULO,18a04250-8483-5021-b11f-db0ba7178e92,68,MAJANI-DADACH PRIMARY SCHOOL
e4d80b30-151e-51b5-9f4f-18a3b82718e6,9,MANDERA,81e44c18-7778-5a24-bc10-577737a7363b,42,MANDERA SOUTH,1c3d3803-2d85-5fe3-961b-76a2b2e2d8b1,207,KUTULO,0211be1b-ecac-5dea-8152-516659b3319e,69,QOBO ECD CENTRE
e4d80b30-151e-51b5-9f4f-18a3b82718e6,9,MANDERA,81e44c18-7778-5a24-bc10-577737a7363b,42,MANDERA SOUTH,1c3d3803-2d85-5fe3-961b-76a2b2e2d8b1,207,KUTULO,e37d1b1b-88fb-51fc-9f23-eb1a2cdb5b69,70,KUTULO MODEL SECONDARY SCHOOL
e4d80b30-151e-51b5-9f4f-18a3b82718e6,9,MANDERA,81e44c18-7778-5a24-bc10-577737a7363b,42,MANDERA SOUTH,18097266-20f6-50b7-a1f9-597d262c98e7,208,ELWAK SOUTH,7da14bd7-3c55-5c99-8469-4ae126c81072,24,ALUWES PRIMARY SCHOOL
e4d80b30-151e-51b5-9f4f-18a3b82718e6,9,MANDERA,81e44c18-7778-5a24-bc10-577737a7363b,42,MANDERA SOUTH,18097266-20f6-50b7-a1f9-597d262c98e7,208,ELWAK SOUTH,c0400bf0-092e-550a-883b-c5c6e3a5f6dd,25,HADA KALO
e4d80b30-151e-51b5-9f4f-18a3b82718e6,9,MANDERA,81e44c18-7778-5a24-bc10-577737a7363b,42,MANDERA SOUTH,18097266-20f6-50b7-a1f9-597d262c98e7,208,ELWAK SOUTH,6d1c718b-ac22-5724-acc1-68f543ac6f5c,26,QOLATI NURSERY
e4d80b30-151e-51b5-9f4f-18a3b82718e6,9,MANDERA,81e44c18-7778-5a24-bc10-577737a7363b,42,MANDERA SOUTH,18097266-20f6-50b7-a1f9-597d262c98e7,208,ELWAK SOUTH,f50a0598-d9fa-5279-a367-2276cb97cffa,27,ELWAK D. E. B. PRIMARY SCHOOL
e4d80b30-151e-51b5-9f4f-18a3b82718e6,9,MANDERA,81e44c18-7778-5a24-bc10-577737a7363b,42,MANDERA SOUTH,18097266-20f6-50b7-a1f9-597d262c98e7,208,ELWAK SOUTH,1f5870ad-549f-5280-a225-f3f144e49faf,29,ELWAK GIRLS PRIMARY SCHOOL
e4d80b30-151e-51b5-9f4f-18a3b82718e6,9,MANDERA,81e44c18-7778-5a24-bc10-577737a7363b,42,MANDERA SOUTH,18097266-20f6-50b7-a1f9-597d262c98e7,208,ELWAK SOUTH,13bf29dc-403a-533b-b676-42a414355608,30,DAWDEER PRIMARY SCHOOL
e4d80b30-151e-51b5-9f4f-18a3b82718e6,9,MANDERA,81e44c18-7778-5a24-bc10-577737a7363b,42,MANDERA SOUTH,18097266-20f6-50b7-a1f9-597d262c98e7,208,ELWAK SOUTH,84a905ca-8a5e-5be6-8b60-e92b824c5954,31,MAKUTANO PRIMARY SCHOOL
e4d80b30-151e-51b5-9f4f-18a3b82718e6,9,MANDERA,81e44c18-7778-5a24-bc10-577737a7363b,42,MANDERA SOUTH,18097266-20f6-50b7-a1f9-597d262c98e7,208,ELWAK SOUTH,f938d683-424a-5131-a067-224917580e3f,32,ELWAK SECONDARY SCHOOL
e4d80b30-151e-51b5-9f4f-18a3b82718e6,9,MANDERA,81e44c18-7778-5a24-bc10-577737a7363b,42,MANDERA SOUTH,18097266-20f6-50b7-a1f9-597d262c98e7,208,ELWAK SOUTH,e586db8f-7a14-530c-86d3-a92b2fad9b2a,34,UTHOLE PRIMARY SCHOOL
e4d80b30-151e-51b5-9f4f-18a3b82718e6,9,MANDERA,81e44c18-7778-5a24-bc10-577737a7363b,42,MANDERA SOUTH,18097266-20f6-50b7-a1f9-597d262c98e7,208,ELWAK SOUTH,b8556d4b-f1f5-5a66-a4a1-da49b1b0c134,71,WACHILE PRIMARY
e4d80b30-151e-51b5-9f4f-18a3b82718e6,9,MANDERA,81e44c18-7778-5a24-bc10-577737a7363b,42,MANDERA SOUTH,18097266-20f6-50b7-a1f9-597d262c98e7,208,ELWAK SOUTH,bfa3bf63-bb7b-5660-ab16-b3696a79b561,72,ABABOSONE PRIMARY SCHOOL
e4d80b30-151e-51b5-9f4f-18a3b82718e6,9,MANDERA,81e44c18-7778-5a24-bc10-577737a7363b,42,MANDERA SOUTH,18097266-20f6-50b7-a1f9-597d262c98e7,208,ELWAK SOUTH,88a2a04a-5fa5-57a7-9233-5d72c4b246ee,73,GEED ALO PRIMARY SCHOOL
e4d80b30-151e-51b5-9f4f-18a3b82718e6,9,MANDERA,81e44c18-7778-5a24-bc10-577737a7363b,42,MANDERA SOUTH,18097266-20f6-50b7-a1f9-597d262c98e7,208,ELWAK SOUTH,4a394354-c173-5abf-bdb8-4910d19e991d,74,ELHAGARSU PRIMARY
e4d80b30-151e-51b5-9f4f-18a3b82718e6,9,MANDERA,81e44c18-7778-5a24-bc10-577737a7363b,42,MANDERA SOUTH,18097266-20f6-50b7-a1f9-597d262c98e7,208,ELWAK SOUTH,6da073fc-d5e4-57c4-bdb7-2a7ef29f438b,76,ALUTEIBI PRIMARY SCHOOL
e4d80b30-151e-51b5-9f4f-18a3b82718e6,9,MANDERA,81e44c18-7778-5a24-bc10-577737a7363b,42,MANDERA SOUTH,18097266-20f6-50b7-a1f9-597d262c98e7,208,ELWAK SOUTH,e3284b2e-d410-58fe-b094-2b921a8925f5,77,MOTC CENTRE
e4d80b30-151e-51b5-9f4f-18a3b82718e6,9,MANDERA,81e44c18-7778-5a24-bc10-577737a7363b,42,MANDERA SOUTH,18097266-20f6-50b7-a1f9-597d262c98e7,208,ELWAK SOUTH,1c398501-9c52-5a55-8924-780292fc5f7d,78,AL-RAWLA PRIMARY
e4d80b30-151e-51b5-9f4f-18a3b82718e6,9,MANDERA,81e44c18-7778-5a24-bc10-577737a7363b,42,MANDERA SOUTH,18097266-20f6-50b7-a1f9-597d262c98e7,208,ELWAK SOUTH,760d58de-0fc9-52b0-b6b6-46854a66e1cd,79,EL-SAFARA PRIMARY SCHOOL
e4d80b30-151e-51b5-9f4f-18a3b82718e6,9,MANDERA,81e44c18-7778-5a24-bc10-577737a7363b,42,MANDERA SOUTH,ad68d8e7-099a-5bf1-be5c-a400fa0b51e3,209,ELWAK NORTH,f227f6d8-8294-5aeb-9100-7e7e20932722,35,ERES SUKI PRIMARY SCHOOL
e4d80b30-151e-51b5-9f4f-18a3b82718e6,9,MANDERA,81e44c18-7778-5a24-bc10-577737a7363b,42,MANDERA SOUTH,ad68d8e7-099a-5bf1-be5c-a400fa0b51e3,209,ELWAK NORTH,e3caf711-7c5b-5823-8b4a-1042d9b15208,36,ELGOLICHA PRIMARY SCHOOL
e4d80b30-151e-51b5-9f4f-18a3b82718e6,9,MANDERA,81e44c18-7778-5a24-bc10-577737a7363b,42,MANDERA SOUTH,ad68d8e7-099a-5bf1-be5c-a400fa0b51e3,209,ELWAK NORTH,abe6a374-0150-54f8-816b-73c9ce15d6e9,37,ELGALA PRIMARY SCHOOL
e4d80b30-151e-51b5-9f4f-18a3b82718e6,9,MANDERA,81e44c18-7778-5a24-bc10-577737a7363b,42,MANDERA SOUTH,ad68d8e7-099a-5bf1-be5c-a400fa0b51e3,209,ELWAK NORTH,8951bb68-4463-5aa1-a7b5-32b18973e1ba,38,BULLA AFYA YOUTH CENTRE
e4d80b30-151e-51b5-9f4f-18a3b82718e6,9,MANDERA,81e44c18-7778-5a24-bc10-577737a7363b,42,MANDERA SOUTH,ad68d8e7-099a-5bf1-be5c-a400fa0b51e3,209,ELWAK NORTH,756cbe96-cbaf-58ca-9739-62e630d005d8,39,DASHENG ALANGO WATER POINT
e4d80b30-151e-51b5-9f4f-18a3b82718e6,9,MANDERA,81e44c18-7778-5a24-bc10-577737a7363b,42,MANDERA SOUTH,ad68d8e7-099a-5bf1-be5c-a400fa0b51e3,209,ELWAK NORTH,21aa5608-449d-5554-b7c1-4f56dd2a6979,40,WANTE WATER POINT
e4d80b30-151e-51b5-9f4f-18a3b82718e6,9,MANDERA,81e44c18-7778-5a24-bc10-577737a7363b,42,MANDERA SOUTH,ad68d8e7-099a-5bf1-be5c-a400fa0b51e3,209,ELWAK NORTH,290c7df2-3ccc-50b2-ad7a-494462fda29b,41,YADO CENTER
e4d80b30-151e-51b5-9f4f-18a3b82718e6,9,MANDERA,81e44c18-7778-5a24-bc10-577737a7363b,42,MANDERA SOUTH,ad68d8e7-099a-5bf1-be5c-a400fa0b51e3,209,ELWAK NORTH,16f1fbe0-8684-5f8e-801f-7027a002d623,80,BULLA AFYA PEIMARY
e4d80b30-151e-51b5-9f4f-18a3b82718e6,9,MANDERA,81e44c18-7778-5a24-bc10-577737a7363b,42,MANDERA SOUTH,ad68d8e7-099a-5bf1-be5c-a400fa0b51e3,209,ELWAK NORTH,ee476415-2995-53b0-ba21-dc2925da2755,81,QURQURA CENTRE
e4d80b30-151e-51b5-9f4f-18a3b82718e6,9,MANDERA,81e44c18-7778-5a24-bc10-577737a7363b,42,MANDERA SOUTH,ad68d8e7-099a-5bf1-be5c-a400fa0b51e3,209,ELWAK NORTH,5757d106-2cea-58a7-a502-e0f1948ca5e3,84,BULLA NGUVU CENTRE
e4d80b30-151e-51b5-9f4f-18a3b82718e6,9,MANDERA,81e44c18-7778-5a24-bc10-577737a7363b,42,MANDERA SOUTH,03f0e493-8101-5b48-91b7-6ad16290bc7a,210,SHIMBIR FATUMA,b00bcfef-f0ad-53e1-ba15-539de1d2c520,42,HARBATE PRIMARY SCHOOL
e4d80b30-151e-51b5-9f4f-18a3b82718e6,9,MANDERA,81e44c18-7778-5a24-bc10-577737a7363b,42,MANDERA SOUTH,03f0e493-8101-5b48-91b7-6ad16290bc7a,210,SHIMBIR FATUMA,c5f74640-0b50-5040-b415-f8cc421ded0c,43,HAJI ABASS PRIMARY SCHOOL
e4d80b30-151e-51b5-9f4f-18a3b82718e6,9,MANDERA,81e44c18-7778-5a24-bc10-577737a7363b,42,MANDERA SOUTH,03f0e493-8101-5b48-91b7-6ad16290bc7a,210,SHIMBIR FATUMA,caa16cdc-ba9b-523b-84cc-050f85fb328e,44,DIDO PRIMARY SCHOOL
e4d80b30-151e-51b5-9f4f-18a3b82718e6,9,MANDERA,81e44c18-7778-5a24-bc10-577737a7363b,42,MANDERA SOUTH,03f0e493-8101-5b48-91b7-6ad16290bc7a,210,SHIMBIR FATUMA,d17784a4-c913-5cd0-a55c-1d5e3aa59345,45,BURMAYO SOUTH PRIMARY SCHOOL
e4d80b30-151e-51b5-9f4f-18a3b82718e6,9,MANDERA,81e44c18-7778-5a24-bc10-577737a7363b,42,MANDERA SOUTH,03f0e493-8101-5b48-91b7-6ad16290bc7a,210,SHIMBIR FATUMA,319e7f85-5012-5135-afb5-d4c4712e8593,46,SHIMBIR FATUMA PRIMARY SCHOOL
e4d80b30-151e-51b5-9f4f-18a3b82718e6,9,MANDERA,81e44c18-7778-5a24-bc10-577737a7363b,42,MANDERA SOUTH,03f0e493-8101-5b48-91b7-6ad16290bc7a,210,SHIMBIR FATUMA,e7d2da42-17d5-5b92-a37d-3863879076c4,47,HARADE
e4d80b30-151e-51b5-9f4f-18a3b82718e6,9,MANDERA,81e44c18-7778-5a24-bc10-577737a7363b,42,MANDERA SOUTH,03f0e493-8101-5b48-91b7-6ad16290bc7a,210,SHIMBIR FATUMA,80e010ba-36ea-581b-a177-7046666905a5,48,QARSA DAMU PRIMARY SCHOOL
e4d80b30-151e-51b5-9f4f-18a3b82718e6,9,MANDERA,81e44c18-7778-5a24-bc10-577737a7363b,42,MANDERA SOUTH,03f0e493-8101-5b48-91b7-6ad16290bc7a,210,SHIMBIR FATUMA,112d171e-7a19-5256-8ad9-22c683655e95,49,QALANQALESA PRIMARY SCHOOL
e4d80b30-151e-51b5-9f4f-18a3b82718e6,9,MANDERA,81e44c18-7778-5a24-bc10-577737a7363b,42,MANDERA SOUTH,03f0e493-8101-5b48-91b7-6ad16290bc7a,210,SHIMBIR FATUMA,136c1815-a7d8-5845-b9b5-09b05e37e92b,50,DOLOLO PRIMARY SCHOOL
e4d80b30-151e-51b5-9f4f-18a3b82718e6,9,MANDERA,81e44c18-7778-5a24-bc10-577737a7363b,42,MANDERA SOUTH,03f0e493-8101-5b48-91b7-6ad16290bc7a,210,SHIMBIR FATUMA,e3775d09-d643-51c2-9634-5d25c5a167c4,51,FINCHARO PRIMARY SCHOOL
e4d80b30-151e-51b5-9f4f-18a3b82718e6,9,MANDERA,81e44c18-7778-5a24-bc10-577737a7363b,42,MANDERA SOUTH,03f0e493-8101-5b48-91b7-6ad16290bc7a,210,SHIMBIR FATUMA,563fd754-020a-5016-a66b-a51d300dc9b1,52,EGU DAM
e4d80b30-151e-51b5-9f4f-18a3b82718e6,9,MANDERA,81e44c18-7778-5a24-bc10-577737a7363b,42,MANDERA SOUTH,03f0e493-8101-5b48-91b7-6ad16290bc7a,210,SHIMBIR FATUMA,9c6f937e-61f5-5ca0-b1be-24733844b2b4,53,CHACHABOLE PRIMARY SCHOOL
e4d80b30-151e-51b5-9f4f-18a3b82718e6,9,MANDERA,81e44c18-7778-5a24-bc10-577737a7363b,42,MANDERA SOUTH,03f0e493-8101-5b48-91b7-6ad16290bc7a,210,SHIMBIR FATUMA,d21c4349-dea8-5696-a17b-0b3fbab4dd1e,54,KOB ADADI PRIMARY SCHOOL
e4d80b30-151e-51b5-9f4f-18a3b82718e6,9,MANDERA,81e44c18-7778-5a24-bc10-577737a7363b,42,MANDERA SOUTH,03f0e493-8101-5b48-91b7-6ad16290bc7a,210,SHIMBIR FATUMA,06cd76aa-0732-53ec-b097-3c8f1ecbfe14,85,ELTUL
e4d80b30-151e-51b5-9f4f-18a3b82718e6,9,MANDERA,81e44c18-7778-5a24-bc10-577737a7363b,42,MANDERA SOUTH,03f0e493-8101-5b48-91b7-6ad16290bc7a,210,SHIMBIR FATUMA,fe2d955a-b7c3-50f2-b646-0702adba5ca0,86,TUTES
e4d80b30-151e-51b5-9f4f-18a3b82718e6,9,MANDERA,81e44c18-7778-5a24-bc10-577737a7363b,42,MANDERA SOUTH,03f0e493-8101-5b48-91b7-6ad16290bc7a,210,SHIMBIR FATUMA,0dc89fbd-8f98-5e71-8eaa-d4b013dd699c,87,WAYAMLECHA PRIMARY SCHOOL
e4d80b30-151e-51b5-9f4f-18a3b82718e6,9,MANDERA,81e44c18-7778-5a24-bc10-577737a7363b,42,MANDERA SOUTH,03f0e493-8101-5b48-91b7-6ad16290bc7a,210,SHIMBIR FATUMA,b61ceb5b-28f1-569f-a1a0-9493a4ed3756,88,HARQURA PRIMARY SCHOOL
e4d80b30-151e-51b5-9f4f-18a3b82718e6,9,MANDERA,81e44c18-7778-5a24-bc10-577737a7363b,42,MANDERA SOUTH,03f0e493-8101-5b48-91b7-6ad16290bc7a,210,SHIMBIR FATUMA,121b2af3-57cc-5d75-9971-f86e32352b46,90,CHARIFUDA PRIMARY SCHOOL
e4d80b30-151e-51b5-9f4f-18a3b82718e6,9,MANDERA,069e263f-e91b-53c2-ac85-9510d6a20eff,43,MANDERA EAST,95f69dde-4c0c-56b1-8cb7-79f400294012,211,ARABIA,f5b16082-a1e4-52f4-900f-28cf79bffa5c,1,OMAR JILLAOW CENTRE
e4d80b30-151e-51b5-9f4f-18a3b82718e6,9,MANDERA,069e263f-e91b-53c2-ac85-9510d6a20eff,43,MANDERA EAST,95f69dde-4c0c-56b1-8cb7-79f400294012,211,ARABIA,7955f223-9596-5102-9b1c-b095c9cf43e8,2,LEDI CENTRE
e4d80b30-151e-51b5-9f4f-18a3b82718e6,9,MANDERA,069e263f-e91b-53c2-ac85-9510d6a20eff,43,MANDERA EAST,95f69dde-4c0c-56b1-8cb7-79f400294012,211,ARABIA,c57cbd45-aa0b-559d-b0e5-883b91e0a3e4,3,ARABIA PRIMARY SCHOOL
e4d80b30-151e-51b5-9f4f-18a3b82718e6,9,MANDERA,069e263f-e91b-53c2-ac85-9510d6a20eff,43,MANDERA EAST,95f69dde-4c0c-56b1-8cb7-79f400294012,211,ARABIA,da5534c1-4a4c-56c7-8dcf-45192ac02439,4,ODA PRIMARY SCHOOL
e4d80b30-151e-51b5-9f4f-18a3b82718e6,9,MANDERA,069e263f-e91b-53c2-ac85-9510d6a20eff,43,MANDERA EAST,95f69dde-4c0c-56b1-8cb7-79f400294012,211,ARABIA,c3a5f456-470e-5b80-a836-dec58e6d1b21,5,FAREY PRIMARY SCHOOL
e4d80b30-151e-51b5-9f4f-18a3b82718e6,9,MANDERA,069e263f-e91b-53c2-ac85-9510d6a20eff,43,MANDERA EAST,95f69dde-4c0c-56b1-8cb7-79f400294012,211,ARABIA,1c4df6b2-af24-50eb-93b4-8da0968a541f,6,SAROHINDI PRIMARY SCHOOL
e4d80b30-151e-51b5-9f4f-18a3b82718e6,9,MANDERA,069e263f-e91b-53c2-ac85-9510d6a20eff,43,MANDERA EAST,95f69dde-4c0c-56b1-8cb7-79f400294012,211,ARABIA,27e096d0-ad1c-5da3-935a-1dfbd761b5fe,7,KAMAR BAHAWA
e4d80b30-151e-51b5-9f4f-18a3b82718e6,9,MANDERA,069e263f-e91b-53c2-ac85-9510d6a20eff,43,MANDERA EAST,95f69dde-4c0c-56b1-8cb7-79f400294012,211,ARABIA,7f128f1e-46d8-5c4a-81e9-9256ee3ca45a,8,KORJAB FARMS
e4d80b30-151e-51b5-9f4f-18a3b82718e6,9,MANDERA,069e263f-e91b-53c2-ac85-9510d6a20eff,43,MANDERA EAST,95f69dde-4c0c-56b1-8cb7-79f400294012,211,ARABIA,1590110f-2d2b-56cc-bcda-352726a56a69,9,BERAWYON FARMS
e4d80b30-151e-51b5-9f4f-18a3b82718e6,9,MANDERA,069e263f-e91b-53c2-ac85-9510d6a20eff,43,MANDERA EAST,95f69dde-4c0c-56b1-8cb7-79f400294012,211,ARABIA,b26e1d6e-7433-50e3-97c3-77fdc36efa8e,10,HEGALOW PRIMARY SCHOOL
e4d80b30-151e-51b5-9f4f-18a3b82718e6,9,MANDERA,069e263f-e91b-53c2-ac85-9510d6a20eff,43,MANDERA EAST,95f69dde-4c0c-56b1-8cb7-79f400294012,211,ARABIA,6b94971a-034f-5ccc-b914-caf26759455b,55,ARABIA BOYS SECONDARY SCHOOL
e4d80b30-151e-51b5-9f4f-18a3b82718e6,9,MANDERA,069e263f-e91b-53c2-ac85-9510d6a20eff,43,MANDERA EAST,174d7ad4-b8ab-563d-b0e4-02be08d54306,212,TOWNSHIP,f4ac0b0d-6b33-58a2-984b-5ba60a5e17d6,11,ALI IBRAHIM CENTRE
e4d80b30-151e-51b5-9f4f-18a3b82718e6,9,MANDERA,069e263f-e91b-53c2-ac85-9510d6a20eff,43,MANDERA EAST,174d7ad4-b8ab-563d-b0e4-02be08d54306,212,TOWNSHIP,e0325339-de7d-593a-a729-a6613550ac00,12,BULLA MPYA PRIMARY SCHOOL
e4d80b30-151e-51b5-9f4f-18a3b82718e6,9,MANDERA,069e263f-e91b-53c2-ac85-9510d6a20eff,43,MANDERA EAST,174d7ad4-b8ab-563d-b0e4-02be08d54306,212,TOWNSHIP,ffcb74b5-8cf2-5bfc-81e0-2be9e2de8390,13,BOKOLO DUSE CENTRE
e4d80b30-151e-51b5-9f4f-18a3b82718e6,9,MANDERA,069e263f-e91b-53c2-ac85-9510d6a20eff,43,MANDERA EAST,174d7ad4-b8ab-563d-b0e4-02be08d54306,212,TOWNSHIP,dd375d84-4a7b-59b8-a5a3-6ad09cede08a,14,KAMOR PRIMARY SCHOOL
e4d80b30-151e-51b5-9f4f-18a3b82718e6,9,MANDERA,069e263f-e91b-53c2-ac85-9510d6a20eff,43,MANDERA EAST,174d7ad4-b8ab-563d-b0e4-02be08d54306,212,TOWNSHIP,90d5380b-9bfa-5846-95f5-ac08c53e8c23,15,BARWAQO PRIMARY SCHOOL
e4d80b30-151e-51b5-9f4f-18a3b82718e6,9,MANDERA,069e263f-e91b-53c2-ac85-9510d6a20eff,43,MANDERA EAST,174d7ad4-b8ab-563d-b0e4-02be08d54306,212,TOWNSHIP,251608ff-3bee-5774-843e-ceb1e34d41bd,16,KHADIJA GIRLS PRIMARY SCHOOL
e4d80b30-151e-51b5-9f4f-18a3b82718e6,9,MANDERA,069e263f-e91b-53c2-ac85-9510d6a20eff,43,MANDERA EAST,174d7ad4-b8ab-563d-b0e4-02be08d54306,212,TOWNSHIP,88883f5a-9233-595e-aca9-781373409144,17,DUSE PRIMARY SCHOOL
e4d80b30-151e-51b5-9f4f-18a3b82718e6,9,MANDERA,069e263f-e91b-53c2-ac85-9510d6a20eff,43,MANDERA EAST,174d7ad4-b8ab-563d-b0e4-02be08d54306,212,TOWNSHIP,06ad6d54-cda8-5748-bea3-a1bdd5efa105,18,BORDER POINT 1
e4d80b30-151e-51b5-9f4f-18a3b82718e6,9,MANDERA,069e263f-e91b-53c2-ac85-9510d6a20eff,43,MANDERA EAST,174d7ad4-b8ab-563d-b0e4-02be08d54306,212,TOWNSHIP,5b1ada6c-ad06-51a5-9325-825d16018341,19,MANDERA VILLAGE POLY
e4d80b30-151e-51b5-9f4f-18a3b82718e6,9,MANDERA,069e263f-e91b-53c2-ac85-9510d6a20eff,43,MANDERA EAST,174d7ad4-b8ab-563d-b0e4-02be08d54306,212,TOWNSHIP,ad2fb38b-ac85-5167-bda3-679d46981e8d,20,TOWNSHIP PRIMARY SCHOOL
e4d80b30-151e-51b5-9f4f-18a3b82718e6,9,MANDERA,069e263f-e91b-53c2-ac85-9510d6a20eff,43,MANDERA EAST,174d7ad4-b8ab-563d-b0e4-02be08d54306,212,TOWNSHIP,044746d8-d29e-5328-b808-ad2738824537,21,BURUBURU PRIMARY SCHOOL
e4d80b30-151e-51b5-9f4f-18a3b82718e6,9,MANDERA,069e263f-e91b-53c2-ac85-9510d6a20eff,43,MANDERA EAST,174d7ad4-b8ab-563d-b0e4-02be08d54306,212,TOWNSHIP,9ef2f910-ef8a-5488-bdd8-d8dabd1a61a1,22,KOROMEY PRIMARY SCHOOL
e4d80b30-151e-51b5-9f4f-18a3b82718e6,9,MANDERA,069e263f-e91b-53c2-ac85-9510d6a20eff,43,MANDERA EAST,174d7ad4-b8ab-563d-b0e4-02be08d54306,212,TOWNSHIP,8a5e24ca-aef7-5d96-b05d-682fe8d9b3ac,56,BARWAQO BOYS SECONDARY SCHOOL
e4d80b30-151e-51b5-9f4f-18a3b82718e6,9,MANDERA,069e263f-e91b-53c2-ac85-9510d6a20eff,43,MANDERA EAST,174d7ad4-b8ab-563d-b0e4-02be08d54306,212,TOWNSHIP,90be5e7c-c02b-50cb-84d6-69a8577f8cdc,57,BURUBURU GIRLS SECONDARY SCHOOL
e4d80b30-151e-51b5-9f4f-18a3b82718e6,9,MANDERA,069e263f-e91b-53c2-ac85-9510d6a20eff,43,MANDERA EAST,174d7ad4-b8ab-563d-b0e4-02be08d54306,212,TOWNSHIP,2559bb05-fac7-52a3-bb66-dea02791277f,58,JUA KALI CENTRE
e4d80b30-151e-51b5-9f4f-18a3b82718e6,9,MANDERA,069e263f-e91b-53c2-ac85-9510d6a20eff,43,MANDERA EAST,d562d8ec-83a1-530f-bf56-55814e2d42fe,213,NEBOI,c33a23d4-bf66-5751-8915-11f01f5df092,23,LIVESTOCK MARKET
e4d80b30-151e-51b5-9f4f-18a3b82718e6,9,MANDERA,069e263f-e91b-53c2-ac85-9510d6a20eff,43,MANDERA EAST,d562d8ec-83a1-530f-bf56-55814e2d42fe,213,NEBOI,fe5b2834-ec05-5ad6-a4c8-610da1dc8816,24,NEBOI PRIMARY SCHOOL
e4d80b30-151e-51b5-9f4f-18a3b82718e6,9,MANDERA,069e263f-e91b-53c2-ac85-9510d6a20eff,43,MANDERA EAST,d562d8ec-83a1-530f-bf56-55814e2d42fe,213,NEBOI,9657665d-4279-593b-b818-76dc7c69900a,25,SHAFSHAFEY PRIMARY SCHOOL
e4d80b30-151e-51b5-9f4f-18a3b82718e6,9,MANDERA,069e263f-e91b-53c2-ac85-9510d6a20eff,43,MANDERA EAST,d562d8ec-83a1-530f-bf56-55814e2d42fe,213,NEBOI,ec0f4a5d-da1e-5771-b43d-cc5a2db2851f,26,D.E.B PRIMARY SCHOOL
e4d80b30-151e-51b5-9f4f-18a3b82718e6,9,MANDERA,069e263f-e91b-53c2-ac85-9510d6a20eff,43,MANDERA EAST,d562d8ec-83a1-530f-bf56-55814e2d42fe,213,NEBOI,084acde4-e878-5cde-b161-be7332e97cd6,27,BOYS TOWN
e4d80b30-151e-51b5-9f4f-18a3b82718e6,9,MANDERA,069e263f-e91b-53c2-ac85-9510d6a20eff,43,MANDERA EAST,d562d8ec-83a1-530f-bf56-55814e2d42fe,213,NEBOI,9e3ce4e8-e22e-518a-abd9-c687eb424f9b,28,MANDERA OPEN AIR MARKET
e4d80b30-151e-51b5-9f4f-18a3b82718e6,9,MANDERA,069e263f-e91b-53c2-ac85-9510d6a20eff,43,MANDERA EAST,d562d8ec-83a1-530f-bf56-55814e2d42fe,213,NEBOI,d31faf49-21d3-55f0-becf-e4f00b67ef5b,29,DAUA INTERGRATED
e4d80b30-151e-51b5-9f4f-18a3b82718e6,9,MANDERA,069e263f-e91b-53c2-ac85-9510d6a20eff,43,MANDERA EAST,d562d8ec-83a1-530f-bf56-55814e2d42fe,213,NEBOI,6cf65f40-ee40-5250-816e-b1831e811f2b,59,SHAFSHAFEY BOYS SECONDARY SCHOOL
e4d80b30-151e-51b5-9f4f-18a3b82718e6,9,MANDERA,069e263f-e91b-53c2-ac85-9510d6a20eff,43,MANDERA EAST,d562d8ec-83a1-530f-bf56-55814e2d42fe,213,NEBOI,ffb42edd-2ef8-5cff-9243-217020a87af9,60,TAWAKAL PRIMARY SCHOOL
e4d80b30-151e-51b5-9f4f-18a3b82718e6,9,MANDERA,069e263f-e91b-53c2-ac85-9510d6a20eff,43,MANDERA EAST,d562d8ec-83a1-530f-bf56-55814e2d42fe,213,NEBOI,2687e6f9-d552-5105-b1f6-b31780233bda,61,SOCIETY CENTRE
e4d80b30-151e-51b5-9f4f-18a3b82718e6,9,MANDERA,069e263f-e91b-53c2-ac85-9510d6a20eff,43,MANDERA EAST,09e4a0ea-05e8-5569-86b6-c66ca0724913,214,KHALALIO,040baf93-d70f-5a9a-bc34-007470e5b28c,30,HARERI HOSLE PRIMARY SCHOOL
e4d80b30-151e-51b5-9f4f-18a3b82718e6,9,MANDERA,069e263f-e91b-53c2-ac85-9510d6a20eff,43,MANDERA EAST,09e4a0ea-05e8-5569-86b6-c66ca0724913,214,KHALALIO,d90c05e8-d6c1-5ad7-9fbd-163e2b3db288,31,KAMOR ELLE PRIMARY SCHOOL
e4d80b30-151e-51b5-9f4f-18a3b82718e6,9,MANDERA,069e263f-e91b-53c2-ac85-9510d6a20eff,43,MANDERA EAST,09e4a0ea-05e8-5569-86b6-c66ca0724913,214,KHALALIO,b6df59a2-3ebf-5db1-bd30-17d63d32eb69,32,HARERI HOSLE MOBILE
e4d80b30-151e-51b5-9f4f-18a3b82718e6,9,MANDERA,069e263f-e91b-53c2-ac85-9510d6a20eff,43,MANDERA EAST,09e4a0ea-05e8-5569-86b6-c66ca0724913,214,KHALALIO,68004008-6247-5609-9355-98a99a5c0b95,33,GUDUDIYE PRIMARY SCHOOL
e4d80b30-151e-51b5-9f4f-18a3b82718e6,9,MANDERA,069e263f-e91b-53c2-ac85-9510d6a20eff,43,MANDERA EAST,09e4a0ea-05e8-5569-86b6-c66ca0724913,214,KHALALIO,45ece783-dcfb-58ac-9079-b570626c97ea,34,KHALALIO PRIMARY SCHOOL
e4d80b30-151e-51b5-9f4f-18a3b82718e6,9,MANDERA,069e263f-e91b-53c2-ac85-9510d6a20eff,43,MANDERA EAST,09e4a0ea-05e8-5569-86b6-c66ca0724913,214,KHALALIO,fa0b2ffe-8e2e-56ce-9331-e1fa82630c75,35,DARIKA PRIMARY SCHOOL
e4d80b30-151e-51b5-9f4f-18a3b82718e6,9,MANDERA,069e263f-e91b-53c2-ac85-9510d6a20eff,43,MANDERA EAST,09e4a0ea-05e8-5569-86b6-c66ca0724913,214,KHALALIO,d4fff807-92ba-50fd-aa04-1a27cc979712,36,BELLA PRIMARY SCHOOL
e4d80b30-151e-51b5-9f4f-18a3b82718e6,9,MANDERA,069e263f-e91b-53c2-ac85-9510d6a20eff,43,MANDERA EAST,09e4a0ea-05e8-5569-86b6-c66ca0724913,214,KHALALIO,0d42a7cb-bafa-5980-9047-17191dddecd3,37,KARO PRIMARY SCHOOL
e4d80b30-151e-51b5-9f4f-18a3b82718e6,9,MANDERA,069e263f-e91b-53c2-ac85-9510d6a20eff,43,MANDERA EAST,09e4a0ea-05e8-5569-86b6-c66ca0724913,214,KHALALIO,0f78670b-a2f8-5b85-af40-4864b6fd38d9,38,GARBAQOLEY PRIMARY SCHOOL
e4d80b30-151e-51b5-9f4f-18a3b82718e6,9,MANDERA,069e263f-e91b-53c2-ac85-9510d6a20eff,43,MANDERA EAST,09e4a0ea-05e8-5569-86b6-c66ca0724913,214,KHALALIO,4a895d2c-b032-5760-9fd4-2a347d71ad2e,39,GINGO NURSERY
e4d80b30-151e-51b5-9f4f-18a3b82718e6,9,MANDERA,069e263f-e91b-53c2-ac85-9510d6a20eff,43,MANDERA EAST,09e4a0ea-05e8-5569-86b6-c66ca0724913,214,KHALALIO,e3f0999f-c16d-570f-b214-d86b8ea4f267,40,LAMADID NURSERY
e4d80b30-151e-51b5-9f4f-18a3b82718e6,9,MANDERA,069e263f-e91b-53c2-ac85-9510d6a20eff,43,MANDERA EAST,09e4a0ea-05e8-5569-86b6-c66ca0724913,214,KHALALIO,3b0d67e3-d26a-5e88-9bec-f4aadfc0494b,41,MALKA GUDUDIYE
e4d80b30-151e-51b5-9f4f-18a3b82718e6,9,MANDERA,069e263f-e91b-53c2-ac85-9510d6a20eff,43,MANDERA EAST,09e4a0ea-05e8-5569-86b6-c66ca0724913,214,KHALALIO,f5c1c3ab-846f-5642-b689-a9c4699450bc,42,ADAN HIRSI PRIMARY SCHOOL
e4d80b30-151e-51b5-9f4f-18a3b82718e6,9,MANDERA,069e263f-e91b-53c2-ac85-9510d6a20eff,43,MANDERA EAST,09e4a0ea-05e8-5569-86b6-c66ca0724913,214,KHALALIO,435f3fb2-c351-580e-95b8-29604113125c,43,MATASAFARA CENTRE
e4d80b30-151e-51b5-9f4f-18a3b82718e6,9,MANDERA,069e263f-e91b-53c2-ac85-9510d6a20eff,43,MANDERA EAST,09e4a0ea-05e8-5569-86b6-c66ca0724913,214,KHALALIO,23d7fda4-b012-5be7-9021-c33577e7e4b3,44,BUR ABOR PRIMARY SCHOOL
e4d80b30-151e-51b5-9f4f-18a3b82718e6,9,MANDERA,069e263f-e91b-53c2-ac85-9510d6a20eff,43,MANDERA EAST,09e4a0ea-05e8-5569-86b6-c66ca0724913,214,KHALALIO,bd2c597a-fb79-5c0c-9505-f82939dab590,45,FIGHO PRIMARY SCHOOL
e4d80b30-151e-51b5-9f4f-18a3b82718e6,9,MANDERA,069e263f-e91b-53c2-ac85-9510d6a20eff,43,MANDERA EAST,09e4a0ea-05e8-5569-86b6-c66ca0724913,214,KHALALIO,827abfe7-fe2b-5f91-b56a-ecbccd8bda7f,46,BULLA HAJI PRIMARY SCHOOL
e4d80b30-151e-51b5-9f4f-18a3b82718e6,9,MANDERA,069e263f-e91b-53c2-ac85-9510d6a20eff,43,MANDERA EAST,09e4a0ea-05e8-5569-86b6-c66ca0724913,214,KHALALIO,a667089e-0f35-5983-b273-96803de3ef3e,62,KHALALIO GIRLS SECONDARY SCHOOL
e4d80b30-151e-51b5-9f4f-18a3b82718e6,9,MANDERA,069e263f-e91b-53c2-ac85-9510d6a20eff,43,MANDERA EAST,09e4a0ea-05e8-5569-86b6-c66ca0724913,214,KHALALIO,364b5716-3723-561c-87b5-398e7808da83,63,SHARIFF ILE PRIMARY SCHOOL
e4d80b30-151e-51b5-9f4f-18a3b82718e6,9,MANDERA,069e263f-e91b-53c2-ac85-9510d6a20eff,43,MANDERA EAST,09e4a0ea-05e8-5569-86b6-c66ca0724913,214,KHALALIO,37445c78-b19c-5df2-b661-741c25d5902b,64,GINGO MARKET
e4d80b30-151e-51b5-9f4f-18a3b82718e6,9,MANDERA,069e263f-e91b-53c2-ac85-9510d6a20eff,43,MANDERA EAST,be6cf035-b072-5139-bb7b-58c6dc932952,215,LIBEHIA,d44db565-ed2a-5323-8c8b-6579858cd348,47,ARESA PRIMARY SCHOOL
e4d80b30-151e-51b5-9f4f-18a3b82718e6,9,MANDERA,069e263f-e91b-53c2-ac85-9510d6a20eff,43,MANDERA EAST,be6cf035-b072-5139-bb7b-58c6dc932952,215,LIBEHIA,10aaec5e-1f3f-51a7-abfa-1021b8556326,48,HARERI PRIMARY SCHOOL
e4d80b30-151e-51b5-9f4f-18a3b82718e6,9,MANDERA,069e263f-e91b-53c2-ac85-9510d6a20eff,43,MANDERA EAST,be6cf035-b072-5139-bb7b-58c6dc932952,215,LIBEHIA,56c965aa-b717-5395-934e-4250769c253a,49,AMIN GUREY CENTER
e4d80b30-151e-51b5-9f4f-18a3b82718e6,9,MANDERA,069e263f-e91b-53c2-ac85-9510d6a20eff,43,MANDERA EAST,be6cf035-b072-5139-bb7b-58c6dc932952,215,LIBEHIA,03a8612f-8929-5943-b72a-8ef5dd919016,50,GUMBISO PRIMARY SCHOOL
e4d80b30-151e-51b5-9f4f-18a3b82718e6,9,MANDERA,069e263f-e91b-53c2-ac85-9510d6a20eff,43,MANDERA EAST,be6cf035-b072-5139-bb7b-58c6dc932952,215,LIBEHIA,d7d03a5d-7b33-5926-aa00-dcf35089e828,51,LIBEHIA PRIMARY SCHOOL
e4d80b30-151e-51b5-9f4f-18a3b82718e6,9,MANDERA,069e263f-e91b-53c2-ac85-9510d6a20eff,43,MANDERA EAST,be6cf035-b072-5139-bb7b-58c6dc932952,215,LIBEHIA,8e0525cf-0c75-5da9-ac9a-6569ecc1691b,52,QURADER SHALLOW WELLS
e4d80b30-151e-51b5-9f4f-18a3b82718e6,9,MANDERA,069e263f-e91b-53c2-ac85-9510d6a20eff,43,MANDERA EAST,be6cf035-b072-5139-bb7b-58c6dc932952,215,LIBEHIA,2c51eabe-6d6e-5d9d-8cb6-cc8752281a41,53,KAMOR BUHLOW
e4d80b30-151e-51b5-9f4f-18a3b82718e6,9,MANDERA,069e263f-e91b-53c2-ac85-9510d6a20eff,43,MANDERA EAST,be6cf035-b072-5139-bb7b-58c6dc932952,215,LIBEHIA,2395b468-5f07-5c54-b38e-7f45b0bd750f,54,QARARI SHALLOW WELLS
e4d80b30-151e-51b5-9f4f-18a3b82718e6,9,MANDERA,069e263f-e91b-53c2-ac85-9510d6a20eff,43,MANDERA EAST,be6cf035-b072-5139-bb7b-58c6dc932952,215,LIBEHIA,0c2abefa-0342-5785-bad0-39e4c7569653,65,ARESA GIRLS SECONDARY SCHOOL
e4d80b30-151e-51b5-9f4f-18a3b82718e6,9,MANDERA,069e263f-e91b-53c2-ac85-9510d6a20eff,43,MANDERA EAST,be6cf035-b072-5139-bb7b-58c6dc932952,215,LIBEHIA,8432361b-17bc-5193-9067-4ce7ed3d7bc7,66,HARERI MIXED SECONDARY SCHOOL
e4d80b30-151e-51b5-9f4f-18a3b82718e6,9,MANDERA,ffbaec0b-5b86-5833-8288-8619b06dbf96,44,LAFEY,4e0dcf5c-7181-55d5-8cfa-ad771a198f90,216,SALA,1a88637d-1d7d-52a7-9d00-bd940bcfa9e5,1,SALA PRIMARY SCHOOL
e4d80b30-151e-51b5-9f4f-18a3b82718e6,9,MANDERA,ffbaec0b-5b86-5833-8288-8619b06dbf96,44,LAFEY,4e0dcf5c-7181-55d5-8cfa-ad771a198f90,216,SALA,0eba7c6a-7d91-5985-805a-ee5ed2512f1d,2,QUALLA WATER POINT
e4d80b30-151e-51b5-9f4f-18a3b82718e6,9,MANDERA,ffbaec0b-5b86-5833-8288-8619b06dbf96,44,LAFEY,4e0dcf5c-7181-55d5-8cfa-ad771a198f90,216,SALA,7489f51b-8691-5de5-8668-758acd30cb37,3,JABI EAST CENTRE
e4d80b30-151e-51b5-9f4f-18a3b82718e6,9,MANDERA,ffbaec0b-5b86-5833-8288-8619b06dbf96,44,LAFEY,4e0dcf5c-7181-55d5-8cfa-ad771a198f90,216,SALA,c05d12db-4abf-5163-acb4-93e107852c96,30,MEYGAG PRIMARY SCHOOL
e4d80b30-151e-51b5-9f4f-18a3b82718e6,9,MANDERA,ffbaec0b-5b86-5833-8288-8619b06dbf96,44,LAFEY,934ef08e-8b1a-50e7-a0a0-5c2751c30568,217,FINO,e2cf8910-2f9d-51ba-a4c9-6af4646cd08b,4,FINO PRIMARY SCHOOL
e4d80b30-151e-51b5-9f4f-18a3b82718e6,9,MANDERA,ffbaec0b-5b86-5833-8288-8619b06dbf96,44,LAFEY,934ef08e-8b1a-50e7-a0a0-5c2751c30568,217,FINO,4f528f21-2ecf-5f7c-8376-3e1701dfd586,5,SHEIKH BARROW COMMUNITY HALL
e4d80b30-151e-51b5-9f4f-18a3b82718e6,9,MANDERA,ffbaec0b-5b86-5833-8288-8619b06dbf96,44,LAFEY,934ef08e-8b1a-50e7-a0a0-5c2751c30568,217,FINO,fa1acd23-b8e4-5cb7-9e1b-f32f456a90be,6,DAWA DUBA COMMUNITY HALL
e4d80b30-151e-51b5-9f4f-18a3b82718e6,9,MANDERA,ffbaec0b-5b86-5833-8288-8619b06dbf96,44,LAFEY,934ef08e-8b1a-50e7-a0a0-5c2751c30568,217,FINO,d5bd9836-3fe4-50b7-b6e5-ce88033fdb7b,7,WARTA AAD
e4d80b30-151e-51b5-9f4f-18a3b82718e6,9,MANDERA,ffbaec0b-5b86-5833-8288-8619b06dbf96,44,LAFEY,934ef08e-8b1a-50e7-a0a0-5c2751c30568,217,FINO,caa5fd40-abc3-52f7-a983-a535480671d9,8,DUNTOW
e4d80b30-151e-51b5-9f4f-18a3b82718e6,9,MANDERA,ffbaec0b-5b86-5833-8288-8619b06dbf96,44,LAFEY,934ef08e-8b1a-50e7-a0a0-5c2751c30568,217,FINO,49dbb533-2775-5138-9337-59e657a1d7c0,31,FINO YOUTH POLYTECHNIC
e4d80b30-151e-51b5-9f4f-18a3b82718e6,9,MANDERA,ffbaec0b-5b86-5833-8288-8619b06dbf96,44,LAFEY,934ef08e-8b1a-50e7-a0a0-5c2751c30568,217,FINO,4b83a01d-c44d-5c9f-93a5-6ba9ce4619d7,32,SHEIKH BARROW PRIMARY SCHOOL
e4d80b30-151e-51b5-9f4f-18a3b82718e6,9,MANDERA,ffbaec0b-5b86-5833-8288-8619b06dbf96,44,LAFEY,934ef08e-8b1a-50e7-a0a0-5c2751c30568,217,FINO,506b1f47-d173-5466-82ae-cbdb5a610f4a,33,BULLA MAALIM WATER POINT
e4d80b30-151e-51b5-9f4f-18a3b82718e6,9,MANDERA,ffbaec0b-5b86-5833-8288-8619b06dbf96,44,LAFEY,d51ab63f-fd35-55e8-8d2d-7ef0e5169d89,218,LAFEY,3423f4f5-e970-56a9-9e8c-daaab3d3decb,9,KABO PRIMARY SCHOOL
e4d80b30-151e-51b5-9f4f-18a3b82718e6,9,MANDERA,ffbaec0b-5b86-5833-8288-8619b06dbf96,44,LAFEY,d51ab63f-fd35-55e8-8d2d-7ef0e5169d89,218,LAFEY,9bac0053-2804-5a6c-9216-2c690db7c5b4,10,KAMOR LIBAN PRIMARY SCHOOL
e4d80b30-151e-51b5-9f4f-18a3b82718e6,9,MANDERA,ffbaec0b-5b86-5833-8288-8619b06dbf96,44,LAFEY,d51ab63f-fd35-55e8-8d2d-7ef0e5169d89,218,LAFEY,67833360-1c16-54ee-8028-3c1bd2682442,11,DAMASA CENTRE
e4d80b30-151e-51b5-9f4f-18a3b82718e6,9,MANDERA,ffbaec0b-5b86-5833-8288-8619b06dbf96,44,LAFEY,d51ab63f-fd35-55e8-8d2d-7ef0e5169d89,218,LAFEY,688ae8f1-bf0b-5e3c-a117-db924ff1e9e0,12,LAFEY PRIMARY SCHOOL
e4d80b30-151e-51b5-9f4f-18a3b82718e6,9,MANDERA,ffbaec0b-5b86-5833-8288-8619b06dbf96,44,LAFEY,d51ab63f-fd35-55e8-8d2d-7ef0e5169d89,218,LAFEY,746327a1-6ca2-5500-8309-258f7dbc74fd,13,QAHAREY PRIMARY SCHOOL
e4d80b30-151e-51b5-9f4f-18a3b82718e6,9,MANDERA,ffbaec0b-5b86-5833-8288-8619b06dbf96,44,LAFEY,d51ab63f-fd35-55e8-8d2d-7ef0e5169d89,218,LAFEY,16962538-61d8-578d-b14b-dd9b7de4eaa5,14,MANSA WATER POINT
e4d80b30-151e-51b5-9f4f-18a3b82718e6,9,MANDERA,ffbaec0b-5b86-5833-8288-8619b06dbf96,44,LAFEY,d51ab63f-fd35-55e8-8d2d-7ef0e5169d89,218,LAFEY,8d0bf9fb-bb8e-598c-99fa-4966439b5c2b,15,SAQO DAM
e4d80b30-151e-51b5-9f4f-18a3b82718e6,9,MANDERA,ffbaec0b-5b86-5833-8288-8619b06dbf96,44,LAFEY,d51ab63f-fd35-55e8-8d2d-7ef0e5169d89,218,LAFEY,2df37221-7d10-549b-b334-7fbd28c69999,16,HAYLOW DAM
e4d80b30-151e-51b5-9f4f-18a3b82718e6,9,MANDERA,ffbaec0b-5b86-5833-8288-8619b06dbf96,44,LAFEY,d51ab63f-fd35-55e8-8d2d-7ef0e5169d89,218,LAFEY,609a17e1-5fad-5969-a0e8-e63977d47740,34,LAFEY MARKET
e4d80b30-151e-51b5-9f4f-18a3b82718e6,9,MANDERA,ffbaec0b-5b86-5833-8288-8619b06dbf96,44,LAFEY,d51ab63f-fd35-55e8-8d2d-7ef0e5169d89,218,LAFEY,f5b89754-2d2e-53b7-b0ac-ba463eb786e2,35,NURUL YAQIN INTEGRATED
e4d80b30-151e-51b5-9f4f-18a3b82718e6,9,MANDERA,ffbaec0b-5b86-5833-8288-8619b06dbf96,44,LAFEY,d51ab63f-fd35-55e8-8d2d-7ef0e5169d89,218,LAFEY,4221da5a-215b-54e5-9964-b5d368451d83,36,DIGDAR PRIMARY SCHOOL
e4d80b30-151e-51b5-9f4f-18a3b82718e6,9,MANDERA,ffbaec0b-5b86-5833-8288-8619b06dbf96,44,LAFEY,d51ab63f-fd35-55e8-8d2d-7ef0e5169d89,218,LAFEY,ccb4b773-6312-5902-92fd-ab5b2314745a,37,LAFEY YOUTH POLYTECHNIC
e4d80b30-151e-51b5-9f4f-18a3b82718e6,9,MANDERA,ffbaec0b-5b86-5833-8288-8619b06dbf96,44,LAFEY,d51ab63f-fd35-55e8-8d2d-7ef0e5169d89,218,LAFEY,1026f27e-1bd5-5fde-b871-d8a46f55beeb,38,LAFEY BOYS SECONDARY SCHOOL
e4d80b30-151e-51b5-9f4f-18a3b82718e6,9,MANDERA,ffbaec0b-5b86-5833-8288-8619b06dbf96,44,LAFEY,d51ab63f-fd35-55e8-8d2d-7ef0e5169d89,218,LAFEY,6dcb9883-ae8c-5cb2-b2f8-972fa958f63a,39,KABO BOREHOLE
e4d80b30-151e-51b5-9f4f-18a3b82718e6,9,MANDERA,ffbaec0b-5b86-5833-8288-8619b06dbf96,44,LAFEY,913ac98a-8bb8-5636-9adf-d736a71e0ad4,219,WARANQARA,9e16685b-1214-5958-b0c4-19e0a0c8a69c,17,BAMBO PRIMARY SCHOOL
e4d80b30-151e-51b5-9f4f-18a3b82718e6,9,MANDERA,ffbaec0b-5b86-5833-8288-8619b06dbf96,44,LAFEY,913ac98a-8bb8-5636-9adf-d736a71e0ad4,219,WARANQARA,840c47b2-2429-5372-8763-7e0a235acc0d,18,BARMILLE CENTRE
e4d80b30-151e-51b5-9f4f-18a3b82718e6,9,MANDERA,ffbaec0b-5b86-5833-8288-8619b06dbf96,44,LAFEY,913ac98a-8bb8-5636-9adf-d736a71e0ad4,219,WARANQARA,ed015293-d93c-58dc-9b57-060084cccc2d,19,WARANQARA PRIMARY SCHOOL
e4d80b30-151e-51b5-9f4f-18a3b82718e6,9,MANDERA,ffbaec0b-5b86-5833-8288-8619b06dbf96,44,LAFEY,913ac98a-8bb8-5636-9adf-d736a71e0ad4,219,WARANQARA,c593f029-eac7-5de5-8f7c-5049f8ca7b7c,20,KAMOR FARDA WATER POINT
e4d80b30-151e-51b5-9f4f-18a3b82718e6,9,MANDERA,ffbaec0b-5b86-5833-8288-8619b06dbf96,44,LAFEY,913ac98a-8bb8-5636-9adf-d736a71e0ad4,219,WARANQARA,29b237b7-aaa8-517d-a9a0-6ebdd842835b,21,GARI PRIMARY SCHOOL
e4d80b30-151e-51b5-9f4f-18a3b82718e6,9,MANDERA,ffbaec0b-5b86-5833-8288-8619b06dbf96,44,LAFEY,913ac98a-8bb8-5636-9adf-d736a71e0ad4,219,WARANQARA,9c42daec-0bb1-5ff8-8353-d20ea8728163,22,SOGLE CENTRE
e4d80b30-151e-51b5-9f4f-18a3b82718e6,9,MANDERA,ffbaec0b-5b86-5833-8288-8619b06dbf96,44,LAFEY,913ac98a-8bb8-5636-9adf-d736a71e0ad4,219,WARANQARA,138b2ed6-9631-5aaa-8340-5aa5ddbb2f40,23,SAFO DAM
e4d80b30-151e-51b5-9f4f-18a3b82718e6,9,MANDERA,ffbaec0b-5b86-5833-8288-8619b06dbf96,44,LAFEY,913ac98a-8bb8-5636-9adf-d736a71e0ad4,219,WARANQARA,f753bdf3-f8a6-5b51-a08b-febc41a29fc0,24,KHEIRA ALI PRIMARY SCHOOL
e4d80b30-151e-51b5-9f4f-18a3b82718e6,9,MANDERA,ffbaec0b-5b86-5833-8288-8619b06dbf96,44,LAFEY,913ac98a-8bb8-5636-9adf-d736a71e0ad4,219,WARANQARA,7d819bfb-4525-5f32-ba78-c25910c59cad,25,HAREY CENTRE
e4d80b30-151e-51b5-9f4f-18a3b82718e6,9,MANDERA,ffbaec0b-5b86-5833-8288-8619b06dbf96,44,LAFEY,913ac98a-8bb8-5636-9adf-d736a71e0ad4,219,WARANQARA,feb5996a-76fe-5f57-ab8f-af56785a3b33,26,GOTHEY CENTER
e4d80b30-151e-51b5-9f4f-18a3b82718e6,9,MANDERA,ffbaec0b-5b86-5833-8288-8619b06dbf96,44,LAFEY,913ac98a-8bb8-5636-9adf-d736a71e0ad4,219,WARANQARA,be0f91da-5d7b-50e2-af4f-88ec4ac93447,40,GARI BOREHOLE
e4d80b30-151e-51b5-9f4f-18a3b82718e6,9,MANDERA,ffbaec0b-5b86-5833-8288-8619b06dbf96,44,LAFEY,913ac98a-8bb8-5636-9adf-d736a71e0ad4,219,WARANQARA,2471ab26-dd71-55dc-87c4-1585a917082c,41,AHMED ISSACK FARM
e4d80b30-151e-51b5-9f4f-18a3b82718e6,9,MANDERA,ffbaec0b-5b86-5833-8288-8619b06dbf96,44,LAFEY,913ac98a-8bb8-5636-9adf-d736a71e0ad4,219,WARANQARA,1e7be151-d5ad-579a-88dc-30fb7d057283,42,GABANO CENTRE
e4d80b30-151e-51b5-9f4f-18a3b82718e6,9,MANDERA,ffbaec0b-5b86-5833-8288-8619b06dbf96,44,LAFEY,913ac98a-8bb8-5636-9adf-d736a71e0ad4,219,WARANQARA,61048d32-65f1-5c16-a8fd-0f274f3ad40f,43,BASA JULUN
e4d80b30-151e-51b5-9f4f-18a3b82718e6,9,MANDERA,ffbaec0b-5b86-5833-8288-8619b06dbf96,44,LAFEY,5d3976d4-2d2e-52fc-b9a5-f73c14abac66,220,ALANGO GOF,2bd85843-e2e4-5e80-a8c6-d395a84213ae,27,ALUNGU GOF
e4d80b30-151e-51b5-9f4f-18a3b82718e6,9,MANDERA,ffbaec0b-5b86-5833-8288-8619b06dbf96,44,LAFEY,5d3976d4-2d2e-52fc-b9a5-f73c14abac66,220,ALANGO GOF,15aea489-8f76-5bfe-8155-190157b08a0a,28,ALUNGU PRIMARY SCHOOL
e4d80b30-151e-51b5-9f4f-18a3b82718e6,9,MANDERA,ffbaec0b-5b86-5833-8288-8619b06dbf96,44,LAFEY,5d3976d4-2d2e-52fc-b9a5-f73c14abac66,220,ALANGO GOF,13b81645-e196-5b81-b347-e5c221e7c789,29,YATHO CENTRE
e4d80b30-151e-51b5-9f4f-18a3b82718e6,9,MANDERA,ffbaec0b-5b86-5833-8288-8619b06dbf96,44,LAFEY,5d3976d4-2d2e-52fc-b9a5-f73c14abac66,220,ALANGO GOF,fb5bfb5f-160b-599e-945e-ef0476ed7e72,45,SHAABAN GEDI
e4d80b30-151e-51b5-9f4f-18a3b82718e6,9,MANDERA,ffbaec0b-5b86-5833-8288-8619b06dbf96,44,LAFEY,5d3976d4-2d2e-52fc-b9a5-f73c14abac66,220,ALANGO GOF,1a4519df-da90-58bf-9069-7bd19e2a0fe6,46,ALUNGU DAM
