0159d6c7-973f-5e7a-a9a0-d195d0ea6fe2,10,MARSABIT,ed80a5f6-4db6-5a0f-8839-49373cbded75,45,MOYALE,1ba64063-92a9-5c16-9559-7d62812debb8,221,BUTIYE,88785bf3-12df-558c-b22c-94eb112724ac,1,BORI PRIMARY SCHOOL
0159d6c7-973f-5e7a-a9a0-d195d0ea6fe2,10,MARSABIT,ed80a5f6-4db6-5a0f-8839-49373cbded75,45,MOYALE,1ba64063-92a9-5c16-9559-7d62812debb8,221,BUTIYE,377eca5c-619a-5803-8f28-071003119a31,2,KATE PRIMARY SCHOOL
0159d6c7-973f-5e7a-a9a0-d195d0ea6fe2,10,MARSABIT,ed80a5f6-4db6-5a0f-8839-49373cbded75,45,MOYALE,1ba64063-92a9-5c16-9559-7d62812debb8,221,BUTIYE,f07fc6d1-6012-5bdd-ace1-d63cdeabe39d,3,SOMARE PRIMARY SCHOOL
0159d6c7-973f-5e7a-a9a0-d195d0ea6fe2,10,MARSABIT,ed80a5f6-4db6-5a0f-8839-49373cbded75,45,MOYALE,1ba64063-92a9-5c16-9559-7d62812debb8,221,BUTIYE,c878feaa-bf18-5258-94bf-8a51195c4727,4,BUTIYE PRIMARY SCHOOL
0159d6c7-973f-5e7a-a9a0-d195d0ea6fe2,10,MARSABIT,ed80a5f6-4db6-5a0f-8839-49373cbded75,45,MOYALE,1ba64063-92a9-5c16-9559-7d62812debb8,221,BUTIYE,11ddbbbb-869d-500d-a721-c33bd1c967f0,5,MOYALE BOYS' SECONDARY SCHOOL
0159d6c7-973f-5e7a-a9a0-d195d0ea6fe2,10,MARSABIT,ed80a5f6-4db6-5a0f-8839-49373cbded75,45,MOYALE,1ba64063-92a9-5c16-9559-7d62812debb8,221,BUTIYE,ed55eda0-dfb5-5e43-8d14-5efb6f6b4216,6,DADACHA LAKOLE PRIMARY SCHOOL
0159d6c7-973f-5e7a-a9a0-d195d0ea6fe2,10,MARSABIT,ed80a5f6-4db6-5a0f-8839-49373cbded75,45,MOYALE,1ba64063-92a9-5c16-9559-7d62812debb8,221,BUTIYE,ba87cf3c-943e-50c4-862e-8bcf50f5880c,7,KURAA MANYATTA CENTRE
0159d6c7-973f-5e7a-a9a0-d195d0ea6fe2,10,MARSABIT,ed80a5f6-4db6-5a0f-8839-49373cbded75,45,MOYALE,1ba64063-92a9-5c16-9559-7d62812debb8,221,BUTIYE,56e68ee3-df40-57cb-8790-2bbfdca888f8,8,MALKA DHOKE MOBILE
0159d6c7-973f-5e7a-a9a0-d195d0ea6fe2,10,MARSABIT,ed80a5f6-4db6-5a0f-8839-49373cbded75,45,MOYALE,1ba64063-92a9-5c16-9559-7d62812debb8,221,BUTIYE,430a9b6b-96c2-5a90-8a89-7f9b13c9a44e,9,QILTA PRIMARY SCHOOL
0159d6c7-973f-5e7a-a9a0-d195d0ea6fe2,10,MARSABIT,ed80a5f6-4db6-5a0f-8839-49373cbded75,45,MOYALE,1ba64063-92a9-5c16-9559-7d62812debb8,221,BUTIYE,e443d0c5-c40e-5539-a186-3ca690e16682,10,BUTIYE NURSERY SCHOOL
0159d6c7-973f-5e7a-a9a0-d195d0ea6fe2,10,MARSABIT,ed80a5f6-4db6-5a0f-8839-49373cbded75,45,MOYALE,1ba64063-92a9-5c16-9559-7d62812debb8,221,BUTIYE,be715a76-ed11-5fc7-bfa2-7fd739e2ce20,11,TESO PRIMARY SCHOOL
0159d6c7-973f-5e7a-a9a0-d195d0ea6fe2,10,MARSABIT,ed80a5f6-4db6-5a0f-8839-49373cbded75,45,MOYALE,1ba64063-92a9-5c16-9559-7d62812debb8,221,BUTIYE,7ba4cca4-60ca-5b5d-abdf-74b10afe966e,12,AROSA PRIMARY SCHOOL
0159d6c7-973f-5e7a-a9a0-d195d0ea6fe2,10,MARSABIT,ed80a5f6-4db6-5a0f-8839-49373cbded75,45,MOYALE,1ba64063-92a9-5c16-9559-7d62812debb8,221,BUTIYE,539c8f67-df76-500c-bd1e-0e40d7623ff5,13,MANQATTA MOBILE
0159d6c7-973f-5e7a-a9a0-d195d0ea6fe2,10,MARSABIT,ed80a5f6-4db6-5a0f-8839-49373cbded75,45,MOYALE,1ba64063-92a9-5c16-9559-7d62812debb8,221,BUTIYE,f9ba58fb-1b20-5755-a8a0-a824d19eb206,100,MAEYI NURSERY
0159d6c7-973f-5e7a-a9a0-d195d0ea6fe2,10,MARSABIT,ed80a5f6-4db6-5a0f-8839-49373cbded75,45,MOYALE,a0612fe3-50f0-57ce-8a2d-bdabaf88a276,222,SOLOLO,f9a86916-66d0-563c-b12e-bc00a497d66f,14,SOLOLO PRIMARY SCHOOL
0159d6c7-973f-5e7a-a9a0-d195d0ea6fe2,10,MARSABIT,ed80a5f6-4db6-5a0f-8839-49373cbded75,45,MOYALE,a0612fe3-50f0-57ce-8a2d-bdabaf88a276,222,SOLOLO,0f552cb1-31e6-5940-af1d-aba76b7ffd81,15,MADO ADI PRIMARY SCHOOL
0159d6c7-973f-5e7a-a9a0-d195d0ea6fe2,10,MARSABIT,ed80a5f6-4db6-5a0f-8839-49373cbded75,45,MOYALE,a0612fe3-50f0-57ce-8a2d-bdabaf88a276,222,SOLOLO,0b0839ef-606a-5d98-a79f-40a5f6278910,16,WAYE-GODHA PRIMARY SCHOOL
0159d6c7-973f-5e7a-a9a0-d195d0ea6fe2,10,MARSABIT,ed80a5f6-4db6-5a0f-8839-49373cbded75,45,MOYALE,a0612fe3-50f0-57ce-8a2d-bdabaf88a276,222,SOLOLO,53f3b205-0929-59be-98e9-f898ad89a287,17,ANONA PRIMARY SCHOOL
0159d6c7-973f-5e7a-a9a0-d195d0ea6fe2,10,MARSABIT,ed80a5f6-4db6-5a0f-8839-49373cbded75,45,MOYALE,a0612fe3-50f0-57ce-8a2d-bdabaf88a276,222,SOLOLO,e78996e9-2f11-5d54-a18c-e881dd11a729,18,SOLOLO SECONDARY SCHOOL
0159d6c7-973f-5e7a-a9a0-d195d0ea6fe2,10,MARSABIT,ed80a5f6-4db6-5a0f-8839-49373cbded75,45,MOYALE,a0612fe3-50f0-57ce-8a2d-bdabaf88a276,222,SOLOLO,156c873a-4c4c-5a85-b1c9-3e4b6c66f65e,19,RAMOLE PRIMARY SCHOOL
0159d6c7-973f-5e7a-a9a0-d195d0ea6fe2,10,MARSABIT,ed80a5f6-4db6-5a0f-8839-49373cbded75,45,MOYALE,a0612fe3-50f0-57ce-8a2d-bdabaf88a276,222,SOLOLO,68a7258b-a071-5891-b540-6c1a4d5eff0f,20,SOLOLO WOMEN GROUP CENTRE
0159d6c7-973f-5e7a-a9a0-d195d0ea6fe2,10,MARSABIT,ed80a5f6-4db6-5a0f-8839-49373cbded75,45,MOYALE,a0612fe3-50f0-57ce-8a2d-bdabaf88a276,222,SOLOLO,231020c8-5906-533e-aec6-3c88a2467445,21,GODA LOKO VILLAGE CENTRE
0159d6c7-973f-5e7a-a9a0-d195d0ea6fe2,10,MARSABIT,ed80a5f6-4db6-5a0f-8839-49373cbded75,45,MOYALE,a0612fe3-50f0-57ce-8a2d-bdabaf88a276,222,SOLOLO,81bfef48-5432-5a6a-b40d-e18ce122ab2a,22,MATA SADEN MOBILE
0159d6c7-973f-5e7a-a9a0-d195d0ea6fe2,10,MARSABIT,ed80a5f6-4db6-5a0f-8839-49373cbded75,45,MOYALE,a0612fe3-50f0-57ce-8a2d-bdabaf88a276,222,SOLOLO,d887982e-8a1c-5e71-8a90-134dd71de860,23,ABBO MANYATTA CENTRE
0159d6c7-973f-5e7a-a9a0-d195d0ea6fe2,10,MARSABIT,ed80a5f6-4db6-5a0f-8839-49373cbded75,45,MOYALE,a0612fe3-50f0-57ce-8a2d-bdabaf88a276,222,SOLOLO,fa0ada9b-26f8-5567-bfef-1d1f3853cf98,24,ANONA NURSERY SCHOOL
0159d6c7-973f-5e7a-a9a0-d195d0ea6fe2,10,MARSABIT,ed80a5f6-4db6-5a0f-8839-49373cbded75,45,MOYALE,a0612fe3-50f0-57ce-8a2d-bdabaf88a276,222,SOLOLO,fc2ea8aa-2ee5-5922-8c38-efde650a6c5c,25,SOLOLO MADRASA
0159d6c7-973f-5e7a-a9a0-d195d0ea6fe2,10,MARSABIT,ed80a5f6-4db6-5a0f-8839-49373cbded75,45,MOYALE,a0612fe3-50f0-57ce-8a2d-bdabaf88a276,222,SOLOLO,fe9b905b-ceb8-5aa6-9c0b-1a4a8efb95b6,26,ARIA MOBILE
0159d6c7-973f-5e7a-a9a0-d195d0ea6fe2,10,MARSABIT,ed80a5f6-4db6-5a0f-8839-49373cbded75,45,MOYALE,a0612fe3-50f0-57ce-8a2d-bdabaf88a276,222,SOLOLO,207a2c42-7d14-5b75-8c0e-5009768a7652,101,DR. GURACHA MEMORIAL GIRLS SCHOOL
0159d6c7-973f-5e7a-a9a0-d195d0ea6fe2,10,MARSABIT,ed80a5f6-4db6-5a0f-8839-49373cbded75,45,MOYALE,a0612fe3-50f0-57ce-8a2d-bdabaf88a276,222,SOLOLO,f5af1150-008c-5bbb-939f-263ccf2071e3,102,OBBU TECHNICAL
0159d6c7-973f-5e7a-a9a0-d195d0ea6fe2,10,MARSABIT,ed80a5f6-4db6-5a0f-8839-49373cbded75,45,MOYALE,867fb44d-564f-52b3-b187-f7e0c9e9811a,223,HEILLU/MANYATTA,0d50f302-763b-52b2-8a48-cf14fd8caf58,27,MANYATTA BURJI MADRASSA
0159d6c7-973f-5e7a-a9a0-d195d0ea6fe2,10,MARSABIT,ed80a5f6-4db6-5a0f-8839-49373cbded75,45,MOYALE,867fb44d-564f-52b3-b187-f7e0c9e9811a,223,HEILLU/MANYATTA,c35b95c6-b3f7-55c1-9c44-c2814a64c167,28,ST.MARY'S PRIMARY SCHOOL
0159d6c7-973f-5e7a-a9a0-d195d0ea6fe2,10,MARSABIT,ed80a5f6-4db6-5a0f-8839-49373cbded75,45,MOYALE,867fb44d-564f-52b3-b187-f7e0c9e9811a,223,HEILLU/MANYATTA,469e57cd-3636-5570-a578-047f9a05f311,29,HEILU PRIMARY SCHOOL
0159d6c7-973f-5e7a-a9a0-d195d0ea6fe2,10,MARSABIT,ed80a5f6-4db6-5a0f-8839-49373cbded75,45,MOYALE,867fb44d-564f-52b3-b187-f7e0c9e9811a,223,HEILLU/MANYATTA,7611a1e9-4cf2-57ef-bdb6-5fca9be3fb87,30,MANSILE PRIMARY SCHOOL
0159d6c7-973f-5e7a-a9a0-d195d0ea6fe2,10,MARSABIT,ed80a5f6-4db6-5a0f-8839-49373cbded75,45,MOYALE,867fb44d-564f-52b3-b187-f7e0c9e9811a,223,HEILLU/MANYATTA,536e4c33-5809-5175-8769-0132ae880054,31,KINISA PRIMARY SCHOOL
0159d6c7-973f-5e7a-a9a0-d195d0ea6fe2,10,MARSABIT,ed80a5f6-4db6-5a0f-8839-49373cbded75,45,MOYALE,867fb44d-564f-52b3-b187-f7e0c9e9811a,223,HEILLU/MANYATTA,0c7175aa-3c96-5e17-a46b-eedf95ec160f,32,K/RASHIDIN PRIMARY SCHOOL
0159d6c7-973f-5e7a-a9a0-d195d0ea6fe2,10,MARSABIT,ed80a5f6-4db6-5a0f-8839-49373cbded75,45,MOYALE,867fb44d-564f-52b3-b187-f7e0c9e9811a,223,HEILLU/MANYATTA,76dafcc4-412f-5b79-8d2a-6d8a0d49807f,33,HEILU NURSERY SCHOOL
0159d6c7-973f-5e7a-a9a0-d195d0ea6fe2,10,MARSABIT,ed80a5f6-4db6-5a0f-8839-49373cbded75,45,MOYALE,867fb44d-564f-52b3-b187-f7e0c9e9811a,223,HEILLU/MANYATTA,7664f358-e05e-55fa-845a-91ad642aacda,34,MANYATTA PRIMARY SCHOOL
0159d6c7-973f-5e7a-a9a0-d195d0ea6fe2,10,MARSABIT,ed80a5f6-4db6-5a0f-8839-49373cbded75,45,MOYALE,867fb44d-564f-52b3-b187-f7e0c9e9811a,223,HEILLU/MANYATTA,c2f4828d-8e00-5ff2-84a3-6a06c276acd2,35,FATUL BAHRI MADRASA
0159d6c7-973f-5e7a-a9a0-d195d0ea6fe2,10,MARSABIT,ed80a5f6-4db6-5a0f-8839-49373cbded75,45,MOYALE,867fb44d-564f-52b3-b187-f7e0c9e9811a,223,HEILLU/MANYATTA,59c96f74-118b-5b9f-bd1b-0d3d12a90083,36,HEILU SOCIAL HALL
0159d6c7-973f-5e7a-a9a0-d195d0ea6fe2,10,MARSABIT,ed80a5f6-4db6-5a0f-8839-49373cbded75,45,MOYALE,867fb44d-564f-52b3-b187-f7e0c9e9811a,223,HEILLU/MANYATTA,75689270-0045-5603-ac80-b51deb536b49,37,MOYALE GIRLS SECONDARY SCHOOL
0159d6c7-973f-5e7a-a9a0-d195d0ea6fe2,10,MARSABIT,ed80a5f6-4db6-5a0f-8839-49373cbded75,45,MOYALE,867fb44d-564f-52b3-b187-f7e0c9e9811a,223,HEILLU/MANYATTA,86d5cae1-e034-5cf4-bebb-f626ad721553,38,FUNAN DIMO MANYATTA CENTRE
0159d6c7-973f-5e7a-a9a0-d195d0ea6fe2,10,MARSABIT,ed80a5f6-4db6-5a0f-8839-49373cbded75,45,MOYALE,455d3dfa-9d3b-5498-b960-94c65345d5b1,224,GOLBO,3b6a62f3-9909-5380-aa13-4943c2f644ff,39,ODDA PRIMARY SCHOOL
0159d6c7-973f-5e7a-a9a0-d195d0ea6fe2,10,MARSABIT,ed80a5f6-4db6-5a0f-8839-49373cbded75,45,MOYALE,455d3dfa-9d3b-5498-b960-94c65345d5b1,224,GOLBO,40339cea-c628-5b95-a748-3966a7e57427,40,HADESA NURSERY SCHOOL
0159d6c7-973f-5e7a-a9a0-d195d0ea6fe2,10,MARSABIT,ed80a5f6-4db6-5a0f-8839-49373cbded75,45,MOYALE,455d3dfa-9d3b-5498-b960-94c65345d5b1,224,GOLBO,9e418aee-61ad-59a7-9145-467998f4d84f,41,FUNAN NYATTA PRIMARY SCHOOL
0159d6c7-973f-5e7a-a9a0-d195d0ea6fe2,10,MARSABIT,ed80a5f6-4db6-5a0f-8839-49373cbded75,45,MOYALE,455d3dfa-9d3b-5498-b960-94c65345d5b1,224,GOLBO,44bf97e2-40f4-56f0-97e4-54e51c77a861,42,NANA PRIMARY SCHOOL
0159d6c7-973f-5e7a-a9a0-d195d0ea6fe2,10,MARSABIT,ed80a5f6-4db6-5a0f-8839-49373cbded75,45,MOYALE,455d3dfa-9d3b-5498-b960-94c65345d5b1,224,GOLBO,1dd3c8da-444e-5377-9171-5232400121c7,43,YABALO PRIMARY SCHOOL
0159d6c7-973f-5e7a-a9a0-d195d0ea6fe2,10,MARSABIT,ed80a5f6-4db6-5a0f-8839-49373cbded75,45,MOYALE,455d3dfa-9d3b-5498-b960-94c65345d5b1,224,GOLBO,a9a74554-f356-5222-833a-4a80362ce5a6,44,GODOMA PRIMARY SCHOOL
0159d6c7-973f-5e7a-a9a0-d195d0ea6fe2,10,MARSABIT,ed80a5f6-4db6-5a0f-8839-49373cbded75,45,MOYALE,455d3dfa-9d3b-5498-b960-94c65345d5b1,224,GOLBO,f0f675de-0917-5bc5-818b-5b1cfe1c98ea,45,GODOMA DIKO PRIMARY SCHOOL
0159d6c7-973f-5e7a-a9a0-d195d0ea6fe2,10,MARSABIT,ed80a5f6-4db6-5a0f-8839-49373cbded75,45,MOYALE,455d3dfa-9d3b-5498-b960-94c65345d5b1,224,GOLBO,c240c3a4-a6f4-5723-92fe-6a2b050108cc,46,GOLLA CENTRE
0159d6c7-973f-5e7a-a9a0-d195d0ea6fe2,10,MARSABIT,ed80a5f6-4db6-5a0f-8839-49373cbded75,45,MOYALE,455d3dfa-9d3b-5498-b960-94c65345d5b1,224,GOLBO,8561134a-03f1-5f90-9562-868d9bda4e5d,47,DABEL PRIMARY SCHOOL
0159d6c7-973f-5e7a-a9a0-d195d0ea6fe2,10,MARSABIT,ed80a5f6-4db6-5a0f-8839-49373cbded75,45,MOYALE,455d3dfa-9d3b-5498-b960-94c65345d5b1,224,GOLBO,95a07861-45d5-5a2b-9f5f-31b1db9aa5c4,48,DIRR DIMA PRIMARY SCHOOL
0159d6c7-973f-5e7a-a9a0-d195d0ea6fe2,10,MARSABIT,ed80a5f6-4db6-5a0f-8839-49373cbded75,45,MOYALE,455d3dfa-9d3b-5498-b960-94c65345d5b1,224,GOLBO,f2ff8e3f-109d-5b94-a063-8a913d9a2deb,49,ODDA DISPENSARY
0159d6c7-973f-5e7a-a9a0-d195d0ea6fe2,10,MARSABIT,ed80a5f6-4db6-5a0f-8839-49373cbded75,45,MOYALE,455d3dfa-9d3b-5498-b960-94c65345d5b1,224,GOLBO,b6df60dd-b47c-5c34-ab48-ccd6d388aff6,50,FUNAN NYATTA WATER POINT
0159d6c7-973f-5e7a-a9a0-d195d0ea6fe2,10,MARSABIT,ed80a5f6-4db6-5a0f-8839-49373cbded75,45,MOYALE,455d3dfa-9d3b-5498-b960-94c65345d5b1,224,GOLBO,e3ae270c-5990-59d9-94bd-71351ad92825,51,NANA BORE HOLE
0159d6c7-973f-5e7a-a9a0-d195d0ea6fe2,10,MARSABIT,ed80a5f6-4db6-5a0f-8839-49373cbded75,45,MOYALE,455d3dfa-9d3b-5498-b960-94c65345d5b1,224,GOLBO,4c885af9-cbb9-56fd-a73b-e7fa75bd6d5a,52,WALENSU TAKA MOBILE
0159d6c7-973f-5e7a-a9a0-d195d0ea6fe2,10,MARSABIT,ed80a5f6-4db6-5a0f-8839-49373cbded75,45,MOYALE,455d3dfa-9d3b-5498-b960-94c65345d5b1,224,GOLBO,10fa87a8-18ae-552e-a403-729dd9db7ba1,53,GUYO TIMO NURSERY SCHOOL
0159d6c7-973f-5e7a-a9a0-d195d0ea6fe2,10,MARSABIT,ed80a5f6-4db6-5a0f-8839-49373cbded75,45,MOYALE,455d3dfa-9d3b-5498-b960-94c65345d5b1,224,GOLBO,ad204396-8609-525b-b53d-5eac999a87f2,54,DABEL WATER POINT
0159d6c7-973f-5e7a-a9a0-d195d0ea6fe2,10,MARSABIT,ed80a5f6-4db6-5a0f-8839-49373cbded75,45,MOYALE,455d3dfa-9d3b-5498-b960-94c65345d5b1,224,GOLBO,54775e73-ef72-5be1-b649-013f71b34874,55,ILADU NURSERY SCHOOL
0159d6c7-973f-5e7a-a9a0-d195d0ea6fe2,10,MARSABIT,ed80a5f6-4db6-5a0f-8839-49373cbded75,45,MOYALE,455d3dfa-9d3b-5498-b960-94c65345d5b1,224,GOLBO,bb5f6878-6bc0-562e-8084-d0d231183c82,56,WATITI PRIMARY SCHOOL
0159d6c7-973f-5e7a-a9a0-d195d0ea6fe2,10,MARSABIT,ed80a5f6-4db6-5a0f-8839-49373cbded75,45,MOYALE,455d3dfa-9d3b-5498-b960-94c65345d5b1,224,GOLBO,954c0aee-65c4-547d-8a78-357ff00d1116,57,QALALIWE CENTRE
0159d6c7-973f-5e7a-a9a0-d195d0ea6fe2,10,MARSABIT,ed80a5f6-4db6-5a0f-8839-49373cbded75,45,MOYALE,455d3dfa-9d3b-5498-b960-94c65345d5b1,224,GOLBO,d83e914b-f26b-50a1-b5f0-76080185b875,58,MISSA CENTRE
0159d6c7-973f-5e7a-a9a0-d195d0ea6fe2,10,MARSABIT,ed80a5f6-4db6-5a0f-8839-49373cbded75,45,MOYALE,455d3dfa-9d3b-5498-b960-94c65345d5b1,224,GOLBO,8561d74c-ad61-55e0-87e8-cf07d54f6cc7,103,QOMQOM PRIMARY SCHOOL
0159d6c7-973f-5e7a-a9a0-d195d0ea6fe2,10,MARSABIT,ed80a5f6-4db6-5a0f-8839-49373cbded75,45,MOYALE,455d3dfa-9d3b-5498-b960-94c65345d5b1,224,GOLBO,2713ea0b-e7a8-551c-a553-556888d8da17,104,GARSE NURSERY SCHOOL
0159d6c7-973f-5e7a-a9a0-d195d0ea6fe2,10,MARSABIT,ed80a5f6-4db6-5a0f-8839-49373cbded75,45,MOYALE,455d3dfa-9d3b-5498-b960-94c65345d5b1,224,GOLBO,fcbcdf6c-e608-5b0d-91a9-e2fb76b4600d,105,GODHE NURSERY SCHOOL
0159d6c7-973f-5e7a-a9a0-d195d0ea6fe2,10,MARSABIT,ed80a5f6-4db6-5a0f-8839-49373cbded75,45,MOYALE,455d3dfa-9d3b-5498-b960-94c65345d5b1,224,GOLBO,0d5af296-b6ba-54ad-9aad-9a3d8a30486f,106,QOLOBA PRIMARY SCHOOL
0159d6c7-973f-5e7a-a9a0-d195d0ea6fe2,10,MARSABIT,ed80a5f6-4db6-5a0f-8839-49373cbded75,45,MOYALE,fde909c5-14b0-5ac4-bb8a-9b358e4aaa94,225,MOYALE TOWNSHIP,f2c7f12d-93b4-5b43-a417-4a87aab02643,59,MOYALE PRIMARY SCHOOL
0159d6c7-973f-5e7a-a9a0-d195d0ea6fe2,10,MARSABIT,ed80a5f6-4db6-5a0f-8839-49373cbded75,45,MOYALE,fde909c5-14b0-5ac4-bb8a-9b358e4aaa94,225,MOYALE TOWNSHIP,920feff8-baed-5291-a244-fbe783fd5013,60,AL HUDA PRIMARY SCHOOL
0159d6c7-973f-5e7a-a9a0-d195d0ea6fe2,10,MARSABIT,ed80a5f6-4db6-5a0f-8839-49373cbded75,45,MOYALE,fde909c5-14b0-5ac4-bb8a-9b358e4aaa94,225,MOYALE TOWNSHIP,750c77a2-04aa-5773-a747-8ed784769fc4,61,OLD HOSPITAL HALL
0159d6c7-973f-5e7a-a9a0-d195d0ea6fe2,10,MARSABIT,ed80a5f6-4db6-5a0f-8839-49373cbded75,45,MOYALE,fde909c5-14b0-5ac4-bb8a-9b358e4aaa94,225,MOYALE TOWNSHIP,d94fd4e5-6847-5317-a9da-aa33494c86b1,62,BARAZA PARK
0159d6c7-973f-5e7a-a9a0-d195d0ea6fe2,10,MARSABIT,ed80a5f6-4db6-5a0f-8839-49373cbded75,45,MOYALE,fde909c5-14b0-5ac4-bb8a-9b358e4aaa94,225,MOYALE TOWNSHIP,ec31473e-5fce-5f2f-b790-4745aec32fb8,63,ITISAM MADRASA
0159d6c7-973f-5e7a-a9a0-d195d0ea6fe2,10,MARSABIT,ed80a5f6-4db6-5a0f-8839-49373cbded75,45,MOYALE,fde909c5-14b0-5ac4-bb8a-9b358e4aaa94,225,MOYALE TOWNSHIP,606b135a-c686-5d8c-b713-b562e9cfad19,64,MOYALE MADRASA
0159d6c7-973f-5e7a-a9a0-d195d0ea6fe2,10,MARSABIT,ed80a5f6-4db6-5a0f-8839-49373cbded75,45,MOYALE,fde909c5-14b0-5ac4-bb8a-9b358e4aaa94,225,MOYALE TOWNSHIP,a6f04279-48e4-5224-ac6b-456f4a37b9a9,65,SESSI PRIMARY SCHOOL
0159d6c7-973f-5e7a-a9a0-d195d0ea6fe2,10,MARSABIT,ed80a5f6-4db6-5a0f-8839-49373cbded75,45,MOYALE,fde909c5-14b0-5ac4-bb8a-9b358e4aaa94,225,MOYALE TOWNSHIP,3f7149f1-e679-5713-ba8c-3b1201bdb9b0,66,MUSLIM PRIMARY SCHOOL
0159d6c7-973f-5e7a-a9a0-d195d0ea6fe2,10,MARSABIT,ed80a5f6-4db6-5a0f-8839-49373cbded75,45,MOYALE,fde909c5-14b0-5ac4-bb8a-9b358e4aaa94,225,MOYALE TOWNSHIP,4992f3db-93fb-5b8b-b015-40357d51c553,107,AL AMIN MADRASA
0159d6c7-973f-5e7a-a9a0-d195d0ea6fe2,10,MARSABIT,ed80a5f6-4db6-5a0f-8839-49373cbded75,45,MOYALE,fde909c5-14b0-5ac4-bb8a-9b358e4aaa94,225,MOYALE TOWNSHIP,841df29c-c6e9-5a8c-8943-0ee3f6ae9883,108,TAQWA MADRASA
0159d6c7-973f-5e7a-a9a0-d195d0ea6fe2,10,MARSABIT,ed80a5f6-4db6-5a0f-8839-49373cbded75,45,MOYALE,fde909c5-14b0-5ac4-bb8a-9b358e4aaa94,225,MOYALE TOWNSHIP,9db7fe8c-391a-50e0-88e3-43ec6b08ac24,109,GURUMESA DISPENSARY
0159d6c7-973f-5e7a-a9a0-d195d0ea6fe2,10,MARSABIT,ed80a5f6-4db6-5a0f-8839-49373cbded75,45,MOYALE,ce5fe7a9-2367-59e7-8883-3c9168dadcd8,226,URAN,870bca3c-2281-55bd-8b58-e84769e766d3,67,WALDA PRIMARY SCHOOL
0159d6c7-973f-5e7a-a9a0-d195d0ea6fe2,10,MARSABIT,ed80a5f6-4db6-5a0f-8839-49373cbded75,45,MOYALE,ce5fe7a9-2367-59e7-8883-3c9168dadcd8,226,URAN,187b86ad-b678-5666-9302-f334d4208236,68,RAWANA PRIMARY SCHOOL
0159d6c7-973f-5e7a-a9a0-d195d0ea6fe2,10,MARSABIT,ed80a5f6-4db6-5a0f-8839-49373cbded75,45,MOYALE,ce5fe7a9-2367-59e7-8883-3c9168dadcd8,226,URAN,b3606f4b-19fa-50b0-aa74-e2aeb266a737,69,ELLE BORA PRIMARY SCHOOL
0159d6c7-973f-5e7a-a9a0-d195d0ea6fe2,10,MARSABIT,ed80a5f6-4db6-5a0f-8839-49373cbded75,45,MOYALE,ce5fe7a9-2367-59e7-8883-3c9168dadcd8,226,URAN,f8077c79-f456-5cbd-aaf3-4aa72d46f9bb,70,URAN NURSERY SCHOOL
0159d6c7-973f-5e7a-a9a0-d195d0ea6fe2,10,MARSABIT,ed80a5f6-4db6-5a0f-8839-49373cbded75,45,MOYALE,ce5fe7a9-2367-59e7-8883-3c9168dadcd8,226,URAN,53dafc5e-9fd2-5803-a9fa-b7e0c2ece17c,71,URAN PRIMARY SCHOOL
0159d6c7-973f-5e7a-a9a0-d195d0ea6fe2,10,MARSABIT,ed80a5f6-4db6-5a0f-8839-49373cbded75,45,MOYALE,ce5fe7a9-2367-59e7-8883-3c9168dadcd8,226,URAN,22cc04b6-34ea-573b-b6bf-e04a3aa3b535,72,GOLOLE PRIMARY SCHOOL
0159d6c7-973f-5e7a-a9a0-d195d0ea6fe2,10,MARSABIT,ed80a5f6-4db6-5a0f-8839-49373cbded75,45,MOYALE,ce5fe7a9-2367-59e7-8883-3c9168dadcd8,226,URAN,3ce5da11-5756-528b-a405-1324efa6e431,73,KARBURURI NURSERY SCHOOL
0159d6c7-973f-5e7a-a9a0-d195d0ea6fe2,10,MARSABIT,ed80a5f6-4db6-5a0f-8839-49373cbded75,45,MOYALE,ce5fe7a9-2367-59e7-8883-3c9168dadcd8,226,URAN,ce9d97a6-f44f-522e-b490-a61352228054,74,YASARE MOBILE
0159d6c7-973f-5e7a-a9a0-d195d0ea6fe2,10,MARSABIT,ed80a5f6-4db6-5a0f-8839-49373cbded75,45,MOYALE,ce5fe7a9-2367-59e7-8883-3c9168dadcd8,226,URAN,a6868c98-1642-5ac0-b11c-a3a2cabab518,75,DADACH ELELE PRIMARY SCHOOL
0159d6c7-973f-5e7a-a9a0-d195d0ea6fe2,10,MARSABIT,ed80a5f6-4db6-5a0f-8839-49373cbded75,45,MOYALE,ce5fe7a9-2367-59e7-8883-3c9168dadcd8,226,URAN,f6748951-9032-50f0-bd47-ae57b770aa96,76,BUTI MOBILE
0159d6c7-973f-5e7a-a9a0-d195d0ea6fe2,10,MARSABIT,ed80a5f6-4db6-5a0f-8839-49373cbded75,45,MOYALE,ce5fe7a9-2367-59e7-8883-3c9168dadcd8,226,URAN,3de77e00-9817-5117-8db8-d5b6623649b5,77,FUNAN QUMBI PRIMARY SCHOOL
0159d6c7-973f-5e7a-a9a0-d195d0ea6fe2,10,MARSABIT,ed80a5f6-4db6-5a0f-8839-49373cbded75,45,MOYALE,ce5fe7a9-2367-59e7-8883-3c9168dadcd8,226,URAN,cc9bb97d-ddd5-5a95-89a8-06a901610b87,78,BANALE WATER POINT
0159d6c7-973f-5e7a-a9a0-d195d0ea6fe2,10,MARSABIT,ed80a5f6-4db6-5a0f-8839-49373cbded75,45,MOYALE,ce5fe7a9-2367-59e7-8883-3c9168dadcd8,226,URAN,bd3dcc4d-55b2-5002-8170-eb0e407e754e,79,HELLE DIMTU MOBILE
0159d6c7-973f-5e7a-a9a0-d195d0ea6fe2,10,MARSABIT,ed80a5f6-4db6-5a0f-8839-49373cbded75,45,MOYALE,ce5fe7a9-2367-59e7-8883-3c9168dadcd8,226,URAN,156c2d2d-467b-5f28-8d28-8acfddc85d84,80,URAN GODHA PRIMARY SCHOOL
0159d6c7-973f-5e7a-a9a0-d195d0ea6fe2,10,MARSABIT,ed80a5f6-4db6-5a0f-8839-49373cbded75,45,MOYALE,ce5fe7a9-2367-59e7-8883-3c9168dadcd8,226,URAN,abbca93a-3a4d-58c2-aef2-d5bb017f3450,81,BADANOTA CENTRE
0159d6c7-973f-5e7a-a9a0-d195d0ea6fe2,10,MARSABIT,ed80a5f6-4db6-5a0f-8839-49373cbded75,45,MOYALE,ce5fe7a9-2367-59e7-8883-3c9168dadcd8,226,URAN,b7a88e76-1b7a-5de3-839d-1853ed836dea,82,QICHA PRIMARY SCHOOL
0159d6c7-973f-5e7a-a9a0-d195d0ea6fe2,10,MARSABIT,ed80a5f6-4db6-5a0f-8839-49373cbded75,45,MOYALE,ce5fe7a9-2367-59e7-8883-3c9168dadcd8,226,URAN,5a0d5c3f-3a3f-545b-b843-8d8568adac24,83,MADO ADI MOBILE
0159d6c7-973f-5e7a-a9a0-d195d0ea6fe2,10,MARSABIT,ed80a5f6-4db6-5a0f-8839-49373cbded75,45,MOYALE,ce5fe7a9-2367-59e7-8883-3c9168dadcd8,226,URAN,b7ae3b37-42b9-5761-8c5f-c8be9a4c2efe,84,GOLOLE NURSERY SCHOOL
0159d6c7-973f-5e7a-a9a0-d195d0ea6fe2,10,MARSABIT,ed80a5f6-4db6-5a0f-8839-49373cbded75,45,MOYALE,ce5fe7a9-2367-59e7-8883-3c9168dadcd8,226,URAN,445bdee7-c85c-5ccd-b647-7f34e50dfb7e,85,KARBURURI PRIMARY SCHOOL
0159d6c7-973f-5e7a-a9a0-d195d0ea6fe2,10,MARSABIT,ed80a5f6-4db6-5a0f-8839-49373cbded75,45,MOYALE,ce5fe7a9-2367-59e7-8883-3c9168dadcd8,226,URAN,1b727875-eedc-5c24-8ffb-85cd24f4bfd1,86,QONQOMA MOBILE
0159d6c7-973f-5e7a-a9a0-d195d0ea6fe2,10,MARSABIT,ed80a5f6-4db6-5a0f-8839-49373cbded75,45,MOYALE,ce5fe7a9-2367-59e7-8883-3c9168dadcd8,226,URAN,b8a24af8-d537-5769-b139-3daf99415a99,110,DIRMETTI NURSERY SCHOOL
0159d6c7-973f-5e7a-a9a0-d195d0ea6fe2,10,MARSABIT,ed80a5f6-4db6-5a0f-8839-49373cbded75,45,MOYALE,ce5fe7a9-2367-59e7-8883-3c9168dadcd8,226,URAN,db2cac02-1ce9-5f14-b3da-6c21c4be3c6e,111,URAN DIDA CENTRE
0159d6c7-973f-5e7a-a9a0-d195d0ea6fe2,10,MARSABIT,ed80a5f6-4db6-5a0f-8839-49373cbded75,45,MOYALE,ce5fe7a9-2367-59e7-8883-3c9168dadcd8,226,URAN,f8182166-01e4-5279-b675-997bfc41abd0,112,QILTIPE CENTRE
0159d6c7-973f-5e7a-a9a0-d195d0ea6fe2,10,MARSABIT,ed80a5f6-4db6-5a0f-8839-49373cbded75,45,MOYALE,ce5fe7a9-2367-59e7-8883-3c9168dadcd8,226,URAN,3596f88a-32f5-5f24-aa60-27326a1876e5,113,GAWALE MOBILE
0159d6c7-973f-5e7a-a9a0-d195d0ea6fe2,10,MARSABIT,ed80a5f6-4db6-5a0f-8839-49373cbded75,45,MOYALE,e9135ac2-e161-55f9-8d16-befdb065ea47,227,OBBU,bd6edb56-fcc6-526e-b407-2958f76039b6,87,SOLOLO MAKUTANO PRIMARY SCHOOL
0159d6c7-973f-5e7a-a9a0-d195d0ea6fe2,10,MARSABIT,ed80a5f6-4db6-5a0f-8839-49373cbded75,45,MOYALE,e9135ac2-e161-55f9-8d16-befdb065ea47,227,OBBU,d53d23ea-2485-50c2-901e-240af554589f,88,DIBU-DADACHA MOBILE
0159d6c7-973f-5e7a-a9a0-d195d0ea6fe2,10,MARSABIT,ed80a5f6-4db6-5a0f-8839-49373cbded75,45,MOYALE,e9135ac2-e161-55f9-8d16-befdb065ea47,227,OBBU,d03d0e14-4e79-55d3-a1c9-f548ae09e029,89,HAMBALO DISPENSARY
0159d6c7-973f-5e7a-a9a0-d195d0ea6fe2,10,MARSABIT,ed80a5f6-4db6-5a0f-8839-49373cbded75,45,MOYALE,e9135ac2-e161-55f9-8d16-befdb065ea47,227,OBBU,6c4e197d-4088-50fe-906d-34707dc12eb5,90,DAMBALA FACHANA PRIMARY SCHOOL
0159d6c7-973f-5e7a-a9a0-d195d0ea6fe2,10,MARSABIT,ed80a5f6-4db6-5a0f-8839-49373cbded75,45,MOYALE,e9135ac2-e161-55f9-8d16-befdb065ea47,227,OBBU,b4fc83ac-d63f-5411-9537-6ef470783b05,91,GARBA MOBILE
0159d6c7-973f-5e7a-a9a0-d195d0ea6fe2,10,MARSABIT,ed80a5f6-4db6-5a0f-8839-49373cbded75,45,MOYALE,e9135ac2-e161-55f9-8d16-befdb065ea47,227,OBBU,400e8d44-0baf-55ef-9749-75f53c8b39c7,92,HOGA MOBILE
0159d6c7-973f-5e7a-a9a0-d195d0ea6fe2,10,MARSABIT,ed80a5f6-4db6-5a0f-8839-49373cbded75,45,MOYALE,e9135ac2-e161-55f9-8d16-befdb065ea47,227,OBBU,f6030e80-ae90-5bbb-8b18-8e037911ecd4,93,BADAN RERO COMMUNITY HALL
0159d6c7-973f-5e7a-a9a0-d195d0ea6fe2,10,MARSABIT,ed80a5f6-4db6-5a0f-8839-49373cbded75,45,MOYALE,e9135ac2-e161-55f9-8d16-befdb065ea47,227,OBBU,f75d996d-3772-51cc-a51b-dff538e588cb,94,MUKH GURRA PRIMARY SCHOOL
0159d6c7-973f-5e7a-a9a0-d195d0ea6fe2,10,MARSABIT,ed80a5f6-4db6-5a0f-8839-49373cbded75,45,MOYALE,e9135ac2-e161-55f9-8d16-befdb065ea47,227,OBBU,c5a6db1b-af79-52f5-9d83-721a56d5d787,95,SHINYILE MOBILE
0159d6c7-973f-5e7a-a9a0-d195d0ea6fe2,10,MARSABIT,ed80a5f6-4db6-5a0f-8839-49373cbded75,45,MOYALE,e9135ac2-e161-55f9-8d16-befdb065ea47,227,OBBU,52a26980-fbb4-5c5e-b6e0-344f5d094e02,96,MARAM MOBILE
0159d6c7-973f-5e7a-a9a0-d195d0ea6fe2,10,MARSABIT,ed80a5f6-4db6-5a0f-8839-49373cbded75,45,MOYALE,e9135ac2-e161-55f9-8d16-befdb065ea47,227,OBBU,fbbf2a19-4e5d-56a3-afdf-22dd6cbe75d2,97,MABLE BALLE MOBILE
0159d6c7-973f-5e7a-a9a0-d195d0ea6fe2,10,MARSABIT,ed80a5f6-4db6-5a0f-8839-49373cbded75,45,MOYALE,e9135ac2-e161-55f9-8d16-befdb065ea47,227,OBBU,b81fd641-5481-5d9d-a6e5-e59742793661,98,KUKU BAR MOBILE
0159d6c7-973f-5e7a-a9a0-d195d0ea6fe2,10,MARSABIT,ed80a5f6-4db6-5a0f-8839-49373cbded75,45,MOYALE,e9135ac2-e161-55f9-8d16-befdb065ea47,227,OBBU,721106e1-6c62-5caa-8334-62030d5a937d,99,DABIYU MANYATTA CENTRE
0159d6c7-973f-5e7a-a9a0-d195d0ea6fe2,10,MARSABIT,ed80a5f6-4db6-5a0f-8839-49373cbded75,45,MOYALE,e9135ac2-e161-55f9-8d16-befdb065ea47,227,OBBU,b4cd04b8-56df-581a-a3b9-f67c3fcdf614,114,GADHA KORMA CENTRE
0159d6c7-973f-5e7a-a9a0-d195d0ea6fe2,10,MARSABIT,ed80a5f6-4db6-5a0f-8839-49373cbded75,45,MOYALE,e9135ac2-e161-55f9-8d16-befdb065ea47,227,OBBU,0e57f732-b466-573b-bef9-17ec84e96f5d,115,WAYAAM CENTRE
0159d6c7-973f-5e7a-a9a0-d195d0ea6fe2,10,MARSABIT,5e34b3ef-fc1a-5730-ac36-ca9a8a1cb267,46,NORTH HORR,69cfd72e-d3c1-5713-9f45-90822cc40b82,228,DUKANA,6f4270e3-afcc-5d16-888c-e57b768f318a,1,DUKANA PR. SCH
0159d6c7-973f-5e7a-a9a0-d195d0ea6fe2,10,MARSABIT,5e34b3ef-fc1a-5730-ac36-ca9a8a1cb267,46,NORTH HORR,69cfd72e-d3c1-5713-9f45-90822cc40b82,228,DUKANA,7f05b421-6da5-5fcc-a096-61b2f990af7d,2,ELJIBO WATER HOLE
0159d6c7-973f-5e7a-a9a0-d195d0ea6fe2,10,MARSABIT,5e34b3ef-fc1a-5730-ac36-ca9a8a1cb267,46,NORTH HORR,69cfd72e-d3c1-5713-9f45-90822cc40b82,228,DUKANA,5a45c86c-e83f-5ca6-9050-b9e993d81021,3,BALESSARU CTR
0159d6c7-973f-5e7a-a9a0-d195d0ea6fe2,10,MARSABIT,5e34b3ef-fc1a-5730-ac36-ca9a8a1cb267,46,NORTH HORR,69cfd72e-d3c1-5713-9f45-90822cc40b82,228,DUKANA,55774375-b6d3-5126-8fae-18ee2412f614,4,SABARE CTR
0159d6c7-973f-5e7a-a9a0-d195d0ea6fe2,10,MARSABIT,5e34b3ef-fc1a-5730-ac36-ca9a8a1cb267,46,NORTH HORR,69cfd72e-d3c1-5713-9f45-90822cc40b82,228,DUKANA,417abcbc-86c3-534a-b346-1958ad6c086d,5,ARABTRIS AP POST
0159d6c7-973f-5e7a-a9a0-d195d0ea6fe2,10,MARSABIT,5e34b3ef-fc1a-5730-ac36-ca9a8a1cb267,46,NORTH HORR,69cfd72e-d3c1-5713-9f45-90822cc40b82,228,DUKANA,e0f83c18-fe33-5fdb-9551-fe00164f8503,6,BULLUK AP POST
0159d6c7-973f-5e7a-a9a0-d195d0ea6fe2,10,MARSABIT,5e34b3ef-fc1a-5730-ac36-ca9a8a1cb267,46,NORTH HORR,69cfd72e-d3c1-5713-9f45-90822cc40b82,228,DUKANA,3d0848eb-11c0-5b38-a371-2ae166c3c591,7,EL-HADI PRY
0159d6c7-973f-5e7a-a9a0-d195d0ea6fe2,10,MARSABIT,5e34b3ef-fc1a-5730-ac36-ca9a8a1cb267,46,NORTH HORR,69cfd72e-d3c1-5713-9f45-90822cc40b82,228,DUKANA,02b772fa-71ad-578e-bc3a-adf3c99d0499,8,DIBANDIBA MANYATTA
0159d6c7-973f-5e7a-a9a0-d195d0ea6fe2,10,MARSABIT,5e34b3ef-fc1a-5730-ac36-ca9a8a1cb267,46,NORTH HORR,69cfd72e-d3c1-5713-9f45-90822cc40b82,228,DUKANA,da32c9f3-bef5-555b-9ff2-f42f1934bc49,9,RARA MANYATTA
0159d6c7-973f-5e7a-a9a0-d195d0ea6fe2,10,MARSABIT,5e34b3ef-fc1a-5730-ac36-ca9a8a1cb267,46,NORTH HORR,69cfd72e-d3c1-5713-9f45-90822cc40b82,228,DUKANA,dd15d685-92ea-5b0e-88ed-779dea32e220,10,BALESA PR. SCH.
0159d6c7-973f-5e7a-a9a0-d195d0ea6fe2,10,MARSABIT,5e34b3ef-fc1a-5730-ac36-ca9a8a1cb267,46,NORTH HORR,69cfd72e-d3c1-5713-9f45-90822cc40b82,228,DUKANA,0fc06292-834b-57f9-b99e-6594452fa3cc,11,DOSA AFURTOLE MANYATTA
0159d6c7-973f-5e7a-a9a0-d195d0ea6fe2,10,MARSABIT,5e34b3ef-fc1a-5730-ac36-ca9a8a1cb267,46,NORTH HORR,69cfd72e-d3c1-5713-9f45-90822cc40b82,228,DUKANA,8ae93b2e-7ad5-5b34-a724-ab56be659694,12,KONYE MANYATTA
0159d6c7-973f-5e7a-a9a0-d195d0ea6fe2,10,MARSABIT,5e34b3ef-fc1a-5730-ac36-ca9a8a1cb267,46,NORTH HORR,69cfd72e-d3c1-5713-9f45-90822cc40b82,228,DUKANA,51a2cc08-2a9e-54d8-b17e-11a4ef0b1722,13,GARWOLE PRY
0159d6c7-973f-5e7a-a9a0-d195d0ea6fe2,10,MARSABIT,5e34b3ef-fc1a-5730-ac36-ca9a8a1cb267,46,NORTH HORR,69cfd72e-d3c1-5713-9f45-90822cc40b82,228,DUKANA,2121ce51-7575-5202-96f9-08f58c306791,14,REJICHA MANYATTA
0159d6c7-973f-5e7a-a9a0-d195d0ea6fe2,10,MARSABIT,5e34b3ef-fc1a-5730-ac36-ca9a8a1cb267,46,NORTH HORR,69cfd72e-d3c1-5713-9f45-90822cc40b82,228,DUKANA,ee015f8b-0669-56dc-9639-d283740de8e5,15,KUBI ADI NURSERY
0159d6c7-973f-5e7a-a9a0-d195d0ea6fe2,10,MARSABIT,5e34b3ef-fc1a-5730-ac36-ca9a8a1cb267,46,NORTH HORR,69cfd72e-d3c1-5713-9f45-90822cc40b82,228,DUKANA,6d45d911-b059-527a-8c27-98f28610df44,16,DOLOLO BOJI MANYATTA
0159d6c7-973f-5e7a-a9a0-d195d0ea6fe2,10,MARSABIT,5e34b3ef-fc1a-5730-ac36-ca9a8a1cb267,46,NORTH HORR,69cfd72e-d3c1-5713-9f45-90822cc40b82,228,DUKANA,b279763b-a1d6-5057-b5c3-31cc708aedc6,17,GOFF DUKANA
0159d6c7-973f-5e7a-a9a0-d195d0ea6fe2,10,MARSABIT,5e34b3ef-fc1a-5730-ac36-ca9a8a1cb267,46,NORTH HORR,69cfd72e-d3c1-5713-9f45-90822cc40b82,228,DUKANA,512eca92-35a9-5da2-9f94-c2ee6c695326,18,DIID GOLLA MOBILE
0159d6c7-973f-5e7a-a9a0-d195d0ea6fe2,10,MARSABIT,5e34b3ef-fc1a-5730-ac36-ca9a8a1cb267,46,NORTH HORR,69cfd72e-d3c1-5713-9f45-90822cc40b82,228,DUKANA,679ec0d3-7763-524d-9057-77f72625a5f9,19,YAA ALGANA
0159d6c7-973f-5e7a-a9a0-d195d0ea6fe2,10,MARSABIT,5e34b3ef-fc1a-5730-ac36-ca9a8a1cb267,46,NORTH HORR,69cfd72e-d3c1-5713-9f45-90822cc40b82,228,DUKANA,e5fa1e5d-6099-537b-b58b-9be8f42fb0c1,87,BARANBATE BALESA CENTRE
0159d6c7-973f-5e7a-a9a0-d195d0ea6fe2,10,MARSABIT,5e34b3ef-fc1a-5730-ac36-ca9a8a1cb267,46,NORTH HORR,69cfd72e-d3c1-5713-9f45-90822cc40b82,228,DUKANA,bd125762-4be1-522f-b916-f4072c99996d,88,KILKILE MANYATTA
0159d6c7-973f-5e7a-a9a0-d195d0ea6fe2,10,MARSABIT,5e34b3ef-fc1a-5730-ac36-ca9a8a1cb267,46,NORTH HORR,69cfd72e-d3c1-5713-9f45-90822cc40b82,228,DUKANA,ac974bee-1cbf-574c-9dd6-b7157b5763d0,89,DUKANA GIRLS PRIMARY SCHOOL
0159d6c7-973f-5e7a-a9a0-d195d0ea6fe2,10,MARSABIT,5e34b3ef-fc1a-5730-ac36-ca9a8a1cb267,46,NORTH HORR,69cfd72e-d3c1-5713-9f45-90822cc40b82,228,DUKANA,ae56b2fb-b0d4-50da-a589-067d53f081e4,90,KALESA MANYATTA
0159d6c7-973f-5e7a-a9a0-d195d0ea6fe2,10,MARSABIT,5e34b3ef-fc1a-5730-ac36-ca9a8a1cb267,46,NORTH HORR,98138da8-c6a3-57bb-8584-d4c3b45a3ab2,229,MAIKONA,82b92c38-0990-5321-a766-bc5e8b4194b9,20,LAG LOKO MOBILE
0159d6c7-973f-5e7a-a9a0-d195d0ea6fe2,10,MARSABIT,5e34b3ef-fc1a-5730-ac36-ca9a8a1cb267,46,NORTH HORR,98138da8-c6a3-57bb-8584-d4c3b45a3ab2,229,MAIKONA,8de5a16d-7160-5cc5-a5dd-ae8f1949b5f2,21,HURRI HILLS PR. SCH.
0159d6c7-973f-5e7a-a9a0-d195d0ea6fe2,10,MARSABIT,5e34b3ef-fc1a-5730-ac36-ca9a8a1cb267,46,NORTH HORR,98138da8-c6a3-57bb-8584-d4c3b45a3ab2,229,MAIKONA,8e38832f-d895-5208-82ac-adbdd138ebc1,22,BURARAT MANYATTA
0159d6c7-973f-5e7a-a9a0-d195d0ea6fe2,10,MARSABIT,5e34b3ef-fc1a-5730-ac36-ca9a8a1cb267,46,NORTH HORR,98138da8-c6a3-57bb-8584-d4c3b45a3ab2,229,MAIKONA,7172a09f-04c5-5ff0-b560-f3d784319e85,23,BORR MOBILE
0159d6c7-973f-5e7a-a9a0-d195d0ea6fe2,10,MARSABIT,5e34b3ef-fc1a-5730-ac36-ca9a8a1cb267,46,NORTH HORR,98138da8-c6a3-57bb-8584-d4c3b45a3ab2,229,MAIKONA,5e395959-92a8-5c4d-9244-a59c2fe2a5e7,24,KALACHA PR. SCH.
0159d6c7-973f-5e7a-a9a0-d195d0ea6fe2,10,MARSABIT,5e34b3ef-fc1a-5730-ac36-ca9a8a1cb267,46,NORTH HORR,98138da8-c6a3-57bb-8584-d4c3b45a3ab2,229,MAIKONA,b52cb446-1fa7-5e1f-b5ef-faddfce4a86d,25,KARAWE WELLS
0159d6c7-973f-5e7a-a9a0-d195d0ea6fe2,10,MARSABIT,5e34b3ef-fc1a-5730-ac36-ca9a8a1cb267,46,NORTH HORR,98138da8-c6a3-57bb-8584-d4c3b45a3ab2,229,MAIKONA,85c967ec-80fe-5afd-b128-5d4b4b498152,26,HILDER NURSERY
0159d6c7-973f-5e7a-a9a0-d195d0ea6fe2,10,MARSABIT,5e34b3ef-fc1a-5730-ac36-ca9a8a1cb267,46,NORTH HORR,98138da8-c6a3-57bb-8584-d4c3b45a3ab2,229,MAIKONA,5b6ac376-5e20-54a2-82c4-e8b993592b38,27,EL GADE PRY
0159d6c7-973f-5e7a-a9a0-d195d0ea6fe2,10,MARSABIT,5e34b3ef-fc1a-5730-ac36-ca9a8a1cb267,46,NORTH HORR,98138da8-c6a3-57bb-8584-d4c3b45a3ab2,229,MAIKONA,92506da7-70c7-5fe8-ba94-99877d08f0f4,28,RAGE PRY
0159d6c7-973f-5e7a-a9a0-d195d0ea6fe2,10,MARSABIT,5e34b3ef-fc1a-5730-ac36-ca9a8a1cb267,46,NORTH HORR,98138da8-c6a3-57bb-8584-d4c3b45a3ab2,229,MAIKONA,b2e6702d-eae2-50c4-8da1-a03fd7707ce9,29,TULU DIMTU MOBILE
0159d6c7-973f-5e7a-a9a0-d195d0ea6fe2,10,MARSABIT,5e34b3ef-fc1a-5730-ac36-ca9a8a1cb267,46,NORTH HORR,98138da8-c6a3-57bb-8584-d4c3b45a3ab2,229,MAIKONA,87f17ba4-5103-590b-91c0-549cadde4043,30,RAMATA ROBI MANYATTA
0159d6c7-973f-5e7a-a9a0-d195d0ea6fe2,10,MARSABIT,5e34b3ef-fc1a-5730-ac36-ca9a8a1cb267,46,NORTH HORR,98138da8-c6a3-57bb-8584-d4c3b45a3ab2,229,MAIKONA,0d6b8a4f-51ef-5fbc-a5e6-ab07e1840b2e,31,MAIKONA PR. SCH.
0159d6c7-973f-5e7a-a9a0-d195d0ea6fe2,10,MARSABIT,5e34b3ef-fc1a-5730-ac36-ca9a8a1cb267,46,NORTH HORR,98138da8-c6a3-57bb-8584-d4c3b45a3ab2,229,MAIKONA,248fb2f9-060d-56ef-80b2-661af55549af,32,HIYOLE MANYATTA
0159d6c7-973f-5e7a-a9a0-d195d0ea6fe2,10,MARSABIT,5e34b3ef-fc1a-5730-ac36-ca9a8a1cb267,46,NORTH HORR,98138da8-c6a3-57bb-8584-d4c3b45a3ab2,229,MAIKONA,f0711036-f7fb-5583-8a4d-6fa36b5b45bc,33,ARANO DAM
0159d6c7-973f-5e7a-a9a0-d195d0ea6fe2,10,MARSABIT,5e34b3ef-fc1a-5730-ac36-ca9a8a1cb267,46,NORTH HORR,98138da8-c6a3-57bb-8584-d4c3b45a3ab2,229,MAIKONA,22c9a9b2-afa6-5b0a-aee7-7a4a59fece39,34,BISIK MOBILE
0159d6c7-973f-5e7a-a9a0-d195d0ea6fe2,10,MARSABIT,5e34b3ef-fc1a-5730-ac36-ca9a8a1cb267,46,NORTH HORR,98138da8-c6a3-57bb-8584-d4c3b45a3ab2,229,MAIKONA,3f1d57c9-174d-575a-9c9f-aec1dabf44e4,35,FOROLE PRY
0159d6c7-973f-5e7a-a9a0-d195d0ea6fe2,10,MARSABIT,5e34b3ef-fc1a-5730-ac36-ca9a8a1cb267,46,NORTH HORR,98138da8-c6a3-57bb-8584-d4c3b45a3ab2,229,MAIKONA,2f5d753b-66be-5a37-9c0f-755628c2516b,36,SASALA MANYATTA
0159d6c7-973f-5e7a-a9a0-d195d0ea6fe2,10,MARSABIT,5e34b3ef-fc1a-5730-ac36-ca9a8a1cb267,46,NORTH HORR,98138da8-c6a3-57bb-8584-d4c3b45a3ab2,229,MAIKONA,b7265fd7-7b5a-55d4-a809-23d437e0cbef,37,EL BOR CENTRE
0159d6c7-973f-5e7a-a9a0-d195d0ea6fe2,10,MARSABIT,5e34b3ef-fc1a-5730-ac36-ca9a8a1cb267,46,NORTH HORR,98138da8-c6a3-57bb-8584-d4c3b45a3ab2,229,MAIKONA,c0f09684-57a8-574e-ae63-23124eed040a,38,SHANKIRA NURSERY
0159d6c7-973f-5e7a-a9a0-d195d0ea6fe2,10,MARSABIT,5e34b3ef-fc1a-5730-ac36-ca9a8a1cb267,46,NORTH HORR,98138da8-c6a3-57bb-8584-d4c3b45a3ab2,229,MAIKONA,d37bf561-6b17-51d2-a97b-801cd61c7903,39,TORICHA NURSERY
0159d6c7-973f-5e7a-a9a0-d195d0ea6fe2,10,MARSABIT,5e34b3ef-fc1a-5730-ac36-ca9a8a1cb267,46,NORTH HORR,98138da8-c6a3-57bb-8584-d4c3b45a3ab2,229,MAIKONA,1f62bca6-03c6-5ce4-8c24-f6cba9d85027,40,WARRA MANYATTA
0159d6c7-973f-5e7a-a9a0-d195d0ea6fe2,10,MARSABIT,5e34b3ef-fc1a-5730-ac36-ca9a8a1cb267,46,NORTH HORR,98138da8-c6a3-57bb-8584-d4c3b45a3ab2,229,MAIKONA,91e63bb1-6c0c-5cbf-bedc-14260395555b,41,SELLE HARORESA MOBILE
0159d6c7-973f-5e7a-a9a0-d195d0ea6fe2,10,MARSABIT,5e34b3ef-fc1a-5730-ac36-ca9a8a1cb267,46,NORTH HORR,98138da8-c6a3-57bb-8584-d4c3b45a3ab2,229,MAIKONA,7820f94f-8d4b-58f0-99ec-ecf6d4baa5f5,42,ST MARY PRIMARY SCHOOL(HURRI HILLS)
0159d6c7-973f-5e7a-a9a0-d195d0ea6fe2,10,MARSABIT,5e34b3ef-fc1a-5730-ac36-ca9a8a1cb267,46,NORTH HORR,98138da8-c6a3-57bb-8584-d4c3b45a3ab2,229,MAIKONA,c3db8e2a-9708-53ee-b6ed-5db082762861,43,KURAA WELLS
0159d6c7-973f-5e7a-a9a0-d195d0ea6fe2,10,MARSABIT,5e34b3ef-fc1a-5730-ac36-ca9a8a1cb267,46,NORTH HORR,98138da8-c6a3-57bb-8584-d4c3b45a3ab2,229,MAIKONA,b88f5b34-0f4e-5bf5-86bd-99241f14b0c0,44,DAKANE MOBILE
0159d6c7-973f-5e7a-a9a0-d195d0ea6fe2,10,MARSABIT,5e34b3ef-fc1a-5730-ac36-ca9a8a1cb267,46,NORTH HORR,98138da8-c6a3-57bb-8584-d4c3b45a3ab2,229,MAIKONA,f591e114-a4aa-5787-8031-41a3564b386b,45,CHALBI PR.SCH
0159d6c7-973f-5e7a-a9a0-d195d0ea6fe2,10,MARSABIT,5e34b3ef-fc1a-5730-ac36-ca9a8a1cb267,46,NORTH HORR,98138da8-c6a3-57bb-8584-d4c3b45a3ab2,229,MAIKONA,0a7d49ed-dcf0-59c6-8ae6-2cd669dd0f47,91,GANDILE NURSERY
0159d6c7-973f-5e7a-a9a0-d195d0ea6fe2,10,MARSABIT,5e34b3ef-fc1a-5730-ac36-ca9a8a1cb267,46,NORTH HORR,98138da8-c6a3-57bb-8584-d4c3b45a3ab2,229,MAIKONA,d3b60b49-12bc-5d62-857c-bf73ec8e32db,92,BAS BALESA NUSERY
0159d6c7-973f-5e7a-a9a0-d195d0ea6fe2,10,MARSABIT,5e34b3ef-fc1a-5730-ac36-ca9a8a1cb267,46,NORTH HORR,98138da8-c6a3-57bb-8584-d4c3b45a3ab2,229,MAIKONA,f4e90da4-2933-5b3d-8f02-64fdc9b1b20c,93,ALI BORU NURSERY
0159d6c7-973f-5e7a-a9a0-d195d0ea6fe2,10,MARSABIT,5e34b3ef-fc1a-5730-ac36-ca9a8a1cb267,46,NORTH HORR,50e5cbca-944e-5485-8a7a-c15db1699d8b,230,TURBI,dd3fce50-92b7-5618-ac3a-63eaebdea0e9,46,TURBI PR. SCH.
0159d6c7-973f-5e7a-a9a0-d195d0ea6fe2,10,MARSABIT,5e34b3ef-fc1a-5730-ac36-ca9a8a1cb267,46,NORTH HORR,50e5cbca-944e-5485-8a7a-c15db1699d8b,230,TURBI,6e121a9e-d1fc-5d7a-825e-5670defaef78,47,BURGABO PRY
0159d6c7-973f-5e7a-a9a0-d195d0ea6fe2,10,MARSABIT,5e34b3ef-fc1a-5730-ac36-ca9a8a1cb267,46,NORTH HORR,50e5cbca-944e-5485-8a7a-c15db1699d8b,230,TURBI,05a42519-16a6-5241-a561-4c3102f78543,48,TIGO SATELITTE
0159d6c7-973f-5e7a-a9a0-d195d0ea6fe2,10,MARSABIT,5e34b3ef-fc1a-5730-ac36-ca9a8a1cb267,46,NORTH HORR,50e5cbca-944e-5485-8a7a-c15db1699d8b,230,TURBI,d0dfab18-0970-5563-8f11-919f7761a7b7,49,BOJI MANAYATTA
0159d6c7-973f-5e7a-a9a0-d195d0ea6fe2,10,MARSABIT,5e34b3ef-fc1a-5730-ac36-ca9a8a1cb267,46,NORTH HORR,50e5cbca-944e-5485-8a7a-c15db1699d8b,230,TURBI,6bd88fba-6997-5cc4-9fb0-7f4fac515963,50,BUBISA PR. SCH.
0159d6c7-973f-5e7a-a9a0-d195d0ea6fe2,10,MARSABIT,5e34b3ef-fc1a-5730-ac36-ca9a8a1cb267,46,NORTH HORR,50e5cbca-944e-5485-8a7a-c15db1699d8b,230,TURBI,e2fe16b1-823a-5689-a26d-913b85ad6e27,51,SHURA WATER PRY
0159d6c7-973f-5e7a-a9a0-d195d0ea6fe2,10,MARSABIT,5e34b3ef-fc1a-5730-ac36-ca9a8a1cb267,46,NORTH HORR,50e5cbca-944e-5485-8a7a-c15db1699d8b,230,TURBI,5d6deb39-2500-5a68-abae-ece8c22ae2b5,52,LAGAWACHU MOBILE
0159d6c7-973f-5e7a-a9a0-d195d0ea6fe2,10,MARSABIT,5e34b3ef-fc1a-5730-ac36-ca9a8a1cb267,46,NORTH HORR,50e5cbca-944e-5485-8a7a-c15db1699d8b,230,TURBI,a3fae9c6-314e-5188-9f0b-ccacc925ca76,53,WOLENA BAYE MANYATTA
0159d6c7-973f-5e7a-a9a0-d195d0ea6fe2,10,MARSABIT,5e34b3ef-fc1a-5730-ac36-ca9a8a1cb267,46,NORTH HORR,50e5cbca-944e-5485-8a7a-c15db1699d8b,230,TURBI,f0d19564-30c5-5aa6-a6ce-0e699ad46524,54,SAPANSA-AWAL-DILO-MOBILE
0159d6c7-973f-5e7a-a9a0-d195d0ea6fe2,10,MARSABIT,5e34b3ef-fc1a-5730-ac36-ca9a8a1cb267,46,NORTH HORR,50e5cbca-944e-5485-8a7a-c15db1699d8b,230,TURBI,ef9d999f-fa6b-5f0c-b45e-d1fb9ff31513,55,HORRENDERI MANYATTA
0159d6c7-973f-5e7a-a9a0-d195d0ea6fe2,10,MARSABIT,5e34b3ef-fc1a-5730-ac36-ca9a8a1cb267,46,NORTH HORR,50e5cbca-944e-5485-8a7a-c15db1699d8b,230,TURBI,a955babd-ae2d-5601-826f-c1a888930c19,56,DAKANTI MOBILE
0159d6c7-973f-5e7a-a9a0-d195d0ea6fe2,10,MARSABIT,5e34b3ef-fc1a-5730-ac36-ca9a8a1cb267,46,NORTH HORR,50e5cbca-944e-5485-8a7a-c15db1699d8b,230,TURBI,89431b81-59a5-5db1-b042-a1b184125834,57,DHEKUKU MOBILE
0159d6c7-973f-5e7a-a9a0-d195d0ea6fe2,10,MARSABIT,5e34b3ef-fc1a-5730-ac36-ca9a8a1cb267,46,NORTH HORR,50e5cbca-944e-5485-8a7a-c15db1699d8b,230,TURBI,5a42e423-e2c5-56bc-b005-5056039a1044,58,YAA GALBO MOBILE
0159d6c7-973f-5e7a-a9a0-d195d0ea6fe2,10,MARSABIT,5e34b3ef-fc1a-5730-ac36-ca9a8a1cb267,46,NORTH HORR,50e5cbca-944e-5485-8a7a-c15db1699d8b,230,TURBI,ed12b6c4-19cf-57c4-89ac-f6a813ea24ff,94,MUTHE CENTRE
0159d6c7-973f-5e7a-a9a0-d195d0ea6fe2,10,MARSABIT,5e34b3ef-fc1a-5730-ac36-ca9a8a1cb267,46,NORTH HORR,50e5cbca-944e-5485-8a7a-c15db1699d8b,230,TURBI,0cf2bce7-9513-583c-bc00-4178bc91a25f,95,KAMBI NYOKA CENTRE
0159d6c7-973f-5e7a-a9a0-d195d0ea6fe2,10,MARSABIT,5e34b3ef-fc1a-5730-ac36-ca9a8a1cb267,46,NORTH HORR,50e5cbca-944e-5485-8a7a-c15db1699d8b,230,TURBI,6953bcfb-900d-5d2e-8612-77b05416a2fb,96,DEMO NURSERY
0159d6c7-973f-5e7a-a9a0-d195d0ea6fe2,10,MARSABIT,5e34b3ef-fc1a-5730-ac36-ca9a8a1cb267,46,NORTH HORR,50e5cbca-944e-5485-8a7a-c15db1699d8b,230,TURBI,ffe66298-c3aa-5d22-8945-760de9652d31,97,KUKUB FAMI NURSERY
0159d6c7-973f-5e7a-a9a0-d195d0ea6fe2,10,MARSABIT,5e34b3ef-fc1a-5730-ac36-ca9a8a1cb267,46,NORTH HORR,50e5cbca-944e-5485-8a7a-c15db1699d8b,230,TURBI,b460188d-5ed8-50be-b670-0fd5e7ad5b96,98,AWAYE MOBILE
0159d6c7-973f-5e7a-a9a0-d195d0ea6fe2,10,MARSABIT,5e34b3ef-fc1a-5730-ac36-ca9a8a1cb267,46,NORTH HORR,50e5cbca-944e-5485-8a7a-c15db1699d8b,230,TURBI,1b9e44be-7a0e-5925-bfab-f5d0f508a751,99,YAA ODHOLA MOBILE
0159d6c7-973f-5e7a-a9a0-d195d0ea6fe2,10,MARSABIT,5e34b3ef-fc1a-5730-ac36-ca9a8a1cb267,46,NORTH HORR,50e5cbca-944e-5485-8a7a-c15db1699d8b,230,TURBI,1311cf9a-4ac1-520c-aca9-722e369b5c4a,100,CHAFA CHACHANE MOBILE
0159d6c7-973f-5e7a-a9a0-d195d0ea6fe2,10,MARSABIT,5e34b3ef-fc1a-5730-ac36-ca9a8a1cb267,46,NORTH HORR,fb5ece29-09cf-51ab-87ac-5704e4e80fa0,231,NORTH HORR,1c47bbc1-b8e3-53ae-b2b0-fd46e23a74ff,59,GAS PR. SCH.
0159d6c7-973f-5e7a-a9a0-d195d0ea6fe2,10,MARSABIT,5e34b3ef-fc1a-5730-ac36-ca9a8a1cb267,46,NORTH HORR,fb5ece29-09cf-51ab-87ac-5704e4e80fa0,231,NORTH HORR,41fa3d40-ca3e-51e2-b643-d419c2722b90,60,ELTOKOCH WATER HOLE
0159d6c7-973f-5e7a-a9a0-d195d0ea6fe2,10,MARSABIT,5e34b3ef-fc1a-5730-ac36-ca9a8a1cb267,46,NORTH HORR,fb5ece29-09cf-51ab-87ac-5704e4e80fa0,231,NORTH HORR,d2250bee-621e-5cd5-9abd-590bba6492f7,61,SARIMO MANYATTA
0159d6c7-973f-5e7a-a9a0-d195d0ea6fe2,10,MARSABIT,5e34b3ef-fc1a-5730-ac36-ca9a8a1cb267,46,NORTH HORR,fb5ece29-09cf-51ab-87ac-5704e4e80fa0,231,NORTH HORR,1266c192-5248-53eb-8e52-e99e0e2abbc4,62,KOROMTO MOBILE
0159d6c7-973f-5e7a-a9a0-d195d0ea6fe2,10,MARSABIT,5e34b3ef-fc1a-5730-ac36-ca9a8a1cb267,46,NORTH HORR,fb5ece29-09cf-51ab-87ac-5704e4e80fa0,231,NORTH HORR,2c2ec603-9e69-5059-8160-53d3743bcc4b,63,KETE MANYATTA
0159d6c7-973f-5e7a-a9a0-d195d0ea6fe2,10,MARSABIT,5e34b3ef-fc1a-5730-ac36-ca9a8a1cb267,46,NORTH HORR,fb5ece29-09cf-51ab-87ac-5704e4e80fa0,231,NORTH HORR,fe998981-9f95-5a79-b1e8-2715a5271bdb,64,NORTH HORR PR. SCH.
0159d6c7-973f-5e7a-a9a0-d195d0ea6fe2,10,MARSABIT,5e34b3ef-fc1a-5730-ac36-ca9a8a1cb267,46,NORTH HORR,fb5ece29-09cf-51ab-87ac-5704e4e80fa0,231,NORTH HORR,b28a52bf-3147-55ba-8515-0c5efca917d6,65,URAN URA MANYATTA
0159d6c7-973f-5e7a-a9a0-d195d0ea6fe2,10,MARSABIT,5e34b3ef-fc1a-5730-ac36-ca9a8a1cb267,46,NORTH HORR,fb5ece29-09cf-51ab-87ac-5704e4e80fa0,231,NORTH HORR,2fbd780e-269a-5d2f-b061-575af739c40b,66,WORMO NURSERY
0159d6c7-973f-5e7a-a9a0-d195d0ea6fe2,10,MARSABIT,5e34b3ef-fc1a-5730-ac36-ca9a8a1cb267,46,NORTH HORR,fb5ece29-09cf-51ab-87ac-5704e4e80fa0,231,NORTH HORR,12ab6b9d-cd22-5e1f-8b26-7a27dde125d0,67,EL-BESO PRY
0159d6c7-973f-5e7a-a9a0-d195d0ea6fe2,10,MARSABIT,5e34b3ef-fc1a-5730-ac36-ca9a8a1cb267,46,NORTH HORR,fb5ece29-09cf-51ab-87ac-5704e4e80fa0,231,NORTH HORR,abcf1223-88d6-5d5d-baaa-ac2694183e33,68,DARADE AP POST
0159d6c7-973f-5e7a-a9a0-d195d0ea6fe2,10,MARSABIT,5e34b3ef-fc1a-5730-ac36-ca9a8a1cb267,46,NORTH HORR,fb5ece29-09cf-51ab-87ac-5704e4e80fa0,231,NORTH HORR,cbf1adb4-a5b4-50b2-8926-30b764704f82,69,KARSA GATE
0159d6c7-973f-5e7a-a9a0-d195d0ea6fe2,10,MARSABIT,5e34b3ef-fc1a-5730-ac36-ca9a8a1cb267,46,NORTH HORR,fb5ece29-09cf-51ab-87ac-5704e4e80fa0,231,NORTH HORR,adc85106-1a56-537f-b21c-14413c9fbef3,70,HORRI GUNDA NURSERY
0159d6c7-973f-5e7a-a9a0-d195d0ea6fe2,10,MARSABIT,5e34b3ef-fc1a-5730-ac36-ca9a8a1cb267,46,NORTH HORR,fb5ece29-09cf-51ab-87ac-5704e4e80fa0,231,NORTH HORR,6a2c3131-d7ff-504a-8dea-340412024e2d,71,GORICH NURSERY
0159d6c7-973f-5e7a-a9a0-d195d0ea6fe2,10,MARSABIT,5e34b3ef-fc1a-5730-ac36-ca9a8a1cb267,46,NORTH HORR,fb5ece29-09cf-51ab-87ac-5704e4e80fa0,231,NORTH HORR,f40cd5be-edd4-58a1-8f11-12c170dffc2f,72,EL-BORU MAGADO CENTRE
0159d6c7-973f-5e7a-a9a0-d195d0ea6fe2,10,MARSABIT,5e34b3ef-fc1a-5730-ac36-ca9a8a1cb267,46,NORTH HORR,fb5ece29-09cf-51ab-87ac-5704e4e80fa0,231,NORTH HORR,2be0eca7-3ba1-54c9-98ea-8e68ade5832a,73,MALABOT PRY
0159d6c7-973f-5e7a-a9a0-d195d0ea6fe2,10,MARSABIT,5e34b3ef-fc1a-5730-ac36-ca9a8a1cb267,46,NORTH HORR,fb5ece29-09cf-51ab-87ac-5704e4e80fa0,231,NORTH HORR,63ee69fe-5462-5f3e-a472-8f8902440a1b,74,KORKA PRY
0159d6c7-973f-5e7a-a9a0-d195d0ea6fe2,10,MARSABIT,5e34b3ef-fc1a-5730-ac36-ca9a8a1cb267,46,NORTH HORR,fb5ece29-09cf-51ab-87ac-5704e4e80fa0,231,NORTH HORR,3749fbe3-bf02-5e31-a26d-1036475db8a8,75,SARIMO MOBILE (DARADE)
0159d6c7-973f-5e7a-a9a0-d195d0ea6fe2,10,MARSABIT,5e34b3ef-fc1a-5730-ac36-ca9a8a1cb267,46,NORTH HORR,fb5ece29-09cf-51ab-87ac-5704e4e80fa0,231,NORTH HORR,a09a4fc2-4a05-5ca5-b2ac-f1b4c7ccb72b,76,BARCHUM GOS MOBILE
0159d6c7-973f-5e7a-a9a0-d195d0ea6fe2,10,MARSABIT,5e34b3ef-fc1a-5730-ac36-ca9a8a1cb267,46,NORTH HORR,fb5ece29-09cf-51ab-87ac-5704e4e80fa0,231,NORTH HORR,06e986df-8092-56a9-9d98-3181f6bad291,77,EL-ISACKO MALA PRY
0159d6c7-973f-5e7a-a9a0-d195d0ea6fe2,10,MARSABIT,5e34b3ef-fc1a-5730-ac36-ca9a8a1cb267,46,NORTH HORR,fb5ece29-09cf-51ab-87ac-5704e4e80fa0,231,NORTH HORR,08c06480-2ba2-55ee-80db-db3411b488a3,101,RUSO PRIMARY SCHOOL
0159d6c7-973f-5e7a-a9a0-d195d0ea6fe2,10,MARSABIT,5e34b3ef-fc1a-5730-ac36-ca9a8a1cb267,46,NORTH HORR,0d0297f0-6f32-5d4c-841e-33afb8ca82b9,232,ILLERET,53f2ff99-b8c4-578b-8159-3620f10f3828,78,ILLERET PR. SCH.
0159d6c7-973f-5e7a-a9a0-d195d0ea6fe2,10,MARSABIT,5e34b3ef-fc1a-5730-ac36-ca9a8a1cb267,46,NORTH HORR,0d0297f0-6f32-5d4c-841e-33afb8ca82b9,232,ILLERET,c23839c7-e488-5a2d-9d50-c6399ae8d198,79,ALIA BAY WILDLIFE P. HQS.
0159d6c7-973f-5e7a-a9a0-d195d0ea6fe2,10,MARSABIT,5e34b3ef-fc1a-5730-ac36-ca9a8a1cb267,46,NORTH HORR,0d0297f0-6f32-5d4c-841e-33afb8ca82b9,232,ILLERET,9a26b788-f6a1-5e20-9d4a-cdf4558708e3,80,KOOBI FORA CAMP.
0159d6c7-973f-5e7a-a9a0-d195d0ea6fe2,10,MARSABIT,5e34b3ef-fc1a-5730-ac36-ca9a8a1cb267,46,NORTH HORR,0d0297f0-6f32-5d4c-841e-33afb8ca82b9,232,ILLERET,fa3ff6f6-250b-51ab-8836-c6ecc2c044b4,81,TELESGAYI MANYATTA
0159d6c7-973f-5e7a-a9a0-d195d0ea6fe2,10,MARSABIT,5e34b3ef-fc1a-5730-ac36-ca9a8a1cb267,46,NORTH HORR,0d0297f0-6f32-5d4c-841e-33afb8ca82b9,232,ILLERET,027924b5-f55b-5b41-bff4-dd3265b89763,82,OLOLO MANYATTA
0159d6c7-973f-5e7a-a9a0-d195d0ea6fe2,10,MARSABIT,5e34b3ef-fc1a-5730-ac36-ca9a8a1cb267,46,NORTH HORR,0d0297f0-6f32-5d4c-841e-33afb8ca82b9,232,ILLERET,5e2cf265-20c6-5b6f-a89f-c46d1e2d815e,83,ILKIMIRE MANYATTA
0159d6c7-973f-5e7a-a9a0-d195d0ea6fe2,10,MARSABIT,5e34b3ef-fc1a-5730-ac36-ca9a8a1cb267,46,NORTH HORR,0d0297f0-6f32-5d4c-841e-33afb8ca82b9,232,ILLERET,4bad192e-eafe-5029-b9fd-6bbbd1060a22,84,ELBOKOCH PRY
0159d6c7-973f-5e7a-a9a0-d195d0ea6fe2,10,MARSABIT,5e34b3ef-fc1a-5730-ac36-ca9a8a1cb267,46,NORTH HORR,0d0297f0-6f32-5d4c-841e-33afb8ca82b9,232,ILLERET,0257f4a8-9b8d-5c3e-9844-8596e51e312e,85,DURA MOBILE
0159d6c7-973f-5e7a-a9a0-d195d0ea6fe2,10,MARSABIT,5e34b3ef-fc1a-5730-ac36-ca9a8a1cb267,46,NORTH HORR,0d0297f0-6f32-5d4c-841e-33afb8ca82b9,232,ILLERET,e484aa51-0675-5bca-81f1-f467f9e37743,86,KOKOI MOBILE
0159d6c7-973f-5e7a-a9a0-d195d0ea6fe2,10,MARSABIT,7e7a54c1-bb39-550c-8e30-8c78f5e37b78,47,SAKU,60ffb550-2c4d-5acc-8c51-e40c9c8cb792,233,SAGANTE/JALDESA,3eadc509-c257-5a72-9f7d-526c5072a185,1,MANYATTA JILLO PR. SCH
0159d6c7-973f-5e7a-a9a0-d195d0ea6fe2,10,MARSABIT,7e7a54c1-bb39-550c-8e30-8c78f5e37b78,47,SAKU,60ffb550-2c4d-5acc-8c51-e40c9c8cb792,233,SAGANTE/JALDESA,da5e5c5d-a424-5647-bc91-063612bfd194,2,ST. PETERS PR. SCH
0159d6c7-973f-5e7a-a9a0-d195d0ea6fe2,10,MARSABIT,7e7a54c1-bb39-550c-8e30-8c78f5e37b78,47,SAKU,60ffb550-2c4d-5acc-8c51-e40c9c8cb792,233,SAGANTE/JALDESA,52ee68b7-877b-5e8a-9f0b-d323ceabbf75,3,GORO RUKESA PR. SCH.
0159d6c7-973f-5e7a-a9a0-d195d0ea6fe2,10,MARSABIT,7e7a54c1-bb39-550c-8e30-8c78f5e37b78,47,SAKU,60ffb550-2c4d-5acc-8c51-e40c9c8cb792,233,SAGANTE/JALDESA,d981e3e8-7915-5321-9f02-af340cf7f6a3,4,GAR QARSA PR. SCH
0159d6c7-973f-5e7a-a9a0-d195d0ea6fe2,10,MARSABIT,7e7a54c1-bb39-550c-8e30-8c78f5e37b78,47,SAKU,60ffb550-2c4d-5acc-8c51-e40c9c8cb792,233,SAGANTE/JALDESA,22e691f1-d677-5e27-9046-42c81f6d1fa2,5,DIRIB GOMBO PR. SCH
0159d6c7-973f-5e7a-a9a0-d195d0ea6fe2,10,MARSABIT,7e7a54c1-bb39-550c-8e30-8c78f5e37b78,47,SAKU,60ffb550-2c4d-5acc-8c51-e40c9c8cb792,233,SAGANTE/JALDESA,c354053e-85d6-5057-8756-bcf5dd06f0a3,6,HEKIMA PR. SCH
0159d6c7-973f-5e7a-a9a0-d195d0ea6fe2,10,MARSABIT,7e7a54c1-bb39-550c-8e30-8c78f5e37b78,47,SAKU,60ffb550-2c4d-5acc-8c51-e40c9c8cb792,233,SAGANTE/JALDESA,ee339f4d-3dfe-5943-bad9-f83585c42b67,7,BORU HARO PR. SCH
0159d6c7-973f-5e7a-a9a0-d195d0ea6fe2,10,MARSABIT,7e7a54c1-bb39-550c-8e30-8c78f5e37b78,47,SAKU,60ffb550-2c4d-5acc-8c51-e40c9c8cb792,233,SAGANTE/JALDESA,adb4622f-386d-5954-a48e-e84269b111d1,8,BADASA PR. SCH
0159d6c7-973f-5e7a-a9a0-d195d0ea6fe2,10,MARSABIT,7e7a54c1-bb39-550c-8e30-8c78f5e37b78,47,SAKU,60ffb550-2c4d-5acc-8c51-e40c9c8cb792,233,SAGANTE/JALDESA,e3b7ef71-337d-58d4-89ea-01fb0c7480ca,9,SCHEME NUR SCH
0159d6c7-973f-5e7a-a9a0-d195d0ea6fe2,10,MARSABIT,7e7a54c1-bb39-550c-8e30-8c78f5e37b78,47,SAKU,60ffb550-2c4d-5acc-8c51-e40c9c8cb792,233,SAGANTE/JALDESA,e1395249-e97b-5778-9c13-8f22090ab90a,10,MATAMUKA PRI. SCH
0159d6c7-973f-5e7a-a9a0-d195d0ea6fe2,10,MARSABIT,7e7a54c1-bb39-550c-8e30-8c78f5e37b78,47,SAKU,60ffb550-2c4d-5acc-8c51-e40c9c8cb792,233,SAGANTE/JALDESA,91186731-05b5-57e4-a7d0-d19acfcf0348,11,GOF CHOPA MOBILE
0159d6c7-973f-5e7a-a9a0-d195d0ea6fe2,10,MARSABIT,7e7a54c1-bb39-550c-8e30-8c78f5e37b78,47,SAKU,60ffb550-2c4d-5acc-8c51-e40c9c8cb792,233,SAGANTE/JALDESA,485f63f1-b650-5827-ba7d-82d894d7c18c,12,MWANGAZA PR. SCH
0159d6c7-973f-5e7a-a9a0-d195d0ea6fe2,10,MARSABIT,7e7a54c1-bb39-550c-8e30-8c78f5e37b78,47,SAKU,60ffb550-2c4d-5acc-8c51-e40c9c8cb792,233,SAGANTE/JALDESA,8ff0e8d1-d9b8-58b9-a0f6-5a91bdad49c0,13,DIDA ADI NUR SCH
0159d6c7-973f-5e7a-a9a0-d195d0ea6fe2,10,MARSABIT,7e7a54c1-bb39-550c-8e30-8c78f5e37b78,47,SAKU,60ffb550-2c4d-5acc-8c51-e40c9c8cb792,233,SAGANTE/JALDESA,08795cd2-220a-57bc-b956-a36853131211,14,KUBI QALLO MOBILE
0159d6c7-973f-5e7a-a9a0-d195d0ea6fe2,10,MARSABIT,7e7a54c1-bb39-550c-8e30-8c78f5e37b78,47,SAKU,60ffb550-2c4d-5acc-8c51-e40c9c8cb792,233,SAGANTE/JALDESA,0c8b3b4a-5974-5dba-a78d-c900074bc2de,15,QACHACHA PRI SCH
0159d6c7-973f-5e7a-a9a0-d195d0ea6fe2,10,MARSABIT,7e7a54c1-bb39-550c-8e30-8c78f5e37b78,47,SAKU,60ffb550-2c4d-5acc-8c51-e40c9c8cb792,233,SAGANTE/JALDESA,adde05b3-f2bf-54e1-8630-34557df31900,16,KUBI BAGASA PR. SCH
0159d6c7-973f-5e7a-a9a0-d195d0ea6fe2,10,MARSABIT,7e7a54c1-bb39-550c-8e30-8c78f5e37b78,47,SAKU,60ffb550-2c4d-5acc-8c51-e40c9c8cb792,233,SAGANTE/JALDESA,8726ba4f-3383-5b52-b500-3cc9457968ff,17,JALDESA ONE BOREHOLE
0159d6c7-973f-5e7a-a9a0-d195d0ea6fe2,10,MARSABIT,7e7a54c1-bb39-550c-8e30-8c78f5e37b78,47,SAKU,60ffb550-2c4d-5acc-8c51-e40c9c8cb792,233,SAGANTE/JALDESA,145f19ff-7f36-52df-bdb5-d7c2d90c9828,18,OLA YAA NUR SCH
0159d6c7-973f-5e7a-a9a0-d195d0ea6fe2,10,MARSABIT,7e7a54c1-bb39-550c-8e30-8c78f5e37b78,47,SAKU,60ffb550-2c4d-5acc-8c51-e40c9c8cb792,233,SAGANTE/JALDESA,76a72430-2bed-55e5-ad7d-909f63c269fa,19,DUB GINDOLE NUR SCH
0159d6c7-973f-5e7a-a9a0-d195d0ea6fe2,10,MARSABIT,7e7a54c1-bb39-550c-8e30-8c78f5e37b78,47,SAKU,60ffb550-2c4d-5acc-8c51-e40c9c8cb792,233,SAGANTE/JALDESA,b4c75bbf-97f7-56b8-b01a-1e3e4e047410,20,DIBAYU NUR SCH
0159d6c7-973f-5e7a-a9a0-d195d0ea6fe2,10,MARSABIT,7e7a54c1-bb39-550c-8e30-8c78f5e37b78,47,SAKU,60ffb550-2c4d-5acc-8c51-e40c9c8cb792,233,SAGANTE/JALDESA,e6d73c3e-8f1d-50f2-be11-13ada68e6a1d,21,MANYATTA HARO HUKA AP POST.
0159d6c7-973f-5e7a-a9a0-d195d0ea6fe2,10,MARSABIT,7e7a54c1-bb39-550c-8e30-8c78f5e37b78,47,SAKU,60ffb550-2c4d-5acc-8c51-e40c9c8cb792,233,SAGANTE/JALDESA,aba0eb08-37c3-51da-8b41-6d7765b014ae,22,MANYATTA GUYO ARERO
0159d6c7-973f-5e7a-a9a0-d195d0ea6fe2,10,MARSABIT,7e7a54c1-bb39-550c-8e30-8c78f5e37b78,47,SAKU,60ffb550-2c4d-5acc-8c51-e40c9c8cb792,233,SAGANTE/JALDESA,8182ba3f-b678-5a20-a098-deeb147d1c5a,23,MANYATTA ILMAN MOLU
0159d6c7-973f-5e7a-a9a0-d195d0ea6fe2,10,MARSABIT,7e7a54c1-bb39-550c-8e30-8c78f5e37b78,47,SAKU,60ffb550-2c4d-5acc-8c51-e40c9c8cb792,233,SAGANTE/JALDESA,c785cf40-25ba-5317-a960-cad891b86a58,24,MANYATTA GILLA NUR SCH
0159d6c7-973f-5e7a-a9a0-d195d0ea6fe2,10,MARSABIT,7e7a54c1-bb39-550c-8e30-8c78f5e37b78,47,SAKU,60ffb550-2c4d-5acc-8c51-e40c9c8cb792,233,SAGANTE/JALDESA,a42777c9-7b22-5bd4-88c0-39ae29047dc8,52,SAKU CENTRE OF EXELLENCY
0159d6c7-973f-5e7a-a9a0-d195d0ea6fe2,10,MARSABIT,7e7a54c1-bb39-550c-8e30-8c78f5e37b78,47,SAKU,60ffb550-2c4d-5acc-8c51-e40c9c8cb792,233,SAGANTE/JALDESA,ee40c68a-1cef-5aec-ab1f-ce7c02fbaedc,53,DOKATU BORE HALL
0159d6c7-973f-5e7a-a9a0-d195d0ea6fe2,10,MARSABIT,7e7a54c1-bb39-550c-8e30-8c78f5e37b78,47,SAKU,60ffb550-2c4d-5acc-8c51-e40c9c8cb792,233,SAGANTE/JALDESA,6aff614d-9c1f-56a3-a896-ea3cab1593ee,54,WASAFI MANYATTA
0159d6c7-973f-5e7a-a9a0-d195d0ea6fe2,10,MARSABIT,7e7a54c1-bb39-550c-8e30-8c78f5e37b78,47,SAKU,74ffbf6c-9f4b-5ec5-98c2-4cc5b42abd86,234,KARARE,1c363082-a7b4-54f6-9ec6-2f6c8bdba006,25,HULA HULA PR. SCH.
0159d6c7-973f-5e7a-a9a0-d195d0ea6fe2,10,MARSABIT,7e7a54c1-bb39-550c-8e30-8c78f5e37b78,47,SAKU,74ffbf6c-9f4b-5ec5-98c2-4cc5b42abd86,234,KARARE,90a58482-291c-551b-8a1e-1e918696fb31,26,KARANTINA NUR SCH.
0159d6c7-973f-5e7a-a9a0-d195d0ea6fe2,10,MARSABIT,7e7a54c1-bb39-550c-8e30-8c78f5e37b78,47,SAKU,74ffbf6c-9f4b-5ec5-98c2-4cc5b42abd86,234,KARARE,e3c7627e-839f-53ee-8b28-2cd1a045db5c,27,KARARE PR. SCH
0159d6c7-973f-5e7a-a9a0-d195d0ea6fe2,10,MARSABIT,7e7a54c1-bb39-550c-8e30-8c78f5e37b78,47,SAKU,74ffbf6c-9f4b-5ec5-98c2-4cc5b42abd86,234,KARARE,87d67c27-9615-5825-8c27-b45a6759eef7,28,PARKISHON PR. SCH
0159d6c7-973f-5e7a-a9a0-d195d0ea6fe2,10,MARSABIT,7e7a54c1-bb39-550c-8e30-8c78f5e37b78,47,SAKU,74ffbf6c-9f4b-5ec5-98c2-4cc5b42abd86,234,KARARE,d21e2990-91ad-515b-ace3-c0069715f4fa,29,KITURUNI PR. SCH.
0159d6c7-973f-5e7a-a9a0-d195d0ea6fe2,10,MARSABIT,7e7a54c1-bb39-550c-8e30-8c78f5e37b78,47,SAKU,74ffbf6c-9f4b-5ec5-98c2-4cc5b42abd86,234,KARARE,fe8f8cbf-3731-59e8-94ec-5b7f62123957,30,SONGA PR. SCH.
0159d6c7-973f-5e7a-a9a0-d195d0ea6fe2,10,MARSABIT,7e7a54c1-bb39-550c-8e30-8c78f5e37b78,47,SAKU,74ffbf6c-9f4b-5ec5-98c2-4cc5b42abd86,234,KARARE,07fedc8c-1746-5f2f-ac60-078a69ca4628,31,LEYAI PR. SCH.
0159d6c7-973f-5e7a-a9a0-d195d0ea6fe2,10,MARSABIT,7e7a54c1-bb39-550c-8e30-8c78f5e37b78,47,SAKU,74ffbf6c-9f4b-5ec5-98c2-4cc5b42abd86,234,KARARE,b0b665db-c372-56aa-b938-bfa1563c0fd9,32,LPUS NUR PR. SCH
0159d6c7-973f-5e7a-a9a0-d195d0ea6fe2,10,MARSABIT,7e7a54c1-bb39-550c-8e30-8c78f5e37b78,47,SAKU,74ffbf6c-9f4b-5ec5-98c2-4cc5b42abd86,234,KARARE,fee23955-af6d-561b-9dd0-d2e015a29966,33,NASIKAKWE MOBILE
0159d6c7-973f-5e7a-a9a0-d195d0ea6fe2,10,MARSABIT,7e7a54c1-bb39-550c-8e30-8c78f5e37b78,47,SAKU,74ffbf6c-9f4b-5ec5-98c2-4cc5b42abd86,234,KARARE,53505b77-58b5-57a9-aa59-53c923e43f81,34,LAKARTINYA PRI.SCH
0159d6c7-973f-5e7a-a9a0-d195d0ea6fe2,10,MARSABIT,7e7a54c1-bb39-550c-8e30-8c78f5e37b78,47,SAKU,74ffbf6c-9f4b-5ec5-98c2-4cc5b42abd86,234,KARARE,a6decfb8-8ca5-5266-838d-cc460d1862f5,35,KARARE MIX SCH.
0159d6c7-973f-5e7a-a9a0-d195d0ea6fe2,10,MARSABIT,7e7a54c1-bb39-550c-8e30-8c78f5e37b78,47,SAKU,74ffbf6c-9f4b-5ec5-98c2-4cc5b42abd86,234,KARARE,43a0293f-a6af-5224-af16-c1a04506065a,56,S.K WINGS PR.SCHL
0159d6c7-973f-5e7a-a9a0-d195d0ea6fe2,10,MARSABIT,7e7a54c1-bb39-550c-8e30-8c78f5e37b78,47,SAKU,74ffbf6c-9f4b-5ec5-98c2-4cc5b42abd86,234,KARARE,2a86dbad-a4c6-5982-ab36-8475f56d4186,57,LORUKO PR.SCHL
0159d6c7-973f-5e7a-a9a0-d195d0ea6fe2,10,MARSABIT,7e7a54c1-bb39-550c-8e30-8c78f5e37b78,47,SAKU,ef62506b-4dab-5f80-93b8-d83491103ca6,235,MARSABIT CENTRAL,b5b65f49-0d45-57d1-a64c-076815a1ce91,36,FATHI MADRASSA
0159d6c7-973f-5e7a-a9a0-d195d0ea6fe2,10,MARSABIT,7e7a54c1-bb39-550c-8e30-8c78f5e37b78,47,SAKU,ef62506b-4dab-5f80-93b8-d83491103ca6,235,MARSABIT CENTRAL,e02ad604-bb9f-5ca8-9a8c-85e8ec894f99,37,SAKUU PR. SCH.
0159d6c7-973f-5e7a-a9a0-d195d0ea6fe2,10,MARSABIT,7e7a54c1-bb39-550c-8e30-8c78f5e37b78,47,SAKU,ef62506b-4dab-5f80-93b8-d83491103ca6,235,MARSABIT CENTRAL,d0367d36-5ddc-558f-aacc-f94c8a0454b8,38,KIWANJA NDEGE PR. SCH.
0159d6c7-973f-5e7a-a9a0-d195d0ea6fe2,10,MARSABIT,7e7a54c1-bb39-550c-8e30-8c78f5e37b78,47,SAKU,ef62506b-4dab-5f80-93b8-d83491103ca6,235,MARSABIT CENTRAL,ffab2c43-48de-5588-b200-641a799fd0d1,39,OLA DAABA PRI. SCH.
0159d6c7-973f-5e7a-a9a0-d195d0ea6fe2,10,MARSABIT,7e7a54c1-bb39-550c-8e30-8c78f5e37b78,47,SAKU,ef62506b-4dab-5f80-93b8-d83491103ca6,235,MARSABIT CENTRAL,97a66ad7-3039-5804-bed9-7377e4cdccc3,40,MARSABIT FULL PR. SCH.
0159d6c7-973f-5e7a-a9a0-d195d0ea6fe2,10,MARSABIT,7e7a54c1-bb39-550c-8e30-8c78f5e37b78,47,SAKU,ef62506b-4dab-5f80-93b8-d83491103ca6,235,MARSABIT CENTRAL,382c966d-708f-5964-8064-6150ff569451,41,COMPLEX SOCIAL HALL
0159d6c7-973f-5e7a-a9a0-d195d0ea6fe2,10,MARSABIT,7e7a54c1-bb39-550c-8e30-8c78f5e37b78,47,SAKU,ef62506b-4dab-5f80-93b8-d83491103ca6,235,MARSABIT CENTRAL,bf600789-9b35-59eb-b63d-18184fde85e5,42,ST. JOHNS PR. SCH.
0159d6c7-973f-5e7a-a9a0-d195d0ea6fe2,10,MARSABIT,7e7a54c1-bb39-550c-8e30-8c78f5e37b78,47,SAKU,ef62506b-4dab-5f80-93b8-d83491103ca6,235,MARSABIT CENTRAL,b6eb37c3-7d24-57ba-a088-a8c75949e447,43,S.K.M PR. SCH.
0159d6c7-973f-5e7a-a9a0-d195d0ea6fe2,10,MARSABIT,7e7a54c1-bb39-550c-8e30-8c78f5e37b78,47,SAKU,ef62506b-4dab-5f80-93b8-d83491103ca6,235,MARSABIT CENTRAL,691a0c3c-39a2-5eb9-8503-7aa1cb8f5b30,44,ALHIDAYA PRI. SCH.
0159d6c7-973f-5e7a-a9a0-d195d0ea6fe2,10,MARSABIT,7e7a54c1-bb39-550c-8e30-8c78f5e37b78,47,SAKU,ef62506b-4dab-5f80-93b8-d83491103ca6,235,MARSABIT CENTRAL,c2818cae-e5c6-515d-a5fd-cb34f2753539,45,COMBONI NUR. SCH
0159d6c7-973f-5e7a-a9a0-d195d0ea6fe2,10,MARSABIT,7e7a54c1-bb39-550c-8e30-8c78f5e37b78,47,SAKU,ef62506b-4dab-5f80-93b8-d83491103ca6,235,MARSABIT CENTRAL,bfed86eb-ca0b-5e53-b6a6-f8b76d4ef340,46,MEMBERS CLUB
0159d6c7-973f-5e7a-a9a0-d195d0ea6fe2,10,MARSABIT,7e7a54c1-bb39-550c-8e30-8c78f5e37b78,47,SAKU,ef62506b-4dab-5f80-93b8-d83491103ca6,235,MARSABIT CENTRAL,30b9e314-95fb-5d3e-b189-528c2e223de3,47,FR. JOHN MEMORIAL PR.SCHL
0159d6c7-973f-5e7a-a9a0-d195d0ea6fe2,10,MARSABIT,7e7a54c1-bb39-550c-8e30-8c78f5e37b78,47,SAKU,ef62506b-4dab-5f80-93b8-d83491103ca6,235,MARSABIT CENTRAL,34883a9a-cd8d-5ac8-a088-c1bad3bc8963,48,TAQWA INTEGRATED MADRASSA
0159d6c7-973f-5e7a-a9a0-d195d0ea6fe2,10,MARSABIT,7e7a54c1-bb39-550c-8e30-8c78f5e37b78,47,SAKU,ef62506b-4dab-5f80-93b8-d83491103ca6,235,MARSABIT CENTRAL,08eeda02-694d-510e-8a7b-fac81b5eb93c,49,NAGAYO CHIEF'S OFFICE
0159d6c7-973f-5e7a-a9a0-d195d0ea6fe2,10,MARSABIT,7e7a54c1-bb39-550c-8e30-8c78f5e37b78,47,SAKU,ef62506b-4dab-5f80-93b8-d83491103ca6,235,MARSABIT CENTRAL,4a1070fc-f27f-5031-89b9-4ff20cb31371,50,MANYATTA MATO COMMUNITY HALL
0159d6c7-973f-5e7a-a9a0-d195d0ea6fe2,10,MARSABIT,7e7a54c1-bb39-550c-8e30-8c78f5e37b78,47,SAKU,ef62506b-4dab-5f80-93b8-d83491103ca6,235,MARSABIT CENTRAL,b1644f97-7475-5021-8041-24ec4bc22415,51,MOUNTAIN CHIEFS' OFFICE
0159d6c7-973f-5e7a-a9a0-d195d0ea6fe2,10,MARSABIT,7e7a54c1-bb39-550c-8e30-8c78f5e37b78,47,SAKU,ef62506b-4dab-5f80-93b8-d83491103ca6,235,MARSABIT CENTRAL,0070772d-3a69-5c50-9527-b39ba731ecfb,58,SHEGEL PR.SCHL
0159d6c7-973f-5e7a-a9a0-d195d0ea6fe2,10,MARSABIT,7e7a54c1-bb39-550c-8e30-8c78f5e37b78,47,SAKU,ef62506b-4dab-5f80-93b8-d83491103ca6,235,MARSABIT CENTRAL,ccf0c221-b6cd-5aa9-8878-9408fd8b9438,59,PEFA CHURCH NUR.SCHL
0159d6c7-973f-5e7a-a9a0-d195d0ea6fe2,10,MARSABIT,7e7a54c1-bb39-550c-8e30-8c78f5e37b78,47,SAKU,ef62506b-4dab-5f80-93b8-d83491103ca6,235,MARSABIT CENTRAL,b3a62986-de73-59d0-b427-b7e64f956a72,60,MANYATTA KARTASI MADRASSA
0159d6c7-973f-5e7a-a9a0-d195d0ea6fe2,10,MARSABIT,7e7a54c1-bb39-550c-8e30-8c78f5e37b78,47,SAKU,ef62506b-4dab-5f80-93b8-d83491103ca6,235,MARSABIT CENTRAL,d3d7da65-73ee-563d-b4fc-f367b1053bd3,61,SAKU YOUTH EMPOWERMENT CENTER
0159d6c7-973f-5e7a-a9a0-d195d0ea6fe2,10,MARSABIT,7e7a54c1-bb39-550c-8e30-8c78f5e37b78,47,SAKU,ef62506b-4dab-5f80-93b8-d83491103ca6,235,MARSABIT CENTRAL,375f9335-5108-571e-9dba-f7356629e174,62,DAKABARICHA DISPENSARY
0159d6c7-973f-5e7a-a9a0-d195d0ea6fe2,10,MARSABIT,7acc1d6d-35a7-57f7-bb9f-d79c8b1fead2,48,LAISAMIS,19881dbc-d37b-5821-8ae9-9bfd440f70f6,236,LOIYANGALANI,954ea249-ca41-5505-92f9-d8761ed99b2e,1,OLTUROT PRIMARY SCH.
0159d6c7-973f-5e7a-a9a0-d195d0ea6fe2,10,MARSABIT,7acc1d6d-35a7-57f7-bb9f-d79c8b1fead2,48,LAISAMIS,19881dbc-d37b-5821-8ae9-9bfd440f70f6,236,LOIYANGALANI,f57098f6-d8d5-559e-b150-51a7c6303bdf,2,GATAB PRIMARY SCH.
0159d6c7-973f-5e7a-a9a0-d195d0ea6fe2,10,MARSABIT,7acc1d6d-35a7-57f7-bb9f-d79c8b1fead2,48,LAISAMIS,19881dbc-d37b-5821-8ae9-9bfd440f70f6,236,LOIYANGALANI,ca2b7138-9855-512f-b008-8314c7fc19d8,3,ARAPAL NUR. SCHOOL
0159d6c7-973f-5e7a-a9a0-d195d0ea6fe2,10,MARSABIT,7acc1d6d-35a7-57f7-bb9f-d79c8b1fead2,48,LAISAMIS,19881dbc-d37b-5821-8ae9-9bfd440f70f6,236,LOIYANGALANI,8e92ab5a-f20e-5989-a803-2f618bd62275,4,LARACHI CENTRE
0159d6c7-973f-5e7a-a9a0-d195d0ea6fe2,10,MARSABIT,7acc1d6d-35a7-57f7-bb9f-d79c8b1fead2,48,LAISAMIS,19881dbc-d37b-5821-8ae9-9bfd440f70f6,236,LOIYANGALANI,5e3e84c0-cc80-5ecc-8bf5-6d17df8bf383,5,MOITE PRIMARY
0159d6c7-973f-5e7a-a9a0-d195d0ea6fe2,10,MARSABIT,7acc1d6d-35a7-57f7-bb9f-d79c8b1fead2,48,LAISAMIS,19881dbc-d37b-5821-8ae9-9bfd440f70f6,236,LOIYANGALANI,2a005025-d4dd-547d-a701-4fe8e3c3abaf,6,GAS MOBILE
0159d6c7-973f-5e7a-a9a0-d195d0ea6fe2,10,MARSABIT,7acc1d6d-35a7-57f7-bb9f-d79c8b1fead2,48,LAISAMIS,19881dbc-d37b-5821-8ae9-9bfd440f70f6,236,LOIYANGALANI,c836c3b4-1448-55a1-a9cb-2e47b2f579f6,7,ELMOLO PRI. SCH
0159d6c7-973f-5e7a-a9a0-d195d0ea6fe2,10,MARSABIT,7acc1d6d-35a7-57f7-bb9f-d79c8b1fead2,48,LAISAMIS,19881dbc-d37b-5821-8ae9-9bfd440f70f6,236,LOIYANGALANI,ace74ae3-dcf9-5479-a051-9e88df6465f9,8,LOIYANGALANI PRI. SCH.
0159d6c7-973f-5e7a-a9a0-d195d0ea6fe2,10,MARSABIT,7acc1d6d-35a7-57f7-bb9f-d79c8b1fead2,48,LAISAMIS,19881dbc-d37b-5821-8ae9-9bfd440f70f6,236,LOIYANGALANI,6f77c57a-1419-582e-a16d-3f8daa17cdc7,9,SERIMA MOBILE
0159d6c7-973f-5e7a-a9a0-d195d0ea6fe2,10,MARSABIT,7acc1d6d-35a7-57f7-bb9f-d79c8b1fead2,48,LAISAMIS,19881dbc-d37b-5821-8ae9-9bfd440f70f6,236,LOIYANGALANI,0ca8aa76-3659-5e2e-8143-f0773d8b3031,10,LUAI WATER POINT
0159d6c7-973f-5e7a-a9a0-d195d0ea6fe2,10,MARSABIT,7acc1d6d-35a7-57f7-bb9f-d79c8b1fead2,48,LAISAMIS,19881dbc-d37b-5821-8ae9-9bfd440f70f6,236,LOIYANGALANI,2b82ca92-d570-513e-9b25-17ebcdcb5b5f,11,LOSIKIRIASH PRI. SCH
0159d6c7-973f-5e7a-a9a0-d195d0ea6fe2,10,MARSABIT,7acc1d6d-35a7-57f7-bb9f-d79c8b1fead2,48,LAISAMIS,19881dbc-d37b-5821-8ae9-9bfd440f70f6,236,LOIYANGALANI,c72f7870-3ee8-5b0d-a4d9-3ad4dfbb256a,12,NGOROROI PRY. SCH.
0159d6c7-973f-5e7a-a9a0-d195d0ea6fe2,10,MARSABIT,7acc1d6d-35a7-57f7-bb9f-d79c8b1fead2,48,LAISAMIS,19881dbc-d37b-5821-8ae9-9bfd440f70f6,236,LOIYANGALANI,dad9fd55-7ceb-5192-8f0a-44b209f11248,13,PALLO MOBILE
0159d6c7-973f-5e7a-a9a0-d195d0ea6fe2,10,MARSABIT,7acc1d6d-35a7-57f7-bb9f-d79c8b1fead2,48,LAISAMIS,19881dbc-d37b-5821-8ae9-9bfd440f70f6,236,LOIYANGALANI,77280ef0-243d-5954-963f-7a872828d634,14,SANTUR PRY SCHOOL
0159d6c7-973f-5e7a-a9a0-d195d0ea6fe2,10,MARSABIT,7acc1d6d-35a7-57f7-bb9f-d79c8b1fead2,48,LAISAMIS,19881dbc-d37b-5821-8ae9-9bfd440f70f6,236,LOIYANGALANI,ddfd9d21-28a8-555a-8c7f-3eb37f7ce052,15,TITUS MEMORIAL PRY
0159d6c7-973f-5e7a-a9a0-d195d0ea6fe2,10,MARSABIT,7acc1d6d-35a7-57f7-bb9f-d79c8b1fead2,48,LAISAMIS,19881dbc-d37b-5821-8ae9-9bfd440f70f6,236,LOIYANGALANI,bb4ab692-2de7-5419-bc11-cb3374ffefe2,16,MBARNAT NURSERY
0159d6c7-973f-5e7a-a9a0-d195d0ea6fe2,10,MARSABIT,7acc1d6d-35a7-57f7-bb9f-d79c8b1fead2,48,LAISAMIS,19881dbc-d37b-5821-8ae9-9bfd440f70f6,236,LOIYANGALANI,5d6ed2a7-e244-5450-94e6-925204bc337f,67,TWO SISTERS PRIMARY SCHOOL
0159d6c7-973f-5e7a-a9a0-d195d0ea6fe2,10,MARSABIT,7acc1d6d-35a7-57f7-bb9f-d79c8b1fead2,48,LAISAMIS,1c3dac82-40ee-5532-ae5b-e5b97699d9c6,237,KARGI/SOUTH HORR,7db5b74f-9d6c-52de-9355-b7d901a4b153,17,KARGI SOC. HALL
0159d6c7-973f-5e7a-a9a0-d195d0ea6fe2,10,MARSABIT,7acc1d6d-35a7-57f7-bb9f-d79c8b1fead2,48,LAISAMIS,1c3dac82-40ee-5532-ae5b-e5b97699d9c6,237,KARGI/SOUTH HORR,b2a30941-1bbe-58a2-850f-738bff359bb5,18,SEGEL MOBILE
0159d6c7-973f-5e7a-a9a0-d195d0ea6fe2,10,MARSABIT,7acc1d6d-35a7-57f7-bb9f-d79c8b1fead2,48,LAISAMIS,1c3dac82-40ee-5532-ae5b-e5b97699d9c6,237,KARGI/SOUTH HORR,54082f08-b24c-5a6c-8255-7cacfffbf816,19,OGISHU MOBILE
0159d6c7-973f-5e7a-a9a0-d195d0ea6fe2,10,MARSABIT,7acc1d6d-35a7-57f7-bb9f-d79c8b1fead2,48,LAISAMIS,1c3dac82-40ee-5532-ae5b-e5b97699d9c6,237,KARGI/SOUTH HORR,345e7ebe-c5a5-5146-bbf6-dfe886f84947,20,KURKUM PRY
0159d6c7-973f-5e7a-a9a0-d195d0ea6fe2,10,MARSABIT,7acc1d6d-35a7-57f7-bb9f-d79c8b1fead2,48,LAISAMIS,1c3dac82-40ee-5532-ae5b-e5b97699d9c6,237,KARGI/SOUTH HORR,d54514ee-0a1e-5057-9b25-869f635b74db,21,SOUTH HORR T. CENTRE
0159d6c7-973f-5e7a-a9a0-d195d0ea6fe2,10,MARSABIT,7acc1d6d-35a7-57f7-bb9f-d79c8b1fead2,48,LAISAMIS,1c3dac82-40ee-5532-ae5b-e5b97699d9c6,237,KARGI/SOUTH HORR,33a47efc-9de6-52cd-a460-c839dfc2d1a5,22,TUNGUU NUR. SCHOOL
0159d6c7-973f-5e7a-a9a0-d195d0ea6fe2,10,MARSABIT,7acc1d6d-35a7-57f7-bb9f-d79c8b1fead2,48,LAISAMIS,1c3dac82-40ee-5532-ae5b-e5b97699d9c6,237,KARGI/SOUTH HORR,9465720f-4259-5396-b325-1430d5731151,23,KURUNGU PRIMARY SCH.
0159d6c7-973f-5e7a-a9a0-d195d0ea6fe2,10,MARSABIT,7acc1d6d-35a7-57f7-bb9f-d79c8b1fead2,48,LAISAMIS,1c3dac82-40ee-5532-ae5b-e5b97699d9c6,237,KARGI/SOUTH HORR,3789aaae-e6ab-5b5a-8a86-2106908e5f56,24,KOROS WATER POINT
0159d6c7-973f-5e7a-a9a0-d195d0ea6fe2,10,MARSABIT,7acc1d6d-35a7-57f7-bb9f-d79c8b1fead2,48,LAISAMIS,1c3dac82-40ee-5532-ae5b-e5b97699d9c6,237,KARGI/SOUTH HORR,6d44bfc8-b3c3-50d5-9022-29743f841e57,25,ARGE MOBILE
0159d6c7-973f-5e7a-a9a0-d195d0ea6fe2,10,MARSABIT,7acc1d6d-35a7-57f7-bb9f-d79c8b1fead2,48,LAISAMIS,1c3dac82-40ee-5532-ae5b-e5b97699d9c6,237,KARGI/SOUTH HORR,19a6af68-1601-59d5-a6f8-34feee37ef08,26,GANGEISA PRIMARY SCH.
0159d6c7-973f-5e7a-a9a0-d195d0ea6fe2,10,MARSABIT,7acc1d6d-35a7-57f7-bb9f-d79c8b1fead2,48,LAISAMIS,1c3dac82-40ee-5532-ae5b-e5b97699d9c6,237,KARGI/SOUTH HORR,ec9fb641-a777-5b3a-8f9d-fd76025f98fd,27,GORLE NUR. SCHOOL
0159d6c7-973f-5e7a-a9a0-d195d0ea6fe2,10,MARSABIT,7acc1d6d-35a7-57f7-bb9f-d79c8b1fead2,48,LAISAMIS,1c3dac82-40ee-5532-ae5b-e5b97699d9c6,237,KARGI/SOUTH HORR,58bf42ea-33c1-5016-91c8-3677379116b0,68,KAMBINYE MOBILE
0159d6c7-973f-5e7a-a9a0-d195d0ea6fe2,10,MARSABIT,7acc1d6d-35a7-57f7-bb9f-d79c8b1fead2,48,LAISAMIS,9fe95146-58bb-5629-a3e1-91af90c77ca6,238,KORR/NGURUNIT,fc0321b3-78c9-5ded-9665-924b131299db,28,NGURUNIT PRIMARY SCH.
0159d6c7-973f-5e7a-a9a0-d195d0ea6fe2,10,MARSABIT,7acc1d6d-35a7-57f7-bb9f-d79c8b1fead2,48,LAISAMIS,9fe95146-58bb-5629-a3e1-91af90c77ca6,238,KORR/NGURUNIT,b329e5bf-0812-54b7-89c3-76370e0e5e55,29,LEPEBENDERA MOBILE
0159d6c7-973f-5e7a-a9a0-d195d0ea6fe2,10,MARSABIT,7acc1d6d-35a7-57f7-bb9f-d79c8b1fead2,48,LAISAMIS,9fe95146-58bb-5629-a3e1-91af90c77ca6,238,KORR/NGURUNIT,af678394-8dd2-5ee2-aeed-029bfbe7bfae,30,NAMAREI PRIMARY SCH.
0159d6c7-973f-5e7a-a9a0-d195d0ea6fe2,10,MARSABIT,7acc1d6d-35a7-57f7-bb9f-d79c8b1fead2,48,LAISAMIS,9fe95146-58bb-5629-a3e1-91af90c77ca6,238,KORR/NGURUNIT,e6cea89a-a0ff-5d6d-a596-518cc59f6935,31,LENGIMA PRIMARY
0159d6c7-973f-5e7a-a9a0-d195d0ea6fe2,10,MARSABIT,7acc1d6d-35a7-57f7-bb9f-d79c8b1fead2,48,LAISAMIS,9fe95146-58bb-5629-a3e1-91af90c77ca6,238,KORR/NGURUNIT,2ab5dce4-7366-5622-a861-919e11f5db70,32,FARAKORE PRY
0159d6c7-973f-5e7a-a9a0-d195d0ea6fe2,10,MARSABIT,7acc1d6d-35a7-57f7-bb9f-d79c8b1fead2,48,LAISAMIS,9fe95146-58bb-5629-a3e1-91af90c77ca6,238,KORR/NGURUNIT,a441b7de-289a-5f38-8f9b-868a89369284,33,ILLAUT MOBILE
0159d6c7-973f-5e7a-a9a0-d195d0ea6fe2,10,MARSABIT,7acc1d6d-35a7-57f7-bb9f-d79c8b1fead2,48,LAISAMIS,9fe95146-58bb-5629-a3e1-91af90c77ca6,238,KORR/NGURUNIT,395bb7e2-aec3-5f06-9b35-d567c1675f90,34,KORR PRIMARY SCHOOL
0159d6c7-973f-5e7a-a9a0-d195d0ea6fe2,10,MARSABIT,7acc1d6d-35a7-57f7-bb9f-d79c8b1fead2,48,LAISAMIS,9fe95146-58bb-5629-a3e1-91af90c77ca6,238,KORR/NGURUNIT,19eac76c-c431-576c-a4c9-7706f466e406,35,BALAH PRIMARY SCHOOL
0159d6c7-973f-5e7a-a9a0-d195d0ea6fe2,10,MARSABIT,7acc1d6d-35a7-57f7-bb9f-d79c8b1fead2,48,LAISAMIS,9fe95146-58bb-5629-a3e1-91af90c77ca6,238,KORR/NGURUNIT,1d815c24-b3de-52d2-88bc-3501577aa62b,36,HALISIRWA MOBILE
0159d6c7-973f-5e7a-a9a0-d195d0ea6fe2,10,MARSABIT,7acc1d6d-35a7-57f7-bb9f-d79c8b1fead2,48,LAISAMIS,9fe95146-58bb-5629-a3e1-91af90c77ca6,238,KORR/NGURUNIT,d736504e-f6b6-53e0-81d1-b4f31e3cb700,37,MPAKAS PRY
0159d6c7-973f-5e7a-a9a0-d195d0ea6fe2,10,MARSABIT,7acc1d6d-35a7-57f7-bb9f-d79c8b1fead2,48,LAISAMIS,9fe95146-58bb-5629-a3e1-91af90c77ca6,238,KORR/NGURUNIT,4b8896f2-306c-57fe-b101-750c377ff93e,38,DADABO AGUDHAN MOB.
0159d6c7-973f-5e7a-a9a0-d195d0ea6fe2,10,MARSABIT,7acc1d6d-35a7-57f7-bb9f-d79c8b1fead2,48,LAISAMIS,9fe95146-58bb-5629-a3e1-91af90c77ca6,238,KORR/NGURUNIT,dc685f28-605d-54e7-b006-0412e8a0923c,39,TIRRIM PRY
0159d6c7-973f-5e7a-a9a0-d195d0ea6fe2,10,MARSABIT,7acc1d6d-35a7-57f7-bb9f-d79c8b1fead2,48,LAISAMIS,9fe95146-58bb-5629-a3e1-91af90c77ca6,238,KORR/NGURUNIT,c5056bc7-7b19-5280-ba8d-f69f4634d06c,40,BURRI HARAMIA MOBILE
0159d6c7-973f-5e7a-a9a0-d195d0ea6fe2,10,MARSABIT,7acc1d6d-35a7-57f7-bb9f-d79c8b1fead2,48,LAISAMIS,9fe95146-58bb-5629-a3e1-91af90c77ca6,238,KORR/NGURUNIT,5306e791-eabe-502c-ab68-1ada4a3d4982,41,SUNYURO MOBILE
0159d6c7-973f-5e7a-a9a0-d195d0ea6fe2,10,MARSABIT,7acc1d6d-35a7-57f7-bb9f-d79c8b1fead2,48,LAISAMIS,9fe95146-58bb-5629-a3e1-91af90c77ca6,238,KORR/NGURUNIT,eaf8b8c7-cc19-5a0d-af02-02eed3817de5,42,LEKUCHULA PRIMARY
0159d6c7-973f-5e7a-a9a0-d195d0ea6fe2,10,MARSABIT,7acc1d6d-35a7-57f7-bb9f-d79c8b1fead2,48,LAISAMIS,9fe95146-58bb-5629-a3e1-91af90c77ca6,238,KORR/NGURUNIT,174a442f-90e4-57d1-804c-d54ad413ff1e,43,SARAI MANYATTA
0159d6c7-973f-5e7a-a9a0-d195d0ea6fe2,10,MARSABIT,7acc1d6d-35a7-57f7-bb9f-d79c8b1fead2,48,LAISAMIS,9fe95146-58bb-5629-a3e1-91af90c77ca6,238,KORR/NGURUNIT,272e4ab8-beb4-5ced-9ec0-59a61045321a,44,NOMADS PRIMARY
0159d6c7-973f-5e7a-a9a0-d195d0ea6fe2,10,MARSABIT,7acc1d6d-35a7-57f7-bb9f-d79c8b1fead2,48,LAISAMIS,9fe95146-58bb-5629-a3e1-91af90c77ca6,238,KORR/NGURUNIT,c6ac75a5-eeac-52bd-ae09-907350b882a1,69,ILMODHI NURSERY SCHOOL
0159d6c7-973f-5e7a-a9a0-d195d0ea6fe2,10,MARSABIT,7acc1d6d-35a7-57f7-bb9f-d79c8b1fead2,48,LAISAMIS,1eef72df-a798-5488-aff7-41bcf611a7bf,239,LOGO LOGO,752ea75b-d40c-5019-9c6a-a92e330265c1,45,SANCHIR WATERPOINT
0159d6c7-973f-5e7a-a9a0-d195d0ea6fe2,10,MARSABIT,7acc1d6d-35a7-57f7-bb9f-d79c8b1fead2,48,LAISAMIS,1eef72df-a798-5488-aff7-41bcf611a7bf,239,LOGO LOGO,47b03542-a1df-5eae-93d4-14742bf2a289,46,MARTI NURSERY
0159d6c7-973f-5e7a-a9a0-d195d0ea6fe2,10,MARSABIT,7acc1d6d-35a7-57f7-bb9f-d79c8b1fead2,48,LAISAMIS,1eef72df-a798-5488-aff7-41bcf611a7bf,239,LOGO LOGO,1b3e9259-e494-5131-b32a-8e8f9d4fbefe,47,LOG LOGO PRIMARY
0159d6c7-973f-5e7a-a9a0-d195d0ea6fe2,10,MARSABIT,7acc1d6d-35a7-57f7-bb9f-d79c8b1fead2,48,LAISAMIS,1eef72df-a798-5488-aff7-41bcf611a7bf,239,LOGO LOGO,e6b5da30-9467-57cc-b9fa-53e36edfa812,48,LOKILELENG NURSERY
0159d6c7-973f-5e7a-a9a0-d195d0ea6fe2,10,MARSABIT,7acc1d6d-35a7-57f7-bb9f-d79c8b1fead2,48,LAISAMIS,1eef72df-a798-5488-aff7-41bcf611a7bf,239,LOGO LOGO,251f4df2-90cb-5de9-9e7b-d1ae56fb2adc,49,ELBAAROK PRIMARY SCHOOL
0159d6c7-973f-5e7a-a9a0-d195d0ea6fe2,10,MARSABIT,7acc1d6d-35a7-57f7-bb9f-d79c8b1fead2,48,LAISAMIS,1eef72df-a798-5488-aff7-41bcf611a7bf,239,LOGO LOGO,902eb30e-12d8-54b6-ba9e-a71e7e9133db,50,KAMBOE PRIMARY SCH.
0159d6c7-973f-5e7a-a9a0-d195d0ea6fe2,10,MARSABIT,7acc1d6d-35a7-57f7-bb9f-d79c8b1fead2,48,LAISAMIS,1eef72df-a798-5488-aff7-41bcf611a7bf,239,LOGO LOGO,f07c967d-8219-533c-8a6f-8c348f1a8dfc,51,CATHOLIC NURSERY
0159d6c7-973f-5e7a-a9a0-d195d0ea6fe2,10,MARSABIT,7acc1d6d-35a7-57f7-bb9f-d79c8b1fead2,48,LAISAMIS,1eef72df-a798-5488-aff7-41bcf611a7bf,239,LOGO LOGO,d4106cce-aeeb-5f25-95d0-845856be60c9,52,LESITIMA BOREHOLE
0159d6c7-973f-5e7a-a9a0-d195d0ea6fe2,10,MARSABIT,7acc1d6d-35a7-57f7-bb9f-d79c8b1fead2,48,LAISAMIS,ab4370ef-1bab-5459-8bc4-795c13a7bba9,240,LAISAMIS,d27e9f3d-3f6e-5b98-a072-a94aab7ddf25,53,LAISAMIS PRIMARY SCH.
0159d6c7-973f-5e7a-a9a0-d195d0ea6fe2,10,MARSABIT,7acc1d6d-35a7-57f7-bb9f-d79c8b1fead2,48,LAISAMIS,ab4370ef-1bab-5459-8bc4-795c13a7bba9,240,LAISAMIS,8e77c897-81d0-533e-97b2-e5fa225efaf5,54,SILIPANI PRIMARY SCHOOL
0159d6c7-973f-5e7a-a9a0-d195d0ea6fe2,10,MARSABIT,7acc1d6d-35a7-57f7-bb9f-d79c8b1fead2,48,LAISAMIS,ab4370ef-1bab-5459-8bc4-795c13a7bba9,240,LAISAMIS,a5d7f64c-1bd5-5d2a-b982-a34d59904248,55,SAKALDARA PRIMARY SCH
0159d6c7-973f-5e7a-a9a0-d195d0ea6fe2,10,MARSABIT,7acc1d6d-35a7-57f7-bb9f-d79c8b1fead2,48,LAISAMIS,ab4370ef-1bab-5459-8bc4-795c13a7bba9,240,LAISAMIS,2199b817-4858-5dfe-92f9-daa4db0716d4,56,TIRGAMO NURSERY
0159d6c7-973f-5e7a-a9a0-d195d0ea6fe2,10,MARSABIT,7acc1d6d-35a7-57f7-bb9f-d79c8b1fead2,48,LAISAMIS,ab4370ef-1bab-5459-8bc4-795c13a7bba9,240,LAISAMIS,c8aef6b6-dd1d-50c2-81d9-caf2a8aaf692,57,HALUGUNDER NUR. SCH.
0159d6c7-973f-5e7a-a9a0-d195d0ea6fe2,10,MARSABIT,7acc1d6d-35a7-57f7-bb9f-d79c8b1fead2,48,LAISAMIS,ab4370ef-1bab-5459-8bc4-795c13a7bba9,240,LAISAMIS,b2a21e37-9af4-5da8-b7f8-d517f1719e33,58,LONTOLIO PRIMARY SCH.
0159d6c7-973f-5e7a-a9a0-d195d0ea6fe2,10,MARSABIT,7acc1d6d-35a7-57f7-bb9f-d79c8b1fead2,48,LAISAMIS,ab4370ef-1bab-5459-8bc4-795c13a7bba9,240,LAISAMIS,63f47e66-8aed-5f91-adf3-f51b2a4f3472,59,LOSIDAN PRIMARY SCHOOL
0159d6c7-973f-5e7a-a9a0-d195d0ea6fe2,10,MARSABIT,7acc1d6d-35a7-57f7-bb9f-d79c8b1fead2,48,LAISAMIS,ab4370ef-1bab-5459-8bc4-795c13a7bba9,240,LAISAMIS,f4bbb8c2-eb02-53fa-8d72-e2ee3fb8ee8d,60,MERILLE PRIMARY SCH.
0159d6c7-973f-5e7a-a9a0-d195d0ea6fe2,10,MARSABIT,7acc1d6d-35a7-57f7-bb9f-d79c8b1fead2,48,LAISAMIS,ab4370ef-1bab-5459-8bc4-795c13a7bba9,240,LAISAMIS,338f3c71-eed8-5025-bebf-00df1ab7cca8,61,KAMOTONYI PRIMARY SCHOOL
0159d6c7-973f-5e7a-a9a0-d195d0ea6fe2,10,MARSABIT,7acc1d6d-35a7-57f7-bb9f-d79c8b1fead2,48,LAISAMIS,ab4370ef-1bab-5459-8bc4-795c13a7bba9,240,LAISAMIS,9eb24b56-2a02-5e59-8e99-8f81d2940376,62,SALT LICK CENTRE
0159d6c7-973f-5e7a-a9a0-d195d0ea6fe2,10,MARSABIT,7acc1d6d-35a7-57f7-bb9f-d79c8b1fead2,48,LAISAMIS,ab4370ef-1bab-5459-8bc4-795c13a7bba9,240,LAISAMIS,22bb4461-34bc-51cd-868c-826fa238b6ff,63,AMBARA MOBILE
0159d6c7-973f-5e7a-a9a0-d195d0ea6fe2,10,MARSABIT,7acc1d6d-35a7-57f7-bb9f-d79c8b1fead2,48,LAISAMIS,ab4370ef-1bab-5459-8bc4-795c13a7bba9,240,LAISAMIS,9465b132-7132-5017-9c60-ae0a0b274725,64,SOWETO NURSERY
0159d6c7-973f-5e7a-a9a0-d195d0ea6fe2,10,MARSABIT,7acc1d6d-35a7-57f7-bb9f-d79c8b1fead2,48,LAISAMIS,ab4370ef-1bab-5459-8bc4-795c13a7bba9,240,LAISAMIS,18c72d9d-7b55-5740-b207-60f33d9761bf,65,ULAULI SCHOOL
0159d6c7-973f-5e7a-a9a0-d195d0ea6fe2,10,MARSABIT,7acc1d6d-35a7-57f7-bb9f-d79c8b1fead2,48,LAISAMIS,ab4370ef-1bab-5459-8bc4-795c13a7bba9,240,LAISAMIS,6b4ce716-83aa-5927-9d6c-f6a95e622b4a,66,NAIRIBI PRIMARY
