b04965e6-a9bb-591f-8f8a-1adcb2c8dc39,1,MOMBASA,ad66a744-04cf-5c2b-b58a-0b9461587b82,1,CHANGAMWE,a9597107-c921-5360-8ffa-c464e0464cc8,1,PORT REITZ,5fa29e58-0e17-5279-b2dc-0d93fc804778,1,BOMU PRIMARY SCHOOL
b04965e6-a9bb-591f-8f8a-1adcb2c8dc39,1,MOMBASA,ad66a744-04cf-5c2b-b58a-0b9461587b82,1,CHANGAMWE,a9597107-c921-5360-8ffa-c464e0464cc8,1,PORT REITZ,fbb7c809-4373-5933-bd55-f2defb356796,2,MWIJABU PRIMARY SCHOOL
b04965e6-a9bb-591f-8f8a-1adcb2c8dc39,1,MOMBASA,ad66a744-04cf-5c2b-b58a-0b9461587b82,1,CHANGAMWE,a9597107-c921-5360-8ffa-c464e0464cc8,1,PORT REITZ,0300eaf6-1759-54db-a9fe-d84f55ac9f43,3,LILONGWE GARDEN
b04965e6-a9bb-591f-8f8a-1adcb2c8dc39,1,MOMBASA,ad66a744-04cf-5c2b-b58a-0b9461587b82,1,CHANGAMWE,a9597107-c921-5360-8ffa-c464e0464cc8,1,PORT REITZ,693df114-4ddf-5f87-9cb8-266ec68e6ff8,25,BOMU STADIUM
b04965e6-a9bb-591f-8f8a-1adcb2c8dc39,1,MOMBASA,ad66a744-04cf-5c2b-b58a-0b9461587b82,1,CHANGAMWE,a9597107-c921-5360-8ffa-c464e0464cc8,1,PORT REITZ,99aaad27-33ac-5a9d-bc8f-4f2978940c79,26,BOMU SECONDARY SCHOOL
b04965e6-a9bb-591f-8f8a-1adcb2c8dc39,1,MOMBASA,ad66a744-04cf-5c2b-b58a-0b9461587b82,1,CHANGAMWE,a9597107-c921-5360-8ffa-c464e0464cc8,1,PORT REITZ,ceec108f-76cf-5757-ba8b-285d429c2672,27,FULL GOSPEL CHURCH GROUND
b04965e6-a9bb-591f-8f8a-1adcb2c8dc39,1,MOMBASA,ad66a744-04cf-5c2b-b58a-0b9461587b82,1,CHANGAMWE,6ef0d115-9eeb-561e-bfb6-9d0e25b701b3,2,KIPEVU,9c14b590-be64-51a8-b1da-eb3ce1024178,4,UMOJA PRIMARY SCHOOL
b04965e6-a9bb-591f-8f8a-1adcb2c8dc39,1,MOMBASA,ad66a744-04cf-5c2b-b58a-0b9461587b82,1,CHANGAMWE,6ef0d115-9eeb-561e-bfb6-9d0e25b701b3,2,KIPEVU,61aedde5-f373-5b23-b83d-7ddb2076eb75,5,KISUMU NDOGO GROUND
b04965e6-a9bb-591f-8f8a-1adcb2c8dc39,1,MOMBASA,ad66a744-04cf-5c2b-b58a-0b9461587b82,1,CHANGAMWE,6ef0d115-9eeb-561e-bfb6-9d0e25b701b3,2,KIPEVU,6c9d43af-f322-5ea4-b1b4-3102c2a4d084,6,KWA HOLA PRIMARY SCHOOL
b04965e6-a9bb-591f-8f8a-1adcb2c8dc39,1,MOMBASA,ad66a744-04cf-5c2b-b58a-0b9461587b82,1,CHANGAMWE,6ef0d115-9eeb-561e-bfb6-9d0e25b701b3,2,KIPEVU,2d4f3403-21be-5840-8d67-bb7e3319dfef,7,CAPE TOWN GROUND
b04965e6-a9bb-591f-8f8a-1adcb2c8dc39,1,MOMBASA,ad66a744-04cf-5c2b-b58a-0b9461587b82,1,CHANGAMWE,6ef0d115-9eeb-561e-bfb6-9d0e25b701b3,2,KIPEVU,c97f49cc-ee64-5b33-8284-2296b1fbfbbe,8,KALOLENI GROUND
b04965e6-a9bb-591f-8f8a-1adcb2c8dc39,1,MOMBASA,ad66a744-04cf-5c2b-b58a-0b9461587b82,1,CHANGAMWE,6ef0d115-9eeb-561e-bfb6-9d0e25b701b3,2,KIPEVU,e822ed6e-53c4-58c3-876d-a1215f6a0765,28,AKAMBA HANDCRAFT COOP. SOCIETY HALL
b04965e6-a9bb-591f-8f8a-1adcb2c8dc39,1,MOMBASA,ad66a744-04cf-5c2b-b58a-0b9461587b82,1,CHANGAMWE,321e03c1-7b17-5de9-873f-cffc178cac9b,3,AIRPORT,c109910e-beb1-51e0-98fe-d2dfc61d004e,9,BOKOLE NURSERY SCHOOL
b04965e6-a9bb-591f-8f8a-1adcb2c8dc39,1,MOMBASA,ad66a744-04cf-5c2b-b58a-0b9461587b82,1,CHANGAMWE,321e03c1-7b17-5de9-873f-cffc178cac9b,3,AIRPORT,44dd6f1b-3417-5312-87d9-bc5d09c76293,10,BARAKA VILLAGE
b04965e6-a9bb-591f-8f8a-1adcb2c8dc39,1,MOMBASA,ad66a744-04cf-5c2b-b58a-0b9461587b82,1,CHANGAMWE,321e03c1-7b17-5de9-873f-cffc178cac9b,3,AIRPORT,fdf319b6-5fc9-52bd-b285-962d9dec1dd2,11,AL-IRSHADI NURSERY SCHOOL
b04965e6-a9bb-591f-8f8a-1adcb2c8dc39,1,MOMBASA,ad66a744-04cf-5c2b-b58a-0b9461587b82,1,CHANGAMWE,321e03c1-7b17-5de9-873f-cffc178cac9b,3,AIRPORT,3e49e3ca-16eb-52e4-bda6-cf672f949276,12,MWIDANI SOCIAL HALL
b04965e6-a9bb-591f-8f8a-1adcb2c8dc39,1,MOMBASA,ad66a744-04cf-5c2b-b58a-0b9461587b82,1,CHANGAMWE,321e03c1-7b17-5de9-873f-cffc178cac9b,3,AIRPORT,6adb790a-d755-59e1-9a5a-d7905c21454d,13,PORTREITZ NURSERY SCHOOL
b04965e6-a9bb-591f-8f8a-1adcb2c8dc39,1,MOMBASA,ad66a744-04cf-5c2b-b58a-0b9461587b82,1,CHANGAMWE,17878c1b-e6b0-559e-94fb-48288887c698,4,CHANGAMWE,fc7ecd45-f498-52b4-a56a-404bdea5f5c9,14,CHANGAMWE SOCIAL HALL
b04965e6-a9bb-591f-8f8a-1adcb2c8dc39,1,MOMBASA,ad66a744-04cf-5c2b-b58a-0b9461587b82,1,CHANGAMWE,17878c1b-e6b0-559e-94fb-48288887c698,4,CHANGAMWE,a348827e-0ad9-51bd-88e1-315459c67761,15,CHANGAMWE PRIMARY SCHOOL
b04965e6-a9bb-591f-8f8a-1adcb2c8dc39,1,MOMBASA,ad66a744-04cf-5c2b-b58a-0b9461587b82,1,CHANGAMWE,17878c1b-e6b0-559e-94fb-48288887c698,4,CHANGAMWE,420341eb-ec7c-5b15-b861-8b0293213846,16,ST. LWANGA PRIMARY SCHOOL
b04965e6-a9bb-591f-8f8a-1adcb2c8dc39,1,MOMBASA,ad66a744-04cf-5c2b-b58a-0b9461587b82,1,CHANGAMWE,17878c1b-e6b0-559e-94fb-48288887c698,4,CHANGAMWE,f9ff5549-e491-5a5c-823a-619e333b14fc,17,CHANGAMWE SECONDARY SCHOOL
b04965e6-a9bb-591f-8f8a-1adcb2c8dc39,1,MOMBASA,ad66a744-04cf-5c2b-b58a-0b9461587b82,1,CHANGAMWE,17878c1b-e6b0-559e-94fb-48288887c698,4,CHANGAMWE,9ffe32da-d0ec-57fa-b6e4-dc741c6e8ad2,18,GOME PRIMARY SCHOOL
b04965e6-a9bb-591f-8f8a-1adcb2c8dc39,1,MOMBASA,ad66a744-04cf-5c2b-b58a-0b9461587b82,1,CHANGAMWE,17878c1b-e6b0-559e-94fb-48288887c698,4,CHANGAMWE,06dadbc4-4c52-5914-a353-06b7e4942607,19,MAGONGO PRIMARY SCHOOL
b04965e6-a9bb-591f-8f8a-1adcb2c8dc39,1,MOMBASA,ad66a744-04cf-5c2b-b58a-0b9461587b82,1,CHANGAMWE,17878c1b-e6b0-559e-94fb-48288887c698,4,CHANGAMWE,5888b4e0-3bd4-53ec-ba77-fb9769900fcd,20,BAPTIST CHURCH PRIMARY SCHOOL
b04965e6-a9bb-591f-8f8a-1adcb2c8dc39,1,MOMBASA,ad66a744-04cf-5c2b-b58a-0b9461587b82,1,CHANGAMWE,17878c1b-e6b0-559e-94fb-48288887c698,4,CHANGAMWE,0e619f47-38f1-5a14-bb26-cfa768395487,29,BISHOP MKALA ACADEMY
b04965e6-a9bb-591f-8f8a-1adcb2c8dc39,1,MOMBASA,ad66a744-04cf-5c2b-b58a-0b9461587b82,1,CHANGAMWE,17878c1b-e6b0-559e-94fb-48288887c698,4,CHANGAMWE,ec2bc5ef-9f1d-5fa6-9d46-d3c8cea4791d,30,KIMBILIO ACADEMY
b04965e6-a9bb-591f-8f8a-1adcb2c8dc39,1,MOMBASA,ad66a744-04cf-5c2b-b58a-0b9461587b82,1,CHANGAMWE,17878c1b-e6b0-559e-94fb-48288887c698,4,CHANGAMWE,e006a90b-1200-527e-a4ea-e6241cee49f5,32,AIC CHURCH HALL
b04965e6-a9bb-591f-8f8a-1adcb2c8dc39,1,MOMBASA,ad66a744-04cf-5c2b-b58a-0b9461587b82,1,CHANGAMWE,25f8244e-551d-5916-a31a-4ea8189ff2cb,5,CHAANI,a2f984cb-9d6c-5757-80c8-e4ba07a29545,21,CHAANI SOCIAL HALL
b04965e6-a9bb-591f-8f8a-1adcb2c8dc39,1,MOMBASA,ad66a744-04cf-5c2b-b58a-0b9461587b82,1,CHANGAMWE,25f8244e-551d-5916-a31a-4ea8189ff2cb,5,CHAANI,81569473-ccc3-59ce-9bcb-0d1182c7cac3,22,KIPEVU PRIMARY SCHOOL
b04965e6-a9bb-591f-8f8a-1adcb2c8dc39,1,MOMBASA,ad66a744-04cf-5c2b-b58a-0b9461587b82,1,CHANGAMWE,25f8244e-551d-5916-a31a-4ea8189ff2cb,5,CHAANI,b6747b66-a9e1-5683-9fbf-a3b03fa313b7,23,MIKADINI PRIMARY SCHOOL
b04965e6-a9bb-591f-8f8a-1adcb2c8dc39,1,MOMBASA,ad66a744-04cf-5c2b-b58a-0b9461587b82,1,CHANGAMWE,25f8244e-551d-5916-a31a-4ea8189ff2cb,5,CHAANI,8b608bcf-39ba-56fb-9e82-e57f4075252f,24,CHAANI PRIMARY SCHOOL
b04965e6-a9bb-591f-8f8a-1adcb2c8dc39,1,MOMBASA,ad66a744-04cf-5c2b-b58a-0b9461587b82,1,CHANGAMWE,25f8244e-551d-5916-a31a-4ea8189ff2cb,5,CHAANI,adb0281f-04e0-59a0-9b64-2ae337bf6fa7,31,CHAANI SECONDARY SCHOOL
b04965e6-a9bb-591f-8f8a-1adcb2c8dc39,1,MOMBASA,ad66a744-04cf-5c2b-b58a-0b9461587b82,1,CHANGAMWE,25f8244e-551d-5916-a31a-4ea8189ff2cb,5,CHAANI,d1ebe412-82f8-5c39-9968-2c8715baddcb,33,CHAANI CHIEF'S OFFICE
b04965e6-a9bb-591f-8f8a-1adcb2c8dc39,1,MOMBASA,ad66a744-04cf-5c2b-b58a-0b9461587b82,1,CHANGAMWE,25f8244e-551d-5916-a31a-4ea8189ff2cb,5,CHAANI,67cf8079-ef47-5c3b-a04b-e752de62c943,35,KASARANI GROUNDS
b04965e6-a9bb-591f-8f8a-1adcb2c8dc39,1,MOMBASA,88fa1096-c19f-541a-982d-36711347cc6b,2,JOMVU,c95a7793-4c6e-5380-a088-4162ccded588,6,JOMVU KUU,15e7d944-a67a-54a7-8454-d333b12d143b,1,MIRITINI WORLD BANK PRIMARY SCHOOL
b04965e6-a9bb-591f-8f8a-1adcb2c8dc39,1,MOMBASA,88fa1096-c19f-541a-982d-36711347cc6b,2,JOMVU,c95a7793-4c6e-5380-a088-4162ccded588,6,JOMVU KUU,8f9e3be6-99d5-5ae2-88a3-d9896fb105ef,2,JOMVU KUU PRIMARY SCHOOL
b04965e6-a9bb-591f-8f8a-1adcb2c8dc39,1,MOMBASA,88fa1096-c19f-541a-982d-36711347cc6b,2,JOMVU,c95a7793-4c6e-5380-a088-4162ccded588,6,JOMVU KUU,a9c09f5d-8e31-5b0d-b86b-85a6f634be46,3,TARATIBU SOCIAL HALL
b04965e6-a9bb-591f-8f8a-1adcb2c8dc39,1,MOMBASA,88fa1096-c19f-541a-982d-36711347cc6b,2,JOMVU,c95a7793-4c6e-5380-a088-4162ccded588,6,JOMVU KUU,5f92ce77-3b68-52ad-9593-1cf17fa1ba4b,4,MIRIRONI PRIMARY SCHOOL
b04965e6-a9bb-591f-8f8a-1adcb2c8dc39,1,MOMBASA,88fa1096-c19f-541a-982d-36711347cc6b,2,JOMVU,c95a7793-4c6e-5380-a088-4162ccded588,6,JOMVU KUU,3140bf2e-960d-5162-bd5b-aaca715c5f69,6,JOMVU NARCOL NURSERY SCHOOL
b04965e6-a9bb-591f-8f8a-1adcb2c8dc39,1,MOMBASA,88fa1096-c19f-541a-982d-36711347cc6b,2,JOMVU,c95a7793-4c6e-5380-a088-4162ccded588,6,JOMVU KUU,b15b9416-68d7-52b0-9c55-7bbfc01c6729,7,SWALEH KHALID SOCIAL HALL
b04965e6-a9bb-591f-8f8a-1adcb2c8dc39,1,MOMBASA,88fa1096-c19f-541a-982d-36711347cc6b,2,JOMVU,c95a7793-4c6e-5380-a088-4162ccded588,6,JOMVU KUU,b059bbdf-a81c-59c2-be24-cdfc9f36ad52,8,NURU COMMUNITY BASED REHABILITATION
b04965e6-a9bb-591f-8f8a-1adcb2c8dc39,1,MOMBASA,88fa1096-c19f-541a-982d-36711347cc6b,2,JOMVU,c95a7793-4c6e-5380-a088-4162ccded588,6,JOMVU KUU,58e19b56-ac56-508b-bff9-35591b5f3aa3,21,BADI TWALIB PRIMARY SCHOOL
b04965e6-a9bb-591f-8f8a-1adcb2c8dc39,1,MOMBASA,88fa1096-c19f-541a-982d-36711347cc6b,2,JOMVU,c95a7793-4c6e-5380-a088-4162ccded588,6,JOMVU KUU,f22c7f67-b47f-5770-befc-85d8aa966ee6,22,ALDINNAH OPEN GROUNDS
b04965e6-a9bb-591f-8f8a-1adcb2c8dc39,1,MOMBASA,88fa1096-c19f-541a-982d-36711347cc6b,2,JOMVU,c95a7793-4c6e-5380-a088-4162ccded588,6,JOMVU KUU,1cf47ce9-a3fc-5302-9b85-f1f046a5c95c,23,MISUFINI OPEN GROUNDS
b04965e6-a9bb-591f-8f8a-1adcb2c8dc39,1,MOMBASA,88fa1096-c19f-541a-982d-36711347cc6b,2,JOMVU,85902181-b78e-5b7f-8ab0-01e574a51fe7,7,MIRITINI,af340fed-dc0e-5645-b2c9-3795b90f5fd8,9,ABU-UBAIDA PRIMARY SCHOOL
b04965e6-a9bb-591f-8f8a-1adcb2c8dc39,1,MOMBASA,88fa1096-c19f-541a-982d-36711347cc6b,2,JOMVU,85902181-b78e-5b7f-8ab0-01e574a51fe7,7,MIRITINI,11c6bfd0-33e3-53ac-bc43-5b7bce6b9099,10,MIRITINI PRIMARY SCHOOL
b04965e6-a9bb-591f-8f8a-1adcb2c8dc39,1,MOMBASA,88fa1096-c19f-541a-982d-36711347cc6b,2,JOMVU,85902181-b78e-5b7f-8ab0-01e574a51fe7,7,MIRITINI,3db2a092-990f-5f47-b5bf-56f25b6fd119,11,BAMAKO INNITIATIVE MIRITINI
b04965e6-a9bb-591f-8f8a-1adcb2c8dc39,1,MOMBASA,88fa1096-c19f-541a-982d-36711347cc6b,2,JOMVU,85902181-b78e-5b7f-8ab0-01e574a51fe7,7,MIRITINI,c2258e23-2fb1-5071-88a8-d4c9437bf123,12,RAILWAY STATION HALL
b04965e6-a9bb-591f-8f8a-1adcb2c8dc39,1,MOMBASA,88fa1096-c19f-541a-982d-36711347cc6b,2,JOMVU,85902181-b78e-5b7f-8ab0-01e574a51fe7,7,MIRITINI,baa5d1c6-1e76-5be9-9707-e55b5cdbd1da,13,MWAMLAI PRIMARY SCHOOL
b04965e6-a9bb-591f-8f8a-1adcb2c8dc39,1,MOMBASA,88fa1096-c19f-541a-982d-36711347cc6b,2,JOMVU,85902181-b78e-5b7f-8ab0-01e574a51fe7,7,MIRITINI,6009b18c-70a6-58d7-ba68-21e791b48cd8,24,CHABEAT OPEN GROUND - CHAMUNYU
b04965e6-a9bb-591f-8f8a-1adcb2c8dc39,1,MOMBASA,88fa1096-c19f-541a-982d-36711347cc6b,2,JOMVU,85902181-b78e-5b7f-8ab0-01e574a51fe7,7,MIRITINI,f7032839-587e-5582-a68b-da990033b517,25,MAGANDA PRIMARY SCHOOL
b04965e6-a9bb-591f-8f8a-1adcb2c8dc39,1,MOMBASA,88fa1096-c19f-541a-982d-36711347cc6b,2,JOMVU,998e1b6b-535b-56ce-a5d0-9ee7895d88c8,8,MIKINDANI,20c270db-6769-5ac4-8f11-381ef43188bc,14,MINISTRY OF WATER TANKS
b04965e6-a9bb-591f-8f8a-1adcb2c8dc39,1,MOMBASA,88fa1096-c19f-541a-982d-36711347cc6b,2,JOMVU,998e1b6b-535b-56ce-a5d0-9ee7895d88c8,8,MIKINDANI,50cd8346-2221-5bf4-9fd5-235e007d3aab,16,OWINO UHURU NURSERY SCHOOL
b04965e6-a9bb-591f-8f8a-1adcb2c8dc39,1,MOMBASA,88fa1096-c19f-541a-982d-36711347cc6b,2,JOMVU,998e1b6b-535b-56ce-a5d0-9ee7895d88c8,8,MIKINDANI,cf48bda6-2f73-5dd2-b959-d9d48dd338e3,17,KWA SHEE PRIMARY SCHOOL
b04965e6-a9bb-591f-8f8a-1adcb2c8dc39,1,MOMBASA,88fa1096-c19f-541a-982d-36711347cc6b,2,JOMVU,998e1b6b-535b-56ce-a5d0-9ee7895d88c8,8,MIKINDANI,3174c07e-066e-59e1-a11f-e2f6633d7978,18,AMANI PRIMARY SCHOOL
b04965e6-a9bb-591f-8f8a-1adcb2c8dc39,1,MOMBASA,88fa1096-c19f-541a-982d-36711347cc6b,2,JOMVU,998e1b6b-535b-56ce-a5d0-9ee7895d88c8,8,MIKINDANI,0bc03d32-a8b0-5767-b4de-2e416aa9e5c4,19,ST. MARY'S BANGLADESH PRIMARY SCHOOL
b04965e6-a9bb-591f-8f8a-1adcb2c8dc39,1,MOMBASA,88fa1096-c19f-541a-982d-36711347cc6b,2,JOMVU,998e1b6b-535b-56ce-a5d0-9ee7895d88c8,8,MIKINDANI,91268eb6-ea97-5d6b-967f-c2e2c48c3fda,20,MIKINDANI PRIMARY SCHOOL
b04965e6-a9bb-591f-8f8a-1adcb2c8dc39,1,MOMBASA,88fa1096-c19f-541a-982d-36711347cc6b,2,JOMVU,998e1b6b-535b-56ce-a5d0-9ee7895d88c8,8,MIKINDANI,82304e56-5fb2-5ae5-aa66-2aeb631fa68c,26,NEW KIBARANI PRIMARY SCHOOL
b04965e6-a9bb-591f-8f8a-1adcb2c8dc39,1,MOMBASA,88fa1096-c19f-541a-982d-36711347cc6b,2,JOMVU,998e1b6b-535b-56ce-a5d0-9ee7895d88c8,8,MIKINDANI,c91e7b9a-3262-5d6a-9d3f-51d606cc0dac,27,KAJEMBE HIGH SCHOOL
b04965e6-a9bb-591f-8f8a-1adcb2c8dc39,1,MOMBASA,88fa1096-c19f-541a-982d-36711347cc6b,2,JOMVU,998e1b6b-535b-56ce-a5d0-9ee7895d88c8,8,MIKINDANI,02c18892-349e-5cb4-ad98-b26f43a9d6e5,28,NAZARENE NURSERY SCHOOL
b04965e6-a9bb-591f-8f8a-1adcb2c8dc39,1,MOMBASA,88fa1096-c19f-541a-982d-36711347cc6b,2,JOMVU,998e1b6b-535b-56ce-a5d0-9ee7895d88c8,8,MIKINDANI,d3e04f24-5a24-575e-b6a6-78b126491ec2,29,MWEMBENI OPEN GROUNDS
b04965e6-a9bb-591f-8f8a-1adcb2c8dc39,1,MOMBASA,6705be84-cc37-55e2-a51c-e45dfcd915ac,3,KISAUNI,bfad6daa-9c81-5931-b6d6-31a4f76c7113,9,MJAMBERE,e68b7b43-2d45-5a12-9769-f0f3144e83f5,1,KISAUNI BAPTIST PRIMARY SCHOOL
b04965e6-a9bb-591f-8f8a-1adcb2c8dc39,1,MOMBASA,6705be84-cc37-55e2-a51c-e45dfcd915ac,3,KISAUNI,bfad6daa-9c81-5931-b6d6-31a4f76c7113,9,MJAMBERE,1c1729e3-2af7-5a34-9b60-9edcdc902066,2,KISAUNI WATER & SEWERAGE OFFICES
b04965e6-a9bb-591f-8f8a-1adcb2c8dc39,1,MOMBASA,6705be84-cc37-55e2-a51c-e45dfcd915ac,3,KISAUNI,bfad6daa-9c81-5931-b6d6-31a4f76c7113,9,MJAMBERE,3fbb7ede-568e-5600-b4a3-3e6e757c9e8e,3,KADONGO GROUNDS - MISHOMORONI
b04965e6-a9bb-591f-8f8a-1adcb2c8dc39,1,MOMBASA,6705be84-cc37-55e2-a51c-e45dfcd915ac,3,KISAUNI,bfad6daa-9c81-5931-b6d6-31a4f76c7113,9,MJAMBERE,c462f634-ed5b-5581-8434-f6389614fa17,40,PALANI GROUNDS
b04965e6-a9bb-591f-8f8a-1adcb2c8dc39,1,MOMBASA,6705be84-cc37-55e2-a51c-e45dfcd915ac,3,KISAUNI,0f95e387-df64-54b7-b8b8-0ec5c2ea1c75,10,JUNDA,127db0f9-1163-5a03-b485-6d33119711cd,6,MANYANI GROUNDS
b04965e6-a9bb-591f-8f8a-1adcb2c8dc39,1,MOMBASA,6705be84-cc37-55e2-a51c-e45dfcd915ac,3,KISAUNI,0f95e387-df64-54b7-b8b8-0ec5c2ea1c75,10,JUNDA,c7cf9abe-69b7-524c-b5cf-5aed1d84cf19,7,IFC CHURCH
b04965e6-a9bb-591f-8f8a-1adcb2c8dc39,1,MOMBASA,6705be84-cc37-55e2-a51c-e45dfcd915ac,3,KISAUNI,0f95e387-df64-54b7-b8b8-0ec5c2ea1c75,10,JUNDA,6d0e5b74-7d0e-55e9-85bc-72e74f284b4d,8,EMMAS ACADEMY
b04965e6-a9bb-591f-8f8a-1adcb2c8dc39,1,MOMBASA,6705be84-cc37-55e2-a51c-e45dfcd915ac,3,KISAUNI,0f95e387-df64-54b7-b8b8-0ec5c2ea1c75,10,JUNDA,02e0798b-482c-563b-b8d0-4f10f8a6f99e,9,NEW HOPE SECONDARY SCHOOL - MAKUMB
b04965e6-a9bb-591f-8f8a-1adcb2c8dc39,1,MOMBASA,6705be84-cc37-55e2-a51c-e45dfcd915ac,3,KISAUNI,0f95e387-df64-54b7-b8b8-0ec5c2ea1c75,10,JUNDA,ab96e8a2-8bd0-566e-8ef9-8acf0669919d,10,ASSISTANT CHIEF'S CAMP - MACHAFUKO
b04965e6-a9bb-591f-8f8a-1adcb2c8dc39,1,MOMBASA,6705be84-cc37-55e2-a51c-e45dfcd915ac,3,KISAUNI,0f95e387-df64-54b7-b8b8-0ec5c2ea1c75,10,JUNDA,53ef51c8-c65f-5081-bef2-8a3f9f4793df,41,JUNDA ASSISTANT CHIEF'S CAMP-WANGWAN
b04965e6-a9bb-591f-8f8a-1adcb2c8dc39,1,MOMBASA,6705be84-cc37-55e2-a51c-e45dfcd915ac,3,KISAUNI,6c44f3af-001b-5f41-917a-6634a2674961,11,BAMBURI,fb8807e2-6a15-55b4-af99-ddedf2a034be,11,KASHANI PRIMARY SCHOOL
b04965e6-a9bb-591f-8f8a-1adcb2c8dc39,1,MOMBASA,6705be84-cc37-55e2-a51c-e45dfcd915ac,3,KISAUNI,6c44f3af-001b-5f41-917a-6634a2674961,11,BAMBURI,4f980a0e-6cb8-52ef-9075-0fd35df52376,12,MAJAONI PRIMARY SCHOOL
b04965e6-a9bb-591f-8f8a-1adcb2c8dc39,1,MOMBASA,6705be84-cc37-55e2-a51c-e45dfcd915ac,3,KISAUNI,6c44f3af-001b-5f41-917a-6634a2674961,11,BAMBURI,dded343d-a322-566a-af7f-fde25a2e72f8,13,KIEMBENI PRIMARY SCHOOL
b04965e6-a9bb-591f-8f8a-1adcb2c8dc39,1,MOMBASA,6705be84-cc37-55e2-a51c-e45dfcd915ac,3,KISAUNI,6c44f3af-001b-5f41-917a-6634a2674961,11,BAMBURI,cda89bc4-e37d-5037-9671-5f39e72cafb2,14,ST. ELIZABETH ACADEMY
b04965e6-a9bb-591f-8f8a-1adcb2c8dc39,1,MOMBASA,6705be84-cc37-55e2-a51c-e45dfcd915ac,3,KISAUNI,6c44f3af-001b-5f41-917a-6634a2674961,11,BAMBURI,a82aa9b7-7d00-581f-a576-5a48f0d269ad,15,MDENGEREKENI PRIMARY SCHOOL
b04965e6-a9bb-591f-8f8a-1adcb2c8dc39,1,MOMBASA,6705be84-cc37-55e2-a51c-e45dfcd915ac,3,KISAUNI,424b438d-8af1-5279-a854-df05b223a73d,12,MWAKIRUNGE,f3a8bcef-95f1-5caf-9058-86b9db4ebf12,16,MARIMANI PRIMARY SCHOOL
b04965e6-a9bb-591f-8f8a-1adcb2c8dc39,1,MOMBASA,6705be84-cc37-55e2-a51c-e45dfcd915ac,3,KISAUNI,424b438d-8af1-5279-a854-df05b223a73d,12,MWAKIRUNGE,7ca96ab2-78f5-5b56-8817-609178788072,17,COLORADO PRIMARY SCHOOL
b04965e6-a9bb-591f-8f8a-1adcb2c8dc39,1,MOMBASA,6705be84-cc37-55e2-a51c-e45dfcd915ac,3,KISAUNI,424b438d-8af1-5279-a854-df05b223a73d,12,MWAKIRUNGE,f5e07ab8-dec1-504f-856b-c322a98dca0c,18,VORONI COMMUNITY PRIMARY SCHOOL
b04965e6-a9bb-591f-8f8a-1adcb2c8dc39,1,MOMBASA,6705be84-cc37-55e2-a51c-e45dfcd915ac,3,KISAUNI,424b438d-8af1-5279-a854-df05b223a73d,12,MWAKIRUNGE,0b42fd31-625c-5076-8499-d9c58bae029a,19,MAUNGUJA PRIMARY SCHOOL
b04965e6-a9bb-591f-8f8a-1adcb2c8dc39,1,MOMBASA,6705be84-cc37-55e2-a51c-e45dfcd915ac,3,KISAUNI,424b438d-8af1-5279-a854-df05b223a73d,12,MWAKIRUNGE,3f1d97bd-8fbd-5b3b-b35c-e0a8781f07ca,20,MWAKIRUNGE PRIMARY SCHOOL
b04965e6-a9bb-591f-8f8a-1adcb2c8dc39,1,MOMBASA,6705be84-cc37-55e2-a51c-e45dfcd915ac,3,KISAUNI,4936df54-9886-5eff-b330-62df0f3b2dd3,13,MTOPANGA,aac94ff3-4fab-5111-877f-0293120591ae,21,KIEMBENI BAPTIST PRIMARY SCHOOL
b04965e6-a9bb-591f-8f8a-1adcb2c8dc39,1,MOMBASA,6705be84-cc37-55e2-a51c-e45dfcd915ac,3,KISAUNI,4936df54-9886-5eff-b330-62df0f3b2dd3,13,MTOPANGA,841f499e-8a2b-57f3-aebb-51af84b94f25,22,MTOPANGA PRIMARY SCHOOL
b04965e6-a9bb-591f-8f8a-1adcb2c8dc39,1,MOMBASA,6705be84-cc37-55e2-a51c-e45dfcd915ac,3,KISAUNI,4936df54-9886-5eff-b330-62df0f3b2dd3,13,MTOPANGA,989c193a-b154-504c-88f3-918f3421c36a,23,CONCORDIA PRIMARY SCHOOL
b04965e6-a9bb-591f-8f8a-1adcb2c8dc39,1,MOMBASA,6705be84-cc37-55e2-a51c-e45dfcd915ac,3,KISAUNI,4936df54-9886-5eff-b330-62df0f3b2dd3,13,MTOPANGA,3b048484-2b01-5924-98e9-8dbc2ea1cded,24,COMMUNITY OF CHRIST CHURCH-MTOPAN
b04965e6-a9bb-591f-8f8a-1adcb2c8dc39,1,MOMBASA,6705be84-cc37-55e2-a51c-e45dfcd915ac,3,KISAUNI,4936df54-9886-5eff-b330-62df0f3b2dd3,13,MTOPANGA,1f3df674-e601-5d25-a8e4-0acf09d147f8,25,ST.JOSEPHS HERMAN PRIMARY SCHOOL
b04965e6-a9bb-591f-8f8a-1adcb2c8dc39,1,MOMBASA,6705be84-cc37-55e2-a51c-e45dfcd915ac,3,KISAUNI,4936df54-9886-5eff-b330-62df0f3b2dd3,13,MTOPANGA,51610bc0-4966-51a9-937a-5a4da71e01d1,26,PERMA SHARP GROUNDS
b04965e6-a9bb-591f-8f8a-1adcb2c8dc39,1,MOMBASA,6705be84-cc37-55e2-a51c-e45dfcd915ac,3,KISAUNI,40a9d178-0aef-5cb4-b3e8-8b65c72eef56,14,MAGOGONI,e35d2ad7-2c1b-5234-9e78-a80bfe224d28,27,MISHOMORONI JUNIOR ACADEMY
b04965e6-a9bb-591f-8f8a-1adcb2c8dc39,1,MOMBASA,6705be84-cc37-55e2-a51c-e45dfcd915ac,3,KISAUNI,40a9d178-0aef-5cb4-b3e8-8b65c72eef56,14,MAGOGONI,c3a9b111-8384-5aa4-a076-932475d7bf9d,28,MWANDONI (KISHADA) PLAY GROUNDS
b04965e6-a9bb-591f-8f8a-1adcb2c8dc39,1,MOMBASA,6705be84-cc37-55e2-a51c-e45dfcd915ac,3,KISAUNI,40a9d178-0aef-5cb4-b3e8-8b65c72eef56,14,MAGOGONI,481c59eb-4c10-500f-8ce8-47b2cfcdc78c,29,BARSHEBA SOKONI GROUNDS
b04965e6-a9bb-591f-8f8a-1adcb2c8dc39,1,MOMBASA,6705be84-cc37-55e2-a51c-e45dfcd915ac,3,KISAUNI,40a9d178-0aef-5cb4-b3e8-8b65c72eef56,14,MAGOGONI,a167aecb-adab-548c-9e88-4e4c0bfc1919,30,MWANDONI BLUE BENCH GROUNDS
b04965e6-a9bb-591f-8f8a-1adcb2c8dc39,1,MOMBASA,6705be84-cc37-55e2-a51c-e45dfcd915ac,3,KISAUNI,40a9d178-0aef-5cb4-b3e8-8b65c72eef56,14,MAGOGONI,7d1aae86-76bf-5fd7-a620-67480a5449cc,31,MWANDONI KWA MTUMWA GROUNDS
b04965e6-a9bb-591f-8f8a-1adcb2c8dc39,1,MOMBASA,6705be84-cc37-55e2-a51c-e45dfcd915ac,3,KISAUNI,40a9d178-0aef-5cb4-b3e8-8b65c72eef56,14,MAGOGONI,4ff43b98-3b41-5e30-ac24-3a000f58ca80,32,MJAHIDINA MUSLIM SCHOOL
b04965e6-a9bb-591f-8f8a-1adcb2c8dc39,1,MOMBASA,6705be84-cc37-55e2-a51c-e45dfcd915ac,3,KISAUNI,4892ff12-1fc5-57c7-af2f-3be76cb76ef3,15,SHANZU,e683a13b-44a5-5b1a-833a-ad452597153b,33,MIKOROSHONI PRIMARY SCHOOL
b04965e6-a9bb-591f-8f8a-1adcb2c8dc39,1,MOMBASA,6705be84-cc37-55e2-a51c-e45dfcd915ac,3,KISAUNI,4892ff12-1fc5-57c7-af2f-3be76cb76ef3,15,SHANZU,c48c4320-4d8e-5645-8b3b-18dd5eb856ca,34,UTANGE PRIMARY SCHOOL
b04965e6-a9bb-591f-8f8a-1adcb2c8dc39,1,MOMBASA,6705be84-cc37-55e2-a51c-e45dfcd915ac,3,KISAUNI,4892ff12-1fc5-57c7-af2f-3be76cb76ef3,15,SHANZU,babe1118-8a41-5065-a658-0f5959473315,36,ZIMLAT PRIMARY SCHOOL
b04965e6-a9bb-591f-8f8a-1adcb2c8dc39,1,MOMBASA,6705be84-cc37-55e2-a51c-e45dfcd915ac,3,KISAUNI,4892ff12-1fc5-57c7-af2f-3be76cb76ef3,15,SHANZU,e42f4d63-7803-51ef-9ab6-e073c0a50408,37,BAMBURI PRIMARY SCHOOL
b04965e6-a9bb-591f-8f8a-1adcb2c8dc39,1,MOMBASA,6705be84-cc37-55e2-a51c-e45dfcd915ac,3,KISAUNI,4892ff12-1fc5-57c7-af2f-3be76cb76ef3,15,SHANZU,69ecd5e5-e098-5c7a-a21a-748dea6d4d77,38,SHANZU TEACHERS TRAINING COLLEGE
b04965e6-a9bb-591f-8f8a-1adcb2c8dc39,1,MOMBASA,6705be84-cc37-55e2-a51c-e45dfcd915ac,3,KISAUNI,4892ff12-1fc5-57c7-af2f-3be76cb76ef3,15,SHANZU,12192fa0-ef3f-5a68-878e-8ac6164b846a,39,SHIMO LA TEWA PRIMARY SCHOOL
b04965e6-a9bb-591f-8f8a-1adcb2c8dc39,1,MOMBASA,6705be84-cc37-55e2-a51c-e45dfcd915ac,3,KISAUNI,4892ff12-1fc5-57c7-af2f-3be76cb76ef3,15,SHANZU,8982300b-6407-559d-a191-327e8db76a35,42,MWEMBELEGEZA PRIMARY SCHOOL
b04965e6-a9bb-591f-8f8a-1adcb2c8dc39,1,MOMBASA,d9f97e05-57fd-5ca1-9020-3f5d53de86ba,4,NYALI,59472957-08f3-542f-b80c-e07a49307f4f,16,FRERE TOWN,8907d2e5-5f0d-5fef-9da0-bad37ba49129,1,KHADIJA PRIMARY SCHOOL
b04965e6-a9bb-591f-8f8a-1adcb2c8dc39,1,MOMBASA,d9f97e05-57fd-5ca1-9020-3f5d53de86ba,4,NYALI,59472957-08f3-542f-b80c-e07a49307f4f,16,FRERE TOWN,a55cfc64-9b1e-5164-b1ea-e5d31a0bfb14,2,FADHIL-ADHYM PRIMARY SCHOOL
b04965e6-a9bb-591f-8f8a-1adcb2c8dc39,1,MOMBASA,d9f97e05-57fd-5ca1-9020-3f5d53de86ba,4,NYALI,59472957-08f3-542f-b80c-e07a49307f4f,16,FRERE TOWN,ae815339-6834-5084-b4a5-5f882af48506,3,MLALEO PRIMARY SCHOOL
b04965e6-a9bb-591f-8f8a-1adcb2c8dc39,1,MOMBASA,d9f97e05-57fd-5ca1-9020-3f5d53de86ba,4,NYALI,59472957-08f3-542f-b80c-e07a49307f4f,16,FRERE TOWN,c47b51f6-328e-5df4-9e32-30ddf6a5437b,4,FRERE TOWN PRIMARY SCHOOL
b04965e6-a9bb-591f-8f8a-1adcb2c8dc39,1,MOMBASA,d9f97e05-57fd-5ca1-9020-3f5d53de86ba,4,NYALI,59472957-08f3-542f-b80c-e07a49307f4f,16,FRERE TOWN,2d80cefe-fbae-5510-954d-6a0375c297ce,5,MWANDONI KADIRIA GROUNDS
b04965e6-a9bb-591f-8f8a-1adcb2c8dc39,1,MOMBASA,d9f97e05-57fd-5ca1-9020-3f5d53de86ba,4,NYALI,59472957-08f3-542f-b80c-e07a49307f4f,16,FRERE TOWN,338d9d93-6c60-5cba-8d49-ce00a2dae810,6,VICTORIA BAPTIST PRIMARY SCHOOL
b04965e6-a9bb-591f-8f8a-1adcb2c8dc39,1,MOMBASA,d9f97e05-57fd-5ca1-9020-3f5d53de86ba,4,NYALI,59472957-08f3-542f-b80c-e07a49307f4f,16,FRERE TOWN,93653cfd-2c00-558b-9bbb-bc0890ed70cf,7,SARAJEVO GROUNDS
b04965e6-a9bb-591f-8f8a-1adcb2c8dc39,1,MOMBASA,d9f97e05-57fd-5ca1-9020-3f5d53de86ba,4,NYALI,59472957-08f3-542f-b80c-e07a49307f4f,16,FRERE TOWN,bcb201a3-948f-55b6-9eb1-fa9d2a4b9509,31,FRERETOWN SECONDARY SCHOOL
b04965e6-a9bb-591f-8f8a-1adcb2c8dc39,1,MOMBASA,d9f97e05-57fd-5ca1-9020-3f5d53de86ba,4,NYALI,59472957-08f3-542f-b80c-e07a49307f4f,16,FRERE TOWN,b6698d7e-bc01-595d-9f78-0afa583689ff,32,KHADIJA SECONDARY SCHOOL
b04965e6-a9bb-591f-8f8a-1adcb2c8dc39,1,MOMBASA,d9f97e05-57fd-5ca1-9020-3f5d53de86ba,4,NYALI,c09a4ee2-2303-5c41-aafa-2922e6ba6472,17,ZIWA LA NG'OMBE,fd711127-8095-594e-93eb-8208c2df28d2,8,NATIONAL INDUSTRIAL TRAINING AUTHORI
b04965e6-a9bb-591f-8f8a-1adcb2c8dc39,1,MOMBASA,d9f97e05-57fd-5ca1-9020-3f5d53de86ba,4,NYALI,c09a4ee2-2303-5c41-aafa-2922e6ba6472,17,ZIWA LA NG'OMBE,0506fe10-f2ba-567f-a031-0fe0c7385dc2,9,ZIWA LA NG'OMBE PRIMARY SCHOOL
b04965e6-a9bb-591f-8f8a-1adcb2c8dc39,1,MOMBASA,d9f97e05-57fd-5ca1-9020-3f5d53de86ba,4,NYALI,c09a4ee2-2303-5c41-aafa-2922e6ba6472,17,ZIWA LA NG'OMBE,50fabf8f-50bb-5dd0-985f-543e91a57efa,10,OLIVE REHABILITATION CENTRE - MKUNGUN
b04965e6-a9bb-591f-8f8a-1adcb2c8dc39,1,MOMBASA,d9f97e05-57fd-5ca1-9020-3f5d53de86ba,4,NYALI,c09a4ee2-2303-5c41-aafa-2922e6ba6472,17,ZIWA LA NG'OMBE,ffb8be19-bf69-580b-922d-ad00639ea7d2,11,TUMAINI ACADEMY/CHURCH OF CHRIST
b04965e6-a9bb-591f-8f8a-1adcb2c8dc39,1,MOMBASA,d9f97e05-57fd-5ca1-9020-3f5d53de86ba,4,NYALI,c09a4ee2-2303-5c41-aafa-2922e6ba6472,17,ZIWA LA NG'OMBE,10485098-d376-51f9-8858-40c9fdbb9286,33,KICODEP HALL
b04965e6-a9bb-591f-8f8a-1adcb2c8dc39,1,MOMBASA,d9f97e05-57fd-5ca1-9020-3f5d53de86ba,4,NYALI,c09a4ee2-2303-5c41-aafa-2922e6ba6472,17,ZIWA LA NG'OMBE,d7cd15f9-ae5f-57a9-8357-ad6a7cb8c6a2,38,AZHAR PRIMARY SCHOOL
b04965e6-a9bb-591f-8f8a-1adcb2c8dc39,1,MOMBASA,d9f97e05-57fd-5ca1-9020-3f5d53de86ba,4,NYALI,7535abd9-ad47-5313-abff-75bbe5d07624,18,MKOMANI,36b35d30-5b30-5b5e-8e39-e4b3a13f11a9,12,MAWENI PRIMARY SCHOOL
b04965e6-a9bb-591f-8f8a-1adcb2c8dc39,1,MOMBASA,d9f97e05-57fd-5ca1-9020-3f5d53de86ba,4,NYALI,7535abd9-ad47-5313-abff-75bbe5d07624,18,MKOMANI,02d5a110-e62a-5a1b-9708-6cb21f683ea1,15,ASK GROUND - GATE 'A'
b04965e6-a9bb-591f-8f8a-1adcb2c8dc39,1,MOMBASA,d9f97e05-57fd-5ca1-9020-3f5d53de86ba,4,NYALI,7535abd9-ad47-5313-abff-75bbe5d07624,18,MKOMANI,a644ebaf-b1fb-5fe7-bb6e-f887ce9147e7,16,MKOMANI GROUNDS
b04965e6-a9bb-591f-8f8a-1adcb2c8dc39,1,MOMBASA,d9f97e05-57fd-5ca1-9020-3f5d53de86ba,4,NYALI,7535abd9-ad47-5313-abff-75bbe5d07624,18,MKOMANI,2706347a-92c9-5ff1-8a48-b57c344b1ea9,34,PENTROSE COMMUNITY PRIMARY SCHOOL
b04965e6-a9bb-591f-8f8a-1adcb2c8dc39,1,MOMBASA,d9f97e05-57fd-5ca1-9020-3f5d53de86ba,4,NYALI,7535abd9-ad47-5313-abff-75bbe5d07624,18,MKOMANI,79094ec7-a2ff-5b4b-b8e4-9b749cc44b1e,35,MAWENI MIXED SECONDARY SCHOOL
b04965e6-a9bb-591f-8f8a-1adcb2c8dc39,1,MOMBASA,d9f97e05-57fd-5ca1-9020-3f5d53de86ba,4,NYALI,b2323840-5e7c-5425-a235-f4f9e6f3e2b7,19,KONGOWEA,ebdf3008-e09e-5872-8db6-c17ce9ee1d71,17,KONGOWEA PRIMARY SCHOOL
b04965e6-a9bb-591f-8f8a-1adcb2c8dc39,1,MOMBASA,d9f97e05-57fd-5ca1-9020-3f5d53de86ba,4,NYALI,b2323840-5e7c-5425-a235-f4f9e6f3e2b7,19,KONGOWEA,e13dce7e-56e9-5730-95b3-a72ef9fb78b2,18,KWA KARAMA GROUNDS
b04965e6-a9bb-591f-8f8a-1adcb2c8dc39,1,MOMBASA,d9f97e05-57fd-5ca1-9020-3f5d53de86ba,4,NYALI,b2323840-5e7c-5425-a235-f4f9e6f3e2b7,19,KONGOWEA,eef5f3b4-bb57-5eea-bad3-cc9d5601e4b5,19,KENGELENI PRIMARY SCHOOL
b04965e6-a9bb-591f-8f8a-1adcb2c8dc39,1,MOMBASA,d9f97e05-57fd-5ca1-9020-3f5d53de86ba,4,NYALI,b2323840-5e7c-5425-a235-f4f9e6f3e2b7,19,KONGOWEA,43ed5f0d-508b-5b5a-ad84-5fec36982d98,20,MUNICIPAL SOCIAL HALL - KONGOWEA
b04965e6-a9bb-591f-8f8a-1adcb2c8dc39,1,MOMBASA,d9f97e05-57fd-5ca1-9020-3f5d53de86ba,4,NYALI,b2323840-5e7c-5425-a235-f4f9e6f3e2b7,19,KONGOWEA,2c33f8bc-85e1-5256-b7cd-fa7bfccab05f,21,METHODIST CHURCH - KONGOWEA
b04965e6-a9bb-591f-8f8a-1adcb2c8dc39,1,MOMBASA,d9f97e05-57fd-5ca1-9020-3f5d53de86ba,4,NYALI,b2323840-5e7c-5425-a235-f4f9e6f3e2b7,19,KONGOWEA,8d58c187-4377-5d3a-a563-ac08c0750281,39,KONGOWEA SECONDARY SCHOOL
b04965e6-a9bb-591f-8f8a-1adcb2c8dc39,1,MOMBASA,d9f97e05-57fd-5ca1-9020-3f5d53de86ba,4,NYALI,6addda19-1989-5334-8cd9-a54469ff7471,20,KADZANDANI,8c122821-5dcc-521f-a80d-7416c1a486fb,23,BOMBOLULU CULTURAL CENTRE WORKSHO
b04965e6-a9bb-591f-8f8a-1adcb2c8dc39,1,MOMBASA,d9f97e05-57fd-5ca1-9020-3f5d53de86ba,4,NYALI,6addda19-1989-5334-8cd9-a54469ff7471,20,KADZANDANI,842f545d-520d-54ec-b056-6ad5f90930ea,24,BAHAWANI PRIMARY SCHOOL
b04965e6-a9bb-591f-8f8a-1adcb2c8dc39,1,MOMBASA,d9f97e05-57fd-5ca1-9020-3f5d53de86ba,4,NYALI,6addda19-1989-5334-8cd9-a54469ff7471,20,KADZANDANI,fc490762-ce7c-5d33-abb0-f8524fb0b008,25,BASHIR PRIMARY SCHOOL
b04965e6-a9bb-591f-8f8a-1adcb2c8dc39,1,MOMBASA,d9f97e05-57fd-5ca1-9020-3f5d53de86ba,4,NYALI,6addda19-1989-5334-8cd9-a54469ff7471,20,KADZANDANI,005cea6b-b7b7-5712-b96a-ef4c4a7e2f76,26,KADZANDANI PRIMARY SCHOOL
b04965e6-a9bb-591f-8f8a-1adcb2c8dc39,1,MOMBASA,d9f97e05-57fd-5ca1-9020-3f5d53de86ba,4,NYALI,6addda19-1989-5334-8cd9-a54469ff7471,20,KADZANDANI,0e7c9336-baa8-5ade-b459-941dfb9dbfef,27,MARIANIST POLYTECHNIC
b04965e6-a9bb-591f-8f8a-1adcb2c8dc39,1,MOMBASA,d9f97e05-57fd-5ca1-9020-3f5d53de86ba,4,NYALI,6addda19-1989-5334-8cd9-a54469ff7471,20,KADZANDANI,3ece9c7d-ef34-5d33-bd44-5110982f6d77,28,SOWETO GROUNDS
b04965e6-a9bb-591f-8f8a-1adcb2c8dc39,1,MOMBASA,d9f97e05-57fd-5ca1-9020-3f5d53de86ba,4,NYALI,6addda19-1989-5334-8cd9-a54469ff7471,20,KADZANDANI,b4703990-8bf4-5bea-bdc9-ee040af605ee,29,MWATAMBA GROUNDS
b04965e6-a9bb-591f-8f8a-1adcb2c8dc39,1,MOMBASA,d9f97e05-57fd-5ca1-9020-3f5d53de86ba,4,NYALI,6addda19-1989-5334-8cd9-a54469ff7471,20,KADZANDANI,52119c70-dc1f-5ec9-8e43-68efd6d56705,36,KWA BULLO PRIMARY/SECONDARY SCHOOL
b04965e6-a9bb-591f-8f8a-1adcb2c8dc39,1,MOMBASA,d9f97e05-57fd-5ca1-9020-3f5d53de86ba,4,NYALI,6addda19-1989-5334-8cd9-a54469ff7471,20,KADZANDANI,ab180a56-66ac-50e1-9897-c6420e5ca44a,37,TEMAN JUNIOR ACADEMY
b04965e6-a9bb-591f-8f8a-1adcb2c8dc39,1,MOMBASA,d6c0f347-2692-5cb7-b32d-e047bf03a1d9,5,LIKONI,99c77c84-41f8-5ac5-9fc3-ad41a7b37530,21,MTONGWE,095f7900-d768-5001-bb03-8dd6e6271de6,1,MTONGWE PRIMARY SCHOOL
b04965e6-a9bb-591f-8f8a-1adcb2c8dc39,1,MOMBASA,d6c0f347-2692-5cb7-b32d-e047bf03a1d9,5,LIKONI,99c77c84-41f8-5ac5-9fc3-ad41a7b37530,21,MTONGWE,537dbc73-ea71-57f8-bf84-183cf5b8c1a3,2,LONGO PRIMARY SCHOOL
b04965e6-a9bb-591f-8f8a-1adcb2c8dc39,1,MOMBASA,d6c0f347-2692-5cb7-b32d-e047bf03a1d9,5,LIKONI,99c77c84-41f8-5ac5-9fc3-ad41a7b37530,21,MTONGWE,54c31403-b67f-55b7-97e0-61085430cd36,3,MTONGWE SOCIAL HALL
b04965e6-a9bb-591f-8f8a-1adcb2c8dc39,1,MOMBASA,d6c0f347-2692-5cb7-b32d-e047bf03a1d9,5,LIKONI,99c77c84-41f8-5ac5-9fc3-ad41a7b37530,21,MTONGWE,93cc973a-6a92-53e0-9025-47beff94f4cf,4,VIJIWENI PRIMARY SCHOOL
b04965e6-a9bb-591f-8f8a-1adcb2c8dc39,1,MOMBASA,d6c0f347-2692-5cb7-b32d-e047bf03a1d9,5,LIKONI,99c77c84-41f8-5ac5-9fc3-ad41a7b37530,21,MTONGWE,d442fc8e-5d0a-539f-b6f6-6f6b2b5858d9,5,MWANGALA PRIMARY SCHOOL
b04965e6-a9bb-591f-8f8a-1adcb2c8dc39,1,MOMBASA,d6c0f347-2692-5cb7-b32d-e047bf03a1d9,5,LIKONI,99c77c84-41f8-5ac5-9fc3-ad41a7b37530,21,MTONGWE,4cee41a7-20db-57c0-90bf-dffb1669e14c,6,MWEZA PRIMARY SCHOOL
b04965e6-a9bb-591f-8f8a-1adcb2c8dc39,1,MOMBASA,d6c0f347-2692-5cb7-b32d-e047bf03a1d9,5,LIKONI,99c77c84-41f8-5ac5-9fc3-ad41a7b37530,21,MTONGWE,cf9b0eed-8699-5e22-b1d4-acf49c528369,7,MKWAJUNI MARKET
b04965e6-a9bb-591f-8f8a-1adcb2c8dc39,1,MOMBASA,d6c0f347-2692-5cb7-b32d-e047bf03a1d9,5,LIKONI,99c77c84-41f8-5ac5-9fc3-ad41a7b37530,21,MTONGWE,9f2dae03-d3e7-57e6-8174-fa8fe54dcc36,8,ST. JOSEPH NURSERY SCHOOL
b04965e6-a9bb-591f-8f8a-1adcb2c8dc39,1,MOMBASA,d6c0f347-2692-5cb7-b32d-e047bf03a1d9,5,LIKONI,99c77c84-41f8-5ac5-9fc3-ad41a7b37530,21,MTONGWE,8aa304ea-b557-5058-a010-bcb3779109fe,27,MTONGWE VOCATIONAL TRAINING CENTER
b04965e6-a9bb-591f-8f8a-1adcb2c8dc39,1,MOMBASA,d6c0f347-2692-5cb7-b32d-e047bf03a1d9,5,LIKONI,052d0f9e-b0ad-5669-aaae-3bf4fd42c5ee,22,SHIKA ADABU,7790afb4-57c3-57b3-aed1-6100ba55cd1f,9,SHIKA ADABU PRIMARY SCHOOL
b04965e6-a9bb-591f-8f8a-1adcb2c8dc39,1,MOMBASA,d6c0f347-2692-5cb7-b32d-e047bf03a1d9,5,LIKONI,052d0f9e-b0ad-5669-aaae-3bf4fd42c5ee,22,SHIKA ADABU,c7686989-f8ef-5557-ba74-fd5b2c92a9d0,10,CONSOLATA PRIMARY SCHOOL
b04965e6-a9bb-591f-8f8a-1adcb2c8dc39,1,MOMBASA,d6c0f347-2692-5cb7-b32d-e047bf03a1d9,5,LIKONI,052d0f9e-b0ad-5669-aaae-3bf4fd42c5ee,22,SHIKA ADABU,64f1a065-0abb-572d-b663-0149e143f2e0,11,VYEMANI PRIMARY SCHOOL
b04965e6-a9bb-591f-8f8a-1adcb2c8dc39,1,MOMBASA,d6c0f347-2692-5cb7-b32d-e047bf03a1d9,5,LIKONI,052d0f9e-b0ad-5669-aaae-3bf4fd42c5ee,22,SHIKA ADABU,830df857-7d5e-5a6a-93e0-2efa7857a012,12,VIJIWENI GROUNDS
b04965e6-a9bb-591f-8f8a-1adcb2c8dc39,1,MOMBASA,d6c0f347-2692-5cb7-b32d-e047bf03a1d9,5,LIKONI,052d0f9e-b0ad-5669-aaae-3bf4fd42c5ee,22,SHIKA ADABU,ba027092-125a-57ad-b999-3f83fb6b2b1d,13,UJAMAA GROUNDS
b04965e6-a9bb-591f-8f8a-1adcb2c8dc39,1,MOMBASA,d6c0f347-2692-5cb7-b32d-e047bf03a1d9,5,LIKONI,052d0f9e-b0ad-5669-aaae-3bf4fd42c5ee,22,SHIKA ADABU,8426d51e-eda0-56c4-bb56-209418700f24,28,MISHI MBOKO GIRLS SECONDARY SCHOOL
b04965e6-a9bb-591f-8f8a-1adcb2c8dc39,1,MOMBASA,d6c0f347-2692-5cb7-b32d-e047bf03a1d9,5,LIKONI,052d0f9e-b0ad-5669-aaae-3bf4fd42c5ee,22,SHIKA ADABU,caee6923-5881-59e3-a546-55346e4d9dc1,29,INSPIRATIONS PRIMARY SCHOOL
b04965e6-a9bb-591f-8f8a-1adcb2c8dc39,1,MOMBASA,d6c0f347-2692-5cb7-b32d-e047bf03a1d9,5,LIKONI,052d0f9e-b0ad-5669-aaae-3bf4fd42c5ee,22,SHIKA ADABU,ce5e2c33-34c1-5524-b991-cb27e7d40894,32,SHIKA ADABU SECONDARY SCHOOL
b04965e6-a9bb-591f-8f8a-1adcb2c8dc39,1,MOMBASA,d6c0f347-2692-5cb7-b32d-e047bf03a1d9,5,LIKONI,0d3ff708-4ecc-54ef-86eb-a426adff7ee6,23,BOFU,cecc2661-2a02-517b-a2c5-b298ee81de51,14,DARU ULUM MADRASA
b04965e6-a9bb-591f-8f8a-1adcb2c8dc39,1,MOMBASA,d6c0f347-2692-5cb7-b32d-e047bf03a1d9,5,LIKONI,0d3ff708-4ecc-54ef-86eb-a426adff7ee6,23,BOFU,342aa857-f2a5-5b6a-bfe8-40c26cb50777,15,JAMVI LA WAGENI PRIMARY SCHOOL
b04965e6-a9bb-591f-8f8a-1adcb2c8dc39,1,MOMBASA,d6c0f347-2692-5cb7-b32d-e047bf03a1d9,5,LIKONI,0d3ff708-4ecc-54ef-86eb-a426adff7ee6,23,BOFU,87128b78-28da-5a66-b89c-3eb437753d69,16,PELELEZA PRIMARY SCHOOL
b04965e6-a9bb-591f-8f8a-1adcb2c8dc39,1,MOMBASA,d6c0f347-2692-5cb7-b32d-e047bf03a1d9,5,LIKONI,0d3ff708-4ecc-54ef-86eb-a426adff7ee6,23,BOFU,93e0025f-d64e-5940-82c5-a43936f244d9,17,LIKONI MUSLIM PRIMARY SCHOOL
b04965e6-a9bb-591f-8f8a-1adcb2c8dc39,1,MOMBASA,d6c0f347-2692-5cb7-b32d-e047bf03a1d9,5,LIKONI,0d3ff708-4ecc-54ef-86eb-a426adff7ee6,23,BOFU,d181c5a3-bc85-5e04-b16b-4424618cff7e,30,BOMANI FOOTBALL GROUND
b04965e6-a9bb-591f-8f8a-1adcb2c8dc39,1,MOMBASA,d6c0f347-2692-5cb7-b32d-e047bf03a1d9,5,LIKONI,c5da78e0-c922-5c6b-b254-1f05b79b386d,24,LIKONI,082c3513-d4eb-5981-b2a6-d63b96bcdfc2,18,LIKONI PRIMARY SCHOOL
b04965e6-a9bb-591f-8f8a-1adcb2c8dc39,1,MOMBASA,d6c0f347-2692-5cb7-b32d-e047bf03a1d9,5,LIKONI,c5da78e0-c922-5c6b-b254-1f05b79b386d,24,LIKONI,28a40386-2f90-5d74-aeb1-c185232f521e,19,JESUS CELEBRATION CENTER (SOWETO)
b04965e6-a9bb-591f-8f8a-1adcb2c8dc39,1,MOMBASA,d6c0f347-2692-5cb7-b32d-e047bf03a1d9,5,LIKONI,c5da78e0-c922-5c6b-b254-1f05b79b386d,24,LIKONI,2c4e8bd3-02c4-5781-8acf-354c642d5878,33,LIKONI SECONDARY SCHOOL
b04965e6-a9bb-591f-8f8a-1adcb2c8dc39,1,MOMBASA,d6c0f347-2692-5cb7-b32d-e047bf03a1d9,5,LIKONI,c7626324-42ff-5316-8cc5-c45e4c1b1861,25,TIMBWANI,dfca38f9-6d0a-5749-91fa-c643c5ee0127,20,LIKONI FLATS SOCIAL HALL
b04965e6-a9bb-591f-8f8a-1adcb2c8dc39,1,MOMBASA,d6c0f347-2692-5cb7-b32d-e047bf03a1d9,5,LIKONI,c7626324-42ff-5316-8cc5-c45e4c1b1861,25,TIMBWANI,b479081f-9be2-56e5-a937-78ffd535bcad,21,CONSOLATA NURSERY SCHOOL
b04965e6-a9bb-591f-8f8a-1adcb2c8dc39,1,MOMBASA,d6c0f347-2692-5cb7-b32d-e047bf03a1d9,5,LIKONI,c7626324-42ff-5316-8cc5-c45e4c1b1861,25,TIMBWANI,58330043-8921-5279-8351-25b888cacc33,22,TIMBWANI PRIMARY SCHOOL
b04965e6-a9bb-591f-8f8a-1adcb2c8dc39,1,MOMBASA,d6c0f347-2692-5cb7-b32d-e047bf03a1d9,5,LIKONI,c7626324-42ff-5316-8cc5-c45e4c1b1861,25,TIMBWANI,db6fc3cb-a3fc-59ed-b964-fb112893e9b5,23,MRIMA PRIMARY SCHOOL
b04965e6-a9bb-591f-8f8a-1adcb2c8dc39,1,MOMBASA,d6c0f347-2692-5cb7-b32d-e047bf03a1d9,5,LIKONI,c7626324-42ff-5316-8cc5-c45e4c1b1861,25,TIMBWANI,9537ba73-0fed-5026-ace9-92dee96767bf,24,USHINDI BAPTIST PRIMARY SCHOOL
b04965e6-a9bb-591f-8f8a-1adcb2c8dc39,1,MOMBASA,d6c0f347-2692-5cb7-b32d-e047bf03a1d9,5,LIKONI,c7626324-42ff-5316-8cc5-c45e4c1b1861,25,TIMBWANI,f2567696-1e12-5a9e-a7a1-8c543ec45a78,25,MAJI SAFI PRIMARY SCHOOL
b04965e6-a9bb-591f-8f8a-1adcb2c8dc39,1,MOMBASA,d6c0f347-2692-5cb7-b32d-e047bf03a1d9,5,LIKONI,c7626324-42ff-5316-8cc5-c45e4c1b1861,25,TIMBWANI,96361a0c-bc2b-572c-9e5f-274e2b4680a6,26,LICODEP
b04965e6-a9bb-591f-8f8a-1adcb2c8dc39,1,MOMBASA,d6c0f347-2692-5cb7-b32d-e047bf03a1d9,5,LIKONI,c7626324-42ff-5316-8cc5-c45e4c1b1861,25,TIMBWANI,61be1e3b-8693-5ddd-bf54-f11112742482,31,TIMBWANI SECONDARY SCHOOL
b04965e6-a9bb-591f-8f8a-1adcb2c8dc39,1,MOMBASA,d6c0f347-2692-5cb7-b32d-e047bf03a1d9,5,LIKONI,c7626324-42ff-5316-8cc5-c45e4c1b1861,25,TIMBWANI,31740215-34b1-5ec7-8cba-f3ed3fd9d630,34,CALTEX GROUNDS
b04965e6-a9bb-591f-8f8a-1adcb2c8dc39,1,MOMBASA,d6c0f347-2692-5cb7-b32d-e047bf03a1d9,5,LIKONI,c7626324-42ff-5316-8cc5-c45e4c1b1861,25,TIMBWANI,9639e0b6-d254-5ce2-b71c-1a38b60e6b09,35,TIMBWANI BABTIST PRIMARY SCHOOL
b04965e6-a9bb-591f-8f8a-1adcb2c8dc39,1,MOMBASA,5fd64031-53fc-5be2-9e81-fe33e4e1b5f4,6,MVITA,127b697d-3904-5e48-9959-771f02fca962,26,MJI WA KALE/MAKADARA,8c12f295-f6fe-54d0-a9cc-f8aeaaf5571a,1,KADERBHOY OLD TOWN DISPENSARY
b04965e6-a9bb-591f-8f8a-1adcb2c8dc39,1,MOMBASA,5fd64031-53fc-5be2-9e81-fe33e4e1b5f4,6,MVITA,127b697d-3904-5e48-9959-771f02fca962,26,MJI WA KALE/MAKADARA,f4b224ee-601c-5615-b7c8-4028ed83f480,2,FORT JESUS MUSEUM
b04965e6-a9bb-591f-8f8a-1adcb2c8dc39,1,MOMBASA,5fd64031-53fc-5be2-9e81-fe33e4e1b5f4,6,MVITA,127b697d-3904-5e48-9959-771f02fca962,26,MJI WA KALE/MAKADARA,81159548-5786-57d5-a94a-da8c2ab95356,3,COAST GIRLS SECONDARY SCHOOL
b04965e6-a9bb-591f-8f8a-1adcb2c8dc39,1,MOMBASA,5fd64031-53fc-5be2-9e81-fe33e4e1b5f4,6,MVITA,127b697d-3904-5e48-9959-771f02fca962,26,MJI WA KALE/MAKADARA,57a59ef2-d923-5eba-a34c-b23914df702a,4,STAR OF THE SEA PRIMARY SCHOOL
b04965e6-a9bb-591f-8f8a-1adcb2c8dc39,1,MOMBASA,5fd64031-53fc-5be2-9e81-fe33e4e1b5f4,6,MVITA,127b697d-3904-5e48-9959-771f02fca962,26,MJI WA KALE/MAKADARA,20d2d285-bfe0-5498-b13f-198e63c77c72,5,MBARAKI PRIMARY SCHOOL
b04965e6-a9bb-591f-8f8a-1adcb2c8dc39,1,MOMBASA,5fd64031-53fc-5be2-9e81-fe33e4e1b5f4,6,MVITA,127b697d-3904-5e48-9959-771f02fca962,26,MJI WA KALE/MAKADARA,ae24407b-f6e6-5ae1-a8cd-7fa02463cffa,6,SONARA SOCIAL HALL
b04965e6-a9bb-591f-8f8a-1adcb2c8dc39,1,MOMBASA,5fd64031-53fc-5be2-9e81-fe33e4e1b5f4,6,MVITA,127b697d-3904-5e48-9959-771f02fca962,26,MJI WA KALE/MAKADARA,927e9f9a-24c5-5113-8650-e8f5d52ef336,7,ALLIDINA VISRAM HIGH SCHOOL
b04965e6-a9bb-591f-8f8a-1adcb2c8dc39,1,MOMBASA,5fd64031-53fc-5be2-9e81-fe33e4e1b5f4,6,MVITA,127b697d-3904-5e48-9959-771f02fca962,26,MJI WA KALE/MAKADARA,5b9f9fa5-cff5-54cf-b94d-b43017151739,8,HAJAM JAMAAT HALL
b04965e6-a9bb-591f-8f8a-1adcb2c8dc39,1,MOMBASA,5fd64031-53fc-5be2-9e81-fe33e4e1b5f4,6,MVITA,127b697d-3904-5e48-9959-771f02fca962,26,MJI WA KALE/MAKADARA,ed608307-9a5c-5e95-904f-8cb1fc5f26ee,9,SERANI PRIMARY SCHOOL
b04965e6-a9bb-591f-8f8a-1adcb2c8dc39,1,MOMBASA,5fd64031-53fc-5be2-9e81-fe33e4e1b5f4,6,MVITA,127b697d-3904-5e48-9959-771f02fca962,26,MJI WA KALE/MAKADARA,fe636be1-3223-5481-856f-bd0651fdfb64,10,MOMBASA PRIMARY SCHOOL
b04965e6-a9bb-591f-8f8a-1adcb2c8dc39,1,MOMBASA,5fd64031-53fc-5be2-9e81-fe33e4e1b5f4,6,MVITA,127b697d-3904-5e48-9959-771f02fca962,26,MJI WA KALE/MAKADARA,b5820001-da08-54f8-8227-abc05385cd4c,11,KENYA SCHOOL OF GOVERNMENT
b04965e6-a9bb-591f-8f8a-1adcb2c8dc39,1,MOMBASA,5fd64031-53fc-5be2-9e81-fe33e4e1b5f4,6,MVITA,127b697d-3904-5e48-9959-771f02fca962,26,MJI WA KALE/MAKADARA,3be39336-58ce-5375-a5d3-4bd237de700c,12,TIJARA GARDENS
b04965e6-a9bb-591f-8f8a-1adcb2c8dc39,1,MOMBASA,5fd64031-53fc-5be2-9e81-fe33e4e1b5f4,6,MVITA,850c5534-340c-5a83-a496-27806afd8a32,27,TUDOR,c85cdbae-0413-506b-944c-8ed3c67f38b8,13,TUDOR VILLAGE HALL
b04965e6-a9bb-591f-8f8a-1adcb2c8dc39,1,MOMBASA,5fd64031-53fc-5be2-9e81-fe33e4e1b5f4,6,MVITA,850c5534-340c-5a83-a496-27806afd8a32,27,TUDOR,becf70aa-bdde-5435-99f0-0a63e789b4b8,14,ST. AUGUSTINE PRIMARY SCHOOL
b04965e6-a9bb-591f-8f8a-1adcb2c8dc39,1,MOMBASA,5fd64031-53fc-5be2-9e81-fe33e4e1b5f4,6,MVITA,850c5534-340c-5a83-a496-27806afd8a32,27,TUDOR,31c47dc7-0df3-5629-ae5f-5613e0acfdac,15,TUDOR PRIMARY SCHOOL
b04965e6-a9bb-591f-8f8a-1adcb2c8dc39,1,MOMBASA,5fd64031-53fc-5be2-9e81-fe33e4e1b5f4,6,MVITA,850c5534-340c-5a83-a496-27806afd8a32,27,TUDOR,9ca6468f-baa2-5b22-9b0f-4e2fb48283fe,16,R. G. NGALA PRIMARY SCHOOL
b04965e6-a9bb-591f-8f8a-1adcb2c8dc39,1,MOMBASA,5fd64031-53fc-5be2-9e81-fe33e4e1b5f4,6,MVITA,850c5534-340c-5a83-a496-27806afd8a32,27,TUDOR,a0ac11af-5abd-52b0-99c8-9f43b111662f,17,FAHARI PRIMARY SCHOOL
b04965e6-a9bb-591f-8f8a-1adcb2c8dc39,1,MOMBASA,5fd64031-53fc-5be2-9e81-fe33e4e1b5f4,6,MVITA,850c5534-340c-5a83-a496-27806afd8a32,27,TUDOR,c1dd177b-67f7-5279-98af-4f304425b07f,18,SPARKI PRIMARY SCHOOL
b04965e6-a9bb-591f-8f8a-1adcb2c8dc39,1,MOMBASA,5fd64031-53fc-5be2-9e81-fe33e4e1b5f4,6,MVITA,850c5534-340c-5a83-a496-27806afd8a32,27,TUDOR,e9091837-f020-54e0-9f9c-e2b65c1cc02e,19,BURHANIA PRIMARY SCHOOL
b04965e6-a9bb-591f-8f8a-1adcb2c8dc39,1,MOMBASA,5fd64031-53fc-5be2-9e81-fe33e4e1b5f4,6,MVITA,850c5534-340c-5a83-a496-27806afd8a32,27,TUDOR,c91f8c3c-3612-5e41-9b19-73ec6ffe577c,20,MUNICIPAL INSPECTORATE OFFICES
b04965e6-a9bb-591f-8f8a-1adcb2c8dc39,1,MOMBASA,5fd64031-53fc-5be2-9e81-fe33e4e1b5f4,6,MVITA,850c5534-340c-5a83-a496-27806afd8a32,27,TUDOR,72dceea6-635f-513f-b0ee-cfa824db83d2,21,TUDOR DAY SECONDARY SCHOOL
b04965e6-a9bb-591f-8f8a-1adcb2c8dc39,1,MOMBASA,5fd64031-53fc-5be2-9e81-fe33e4e1b5f4,6,MVITA,850c5534-340c-5a83-a496-27806afd8a32,27,TUDOR,ef227c40-0f2c-5b11-a221-703c96c2142b,22,KPA HALL MAKANDE
b04965e6-a9bb-591f-8f8a-1adcb2c8dc39,1,MOMBASA,5fd64031-53fc-5be2-9e81-fe33e4e1b5f4,6,MVITA,850c5534-340c-5a83-a496-27806afd8a32,27,TUDOR,a181e033-6606-52bf-b059-7a4bbe0d41f0,23,KHAMISI SECONDARY SCHOOL
b04965e6-a9bb-591f-8f8a-1adcb2c8dc39,1,MOMBASA,5fd64031-53fc-5be2-9e81-fe33e4e1b5f4,6,MVITA,8ac252de-e913-53a0-a9a0-c02c336a89ba,28,TONONOKA,5b339cf2-5cd6-5c3e-afbe-1ef265d09c54,24,MWEMBE-TAYARI PUBLIC HEALTH CLINIC (PH
b04965e6-a9bb-591f-8f8a-1adcb2c8dc39,1,MOMBASA,5fd64031-53fc-5be2-9e81-fe33e4e1b5f4,6,MVITA,8ac252de-e913-53a0-a9a0-c02c336a89ba,28,TONONOKA,675d53f9-5fb8-56cb-89a5-9e5f1732dde8,25,KUMBAR PRIMARY SCHOOL
b04965e6-a9bb-591f-8f8a-1adcb2c8dc39,1,MOMBASA,5fd64031-53fc-5be2-9e81-fe33e4e1b5f4,6,MVITA,8ac252de-e913-53a0-a9a0-c02c336a89ba,28,TONONOKA,07e300cb-57c4-5ea6-9825-7df1ff31b012,26,AL-AMANI SOCIAL HALL - FLORINGI
b04965e6-a9bb-591f-8f8a-1adcb2c8dc39,1,MOMBASA,5fd64031-53fc-5be2-9e81-fe33e4e1b5f4,6,MVITA,8ac252de-e913-53a0-a9a0-c02c336a89ba,28,TONONOKA,c9ac2cda-d0a0-5f8e-974b-afe7340e802b,27,SHARIFF NASSIR SECONDARY SCHOOL
b04965e6-a9bb-591f-8f8a-1adcb2c8dc39,1,MOMBASA,5fd64031-53fc-5be2-9e81-fe33e4e1b5f4,6,MVITA,8ac252de-e913-53a0-a9a0-c02c336a89ba,28,TONONOKA,2fb57421-e2b0-507f-b8b8-70fd9cf0cc07,28,CHANDARIA HALL
b04965e6-a9bb-591f-8f8a-1adcb2c8dc39,1,MOMBASA,5fd64031-53fc-5be2-9e81-fe33e4e1b5f4,6,MVITA,8ac252de-e913-53a0-a9a0-c02c336a89ba,28,TONONOKA,9c0f8f83-74ec-531b-bdc8-52a3b14b30f0,29,KIKOWANI PRIMARY SCHOOL
b04965e6-a9bb-591f-8f8a-1adcb2c8dc39,1,MOMBASA,5fd64031-53fc-5be2-9e81-fe33e4e1b5f4,6,MVITA,8ac252de-e913-53a0-a9a0-c02c336a89ba,28,TONONOKA,c780e0c8-bfdb-5506-b665-6f02f1469eb1,30,TONONOKA SOCIAL HALL
b04965e6-a9bb-591f-8f8a-1adcb2c8dc39,1,MOMBASA,5fd64031-53fc-5be2-9e81-fe33e4e1b5f4,6,MVITA,8ac252de-e913-53a0-a9a0-c02c336a89ba,28,TONONOKA,b23dccdd-3a34-5a93-a984-0dcd2ebeef5b,31,TONONOKA NURSERY SCHOOL
b04965e6-a9bb-591f-8f8a-1adcb2c8dc39,1,MOMBASA,5fd64031-53fc-5be2-9e81-fe33e4e1b5f4,6,MVITA,8ac252de-e913-53a0-a9a0-c02c336a89ba,28,TONONOKA,c627550a-aeba-5000-82f7-7dc406f3c319,32,MUNICIPAL STADIUM
b04965e6-a9bb-591f-8f8a-1adcb2c8dc39,1,MOMBASA,5fd64031-53fc-5be2-9e81-fe33e4e1b5f4,6,MVITA,8ac252de-e913-53a0-a9a0-c02c336a89ba,28,TONONOKA,cde8c89c-e5d3-5a09-b0ce-44b3365a9822,33,CENTRAL GIRLS PRIMARY SCHOOL
b04965e6-a9bb-591f-8f8a-1adcb2c8dc39,1,MOMBASA,5fd64031-53fc-5be2-9e81-fe33e4e1b5f4,6,MVITA,8ac252de-e913-53a0-a9a0-c02c336a89ba,28,TONONOKA,569cc89e-4003-553c-8bdb-b29b26d4df5c,34,BUXTON ESTATE HALL
b04965e6-a9bb-591f-8f8a-1adcb2c8dc39,1,MOMBASA,5fd64031-53fc-5be2-9e81-fe33e4e1b5f4,6,MVITA,0ba43fca-f7e5-5991-aeef-e925af0e5e95,29,SHIMANZI/GANJONI,67b81d3a-894b-5ad6-ae87-3aac0a8963a9,35,PUBLIC WORKS OFFICES
b04965e6-a9bb-591f-8f8a-1adcb2c8dc39,1,MOMBASA,5fd64031-53fc-5be2-9e81-fe33e4e1b5f4,6,MVITA,0ba43fca-f7e5-5991-aeef-e925af0e5e95,29,SHIMANZI/GANJONI,9e86dfbb-453a-55bd-9cbf-e76901eafa3d,36,MAKANDE KPA NURSERY SCHOOL
b04965e6-a9bb-591f-8f8a-1adcb2c8dc39,1,MOMBASA,5fd64031-53fc-5be2-9e81-fe33e4e1b5f4,6,MVITA,0ba43fca-f7e5-5991-aeef-e925af0e5e95,29,SHIMANZI/GANJONI,14392783-53df-5678-93b8-0245bd0762e9,37,MAKUPA PRIMARY SCHOOL
b04965e6-a9bb-591f-8f8a-1adcb2c8dc39,1,MOMBASA,5fd64031-53fc-5be2-9e81-fe33e4e1b5f4,6,MVITA,0ba43fca-f7e5-5991-aeef-e925af0e5e95,29,SHIMANZI/GANJONI,f71a34b7-e953-53c2-ae49-7307f8382085,38,MAKANDE PRIMARY SCHOOL
b04965e6-a9bb-591f-8f8a-1adcb2c8dc39,1,MOMBASA,5fd64031-53fc-5be2-9e81-fe33e4e1b5f4,6,MVITA,0ba43fca-f7e5-5991-aeef-e925af0e5e95,29,SHIMANZI/GANJONI,1d38f6fc-c202-5ba1-8733-33a55ee5a82c,39,SHIMANZI KPA NURSERY SCHOOL
b04965e6-a9bb-591f-8f8a-1adcb2c8dc39,1,MOMBASA,5fd64031-53fc-5be2-9e81-fe33e4e1b5f4,6,MVITA,0ba43fca-f7e5-5991-aeef-e925af0e5e95,29,SHIMANZI/GANJONI,9ebc179a-96f8-5e39-aa50-db5b90fff58c,40,KPA HALL HIGH LEVEL
b04965e6-a9bb-591f-8f8a-1adcb2c8dc39,1,MOMBASA,5fd64031-53fc-5be2-9e81-fe33e4e1b5f4,6,MVITA,0ba43fca-f7e5-5991-aeef-e925af0e5e95,29,SHIMANZI/GANJONI,c670ceb8-2eb8-5f8c-94f1-6f7d4c079c77,41,LITTLE THEATRE CLUB
b04965e6-a9bb-591f-8f8a-1adcb2c8dc39,1,MOMBASA,5fd64031-53fc-5be2-9e81-fe33e4e1b5f4,6,MVITA,0ba43fca-f7e5-5991-aeef-e925af0e5e95,29,SHIMANZI/GANJONI,f4c0b2f8-aa91-500e-9c0d-6dc988c09b23,42,SACRED HEART PRIMARY SCHOOL
b04965e6-a9bb-591f-8f8a-1adcb2c8dc39,1,MOMBASA,5fd64031-53fc-5be2-9e81-fe33e4e1b5f4,6,MVITA,0ba43fca-f7e5-5991-aeef-e925af0e5e95,29,SHIMANZI/GANJONI,bceb0f1e-6bcb-5b2b-9444-b145888bbf91,43,KPA SOCIAL HALL
b04965e6-a9bb-591f-8f8a-1adcb2c8dc39,1,MOMBASA,5fd64031-53fc-5be2-9e81-fe33e4e1b5f4,6,MVITA,0ba43fca-f7e5-5991-aeef-e925af0e5e95,29,SHIMANZI/GANJONI,285fc643-0ad5-5aea-9846-1d74a8258dd9,44,BANDARI COLLEGE
b04965e6-a9bb-591f-8f8a-1adcb2c8dc39,1,MOMBASA,5fd64031-53fc-5be2-9e81-fe33e4e1b5f4,6,MVITA,0ba43fca-f7e5-5991-aeef-e925af0e5e95,29,SHIMANZI/GANJONI,765c0e07-a0e6-51e0-a974-665fab900c22,45,GANJONI MUNICIPAL CLINIC
b04965e6-a9bb-591f-8f8a-1adcb2c8dc39,1,MOMBASA,5fd64031-53fc-5be2-9e81-fe33e4e1b5f4,6,MVITA,0ba43fca-f7e5-5991-aeef-e925af0e5e95,29,SHIMANZI/GANJONI,a3523198-5767-5cd9-b3b4-f04e8068980d,46,MAJENGO PRIMARY SCHOOL
b04965e6-a9bb-591f-8f8a-1adcb2c8dc39,1,MOMBASA,5fd64031-53fc-5be2-9e81-fe33e4e1b5f4,6,MVITA,0ba43fca-f7e5-5991-aeef-e925af0e5e95,29,SHIMANZI/GANJONI,e2c44338-5259-56dd-9e58-d54576e7a20f,47,KING'ORANI PRISON (JELA BARIDI)
b04965e6-a9bb-591f-8f8a-1adcb2c8dc39,1,MOMBASA,5fd64031-53fc-5be2-9e81-fe33e4e1b5f4,6,MVITA,ec3b6c55-bdad-5e67-ab1c-f92fe3d21012,30,MAJENGO,80e0a7f6-e754-5b92-9b92-b735f42bd199,48,PATEL SAMAJ HALL
b04965e6-a9bb-591f-8f8a-1adcb2c8dc39,1,MOMBASA,5fd64031-53fc-5be2-9e81-fe33e4e1b5f4,6,MVITA,ec3b6c55-bdad-5e67-ab1c-f92fe3d21012,30,MAJENGO,3ab6e073-a99e-5193-9d02-f1594fb12f02,49,GURU NANAK PRIMARY SCHOOL
b04965e6-a9bb-591f-8f8a-1adcb2c8dc39,1,MOMBASA,5fd64031-53fc-5be2-9e81-fe33e4e1b5f4,6,MVITA,ec3b6c55-bdad-5e67-ab1c-f92fe3d21012,30,MAJENGO,fa4ae426-88a5-5125-9c32-381abfdc599c,50,MWEMBE-TAYARI PUBLIC HEALTH DEPARTM
b04965e6-a9bb-591f-8f8a-1adcb2c8dc39,1,MOMBASA,5fd64031-53fc-5be2-9e81-fe33e4e1b5f4,6,MVITA,ec3b6c55-bdad-5e67-ab1c-f92fe3d21012,30,MAJENGO,00ef246a-df8b-537f-b80f-1581d6086cb7,51,KOBLENZ HALL
b04965e6-a9bb-591f-8f8a-1adcb2c8dc39,1,MOMBASA,5fd64031-53fc-5be2-9e81-fe33e4e1b5f4,6,MVITA,ec3b6c55-bdad-5e67-ab1c-f92fe3d21012,30,MAJENGO,cb0ac613-031c-54bb-b2fe-471ef957266d,52,UHURU GARDENS
b04965e6-a9bb-591f-8f8a-1adcb2c8dc39,1,MOMBASA,5fd64031-53fc-5be2-9e81-fe33e4e1b5f4,6,MVITA,ec3b6c55-bdad-5e67-ab1c-f92fe3d21012,30,MAJENGO,b699db1a-d345-5815-a3b7-c6681d42cdb3,53,LOHANA HALL
b04965e6-a9bb-591f-8f8a-1adcb2c8dc39,1,MOMBASA,5fd64031-53fc-5be2-9e81-fe33e4e1b5f4,6,MVITA,ec3b6c55-bdad-5e67-ab1c-f92fe3d21012,30,MAJENGO,e34d8806-031f-5569-a3aa-6ef1020c88af,54,LASCO SOCIAL HALL (KPA)
b04965e6-a9bb-591f-8f8a-1adcb2c8dc39,1,MOMBASA,5fd64031-53fc-5be2-9e81-fe33e4e1b5f4,6,MVITA,ec3b6c55-bdad-5e67-ab1c-f92fe3d21012,30,MAJENGO,f5403c65-9552-54db-84e7-c2a7eccb1868,56,MAJENGO VILLAGE HALL
b04965e6-a9bb-591f-8f8a-1adcb2c8dc39,1,MOMBASA,5fd64031-53fc-5be2-9e81-fe33e4e1b5f4,6,MVITA,ec3b6c55-bdad-5e67-ab1c-f92fe3d21012,30,MAJENGO,dd9ffb59-5393-5a30-9f5f-e857ae07f0f7,57,SAKINA HALL
b04965e6-a9bb-591f-8f8a-1adcb2c8dc39,1,MOMBASA,5fd64031-53fc-5be2-9e81-fe33e4e1b5f4,6,MVITA,ec3b6c55-bdad-5e67-ab1c-f92fe3d21012,30,MAJENGO,23402d55-beba-53d2-b466-9091abc5e593,58,MVITA PRIMARY SCHOOL
b04965e6-a9bb-591f-8f8a-1adcb2c8dc39,1,MOMBASA,5fd64031-53fc-5be2-9e81-fe33e4e1b5f4,6,MVITA,ec3b6c55-bdad-5e67-ab1c-f92fe3d21012,30,MAJENGO,e56b421c-69f1-5221-baaa-02295fde0d62,59,MVITA BOYS SECONDARY SCHOOL
