36392431-d554-5385-b876-7bc6e1cb26b3,46,NYAMIRA,f41fafe7-1f4c-580c-9698-92363e7637fc,270,KITUTU MASABA,64610740-aa9b-5f3e-a5c6-d25036372a74,1346,RIGOMA,5c5021a9-3bfe-5c1e-8eff-a8eac7f676f7,1,RIKENYE D.E.B PRIMARY SCHOOL.
36392431-d554-5385-b876-7bc6e1cb26b3,46,NYAMIRA,f41fafe7-1f4c-580c-9698-92363e7637fc,270,KITUTU MASABA,64610740-aa9b-5f3e-a5c6-d25036372a74,1346,RIGOMA,9b0cf1db-58ee-5303-b3d9-1578420052f9,2,EMBARO D.O.K PRIMARY SCHOOL
36392431-d554-5385-b876-7bc6e1cb26b3,46,NYAMIRA,f41fafe7-1f4c-580c-9698-92363e7637fc,270,KITUTU MASABA,64610740-aa9b-5f3e-a5c6-d25036372a74,1346,RIGOMA,b963cecd-bbde-5d78-9861-2e9fada471e8,3,KEROKA FARMERS CO-OP SOCIETY
36392431-d554-5385-b876-7bc6e1cb26b3,46,NYAMIRA,f41fafe7-1f4c-580c-9698-92363e7637fc,270,KITUTU MASABA,64610740-aa9b-5f3e-a5c6-d25036372a74,1346,RIGOMA,6aa4d08c-2ba5-5140-8ac0-ea358bf0bf8c,4,NYASORE S.D.A PRIMARY SCHOOL.
36392431-d554-5385-b876-7bc6e1cb26b3,46,NYAMIRA,f41fafe7-1f4c-580c-9698-92363e7637fc,270,KITUTU MASABA,64610740-aa9b-5f3e-a5c6-d25036372a74,1346,RIGOMA,ecc23280-c394-5edb-9b5f-f3696a88dd3d,5,BOCHARIA P.A.G PRIMARY SCHOOL.
36392431-d554-5385-b876-7bc6e1cb26b3,46,NYAMIRA,f41fafe7-1f4c-580c-9698-92363e7637fc,270,KITUTU MASABA,64610740-aa9b-5f3e-a5c6-d25036372a74,1346,RIGOMA,40ebd4e8-b4f1-5e62-867a-e416b8391f53,6,KIERIRA DOK PRIMARY SCHOOL.
36392431-d554-5385-b876-7bc6e1cb26b3,46,NYAMIRA,f41fafe7-1f4c-580c-9698-92363e7637fc,270,KITUTU MASABA,64610740-aa9b-5f3e-a5c6-d25036372a74,1346,RIGOMA,d64d4eb5-e90a-583f-bc6b-895b3a0ba0ac,7,NYANCHONORI DOK PRIMARY SCHOOL.
36392431-d554-5385-b876-7bc6e1cb26b3,46,NYAMIRA,f41fafe7-1f4c-580c-9698-92363e7637fc,270,KITUTU MASABA,64610740-aa9b-5f3e-a5c6-d25036372a74,1346,RIGOMA,7b524446-5d06-5a16-989d-3d7a79719029,8,MONG'ONI D.E.B PRIMARY SCHOOL.
36392431-d554-5385-b876-7bc6e1cb26b3,46,NYAMIRA,f41fafe7-1f4c-580c-9698-92363e7637fc,270,KITUTU MASABA,64610740-aa9b-5f3e-a5c6-d25036372a74,1346,RIGOMA,3de22efd-b206-5cbd-83e1-4c32c7d503d5,9,NYANKOBA SDA PRIMARY SCHOOL
36392431-d554-5385-b876-7bc6e1cb26b3,46,NYAMIRA,f41fafe7-1f4c-580c-9698-92363e7637fc,270,KITUTU MASABA,64610740-aa9b-5f3e-a5c6-d25036372a74,1346,RIGOMA,56ea4d41-0697-5998-a1d2-247b1307509a,10,BITICHA D.O.K PRIMARY SCHOOL.
36392431-d554-5385-b876-7bc6e1cb26b3,46,NYAMIRA,f41fafe7-1f4c-580c-9698-92363e7637fc,270,KITUTU MASABA,64610740-aa9b-5f3e-a5c6-d25036372a74,1346,RIGOMA,1244ee65-015b-5bb2-81bb-6e4575ce1e0c,11,KENYERERE DOK PRIMARY SCHOOL
36392431-d554-5385-b876-7bc6e1cb26b3,46,NYAMIRA,f41fafe7-1f4c-580c-9698-92363e7637fc,270,KITUTU MASABA,64610740-aa9b-5f3e-a5c6-d25036372a74,1346,RIGOMA,747d4ace-6be1-5036-bef2-ed6190dbfc6b,12,BORABU D.E.B PRIMARY SCHOOL.
36392431-d554-5385-b876-7bc6e1cb26b3,46,NYAMIRA,f41fafe7-1f4c-580c-9698-92363e7637fc,270,KITUTU MASABA,64610740-aa9b-5f3e-a5c6-d25036372a74,1346,RIGOMA,c8437dce-2472-5857-a3a4-7ab1c00af8aa,13,MOBAMBA TEA BUYING CENTRE
36392431-d554-5385-b876-7bc6e1cb26b3,46,NYAMIRA,f41fafe7-1f4c-580c-9698-92363e7637fc,270,KITUTU MASABA,64610740-aa9b-5f3e-a5c6-d25036372a74,1346,RIGOMA,b4216707-6bbb-5306-990d-380fc5f749ec,14,RIABORE D.O.K PRIMARY SCHOOL
36392431-d554-5385-b876-7bc6e1cb26b3,46,NYAMIRA,f41fafe7-1f4c-580c-9698-92363e7637fc,270,KITUTU MASABA,64610740-aa9b-5f3e-a5c6-d25036372a74,1346,RIGOMA,ee0bb555-4eec-5242-9348-afcb6c5bd913,15,KEGOGI P.A.G PRIMARY SCHOOL.
36392431-d554-5385-b876-7bc6e1cb26b3,46,NYAMIRA,f41fafe7-1f4c-580c-9698-92363e7637fc,270,KITUTU MASABA,64610740-aa9b-5f3e-a5c6-d25036372a74,1346,RIGOMA,68b43cbb-7196-58c7-8d51-f98c144c6263,16,MATANGI D.O.K PRIMARY SCHOOL.
36392431-d554-5385-b876-7bc6e1cb26b3,46,NYAMIRA,f41fafe7-1f4c-580c-9698-92363e7637fc,270,KITUTU MASABA,64610740-aa9b-5f3e-a5c6-d25036372a74,1346,RIGOMA,61a38f46-0108-59bf-9ba8-4d458205ad37,17,RIYABE D.E.B PRIMARY SCHOOL.
36392431-d554-5385-b876-7bc6e1cb26b3,46,NYAMIRA,f41fafe7-1f4c-580c-9698-92363e7637fc,270,KITUTU MASABA,64610740-aa9b-5f3e-a5c6-d25036372a74,1346,RIGOMA,b7d63ea2-59b8-5b64-a513-56d078570402,18,BOTANA D.O.K PRIMARY SCHOOL.
36392431-d554-5385-b876-7bc6e1cb26b3,46,NYAMIRA,f41fafe7-1f4c-580c-9698-92363e7637fc,270,KITUTU MASABA,64610740-aa9b-5f3e-a5c6-d25036372a74,1346,RIGOMA,92cf81a7-afbd-5bf6-a40e-4fc07346e014,19,NYAIGESA D.O.K PRIMARY SCHOOL
36392431-d554-5385-b876-7bc6e1cb26b3,46,NYAMIRA,f41fafe7-1f4c-580c-9698-92363e7637fc,270,KITUTU MASABA,64610740-aa9b-5f3e-a5c6-d25036372a74,1346,RIGOMA,df53e150-5bd7-5e57-8809-45d842e8e119,20,ERONGE D.O.K PRIIMARY SCHOOL
36392431-d554-5385-b876-7bc6e1cb26b3,46,NYAMIRA,f41fafe7-1f4c-580c-9698-92363e7637fc,270,KITUTU MASABA,64610740-aa9b-5f3e-a5c6-d25036372a74,1346,RIGOMA,6c16f270-6b1d-5345-8a66-103266c43f8d,21,METAMAYWA PRIMARY SCHOOL
36392431-d554-5385-b876-7bc6e1cb26b3,46,NYAMIRA,f41fafe7-1f4c-580c-9698-92363e7637fc,270,KITUTU MASABA,64610740-aa9b-5f3e-a5c6-d25036372a74,1346,RIGOMA,d0b56d0f-8c36-5392-b2b7-09da7dc38e01,22,ITONGO SENGERA D.E.B PRIMARY SCHOOL.
36392431-d554-5385-b876-7bc6e1cb26b3,46,NYAMIRA,f41fafe7-1f4c-580c-9698-92363e7637fc,270,KITUTU MASABA,9a967712-225d-57e6-8eee-353acf5e4b83,1347,GACHUBA,f1e918c4-65dd-5377-9f3e-9e5d90d36b90,23,BONYUNYU D.O.K PRIMARY SCHOOL.
36392431-d554-5385-b876-7bc6e1cb26b3,46,NYAMIRA,f41fafe7-1f4c-580c-9698-92363e7637fc,270,KITUTU MASABA,9a967712-225d-57e6-8eee-353acf5e4b83,1347,GACHUBA,a896f14e-e0b0-5378-89ee-8a516cf43e55,24,NYAGANCHA D.E.B PRIMARY SCHOOL.
36392431-d554-5385-b876-7bc6e1cb26b3,46,NYAMIRA,f41fafe7-1f4c-580c-9698-92363e7637fc,270,KITUTU MASABA,9a967712-225d-57e6-8eee-353acf5e4b83,1347,GACHUBA,fdda2f64-9ba3-5100-935c-77687c96bfdb,25,RIGOMA D.E.B PRIMARY SCHOOL.
36392431-d554-5385-b876-7bc6e1cb26b3,46,NYAMIRA,f41fafe7-1f4c-580c-9698-92363e7637fc,270,KITUTU MASABA,9a967712-225d-57e6-8eee-353acf5e4b83,1347,GACHUBA,586a2ceb-9ea6-5368-a1d4-e5a3835c14ce,26,MIRIRI D.O.K PRIMARY SCHOOL.
36392431-d554-5385-b876-7bc6e1cb26b3,46,NYAMIRA,f41fafe7-1f4c-580c-9698-92363e7637fc,270,KITUTU MASABA,9a967712-225d-57e6-8eee-353acf5e4b83,1347,GACHUBA,3252fe5a-2417-516a-b591-0a8b21d27178,27,SENGERERI D.E.B PRIMARY SCHOOL.
36392431-d554-5385-b876-7bc6e1cb26b3,46,NYAMIRA,f41fafe7-1f4c-580c-9698-92363e7637fc,270,KITUTU MASABA,9a967712-225d-57e6-8eee-353acf5e4b83,1347,GACHUBA,a93fb3c9-4403-5114-855d-8d9e97c6d222,28,GUJA D.O.K PRIMARY SCHOOL.
36392431-d554-5385-b876-7bc6e1cb26b3,46,NYAMIRA,f41fafe7-1f4c-580c-9698-92363e7637fc,270,KITUTU MASABA,9a967712-225d-57e6-8eee-353acf5e4b83,1347,GACHUBA,8e6ce649-e109-5fcc-8acc-698441273452,29,KEBIRICHI D.E.B PRIMARY SCHOOL.
36392431-d554-5385-b876-7bc6e1cb26b3,46,NYAMIRA,f41fafe7-1f4c-580c-9698-92363e7637fc,270,KITUTU MASABA,9a967712-225d-57e6-8eee-353acf5e4b83,1347,GACHUBA,49177fb3-ea64-54e5-9be3-6b8f039a3755,30,GIRANGO D.O.K PRIMARY SCHOOL.
36392431-d554-5385-b876-7bc6e1cb26b3,46,NYAMIRA,f41fafe7-1f4c-580c-9698-92363e7637fc,270,KITUTU MASABA,9a967712-225d-57e6-8eee-353acf5e4b83,1347,GACHUBA,f70a0ec3-1dd4-55fd-b547-1c7214d76956,31,GETENI D.O.K PRIMARY SCHOOL.
36392431-d554-5385-b876-7bc6e1cb26b3,46,NYAMIRA,f41fafe7-1f4c-580c-9698-92363e7637fc,270,KITUTU MASABA,9a967712-225d-57e6-8eee-353acf5e4b83,1347,GACHUBA,1aa73edb-9f2f-5760-b6e4-ddff87654bef,32,KIAMOGITI PRIMARY SCHOOL.
36392431-d554-5385-b876-7bc6e1cb26b3,46,NYAMIRA,f41fafe7-1f4c-580c-9698-92363e7637fc,270,KITUTU MASABA,9a967712-225d-57e6-8eee-353acf5e4b83,1347,GACHUBA,3f64acff-1056-577c-9656-195d94dcb8b5,33,KIOMONSO PRIMARY SCHOOL.
36392431-d554-5385-b876-7bc6e1cb26b3,46,NYAMIRA,f41fafe7-1f4c-580c-9698-92363e7637fc,270,KITUTU MASABA,9a967712-225d-57e6-8eee-353acf5e4b83,1347,GACHUBA,59d11fc4-8ce8-5ce9-b823-7111286cfcec,34,NYASUMI D.O.K PRIMARY SCHOOL.
36392431-d554-5385-b876-7bc6e1cb26b3,46,NYAMIRA,f41fafe7-1f4c-580c-9698-92363e7637fc,270,KITUTU MASABA,9a967712-225d-57e6-8eee-353acf5e4b83,1347,GACHUBA,f1702fac-f5cc-53f6-886c-0273d4a04e61,35,NYABIGEGE D.O.K PRIMARY SCHOOL.
36392431-d554-5385-b876-7bc6e1cb26b3,46,NYAMIRA,f41fafe7-1f4c-580c-9698-92363e7637fc,270,KITUTU MASABA,9a967712-225d-57e6-8eee-353acf5e4b83,1347,GACHUBA,f69eef1a-7a10-5cef-984f-c118b6376f77,36,GIRANGO FARMERS' CO-OPERATIVE SOCIETY
36392431-d554-5385-b876-7bc6e1cb26b3,46,NYAMIRA,f41fafe7-1f4c-580c-9698-92363e7637fc,270,KITUTU MASABA,9a967712-225d-57e6-8eee-353acf5e4b83,1347,GACHUBA,b9ec6192-e870-5fde-afbf-78c2cbfe4a21,37,NYAIBASA D.O.K PRIMARY SCHOOL.
36392431-d554-5385-b876-7bc6e1cb26b3,46,NYAMIRA,f41fafe7-1f4c-580c-9698-92363e7637fc,270,KITUTU MASABA,9a967712-225d-57e6-8eee-353acf5e4b83,1347,GACHUBA,6c332c72-1b92-5486-ba64-309510292434,38,RIAMISI TEA BUYING CENTRE
36392431-d554-5385-b876-7bc6e1cb26b3,46,NYAMIRA,f41fafe7-1f4c-580c-9698-92363e7637fc,270,KITUTU MASABA,9a967712-225d-57e6-8eee-353acf5e4b83,1347,GACHUBA,66cedd52-7fce-5822-b69e-61f216d6d749,39,NYARIACHO D.E.B PRIMARY SCHOOL.
36392431-d554-5385-b876-7bc6e1cb26b3,46,NYAMIRA,f41fafe7-1f4c-580c-9698-92363e7637fc,270,KITUTU MASABA,9a967712-225d-57e6-8eee-353acf5e4b83,1347,GACHUBA,f23f3cf7-006b-5035-8286-7942c4d20661,112,NYANGORORA DEB PRIMARY SCHOOL
36392431-d554-5385-b876-7bc6e1cb26b3,46,NYAMIRA,f41fafe7-1f4c-580c-9698-92363e7637fc,270,KITUTU MASABA,9a967712-225d-57e6-8eee-353acf5e4b83,1347,GACHUBA,7b3fc54a-3742-5231-9c12-b8de7eb8baea,113,KEGOGI D.O.K PRIMARY SCHOOL
36392431-d554-5385-b876-7bc6e1cb26b3,46,NYAMIRA,f41fafe7-1f4c-580c-9698-92363e7637fc,270,KITUTU MASABA,e1b8c9ee-5825-50e4-987b-81ff13932ccc,1348,KEMERA,9db7d897-ae19-5d46-a42a-55d4912d5a23,40,KERORA D.O.K PRIMARY SCHOOL.
36392431-d554-5385-b876-7bc6e1cb26b3,46,NYAMIRA,f41fafe7-1f4c-580c-9698-92363e7637fc,270,KITUTU MASABA,e1b8c9ee-5825-50e4-987b-81ff13932ccc,1348,KEMERA,40d08990-3b7d-598b-80e8-1c205415e435,41,KIOMAKONDO D.O.K PRIMARY SCHOOL.
36392431-d554-5385-b876-7bc6e1cb26b3,46,NYAMIRA,f41fafe7-1f4c-580c-9698-92363e7637fc,270,KITUTU MASABA,e1b8c9ee-5825-50e4-987b-81ff13932ccc,1348,KEMERA,f4892fb2-96f6-5ad1-9b80-7ed500ddaf4d,42,KIABIRAA D.E.B PRIMARY SCHOOL
36392431-d554-5385-b876-7bc6e1cb26b3,46,NYAMIRA,f41fafe7-1f4c-580c-9698-92363e7637fc,270,KITUTU MASABA,e1b8c9ee-5825-50e4-987b-81ff13932ccc,1348,KEMERA,2169f015-66ca-510f-a2af-4f3991431e77,43,KERONGO D.O.K PRIMARY SCHOOL.
36392431-d554-5385-b876-7bc6e1cb26b3,46,NYAMIRA,f41fafe7-1f4c-580c-9698-92363e7637fc,270,KITUTU MASABA,e1b8c9ee-5825-50e4-987b-81ff13932ccc,1348,KEMERA,4e0f0f18-f078-55f8-9adf-e63795256a56,44,MOKORONGOSI PRIMARY SCHOOL.
36392431-d554-5385-b876-7bc6e1cb26b3,46,NYAMIRA,f41fafe7-1f4c-580c-9698-92363e7637fc,270,KITUTU MASABA,e1b8c9ee-5825-50e4-987b-81ff13932ccc,1348,KEMERA,11edb69b-8be9-59b5-a637-7fc9a1b54abf,45,NYACHICHI D.O.K PRIMARY SCHOOL
36392431-d554-5385-b876-7bc6e1cb26b3,46,NYAMIRA,f41fafe7-1f4c-580c-9698-92363e7637fc,270,KITUTU MASABA,e1b8c9ee-5825-50e4-987b-81ff13932ccc,1348,KEMERA,afba9ec6-bfae-5521-9e5b-f08fd3ddaeb5,46,KIENDEGE D.E.B PRIMARY SCHOOL
36392431-d554-5385-b876-7bc6e1cb26b3,46,NYAMIRA,f41fafe7-1f4c-580c-9698-92363e7637fc,270,KITUTU MASABA,e1b8c9ee-5825-50e4-987b-81ff13932ccc,1348,KEMERA,dad5f46e-6f25-547e-a264-c6b1630e554f,47,IRIANYI D.E.B PRIMARY SCHOOL
36392431-d554-5385-b876-7bc6e1cb26b3,46,NYAMIRA,f41fafe7-1f4c-580c-9698-92363e7637fc,270,KITUTU MASABA,e1b8c9ee-5825-50e4-987b-81ff13932ccc,1348,KEMERA,a8fc65d9-e843-5ae3-8138-af872e5f67ea,48,IKONGE S.D.A PRIMARY SCHOOL
36392431-d554-5385-b876-7bc6e1cb26b3,46,NYAMIRA,f41fafe7-1f4c-580c-9698-92363e7637fc,270,KITUTU MASABA,e1b8c9ee-5825-50e4-987b-81ff13932ccc,1348,KEMERA,aa2ac838-484e-5f48-83d1-06a976507e73,49,NYAGECHENCHE D.O.K PRIMARY SCHOOL
36392431-d554-5385-b876-7bc6e1cb26b3,46,NYAMIRA,f41fafe7-1f4c-580c-9698-92363e7637fc,270,KITUTU MASABA,e1b8c9ee-5825-50e4-987b-81ff13932ccc,1348,KEMERA,37b79909-b470-545d-baf5-50eed19d899f,50,EKERUBO D.O.K PRIMARY SCHOOL.
36392431-d554-5385-b876-7bc6e1cb26b3,46,NYAMIRA,f41fafe7-1f4c-580c-9698-92363e7637fc,270,KITUTU MASABA,e1b8c9ee-5825-50e4-987b-81ff13932ccc,1348,KEMERA,91373086-3750-55e9-bbc1-5bb74c04b6c7,51,MOITUNYA S.D.A PRIMARY SCHOOL.
36392431-d554-5385-b876-7bc6e1cb26b3,46,NYAMIRA,f41fafe7-1f4c-580c-9698-92363e7637fc,270,KITUTU MASABA,e1b8c9ee-5825-50e4-987b-81ff13932ccc,1348,KEMERA,3f664552-c2ae-5e55-a892-7d28a319daf7,52,MOKWERERO D.E.B PRIMARY SCHOOL.
36392431-d554-5385-b876-7bc6e1cb26b3,46,NYAMIRA,f41fafe7-1f4c-580c-9698-92363e7637fc,270,KITUTU MASABA,e1b8c9ee-5825-50e4-987b-81ff13932ccc,1348,KEMERA,834c320e-6307-52d2-9528-a117cf837dc0,54,MOTEMBE DOK PRIMARY SCHOOL
36392431-d554-5385-b876-7bc6e1cb26b3,46,NYAMIRA,f41fafe7-1f4c-580c-9698-92363e7637fc,270,KITUTU MASABA,e1b8c9ee-5825-50e4-987b-81ff13932ccc,1348,KEMERA,f2797c59-2ba8-5dd5-9297-9795d1251a4f,55,RIOMORO DOK PRIMARY SCHOOL
36392431-d554-5385-b876-7bc6e1cb26b3,46,NYAMIRA,f41fafe7-1f4c-580c-9698-92363e7637fc,270,KITUTU MASABA,e1b8c9ee-5825-50e4-987b-81ff13932ccc,1348,KEMERA,c124d476-aea3-5a89-aac2-8973bd09e5e9,56,NYANGENA D.O.K. PRIMARY SCHOOL
36392431-d554-5385-b876-7bc6e1cb26b3,46,NYAMIRA,f41fafe7-1f4c-580c-9698-92363e7637fc,270,KITUTU MASABA,e1b8c9ee-5825-50e4-987b-81ff13932ccc,1348,KEMERA,32a28bb1-46a8-5eff-be86-6190c75b8156,57,AMAIGA TEA BUYING CENTRE
36392431-d554-5385-b876-7bc6e1cb26b3,46,NYAMIRA,f41fafe7-1f4c-580c-9698-92363e7637fc,270,KITUTU MASABA,e1b8c9ee-5825-50e4-987b-81ff13932ccc,1348,KEMERA,0758930d-d61b-56d0-90ea-162a5b019d0d,58,ENTANDA D.E.B PRIMARY SCHOOL.
36392431-d554-5385-b876-7bc6e1cb26b3,46,NYAMIRA,f41fafe7-1f4c-580c-9698-92363e7637fc,270,KITUTU MASABA,e1b8c9ee-5825-50e4-987b-81ff13932ccc,1348,KEMERA,deb11d30-7b78-5d26-b5a2-77761d4aee88,114,KEBOGORA D.O.K PRIMARY SCHOOL
36392431-d554-5385-b876-7bc6e1cb26b3,46,NYAMIRA,f41fafe7-1f4c-580c-9698-92363e7637fc,270,KITUTU MASABA,1b66e767-47cf-54ee-a406-ab3f37462ca2,1349,MAGOMBO,8fb85f1a-8107-5cf6-a6df-1b5633f4d719,59,RIONG'UTI D.O.K PRIMARY SCHOOL.
36392431-d554-5385-b876-7bc6e1cb26b3,46,NYAMIRA,f41fafe7-1f4c-580c-9698-92363e7637fc,270,KITUTU MASABA,1b66e767-47cf-54ee-a406-ab3f37462ca2,1349,MAGOMBO,ce6a9ee1-57b0-589b-9430-58088b39ed2f,60,SIRATE D.O.K PRIMARY SCHOOL.
36392431-d554-5385-b876-7bc6e1cb26b3,46,NYAMIRA,f41fafe7-1f4c-580c-9698-92363e7637fc,270,KITUTU MASABA,1b66e767-47cf-54ee-a406-ab3f37462ca2,1349,MAGOMBO,063d8027-71c2-5037-a318-270ae15cbbef,61,NYAMWANGA D.O.K PRIMARY SCHOOL.
36392431-d554-5385-b876-7bc6e1cb26b3,46,NYAMIRA,f41fafe7-1f4c-580c-9698-92363e7637fc,270,KITUTU MASABA,1b66e767-47cf-54ee-a406-ab3f37462ca2,1349,MAGOMBO,e176462a-6f67-50c9-a5f1-550883ca0b2d,62,RIOGORO P.A.G PRIMARY SCHOOL.
36392431-d554-5385-b876-7bc6e1cb26b3,46,NYAMIRA,f41fafe7-1f4c-580c-9698-92363e7637fc,270,KITUTU MASABA,1b66e767-47cf-54ee-a406-ab3f37462ca2,1349,MAGOMBO,bb45b90b-df2f-55e8-82f9-053102e3e2af,63,BOGWENDO P.A.G PRIMARY SCHOOL.
36392431-d554-5385-b876-7bc6e1cb26b3,46,NYAMIRA,f41fafe7-1f4c-580c-9698-92363e7637fc,270,KITUTU MASABA,1b66e767-47cf-54ee-a406-ab3f37462ca2,1349,MAGOMBO,b7028e66-65d4-5552-b1ef-a899cb4506c6,64,NYAMBOGO S.D.A PRIMARYSCHOOL
36392431-d554-5385-b876-7bc6e1cb26b3,46,NYAMIRA,f41fafe7-1f4c-580c-9698-92363e7637fc,270,KITUTU MASABA,1b66e767-47cf-54ee-a406-ab3f37462ca2,1349,MAGOMBO,fe9f42da-064f-55d9-9196-7a99ceec8f25,65,NYAMBARIA D.E.B PRIMARY SCHOOL.
36392431-d554-5385-b876-7bc6e1cb26b3,46,NYAMIRA,f41fafe7-1f4c-580c-9698-92363e7637fc,270,KITUTU MASABA,1b66e767-47cf-54ee-a406-ab3f37462ca2,1349,MAGOMBO,3737ade0-e086-5177-a405-9fa4b28727a3,66,RIARANGA D.O.K PRIMARY SCHOOL.
36392431-d554-5385-b876-7bc6e1cb26b3,46,NYAMIRA,f41fafe7-1f4c-580c-9698-92363e7637fc,270,KITUTU MASABA,1b66e767-47cf-54ee-a406-ab3f37462ca2,1349,MAGOMBO,4e8ff72e-3bc6-5d86-ab2f-cca253c3e3e5,67,RIAMACHANA D.E.B PRIMARY SCHOOL.
36392431-d554-5385-b876-7bc6e1cb26b3,46,NYAMIRA,f41fafe7-1f4c-580c-9698-92363e7637fc,270,KITUTU MASABA,1b66e767-47cf-54ee-a406-ab3f37462ca2,1349,MAGOMBO,1963c971-4641-5440-9ab5-36a008273822,68,KENYERERE P.A.G PRIMARY SCHOOL.
36392431-d554-5385-b876-7bc6e1cb26b3,46,NYAMIRA,f41fafe7-1f4c-580c-9698-92363e7637fc,270,KITUTU MASABA,1b66e767-47cf-54ee-a406-ab3f37462ca2,1349,MAGOMBO,2cf78587-5e7b-5825-8d1b-7f275fa19fe6,69,NYAMANAGU TEA BUYING CENTRE
36392431-d554-5385-b876-7bc6e1cb26b3,46,NYAMIRA,f41fafe7-1f4c-580c-9698-92363e7637fc,270,KITUTU MASABA,1b66e767-47cf-54ee-a406-ab3f37462ca2,1349,MAGOMBO,4527cc6e-90cc-55ff-a441-a0e5801a5a7e,70,SIRATE TEA BUYING CENTRE (TOMBE)
36392431-d554-5385-b876-7bc6e1cb26b3,46,NYAMIRA,f41fafe7-1f4c-580c-9698-92363e7637fc,270,KITUTU MASABA,1b66e767-47cf-54ee-a406-ab3f37462ca2,1349,MAGOMBO,2d62daf8-20a6-5826-95a2-78cd5cdc16f8,71,KENYAMWARE D.E.B PRIMARY SCHOOL
36392431-d554-5385-b876-7bc6e1cb26b3,46,NYAMIRA,f41fafe7-1f4c-580c-9698-92363e7637fc,270,KITUTU MASABA,1b66e767-47cf-54ee-a406-ab3f37462ca2,1349,MAGOMBO,f97fe7be-d50e-57b3-bf18-026ef3e64409,72,GEKANO D.O.K PRIMARY SCHOOL.
36392431-d554-5385-b876-7bc6e1cb26b3,46,NYAMIRA,f41fafe7-1f4c-580c-9698-92363e7637fc,270,KITUTU MASABA,1b66e767-47cf-54ee-a406-ab3f37462ca2,1349,MAGOMBO,20951a1d-bb57-57c8-8503-c6ece99ee3aa,73,RIEGECHURE D.E.B PRIMARY SCHOOL.
36392431-d554-5385-b876-7bc6e1cb26b3,46,NYAMIRA,f41fafe7-1f4c-580c-9698-92363e7637fc,270,KITUTU MASABA,1b66e767-47cf-54ee-a406-ab3f37462ca2,1349,MAGOMBO,d213fae6-fd08-5153-8ec1-9231268a66cb,74,NYAGUKU D.O.K PRIMARY SCHOOL.
36392431-d554-5385-b876-7bc6e1cb26b3,46,NYAMIRA,f41fafe7-1f4c-580c-9698-92363e7637fc,270,KITUTU MASABA,1b66e767-47cf-54ee-a406-ab3f37462ca2,1349,MAGOMBO,8d87da38-7f6f-582f-a160-d3a320f44583,115,CHITAGO TEA BUYING CENTRE
36392431-d554-5385-b876-7bc6e1cb26b3,46,NYAMIRA,f41fafe7-1f4c-580c-9698-92363e7637fc,270,KITUTU MASABA,1b66e767-47cf-54ee-a406-ab3f37462ca2,1349,MAGOMBO,95f35a6f-2678-527c-8c42-234443371889,116,KIAMARITA TEA BUYING CENTRE
36392431-d554-5385-b876-7bc6e1cb26b3,46,NYAMIRA,f41fafe7-1f4c-580c-9698-92363e7637fc,270,KITUTU MASABA,46604c15-9b29-5c31-9281-00ccdc664605,1350,MANGA,e14edb1b-1c46-5a83-9264-601cc77544e5,53,IRIANYI TEA BUYING CENTRE
36392431-d554-5385-b876-7bc6e1cb26b3,46,NYAMIRA,f41fafe7-1f4c-580c-9698-92363e7637fc,270,KITUTU MASABA,46604c15-9b29-5c31-9281-00ccdc664605,1350,MANGA,bbed5043-971b-5155-a9d1-b600b73aca32,75,GESURE E.L.C.K PRIMARY SCHOOL.
36392431-d554-5385-b876-7bc6e1cb26b3,46,NYAMIRA,f41fafe7-1f4c-580c-9698-92363e7637fc,270,KITUTU MASABA,46604c15-9b29-5c31-9281-00ccdc664605,1350,MANGA,1a903993-f101-539d-84a6-69e15d91b3ec,76,NYAKONGO D.O.K PRIMARY. SCHOOL.
36392431-d554-5385-b876-7bc6e1cb26b3,46,NYAMIRA,f41fafe7-1f4c-580c-9698-92363e7637fc,270,KITUTU MASABA,46604c15-9b29-5c31-9281-00ccdc664605,1350,MANGA,82e9a660-8124-546d-81b3-53d143ae4d9f,77,OGANGO D.E.B PRIMARY SCHOOL.
36392431-d554-5385-b876-7bc6e1cb26b3,46,NYAMIRA,f41fafe7-1f4c-580c-9698-92363e7637fc,270,KITUTU MASABA,46604c15-9b29-5c31-9281-00ccdc664605,1350,MANGA,39249017-0f90-5af2-9082-8423373e3548,78,MORAKO D.E.B PRIMARY SCHOOL.
36392431-d554-5385-b876-7bc6e1cb26b3,46,NYAMIRA,f41fafe7-1f4c-580c-9698-92363e7637fc,270,KITUTU MASABA,46604c15-9b29-5c31-9281-00ccdc664605,1350,MANGA,a9eaefa9-b85a-51ab-9f5f-1ae006c73486,79,KIOGUTWA S.D.A PRIMARY SCHOOL.
36392431-d554-5385-b876-7bc6e1cb26b3,46,NYAMIRA,f41fafe7-1f4c-580c-9698-92363e7637fc,270,KITUTU MASABA,46604c15-9b29-5c31-9281-00ccdc664605,1350,MANGA,e79fde82-5deb-5fee-8993-3fc33a1393de,80,TOMBE S.D.A PRIMARY SCHOOL
36392431-d554-5385-b876-7bc6e1cb26b3,46,NYAMIRA,f41fafe7-1f4c-580c-9698-92363e7637fc,270,KITUTU MASABA,46604c15-9b29-5c31-9281-00ccdc664605,1350,MANGA,3a0a8ce2-f4b0-56ec-b93a-efa0c037363e,81,IKOBE D.E.B PRIMARY SCHOOL.
36392431-d554-5385-b876-7bc6e1cb26b3,46,NYAMIRA,f41fafe7-1f4c-580c-9698-92363e7637fc,270,KITUTU MASABA,46604c15-9b29-5c31-9281-00ccdc664605,1350,MANGA,0346ceab-b0ee-54a7-9178-859569fc831b,82,SENGERA D.E.B PRIMARY SCHOOL.
36392431-d554-5385-b876-7bc6e1cb26b3,46,NYAMIRA,f41fafe7-1f4c-580c-9698-92363e7637fc,270,KITUTU MASABA,46604c15-9b29-5c31-9281-00ccdc664605,1350,MANGA,a9fe2170-4aa0-557b-b455-ff6281aea260,83,NYAISA S.D.A PRIMARY SCHOOL.
36392431-d554-5385-b876-7bc6e1cb26b3,46,NYAMIRA,f41fafe7-1f4c-580c-9698-92363e7637fc,270,KITUTU MASABA,46604c15-9b29-5c31-9281-00ccdc664605,1350,MANGA,c83e32ec-651e-51c3-bb2a-ebd934c9a84a,84,NYAMARE S.D.A PRIMARY SCHOOL.
36392431-d554-5385-b876-7bc6e1cb26b3,46,NYAMIRA,f41fafe7-1f4c-580c-9698-92363e7637fc,270,KITUTU MASABA,46604c15-9b29-5c31-9281-00ccdc664605,1350,MANGA,2faf1e8f-c72a-5465-af64-795ace808488,85,IRINGA TEA BUYING CENTRE
36392431-d554-5385-b876-7bc6e1cb26b3,46,NYAMIRA,f41fafe7-1f4c-580c-9698-92363e7637fc,270,KITUTU MASABA,46604c15-9b29-5c31-9281-00ccdc664605,1350,MANGA,7de5630c-7d1b-5bb3-b1bd-dcf4f3ff10a3,86,NYABIOTO TEA BUYING CENTRE
36392431-d554-5385-b876-7bc6e1cb26b3,46,NYAMIRA,f41fafe7-1f4c-580c-9698-92363e7637fc,270,KITUTU MASABA,46604c15-9b29-5c31-9281-00ccdc664605,1350,MANGA,7ad48e43-0c52-599b-828e-d554cd414486,87,MANGA TEA COLLECTION CENTRE
36392431-d554-5385-b876-7bc6e1cb26b3,46,NYAMIRA,f41fafe7-1f4c-580c-9698-92363e7637fc,270,KITUTU MASABA,46604c15-9b29-5c31-9281-00ccdc664605,1350,MANGA,41d10a3e-d9a4-571c-8d76-252ac6ecd3b9,88,NYAMACHE MANGE S.D.A PRIMARY SCHOOL
36392431-d554-5385-b876-7bc6e1cb26b3,46,NYAMIRA,f41fafe7-1f4c-580c-9698-92363e7637fc,270,KITUTU MASABA,46604c15-9b29-5c31-9281-00ccdc664605,1350,MANGA,9035c576-7ec4-550e-bfae-669facb6c6c0,89,GESONSO COFFEE FACTORY
36392431-d554-5385-b876-7bc6e1cb26b3,46,NYAMIRA,f41fafe7-1f4c-580c-9698-92363e7637fc,270,KITUTU MASABA,46604c15-9b29-5c31-9281-00ccdc664605,1350,MANGA,9c8aec99-21f8-56ec-abd6-8237905de6ca,90,NYAIKURO D.E.B PRIMARY SCHOOL.
36392431-d554-5385-b876-7bc6e1cb26b3,46,NYAMIRA,f41fafe7-1f4c-580c-9698-92363e7637fc,270,KITUTU MASABA,81bdc4fe-d2c6-57be-ac56-3014c4a0ebe4,1351,GESIMA,fa8b9d6c-5157-5b89-94b0-e244ad4b882b,91,GESIMA PRIMARY SCHOOL
36392431-d554-5385-b876-7bc6e1cb26b3,46,NYAMIRA,f41fafe7-1f4c-580c-9698-92363e7637fc,270,KITUTU MASABA,81bdc4fe-d2c6-57be-ac56-3014c4a0ebe4,1351,GESIMA,67036dd8-9d93-5ba7-b6b2-ddff2bf9fbfd,92,RIAMONI D.E.B PRIMARY SCHOOL
36392431-d554-5385-b876-7bc6e1cb26b3,46,NYAMIRA,f41fafe7-1f4c-580c-9698-92363e7637fc,270,KITUTU MASABA,81bdc4fe-d2c6-57be-ac56-3014c4a0ebe4,1351,GESIMA,e042404c-c798-5631-b33b-459c839af7bf,93,RITIBO D.E.B PRIMARY SCHOOL
36392431-d554-5385-b876-7bc6e1cb26b3,46,NYAMIRA,f41fafe7-1f4c-580c-9698-92363e7637fc,270,KITUTU MASABA,81bdc4fe-d2c6-57be-ac56-3014c4a0ebe4,1351,GESIMA,d359ad1d-c15e-512b-aee7-bfdb5acc320a,94,NYATIENO D.E.B PRIMARY SCHOOL
36392431-d554-5385-b876-7bc6e1cb26b3,46,NYAMIRA,f41fafe7-1f4c-580c-9698-92363e7637fc,270,KITUTU MASABA,81bdc4fe-d2c6-57be-ac56-3014c4a0ebe4,1351,GESIMA,0c62ff89-6996-5308-936f-6f210c4682d4,95,NYAMAKOROTO D.O.K PRIMARY SCHOOL
36392431-d554-5385-b876-7bc6e1cb26b3,46,NYAMIRA,f41fafe7-1f4c-580c-9698-92363e7637fc,270,KITUTU MASABA,81bdc4fe-d2c6-57be-ac56-3014c4a0ebe4,1351,GESIMA,d12a9c15-a2c1-5bc3-8198-537a8b937592,96,IRANYA P.A.G PRIMARY SCHOOL
36392431-d554-5385-b876-7bc6e1cb26b3,46,NYAMIRA,f41fafe7-1f4c-580c-9698-92363e7637fc,270,KITUTU MASABA,81bdc4fe-d2c6-57be-ac56-3014c4a0ebe4,1351,GESIMA,fa089f5d-cf8b-5206-a76e-c21ce67d9789,97,MOSOBETI D.O.K PRIMARY SCHOOL.
36392431-d554-5385-b876-7bc6e1cb26b3,46,NYAMIRA,f41fafe7-1f4c-580c-9698-92363e7637fc,270,KITUTU MASABA,81bdc4fe-d2c6-57be-ac56-3014c4a0ebe4,1351,GESIMA,8d505c36-ae2e-539b-9c8b-81d9ba93b8d2,98,ESANI D.E.B PRIMARY SCHOOL.
36392431-d554-5385-b876-7bc6e1cb26b3,46,NYAMIRA,f41fafe7-1f4c-580c-9698-92363e7637fc,270,KITUTU MASABA,81bdc4fe-d2c6-57be-ac56-3014c4a0ebe4,1351,GESIMA,7e3afcef-479f-5475-b36c-5ba96703e5c1,99,MOCHENWA D.E.B PRIMARY SCHOOL.
36392431-d554-5385-b876-7bc6e1cb26b3,46,NYAMIRA,f41fafe7-1f4c-580c-9698-92363e7637fc,270,KITUTU MASABA,81bdc4fe-d2c6-57be-ac56-3014c4a0ebe4,1351,GESIMA,8027025b-0a0b-53ec-b917-b7a2f73cfe6b,100,KARANTINI S.D.A PRIMARY SCHOOL
36392431-d554-5385-b876-7bc6e1cb26b3,46,NYAMIRA,f41fafe7-1f4c-580c-9698-92363e7637fc,270,KITUTU MASABA,81bdc4fe-d2c6-57be-ac56-3014c4a0ebe4,1351,GESIMA,a404e72d-5567-56c5-a12e-ee703b628db2,101,MACHURURIATI PRIMARY SCHOOL.
36392431-d554-5385-b876-7bc6e1cb26b3,46,NYAMIRA,f41fafe7-1f4c-580c-9698-92363e7637fc,270,KITUTU MASABA,81bdc4fe-d2c6-57be-ac56-3014c4a0ebe4,1351,GESIMA,4a2bcf36-4080-5d93-a2b1-d09cf69fd477,102,RISA D.E.B PRIMARY SCHOOL.
36392431-d554-5385-b876-7bc6e1cb26b3,46,NYAMIRA,f41fafe7-1f4c-580c-9698-92363e7637fc,270,KITUTU MASABA,81bdc4fe-d2c6-57be-ac56-3014c4a0ebe4,1351,GESIMA,9082a1df-f73c-544a-b2f7-3ed1aecb5611,103,MATONGO TEA BUYING CENTRE
36392431-d554-5385-b876-7bc6e1cb26b3,46,NYAMIRA,f41fafe7-1f4c-580c-9698-92363e7637fc,270,KITUTU MASABA,81bdc4fe-d2c6-57be-ac56-3014c4a0ebe4,1351,GESIMA,fdb86cec-9db5-5de9-a27d-a83a5d6d9039,104,NYABIOSI (K) D.O.K PRIMARY SCHOOL
36392431-d554-5385-b876-7bc6e1cb26b3,46,NYAMIRA,f41fafe7-1f4c-580c-9698-92363e7637fc,270,KITUTU MASABA,81bdc4fe-d2c6-57be-ac56-3014c4a0ebe4,1351,GESIMA,843d1f27-6d43-5353-aadb-26d9ffc7341c,105,RIAKWORO S.D.A PRIMARY SCHOOL.
36392431-d554-5385-b876-7bc6e1cb26b3,46,NYAMIRA,f41fafe7-1f4c-580c-9698-92363e7637fc,270,KITUTU MASABA,81bdc4fe-d2c6-57be-ac56-3014c4a0ebe4,1351,GESIMA,50596a70-f144-5c3d-9e3b-dd7d14695107,106,NYAKONGO D.E.B PRIMARY SCHOOL
36392431-d554-5385-b876-7bc6e1cb26b3,46,NYAMIRA,f41fafe7-1f4c-580c-9698-92363e7637fc,270,KITUTU MASABA,81bdc4fe-d2c6-57be-ac56-3014c4a0ebe4,1351,GESIMA,e13a0821-af13-5ce9-b764-9b0da0897270,107,NYABUYA D.E.B PRIMARY SCHOOL
36392431-d554-5385-b876-7bc6e1cb26b3,46,NYAMIRA,f41fafe7-1f4c-580c-9698-92363e7637fc,270,KITUTU MASABA,81bdc4fe-d2c6-57be-ac56-3014c4a0ebe4,1351,GESIMA,0ea535d2-f026-56e2-9868-495a79cdf326,108,SUNGUTUTA PRIMARY SCHOOL
36392431-d554-5385-b876-7bc6e1cb26b3,46,NYAMIRA,f41fafe7-1f4c-580c-9698-92363e7637fc,270,KITUTU MASABA,81bdc4fe-d2c6-57be-ac56-3014c4a0ebe4,1351,GESIMA,a2d14ff4-74ce-55c7-b6b0-d69b8348bf9d,109,ENCHORO PRIMARY SCHOOL
36392431-d554-5385-b876-7bc6e1cb26b3,46,NYAMIRA,f41fafe7-1f4c-580c-9698-92363e7637fc,270,KITUTU MASABA,81bdc4fe-d2c6-57be-ac56-3014c4a0ebe4,1351,GESIMA,f4a41a4f-c4b3-5f20-a4ad-29d09b7b2d89,110,MATUTU P.A.G PRIMARY SCHOOL
36392431-d554-5385-b876-7bc6e1cb26b3,46,NYAMIRA,f41fafe7-1f4c-580c-9698-92363e7637fc,270,KITUTU MASABA,81bdc4fe-d2c6-57be-ac56-3014c4a0ebe4,1351,GESIMA,0b1e7a0f-1893-525a-a9ce-3144a8cb5880,111,NYABOGOYE D.O.K. PRIMARY SCHOOL
36392431-d554-5385-b876-7bc6e1cb26b3,46,NYAMIRA,f41fafe7-1f4c-580c-9698-92363e7637fc,270,KITUTU MASABA,81bdc4fe-d2c6-57be-ac56-3014c4a0ebe4,1351,GESIMA,215d01e6-71b3-5f2d-a63f-a1557fe864e3,117,KEBUKO D.O.K PRIMARY SCHOOL
36392431-d554-5385-b876-7bc6e1cb26b3,46,NYAMIRA,cb3b34d8-9e75-5f38-930f-230bd4149f82,271,WEST MUGIRANGO,0a577f5b-d3c2-5672-a28e-588af80cca3c,1352,NYAMAIYA,6aba18e3-56ac-5562-904a-675c7975e39c,1,TONGA DEB PRI SCH
36392431-d554-5385-b876-7bc6e1cb26b3,46,NYAMIRA,cb3b34d8-9e75-5f38-930f-230bd4149f82,271,WEST MUGIRANGO,0a577f5b-d3c2-5672-a28e-588af80cca3c,1352,NYAMAIYA,8dcf6312-838a-5ef5-bc0b-f01bedf46a13,2,MATIERIO DEB PRI SCH
36392431-d554-5385-b876-7bc6e1cb26b3,46,NYAMIRA,cb3b34d8-9e75-5f38-930f-230bd4149f82,271,WEST MUGIRANGO,0a577f5b-d3c2-5672-a28e-588af80cca3c,1352,NYAMAIYA,fd82ec81-5e95-51e8-8a23-9edddbdabfab,3,GEKOMONI DEB PRI SCH
36392431-d554-5385-b876-7bc6e1cb26b3,46,NYAMIRA,cb3b34d8-9e75-5f38-930f-230bd4149f82,271,WEST MUGIRANGO,0a577f5b-d3c2-5672-a28e-588af80cca3c,1352,NYAMAIYA,a663b366-b25f-596e-ad61-4e20e60242a0,4,MARARA SDA PRI SCH
36392431-d554-5385-b876-7bc6e1cb26b3,46,NYAMIRA,cb3b34d8-9e75-5f38-930f-230bd4149f82,271,WEST MUGIRANGO,0a577f5b-d3c2-5672-a28e-588af80cca3c,1352,NYAMAIYA,f125fe31-9e5a-5216-a761-3fd4a908b960,5,GETAARI DEB PRI SCH
36392431-d554-5385-b876-7bc6e1cb26b3,46,NYAMIRA,cb3b34d8-9e75-5f38-930f-230bd4149f82,271,WEST MUGIRANGO,0a577f5b-d3c2-5672-a28e-588af80cca3c,1352,NYAMAIYA,eb59a78b-77b8-55a0-8e46-4d385ce3ba24,6,RANGENYO DOK PRI SCH
36392431-d554-5385-b876-7bc6e1cb26b3,46,NYAMIRA,cb3b34d8-9e75-5f38-930f-230bd4149f82,271,WEST MUGIRANGO,0a577f5b-d3c2-5672-a28e-588af80cca3c,1352,NYAMAIYA,0ab6b2e3-f3b4-5e5d-bb40-5585eae4fbae,7,BONDEKA ELCK PRI SCH
36392431-d554-5385-b876-7bc6e1cb26b3,46,NYAMIRA,cb3b34d8-9e75-5f38-930f-230bd4149f82,271,WEST MUGIRANGO,0a577f5b-d3c2-5672-a28e-588af80cca3c,1352,NYAMAIYA,6a0f8235-05de-5f43-8ba5-1dba5b58315c,8,EGESIERI DOK PRI SCH
36392431-d554-5385-b876-7bc6e1cb26b3,46,NYAMIRA,cb3b34d8-9e75-5f38-930f-230bd4149f82,271,WEST MUGIRANGO,0a577f5b-d3c2-5672-a28e-588af80cca3c,1352,NYAMAIYA,e1672eed-4a15-56e7-97fa-8b98a1b80c3e,9,KEMASARE DOK PRI SCH
36392431-d554-5385-b876-7bc6e1cb26b3,46,NYAMIRA,cb3b34d8-9e75-5f38-930f-230bd4149f82,271,WEST MUGIRANGO,0a577f5b-d3c2-5672-a28e-588af80cca3c,1352,NYAMAIYA,21782ba2-0bc9-5bcd-8ff1-ef52a022cfac,10,OMOKONGE DEB PRI SCH
36392431-d554-5385-b876-7bc6e1cb26b3,46,NYAMIRA,cb3b34d8-9e75-5f38-930f-230bd4149f82,271,WEST MUGIRANGO,0a577f5b-d3c2-5672-a28e-588af80cca3c,1352,NYAMAIYA,3249b3cc-e169-5dc1-9d9b-5b14617a0df6,11,RATANDI DEB PRI SCH
36392431-d554-5385-b876-7bc6e1cb26b3,46,NYAMIRA,cb3b34d8-9e75-5f38-930f-230bd4149f82,271,WEST MUGIRANGO,0a577f5b-d3c2-5672-a28e-588af80cca3c,1352,NYAMAIYA,6b840d42-bc86-563a-9520-65bbe4f4da83,12,MIRUKA MARKET
36392431-d554-5385-b876-7bc6e1cb26b3,46,NYAMIRA,cb3b34d8-9e75-5f38-930f-230bd4149f82,271,WEST MUGIRANGO,0a577f5b-d3c2-5672-a28e-588af80cca3c,1352,NYAMAIYA,8dc1c289-c9cb-5be4-b7e7-9e0d7cec4d1e,13,MASOSA AIC PRI SCH
36392431-d554-5385-b876-7bc6e1cb26b3,46,NYAMIRA,cb3b34d8-9e75-5f38-930f-230bd4149f82,271,WEST MUGIRANGO,0a577f5b-d3c2-5672-a28e-588af80cca3c,1352,NYAMAIYA,b5f10081-f7f1-5fa6-bd54-28ceadf5c3dc,14,BUGO DOK PRI SCH
36392431-d554-5385-b876-7bc6e1cb26b3,46,NYAMIRA,cb3b34d8-9e75-5f38-930f-230bd4149f82,271,WEST MUGIRANGO,0a577f5b-d3c2-5672-a28e-588af80cca3c,1352,NYAMAIYA,75b6e079-200a-52c8-ad12-a06af8b9a15e,15,BONYAIGUBA DOK PRI SCH
36392431-d554-5385-b876-7bc6e1cb26b3,46,NYAMIRA,cb3b34d8-9e75-5f38-930f-230bd4149f82,271,WEST MUGIRANGO,0a577f5b-d3c2-5672-a28e-588af80cca3c,1352,NYAMAIYA,2223cb42-c77d-5915-b68b-2b7d303ccde1,16,RATETI DOK PRI SCH
36392431-d554-5385-b876-7bc6e1cb26b3,46,NYAMIRA,cb3b34d8-9e75-5f38-930f-230bd4149f82,271,WEST MUGIRANGO,0a577f5b-d3c2-5672-a28e-588af80cca3c,1352,NYAMAIYA,3f8d5803-5db4-59ad-a3d5-0ee58fdd0b8a,17,NYAIGESA ELCK PRI SCH
36392431-d554-5385-b876-7bc6e1cb26b3,46,NYAMIRA,cb3b34d8-9e75-5f38-930f-230bd4149f82,271,WEST MUGIRANGO,0a577f5b-d3c2-5672-a28e-588af80cca3c,1352,NYAMAIYA,b2ca7383-c060-5506-a59a-f8cffba3aaef,18,MANG'ONG'O ELCK PRI SCH
36392431-d554-5385-b876-7bc6e1cb26b3,46,NYAMIRA,cb3b34d8-9e75-5f38-930f-230bd4149f82,271,WEST MUGIRANGO,0a577f5b-d3c2-5672-a28e-588af80cca3c,1352,NYAMAIYA,30cdd348-a9f3-5b93-b470-058c5f2a945b,85,NYASORE MARKET
36392431-d554-5385-b876-7bc6e1cb26b3,46,NYAMIRA,cb3b34d8-9e75-5f38-930f-230bd4149f82,271,WEST MUGIRANGO,007264f5-e366-5d26-974b-8dda313167d6,1353,BOGICHORA,807a6fb5-d5ce-544f-a66c-65bc98e7cb8b,19,BOSIANGO ELCK PRI SCH
36392431-d554-5385-b876-7bc6e1cb26b3,46,NYAMIRA,cb3b34d8-9e75-5f38-930f-230bd4149f82,271,WEST MUGIRANGO,007264f5-e366-5d26-974b-8dda313167d6,1353,BOGICHORA,11c1f381-cbce-578f-a31a-0b20347e7640,20,MAKAIRO DEB PRI SCH
36392431-d554-5385-b876-7bc6e1cb26b3,46,NYAMIRA,cb3b34d8-9e75-5f38-930f-230bd4149f82,271,WEST MUGIRANGO,007264f5-e366-5d26-974b-8dda313167d6,1353,BOGICHORA,44447b98-4fcc-5659-9c93-9330a42a257b,21,IBUCHA DEB PRI SCH
36392431-d554-5385-b876-7bc6e1cb26b3,46,NYAMIRA,cb3b34d8-9e75-5f38-930f-230bd4149f82,271,WEST MUGIRANGO,007264f5-e366-5d26-974b-8dda313167d6,1353,BOGICHORA,da0a5fdd-27fa-551a-b2f5-7f5604623e38,22,SIRONGA DEB PRI SCH
36392431-d554-5385-b876-7bc6e1cb26b3,46,NYAMIRA,cb3b34d8-9e75-5f38-930f-230bd4149f82,271,WEST MUGIRANGO,007264f5-e366-5d26-974b-8dda313167d6,1353,BOGICHORA,1e1a5a94-a1bf-598e-b7f9-0ff78bbbd774,23,KENYAMBI DEB PRI SCH
36392431-d554-5385-b876-7bc6e1cb26b3,46,NYAMIRA,cb3b34d8-9e75-5f38-930f-230bd4149f82,271,WEST MUGIRANGO,007264f5-e366-5d26-974b-8dda313167d6,1353,BOGICHORA,973d97b4-9385-5bfb-9d2e-aa9ca75bfe0f,24,OTANYORE ELCK PRI SCH
36392431-d554-5385-b876-7bc6e1cb26b3,46,NYAMIRA,cb3b34d8-9e75-5f38-930f-230bd4149f82,271,WEST MUGIRANGO,007264f5-e366-5d26-974b-8dda313167d6,1353,BOGICHORA,eda7eef3-9874-54fe-8a1d-9250f65c2500,25,ETONO DOK PRI SCH
36392431-d554-5385-b876-7bc6e1cb26b3,46,NYAMIRA,cb3b34d8-9e75-5f38-930f-230bd4149f82,271,WEST MUGIRANGO,007264f5-e366-5d26-974b-8dda313167d6,1353,BOGICHORA,58d17881-a262-50c2-aed4-6297ec5cf765,26,NYAMOTENTEMI DOK PRI SCH
36392431-d554-5385-b876-7bc6e1cb26b3,46,NYAMIRA,cb3b34d8-9e75-5f38-930f-230bd4149f82,271,WEST MUGIRANGO,007264f5-e366-5d26-974b-8dda313167d6,1353,BOGICHORA,75d0c3f6-1582-5d7e-b825-5a11268b89a0,27,GIANCHORE PAG PRI SCH
36392431-d554-5385-b876-7bc6e1cb26b3,46,NYAMIRA,cb3b34d8-9e75-5f38-930f-230bd4149f82,271,WEST MUGIRANGO,007264f5-e366-5d26-974b-8dda313167d6,1353,BOGICHORA,149fed86-07a1-5c0c-83da-6501ac8b80fd,28,NYAISA DOK PRI SCH
36392431-d554-5385-b876-7bc6e1cb26b3,46,NYAMIRA,cb3b34d8-9e75-5f38-930f-230bd4149f82,271,WEST MUGIRANGO,007264f5-e366-5d26-974b-8dda313167d6,1353,BOGICHORA,b5b811b8-c17d-546b-8f14-fc44ea9546aa,29,BOMORITO PAG PRI SCH
36392431-d554-5385-b876-7bc6e1cb26b3,46,NYAMIRA,cb3b34d8-9e75-5f38-930f-230bd4149f82,271,WEST MUGIRANGO,007264f5-e366-5d26-974b-8dda313167d6,1353,BOGICHORA,84f7fe54-967b-5a51-be6e-95f5ca44aedd,30,EMBONGA DOK PRI SCH
36392431-d554-5385-b876-7bc6e1cb26b3,46,NYAMIRA,cb3b34d8-9e75-5f38-930f-230bd4149f82,271,WEST MUGIRANGO,007264f5-e366-5d26-974b-8dda313167d6,1353,BOGICHORA,2156004b-a5d0-5575-b49a-e88049e6ec71,31,BONYUNYU SDA PRI SCH
36392431-d554-5385-b876-7bc6e1cb26b3,46,NYAMIRA,cb3b34d8-9e75-5f38-930f-230bd4149f82,271,WEST MUGIRANGO,007264f5-e366-5d26-974b-8dda313167d6,1353,BOGICHORA,7b71301b-275b-540a-85b5-f90855ba776c,32,NYAMERU DEB PRI SCH
36392431-d554-5385-b876-7bc6e1cb26b3,46,NYAMIRA,cb3b34d8-9e75-5f38-930f-230bd4149f82,271,WEST MUGIRANGO,007264f5-e366-5d26-974b-8dda313167d6,1353,BOGICHORA,b6de94b3-bddf-5beb-b675-f953b0020563,33,IKURUCHA DOK PRI SCH
36392431-d554-5385-b876-7bc6e1cb26b3,46,NYAMIRA,cb3b34d8-9e75-5f38-930f-230bd4149f82,271,WEST MUGIRANGO,007264f5-e366-5d26-974b-8dda313167d6,1353,BOGICHORA,24e7e60f-95ea-59aa-ac51-3966f33df89d,34,IKONGE DEB PRI SCH
36392431-d554-5385-b876-7bc6e1cb26b3,46,NYAMIRA,cb3b34d8-9e75-5f38-930f-230bd4149f82,271,WEST MUGIRANGO,007264f5-e366-5d26-974b-8dda313167d6,1353,BOGICHORA,18eba25e-bb58-58c0-9e2b-0cc33178a240,35,OMOSASA DEB PRI SCH
36392431-d554-5385-b876-7bc6e1cb26b3,46,NYAMIRA,cb3b34d8-9e75-5f38-930f-230bd4149f82,271,WEST MUGIRANGO,007264f5-e366-5d26-974b-8dda313167d6,1353,BOGICHORA,ad25bb35-fef0-5b05-86ab-c0e4e8aeef12,36,GETARE TBC (TEA BUYING CENTRE)
36392431-d554-5385-b876-7bc6e1cb26b3,46,NYAMIRA,cb3b34d8-9e75-5f38-930f-230bd4149f82,271,WEST MUGIRANGO,007264f5-e366-5d26-974b-8dda313167d6,1353,BOGICHORA,f6841ecc-700d-51ca-9e9b-98d69eacf009,37,GETA PAG PRI SCH
36392431-d554-5385-b876-7bc6e1cb26b3,46,NYAMIRA,cb3b34d8-9e75-5f38-930f-230bd4149f82,271,WEST MUGIRANGO,007264f5-e366-5d26-974b-8dda313167d6,1353,BOGICHORA,9b18fda1-ab89-542c-88e4-10acc50a88ac,38,MONGORISIA DOK PRI SCH
36392431-d554-5385-b876-7bc6e1cb26b3,46,NYAMIRA,cb3b34d8-9e75-5f38-930f-230bd4149f82,271,WEST MUGIRANGO,007264f5-e366-5d26-974b-8dda313167d6,1353,BOGICHORA,c808b85e-6986-569b-98d7-ae327a5b06c9,39,KIAMBERE DEB PRI SCH
36392431-d554-5385-b876-7bc6e1cb26b3,46,NYAMIRA,cb3b34d8-9e75-5f38-930f-230bd4149f82,271,WEST MUGIRANGO,007264f5-e366-5d26-974b-8dda313167d6,1353,BOGICHORA,84a757af-a228-50e3-8d73-d25273b2fef2,40,EKERAMA DEB PRI SCH
36392431-d554-5385-b876-7bc6e1cb26b3,46,NYAMIRA,cb3b34d8-9e75-5f38-930f-230bd4149f82,271,WEST MUGIRANGO,007264f5-e366-5d26-974b-8dda313167d6,1353,BOGICHORA,7ae5a95f-07bb-54e5-a3d8-0381f5a97aba,41,RAMBA ELCK PRI SCH
36392431-d554-5385-b876-7bc6e1cb26b3,46,NYAMIRA,cb3b34d8-9e75-5f38-930f-230bd4149f82,271,WEST MUGIRANGO,007264f5-e366-5d26-974b-8dda313167d6,1353,BOGICHORA,397619d8-a71b-5200-8dfe-43a0a311f3c6,42,MARINDI DEB PRI SCH
36392431-d554-5385-b876-7bc6e1cb26b3,46,NYAMIRA,cb3b34d8-9e75-5f38-930f-230bd4149f82,271,WEST MUGIRANGO,6ce688c8-3a18-5bfb-b5ac-e12e1d33ee04,1354,BOSAMARO,dd01eb99-0ee8-5f23-b71f-0c79ea24b4b2,43,NYANTARO DOK PRI SCH
36392431-d554-5385-b876-7bc6e1cb26b3,46,NYAMIRA,cb3b34d8-9e75-5f38-930f-230bd4149f82,271,WEST MUGIRANGO,6ce688c8-3a18-5bfb-b5ac-e12e1d33ee04,1354,BOSAMARO,e9ac0f57-7922-5959-8707-711ae79ae6f4,44,KIANYABAO DEB PRI SCH
36392431-d554-5385-b876-7bc6e1cb26b3,46,NYAMIRA,cb3b34d8-9e75-5f38-930f-230bd4149f82,271,WEST MUGIRANGO,6ce688c8-3a18-5bfb-b5ac-e12e1d33ee04,1354,BOSAMARO,f0f33ea1-9ead-56c8-beea-1540c2f0f5c8,45,KIANG'INDA DEB PRI SCH
36392431-d554-5385-b876-7bc6e1cb26b3,46,NYAMIRA,cb3b34d8-9e75-5f38-930f-230bd4149f82,271,WEST MUGIRANGO,6ce688c8-3a18-5bfb-b5ac-e12e1d33ee04,1354,BOSAMARO,a880f1d4-9d23-5123-bcae-9bec40673d6e,46,RIAMANDERE DEB PRI SCH
36392431-d554-5385-b876-7bc6e1cb26b3,46,NYAMIRA,cb3b34d8-9e75-5f38-930f-230bd4149f82,271,WEST MUGIRANGO,6ce688c8-3a18-5bfb-b5ac-e12e1d33ee04,1354,BOSAMARO,5e1a53fb-23cd-5bde-ac0d-f9c8c2eb94be,47,NYAKORIA DEB PRI SCH
36392431-d554-5385-b876-7bc6e1cb26b3,46,NYAMIRA,cb3b34d8-9e75-5f38-930f-230bd4149f82,271,WEST MUGIRANGO,6ce688c8-3a18-5bfb-b5ac-e12e1d33ee04,1354,BOSAMARO,eaba98a5-eb9d-54f1-aebf-06831e7e885d,48,NYACHOGOCHOGO DEB PRI SCH
36392431-d554-5385-b876-7bc6e1cb26b3,46,NYAMIRA,cb3b34d8-9e75-5f38-930f-230bd4149f82,271,WEST MUGIRANGO,6ce688c8-3a18-5bfb-b5ac-e12e1d33ee04,1354,BOSAMARO,2e19130e-2fb1-5dc4-b277-a44a5fe0f42d,49,GUCHA SDA PRI SCH
36392431-d554-5385-b876-7bc6e1cb26b3,46,NYAMIRA,cb3b34d8-9e75-5f38-930f-230bd4149f82,271,WEST MUGIRANGO,6ce688c8-3a18-5bfb-b5ac-e12e1d33ee04,1354,BOSAMARO,00b881f4-d2bb-51c8-a092-bcd04f49d3d3,50,MORUGA ELCK PRI SCH
36392431-d554-5385-b876-7bc6e1cb26b3,46,NYAMIRA,cb3b34d8-9e75-5f38-930f-230bd4149f82,271,WEST MUGIRANGO,6ce688c8-3a18-5bfb-b5ac-e12e1d33ee04,1354,BOSAMARO,9cc5c51e-4c2e-5e08-9a0d-9c12d65e75ff,51,KIANUNGU PAG PRI SCH
36392431-d554-5385-b876-7bc6e1cb26b3,46,NYAMIRA,cb3b34d8-9e75-5f38-930f-230bd4149f82,271,WEST MUGIRANGO,6ce688c8-3a18-5bfb-b5ac-e12e1d33ee04,1354,BOSAMARO,bac13771-d7a6-558f-8eb8-0680594ba564,52,TINGA DOK PRI SCH
36392431-d554-5385-b876-7bc6e1cb26b3,46,NYAMIRA,cb3b34d8-9e75-5f38-930f-230bd4149f82,271,WEST MUGIRANGO,6ce688c8-3a18-5bfb-b5ac-e12e1d33ee04,1354,BOSAMARO,933ec289-3828-57e9-b175-4d1198ffe099,53,GESIAGA DEB PRI SCH
36392431-d554-5385-b876-7bc6e1cb26b3,46,NYAMIRA,cb3b34d8-9e75-5f38-930f-230bd4149f82,271,WEST MUGIRANGO,6ce688c8-3a18-5bfb-b5ac-e12e1d33ee04,1354,BOSAMARO,263b23b0-345c-525d-9eaa-1b1dc850eb2e,54,KUURA DEB PRI SCH
36392431-d554-5385-b876-7bc6e1cb26b3,46,NYAMIRA,cb3b34d8-9e75-5f38-930f-230bd4149f82,271,WEST MUGIRANGO,6ce688c8-3a18-5bfb-b5ac-e12e1d33ee04,1354,BOSAMARO,c10cb597-6eab-5a61-b3a8-587a3d632823,55,GIRIGIRI DEB PRI SCH
36392431-d554-5385-b876-7bc6e1cb26b3,46,NYAMIRA,cb3b34d8-9e75-5f38-930f-230bd4149f82,271,WEST MUGIRANGO,6ce688c8-3a18-5bfb-b5ac-e12e1d33ee04,1354,BOSAMARO,741f617a-440a-5707-b636-b2ada19cc164,56,NYANGENA TBC (TEA BUYING CENTRE)
36392431-d554-5385-b876-7bc6e1cb26b3,46,NYAMIRA,cb3b34d8-9e75-5f38-930f-230bd4149f82,271,WEST MUGIRANGO,6ce688c8-3a18-5bfb-b5ac-e12e1d33ee04,1354,BOSAMARO,43a874a7-e78d-5583-896a-8827a94e5d6d,57,EKORO PAG PRI SCH
36392431-d554-5385-b876-7bc6e1cb26b3,46,NYAMIRA,cb3b34d8-9e75-5f38-930f-230bd4149f82,271,WEST MUGIRANGO,6ce688c8-3a18-5bfb-b5ac-e12e1d33ee04,1354,BOSAMARO,f0204fce-cafa-52c1-8ab5-09cf07ed0f77,58,RIAKIMAI DEB PRI SCH
36392431-d554-5385-b876-7bc6e1cb26b3,46,NYAMIRA,cb3b34d8-9e75-5f38-930f-230bd4149f82,271,WEST MUGIRANGO,6ce688c8-3a18-5bfb-b5ac-e12e1d33ee04,1354,BOSAMARO,3dd8a00b-f1d6-5f93-baa5-2f19a856708a,59,KEGOGI DEB PRI SCH
36392431-d554-5385-b876-7bc6e1cb26b3,46,NYAMIRA,cb3b34d8-9e75-5f38-930f-230bd4149f82,271,WEST MUGIRANGO,6ce688c8-3a18-5bfb-b5ac-e12e1d33ee04,1354,BOSAMARO,2543178f-2ed0-5b57-9a83-60b7e1ad1f1c,60,IGENAITAMBE DEB PRI SCH
36392431-d554-5385-b876-7bc6e1cb26b3,46,NYAMIRA,cb3b34d8-9e75-5f38-930f-230bd4149f82,271,WEST MUGIRANGO,6ce688c8-3a18-5bfb-b5ac-e12e1d33ee04,1354,BOSAMARO,cfd0ecf0-c77e-5db5-b5a2-bce308990f45,61,NYAGACHI DEB PRIMARY SCHOOL
36392431-d554-5385-b876-7bc6e1cb26b3,46,NYAMIRA,cb3b34d8-9e75-5f38-930f-230bd4149f82,271,WEST MUGIRANGO,6ce688c8-3a18-5bfb-b5ac-e12e1d33ee04,1354,BOSAMARO,23c9e34e-8e2f-5500-b91e-7f172a844a7f,62,MOTAGARA DEB PRIMARY SCHOOL
36392431-d554-5385-b876-7bc6e1cb26b3,46,NYAMIRA,cb3b34d8-9e75-5f38-930f-230bd4149f82,271,WEST MUGIRANGO,6ce688c8-3a18-5bfb-b5ac-e12e1d33ee04,1354,BOSAMARO,f480b52c-d4bc-508a-94f0-f089d84bff8a,63,ENCHORO DOK PRIMARY SCHOOL
36392431-d554-5385-b876-7bc6e1cb26b3,46,NYAMIRA,cb3b34d8-9e75-5f38-930f-230bd4149f82,271,WEST MUGIRANGO,6ce688c8-3a18-5bfb-b5ac-e12e1d33ee04,1354,BOSAMARO,789f57d2-9835-5648-9108-0688e0f18357,86,NYANTURAGO PRIMARY SCHOOL
36392431-d554-5385-b876-7bc6e1cb26b3,46,NYAMIRA,cb3b34d8-9e75-5f38-930f-230bd4149f82,271,WEST MUGIRANGO,6ce688c8-3a18-5bfb-b5ac-e12e1d33ee04,1354,BOSAMARO,c3eaf19b-2026-5aff-a760-7fb5b0d2aa6c,87,IKOBE TEA BUYING CENTRE
36392431-d554-5385-b876-7bc6e1cb26b3,46,NYAMIRA,cb3b34d8-9e75-5f38-930f-230bd4149f82,271,WEST MUGIRANGO,84b477b5-e53e-5731-9dc2-3d3014d30c39,1355,BONYAMATUTA,aea5a7b6-8f0d-56e8-856b-540a0de9768f,64,KEBIRIGO SDA PRI SCH
36392431-d554-5385-b876-7bc6e1cb26b3,46,NYAMIRA,cb3b34d8-9e75-5f38-930f-230bd4149f82,271,WEST MUGIRANGO,84b477b5-e53e-5731-9dc2-3d3014d30c39,1355,BONYAMATUTA,3025dec5-7538-56e2-bca5-8a6c223fcd0f,65,NYAKEORE DEB PRI SCH
36392431-d554-5385-b876-7bc6e1cb26b3,46,NYAMIRA,cb3b34d8-9e75-5f38-930f-230bd4149f82,271,WEST MUGIRANGO,84b477b5-e53e-5731-9dc2-3d3014d30c39,1355,BONYAMATUTA,21384cdd-ce7e-5f89-841e-b2b335224331,66,MOBAMBA DOK PRI SCH
36392431-d554-5385-b876-7bc6e1cb26b3,46,NYAMIRA,cb3b34d8-9e75-5f38-930f-230bd4149f82,271,WEST MUGIRANGO,84b477b5-e53e-5731-9dc2-3d3014d30c39,1355,BONYAMATUTA,0877bb44-93ad-5399-a8c7-e97cd9c83326,67,RIASINDANI DEB PRI SCH
36392431-d554-5385-b876-7bc6e1cb26b3,46,NYAMIRA,cb3b34d8-9e75-5f38-930f-230bd4149f82,271,WEST MUGIRANGO,84b477b5-e53e-5731-9dc2-3d3014d30c39,1355,BONYAMATUTA,0a876ab9-d5bb-5a92-ae01-d8122877aec5,68,KIANYABONGERE PAG PRI SCH
36392431-d554-5385-b876-7bc6e1cb26b3,46,NYAMIRA,cb3b34d8-9e75-5f38-930f-230bd4149f82,271,WEST MUGIRANGO,84b477b5-e53e-5731-9dc2-3d3014d30c39,1355,BONYAMATUTA,37b1228a-84d6-5799-89e5-9f86bbec9ae2,69,KABATIA DEB PRI SCH
36392431-d554-5385-b876-7bc6e1cb26b3,46,NYAMIRA,cb3b34d8-9e75-5f38-930f-230bd4149f82,271,WEST MUGIRANGO,84b477b5-e53e-5731-9dc2-3d3014d30c39,1355,BONYAMATUTA,09088ff6-4db9-527e-b2aa-9f1044f28ee6,70,NYAINOGU DEB PRI SCH
36392431-d554-5385-b876-7bc6e1cb26b3,46,NYAMIRA,cb3b34d8-9e75-5f38-930f-230bd4149f82,271,WEST MUGIRANGO,84b477b5-e53e-5731-9dc2-3d3014d30c39,1355,BONYAMATUTA,4a9ce4b0-8ee8-5005-aa2f-4005111b3aa7,71,RIRUMI SDA PRI SCH
36392431-d554-5385-b876-7bc6e1cb26b3,46,NYAMIRA,cb3b34d8-9e75-5f38-930f-230bd4149f82,271,WEST MUGIRANGO,84b477b5-e53e-5731-9dc2-3d3014d30c39,1355,BONYAMATUTA,ea4cc557-df7b-5a49-89d0-8060155eca1f,72,EKENYORO DEB PRI SCH
36392431-d554-5385-b876-7bc6e1cb26b3,46,NYAMIRA,cb3b34d8-9e75-5f38-930f-230bd4149f82,271,WEST MUGIRANGO,84b477b5-e53e-5731-9dc2-3d3014d30c39,1355,BONYAMATUTA,477dedcc-4a3c-5276-be93-84f0ecc8459b,73,KENYENYA SDA PRI SCH
36392431-d554-5385-b876-7bc6e1cb26b3,46,NYAMIRA,cb3b34d8-9e75-5f38-930f-230bd4149f82,271,WEST MUGIRANGO,84b477b5-e53e-5731-9dc2-3d3014d30c39,1355,BONYAMATUTA,fbb3de64-e6d9-5f4a-8b27-f1536df72232,74,NYAKEMINCHA D.O.K PRI. SCH.
36392431-d554-5385-b876-7bc6e1cb26b3,46,NYAMIRA,cb3b34d8-9e75-5f38-930f-230bd4149f82,271,WEST MUGIRANGO,84b477b5-e53e-5731-9dc2-3d3014d30c39,1355,BONYAMATUTA,ca8ef2a8-52b3-5b16-a4ea-101585946695,75,NYABISIMBA DEB PRI SCH
36392431-d554-5385-b876-7bc6e1cb26b3,46,NYAMIRA,cb3b34d8-9e75-5f38-930f-230bd4149f82,271,WEST MUGIRANGO,84b477b5-e53e-5731-9dc2-3d3014d30c39,1355,BONYAMATUTA,bcf8f507-843b-50aa-b7d7-a3347e28d2e2,76,NYAMWETUREKO DOK PRI SCH
36392431-d554-5385-b876-7bc6e1cb26b3,46,NYAMIRA,cb3b34d8-9e75-5f38-930f-230bd4149f82,271,WEST MUGIRANGO,84b477b5-e53e-5731-9dc2-3d3014d30c39,1355,BONYAMATUTA,39a5fa8e-0596-51b0-adf0-4937963c8086,77,BOSOSE ELCK PRI SCH
36392431-d554-5385-b876-7bc6e1cb26b3,46,NYAMIRA,cb3b34d8-9e75-5f38-930f-230bd4149f82,271,WEST MUGIRANGO,01c19ca9-776b-56d9-81fc-dcc604f5ab8c,1356,TOWNSHIP,b7e6fa8d-0ab2-516a-babc-5f391b34a152,78,BOMONDO C.O.G PRI SCH
36392431-d554-5385-b876-7bc6e1cb26b3,46,NYAMIRA,cb3b34d8-9e75-5f38-930f-230bd4149f82,271,WEST MUGIRANGO,01c19ca9-776b-56d9-81fc-dcc604f5ab8c,1356,TOWNSHIP,bbfc4b6b-2711-56fe-97a6-90ea6a17604d,79,NYAIRICHA DEB PRI SCH
36392431-d554-5385-b876-7bc6e1cb26b3,46,NYAMIRA,cb3b34d8-9e75-5f38-930f-230bd4149f82,271,WEST MUGIRANGO,01c19ca9-776b-56d9-81fc-dcc604f5ab8c,1356,TOWNSHIP,ba7c78bd-4c1d-56fe-a939-810e6e19c54c,80,GESORE PAG PRI SCH
36392431-d554-5385-b876-7bc6e1cb26b3,46,NYAMIRA,cb3b34d8-9e75-5f38-930f-230bd4149f82,271,WEST MUGIRANGO,01c19ca9-776b-56d9-81fc-dcc604f5ab8c,1356,TOWNSHIP,f7a8c1cf-93c0-55cf-93cf-767a2279f7d8,81,NYAMIRA DEB PRI SCH
36392431-d554-5385-b876-7bc6e1cb26b3,46,NYAMIRA,cb3b34d8-9e75-5f38-930f-230bd4149f82,271,WEST MUGIRANGO,01c19ca9-776b-56d9-81fc-dcc604f5ab8c,1356,TOWNSHIP,e2f039c3-7223-549e-9f25-718eec7629cd,82,TENTE COG PRI SCH
36392431-d554-5385-b876-7bc6e1cb26b3,46,NYAMIRA,cb3b34d8-9e75-5f38-930f-230bd4149f82,271,WEST MUGIRANGO,01c19ca9-776b-56d9-81fc-dcc604f5ab8c,1356,TOWNSHIP,a3d4ccf5-91e6-5937-9c75-771e743d2bdb,83,NYANGOSO DEB PRI SCH
36392431-d554-5385-b876-7bc6e1cb26b3,46,NYAMIRA,cb3b34d8-9e75-5f38-930f-230bd4149f82,271,WEST MUGIRANGO,01c19ca9-776b-56d9-81fc-dcc604f5ab8c,1356,TOWNSHIP,19ad84e4-4f66-5a59-9a63-a426a952dab6,84,BUNDO DOK PRI SCH
36392431-d554-5385-b876-7bc6e1cb26b3,46,NYAMIRA,e6621ff9-59d2-5160-b016-beb57ddf7e64,272,NORTH MUGIRANGO,58b00fb6-38a7-5c49-94d9-60b524c02bf4,1357,ITIBO,203e207c-66bb-5f78-80e4-65ed47fd567c,1,TOMBE PRIMARY SCHOOL
36392431-d554-5385-b876-7bc6e1cb26b3,46,NYAMIRA,e6621ff9-59d2-5160-b016-beb57ddf7e64,272,NORTH MUGIRANGO,58b00fb6-38a7-5c49-94d9-60b524c02bf4,1357,ITIBO,1117c38b-f3cc-5d9e-b3aa-3377169c1aba,2,ITERESI PRIMARY SCHOOL
36392431-d554-5385-b876-7bc6e1cb26b3,46,NYAMIRA,e6621ff9-59d2-5160-b016-beb57ddf7e64,272,NORTH MUGIRANGO,58b00fb6-38a7-5c49-94d9-60b524c02bf4,1357,ITIBO,6071f8e3-8c6c-5662-b165-2bef591b9989,3,NYAGOKIANI PRIMARY SCHOOL
36392431-d554-5385-b876-7bc6e1cb26b3,46,NYAMIRA,e6621ff9-59d2-5160-b016-beb57ddf7e64,272,NORTH MUGIRANGO,58b00fb6-38a7-5c49-94d9-60b524c02bf4,1357,ITIBO,80ef87c3-4d5d-531d-b0ad-46f77c7c74a0,4,CHAINA PRIMARY SCHOOL
36392431-d554-5385-b876-7bc6e1cb26b3,46,NYAMIRA,e6621ff9-59d2-5160-b016-beb57ddf7e64,272,NORTH MUGIRANGO,58b00fb6-38a7-5c49-94d9-60b524c02bf4,1357,ITIBO,c2d5de95-b027-5a34-af25-9c169b49df6b,5,NYAMAURO PRIMARY SCHOOL
36392431-d554-5385-b876-7bc6e1cb26b3,46,NYAMIRA,e6621ff9-59d2-5160-b016-beb57ddf7e64,272,NORTH MUGIRANGO,58b00fb6-38a7-5c49-94d9-60b524c02bf4,1357,ITIBO,ecd7b722-c82c-5617-90b0-a4f732f8cc0e,6,NYASIO PRIMARY SCHOOL
36392431-d554-5385-b876-7bc6e1cb26b3,46,NYAMIRA,e6621ff9-59d2-5160-b016-beb57ddf7e64,272,NORTH MUGIRANGO,58b00fb6-38a7-5c49-94d9-60b524c02bf4,1357,ITIBO,6585c5a1-3924-526f-8fd0-3a7ab0a755b2,7,OMOKIRONDO PRI. SCH
36392431-d554-5385-b876-7bc6e1cb26b3,46,NYAMIRA,e6621ff9-59d2-5160-b016-beb57ddf7e64,272,NORTH MUGIRANGO,58b00fb6-38a7-5c49-94d9-60b524c02bf4,1357,ITIBO,24a51460-7605-55e3-8242-ff7b603339b8,8,KIANGOMBE PRI. SCH
36392431-d554-5385-b876-7bc6e1cb26b3,46,NYAMIRA,e6621ff9-59d2-5160-b016-beb57ddf7e64,272,NORTH MUGIRANGO,58b00fb6-38a7-5c49-94d9-60b524c02bf4,1357,ITIBO,e467d7ca-b43c-50ec-acef-50fc07d788ca,9,MATIERIO PRI. SCH
36392431-d554-5385-b876-7bc6e1cb26b3,46,NYAMIRA,e6621ff9-59d2-5160-b016-beb57ddf7e64,272,NORTH MUGIRANGO,58b00fb6-38a7-5c49-94d9-60b524c02bf4,1357,ITIBO,62badc23-9a44-5313-8e2f-b0fb2ce36f3b,10,KEBABE PRI. SCH
36392431-d554-5385-b876-7bc6e1cb26b3,46,NYAMIRA,e6621ff9-59d2-5160-b016-beb57ddf7e64,272,NORTH MUGIRANGO,58b00fb6-38a7-5c49-94d9-60b524c02bf4,1357,ITIBO,a87004ab-211a-5b05-8a20-1c6bb2ad880b,11,NYAMWANCHANIA PRI. SCH
36392431-d554-5385-b876-7bc6e1cb26b3,46,NYAMIRA,e6621ff9-59d2-5160-b016-beb57ddf7e64,272,NORTH MUGIRANGO,58b00fb6-38a7-5c49-94d9-60b524c02bf4,1357,ITIBO,5d53ada2-4f42-5c4f-b85c-b7d3d96548fa,12,ENKINDA PRI. SCH
36392431-d554-5385-b876-7bc6e1cb26b3,46,NYAMIRA,e6621ff9-59d2-5160-b016-beb57ddf7e64,272,NORTH MUGIRANGO,58b00fb6-38a7-5c49-94d9-60b524c02bf4,1357,ITIBO,64ee9f20-b1e4-54bf-9758-4fde4e522eae,13,GETENGEREIRIE PRI. SCH
36392431-d554-5385-b876-7bc6e1cb26b3,46,NYAMIRA,e6621ff9-59d2-5160-b016-beb57ddf7e64,272,NORTH MUGIRANGO,58b00fb6-38a7-5c49-94d9-60b524c02bf4,1357,ITIBO,8e84ab5c-84de-553f-84ba-947b93234691,14,GETANGWA PRI. SCH
36392431-d554-5385-b876-7bc6e1cb26b3,46,NYAMIRA,e6621ff9-59d2-5160-b016-beb57ddf7e64,272,NORTH MUGIRANGO,58b00fb6-38a7-5c49-94d9-60b524c02bf4,1357,ITIBO,9281f8aa-d84a-5e73-b4ae-826b3780461a,15,KENYORO PRI. SCH
36392431-d554-5385-b876-7bc6e1cb26b3,46,NYAMIRA,e6621ff9-59d2-5160-b016-beb57ddf7e64,272,NORTH MUGIRANGO,58b00fb6-38a7-5c49-94d9-60b524c02bf4,1357,ITIBO,e1708dde-ed05-5ea1-a04a-ba428e75f815,16,EKERUBO PRI. SCH
36392431-d554-5385-b876-7bc6e1cb26b3,46,NYAMIRA,e6621ff9-59d2-5160-b016-beb57ddf7e64,272,NORTH MUGIRANGO,f140b527-ccd5-506d-b8ff-a45dea8fcd59,1358,BOMWAGAMO,5803c557-baa8-554d-933e-d368557170b3,17,MAGERI PRI. SCH
36392431-d554-5385-b876-7bc6e1cb26b3,46,NYAMIRA,e6621ff9-59d2-5160-b016-beb57ddf7e64,272,NORTH MUGIRANGO,f140b527-ccd5-506d-b8ff-a45dea8fcd59,1358,BOMWAGAMO,2992ffcd-1799-567a-aef4-e6b14fee0f54,18,MONGA PRI. SCH
36392431-d554-5385-b876-7bc6e1cb26b3,46,NYAMIRA,e6621ff9-59d2-5160-b016-beb57ddf7e64,272,NORTH MUGIRANGO,f140b527-ccd5-506d-b8ff-a45dea8fcd59,1358,BOMWAGAMO,dd29bee0-4201-53fc-a222-655418a93521,19,NYANCHOKA PRI. SCH
36392431-d554-5385-b876-7bc6e1cb26b3,46,NYAMIRA,e6621ff9-59d2-5160-b016-beb57ddf7e64,272,NORTH MUGIRANGO,f140b527-ccd5-506d-b8ff-a45dea8fcd59,1358,BOMWAGAMO,8bb666c7-7206-5311-93f9-bb73bd372634,20,ERONGE PRI. SCH
36392431-d554-5385-b876-7bc6e1cb26b3,46,NYAMIRA,e6621ff9-59d2-5160-b016-beb57ddf7e64,272,NORTH MUGIRANGO,f140b527-ccd5-506d-b8ff-a45dea8fcd59,1358,BOMWAGAMO,6cd2f079-4792-5971-bc59-5a3f27b548ec,21,KIABIRAA PRI. SCH
36392431-d554-5385-b876-7bc6e1cb26b3,46,NYAMIRA,e6621ff9-59d2-5160-b016-beb57ddf7e64,272,NORTH MUGIRANGO,f140b527-ccd5-506d-b8ff-a45dea8fcd59,1358,BOMWAGAMO,f073fbda-55ab-513f-9060-64b999822a41,22,ITIBO PRI. SCH
36392431-d554-5385-b876-7bc6e1cb26b3,46,NYAMIRA,e6621ff9-59d2-5160-b016-beb57ddf7e64,272,NORTH MUGIRANGO,f140b527-ccd5-506d-b8ff-a45dea8fcd59,1358,BOMWAGAMO,c7d1fa61-9edf-5ea7-9c41-eb0b8da9ee08,23,ETONO PRI. SCH
36392431-d554-5385-b876-7bc6e1cb26b3,46,NYAMIRA,e6621ff9-59d2-5160-b016-beb57ddf7e64,272,NORTH MUGIRANGO,f140b527-ccd5-506d-b8ff-a45dea8fcd59,1358,BOMWAGAMO,5b64d9ea-a3ea-54d8-9383-b6eaf700da26,24,KEBARIGA PRI. SCH
36392431-d554-5385-b876-7bc6e1cb26b3,46,NYAMIRA,e6621ff9-59d2-5160-b016-beb57ddf7e64,272,NORTH MUGIRANGO,f140b527-ccd5-506d-b8ff-a45dea8fcd59,1358,BOMWAGAMO,8b759fa5-9667-5e26-ab94-c8669d9fcd5c,25,NYAKENIMO PRI. SCH.
36392431-d554-5385-b876-7bc6e1cb26b3,46,NYAMIRA,e6621ff9-59d2-5160-b016-beb57ddf7e64,272,NORTH MUGIRANGO,f140b527-ccd5-506d-b8ff-a45dea8fcd59,1358,BOMWAGAMO,e4835fd4-9be8-57b7-aacc-fc858e66bf6f,26,KIOMACHINGI PRI. SCH
36392431-d554-5385-b876-7bc6e1cb26b3,46,NYAMIRA,e6621ff9-59d2-5160-b016-beb57ddf7e64,272,NORTH MUGIRANGO,f140b527-ccd5-506d-b8ff-a45dea8fcd59,1358,BOMWAGAMO,4f482067-3b95-5a5d-ad7f-e2cd057deae6,27,MONYARA PRI. SCH
36392431-d554-5385-b876-7bc6e1cb26b3,46,NYAMIRA,e6621ff9-59d2-5160-b016-beb57ddf7e64,272,NORTH MUGIRANGO,f140b527-ccd5-506d-b8ff-a45dea8fcd59,1358,BOMWAGAMO,6663cf9e-f5c7-58f0-98a2-f2f429d407c2,28,NTANA PRI. SCH
36392431-d554-5385-b876-7bc6e1cb26b3,46,NYAMIRA,e6621ff9-59d2-5160-b016-beb57ddf7e64,272,NORTH MUGIRANGO,f140b527-ccd5-506d-b8ff-a45dea8fcd59,1358,BOMWAGAMO,c49f9e2d-01ee-50e3-b838-86898958219a,74,NYAMONURI DEB PRIMARY SCHOOL
36392431-d554-5385-b876-7bc6e1cb26b3,46,NYAMIRA,e6621ff9-59d2-5160-b016-beb57ddf7e64,272,NORTH MUGIRANGO,f140b527-ccd5-506d-b8ff-a45dea8fcd59,1358,BOMWAGAMO,bd1cbff3-7f0e-5d92-8bff-39e2cd32f5a8,75,KEGOGI DEB PRIMARY SCHOOL
36392431-d554-5385-b876-7bc6e1cb26b3,46,NYAMIRA,e6621ff9-59d2-5160-b016-beb57ddf7e64,272,NORTH MUGIRANGO,c48246ea-bcad-550d-9682-2ab8916e7914,1359,BOKEIRA,02f59453-a453-57f6-8219-cf8de821101e,29,NYAUTUTU PRI. SCH
36392431-d554-5385-b876-7bc6e1cb26b3,46,NYAMIRA,e6621ff9-59d2-5160-b016-beb57ddf7e64,272,NORTH MUGIRANGO,c48246ea-bcad-550d-9682-2ab8916e7914,1359,BOKEIRA,ab504810-be88-53fa-9b0f-fa1ed3b31e8d,30,MATONGO PRI. SCH
36392431-d554-5385-b876-7bc6e1cb26b3,46,NYAMIRA,e6621ff9-59d2-5160-b016-beb57ddf7e64,272,NORTH MUGIRANGO,c48246ea-bcad-550d-9682-2ab8916e7914,1359,BOKEIRA,51f90244-ecac-5e4f-ac44-14195a3715a4,31,SAKWA PRI. SCH
36392431-d554-5385-b876-7bc6e1cb26b3,46,NYAMIRA,e6621ff9-59d2-5160-b016-beb57ddf7e64,272,NORTH MUGIRANGO,c48246ea-bcad-550d-9682-2ab8916e7914,1359,BOKEIRA,db3f8ddb-ebd7-5e99-83c3-7d15ae3a2c06,32,ORWAKI PRI. SCH
36392431-d554-5385-b876-7bc6e1cb26b3,46,NYAMIRA,e6621ff9-59d2-5160-b016-beb57ddf7e64,272,NORTH MUGIRANGO,c48246ea-bcad-550d-9682-2ab8916e7914,1359,BOKEIRA,b88ddb7d-d52f-56de-a248-ac288c13e54e,33,NYAMONGE PRI. SCH
36392431-d554-5385-b876-7bc6e1cb26b3,46,NYAMIRA,e6621ff9-59d2-5160-b016-beb57ddf7e64,272,NORTH MUGIRANGO,c48246ea-bcad-550d-9682-2ab8916e7914,1359,BOKEIRA,e55d464f-90b2-5918-83fc-85d52f207420,34,GESURA PRI. SCH
36392431-d554-5385-b876-7bc6e1cb26b3,46,NYAMIRA,e6621ff9-59d2-5160-b016-beb57ddf7e64,272,NORTH MUGIRANGO,c48246ea-bcad-550d-9682-2ab8916e7914,1359,BOKEIRA,577c3bb3-e3bf-5fde-b881-2ca43ed9736e,35,OMOBIRO PRI. SCH
36392431-d554-5385-b876-7bc6e1cb26b3,46,NYAMIRA,e6621ff9-59d2-5160-b016-beb57ddf7e64,272,NORTH MUGIRANGO,c48246ea-bcad-550d-9682-2ab8916e7914,1359,BOKEIRA,210f84c4-8d64-569b-955d-8930f22dbe5a,36,KIOMANGA PRI. SCH
36392431-d554-5385-b876-7bc6e1cb26b3,46,NYAMIRA,e6621ff9-59d2-5160-b016-beb57ddf7e64,272,NORTH MUGIRANGO,c48246ea-bcad-550d-9682-2ab8916e7914,1359,BOKEIRA,b64a6b51-222e-5866-aa75-549b8100491f,37,GEKONGE PRI. SCH.
36392431-d554-5385-b876-7bc6e1cb26b3,46,NYAMIRA,e6621ff9-59d2-5160-b016-beb57ddf7e64,272,NORTH MUGIRANGO,c48246ea-bcad-550d-9682-2ab8916e7914,1359,BOKEIRA,fd4d570c-4cf7-500d-8aaf-7a66075d67da,38,GIOSOYA PRI. SCH.
36392431-d554-5385-b876-7bc6e1cb26b3,46,NYAMIRA,e6621ff9-59d2-5160-b016-beb57ddf7e64,272,NORTH MUGIRANGO,c48246ea-bcad-550d-9682-2ab8916e7914,1359,BOKEIRA,713ee7e4-8c8b-5245-970f-d63b91252fc7,39,NYAOBE PRI. SCH
36392431-d554-5385-b876-7bc6e1cb26b3,46,NYAMIRA,e6621ff9-59d2-5160-b016-beb57ddf7e64,272,NORTH MUGIRANGO,c48246ea-bcad-550d-9682-2ab8916e7914,1359,BOKEIRA,937d7eed-3d41-5f71-b6ef-3db5cefac84f,40,NYABIONE PRI. SCH.
36392431-d554-5385-b876-7bc6e1cb26b3,46,NYAMIRA,e6621ff9-59d2-5160-b016-beb57ddf7e64,272,NORTH MUGIRANGO,c48246ea-bcad-550d-9682-2ab8916e7914,1359,BOKEIRA,2eb1258d-503f-5ba8-a36e-479e9dd50f99,41,EGETONTO PRI. SCH
36392431-d554-5385-b876-7bc6e1cb26b3,46,NYAMIRA,e6621ff9-59d2-5160-b016-beb57ddf7e64,272,NORTH MUGIRANGO,c48246ea-bcad-550d-9682-2ab8916e7914,1359,BOKEIRA,6d731575-1aa3-56df-b851-4a0ca78f6d9b,42,KIABORA PRI. SCH
36392431-d554-5385-b876-7bc6e1cb26b3,46,NYAMIRA,e6621ff9-59d2-5160-b016-beb57ddf7e64,272,NORTH MUGIRANGO,c48246ea-bcad-550d-9682-2ab8916e7914,1359,BOKEIRA,c8a85f9f-c893-51e6-b334-e69d54c41624,43,NYAMUSI PRI. SCH
36392431-d554-5385-b876-7bc6e1cb26b3,46,NYAMIRA,e6621ff9-59d2-5160-b016-beb57ddf7e64,272,NORTH MUGIRANGO,c48246ea-bcad-550d-9682-2ab8916e7914,1359,BOKEIRA,d1023513-d859-537b-8216-b4ba86a7e74a,44,RIOMOORIA PRI. SCH
36392431-d554-5385-b876-7bc6e1cb26b3,46,NYAMIRA,e6621ff9-59d2-5160-b016-beb57ddf7e64,272,NORTH MUGIRANGO,c48246ea-bcad-550d-9682-2ab8916e7914,1359,BOKEIRA,70003cbc-bee8-58b6-bfcf-1d453a01e3fc,76,ONGERA DEB PRIMARY SCHOOL
36392431-d554-5385-b876-7bc6e1cb26b3,46,NYAMIRA,e6621ff9-59d2-5160-b016-beb57ddf7e64,272,NORTH MUGIRANGO,c48246ea-bcad-550d-9682-2ab8916e7914,1359,BOKEIRA,c5019c12-01de-54a5-92d5-bc29d2523f62,77,ENGOTO PRIMARY SCHOOL
36392431-d554-5385-b876-7bc6e1cb26b3,46,NYAMIRA,e6621ff9-59d2-5160-b016-beb57ddf7e64,272,NORTH MUGIRANGO,0d798df3-bb84-53b2-a2f8-342d6074e44a,1360,MAGWAGWA,9d20602d-54b5-54c7-acf4-a8420b7264c4,45,ESANIGE PRI. SCH.
36392431-d554-5385-b876-7bc6e1cb26b3,46,NYAMIRA,e6621ff9-59d2-5160-b016-beb57ddf7e64,272,NORTH MUGIRANGO,0d798df3-bb84-53b2-a2f8-342d6074e44a,1360,MAGWAGWA,775160e3-b9e4-59d8-bb6f-0f6f6b769891,46,GITWEBE PRI. SCH
36392431-d554-5385-b876-7bc6e1cb26b3,46,NYAMIRA,e6621ff9-59d2-5160-b016-beb57ddf7e64,272,NORTH MUGIRANGO,0d798df3-bb84-53b2-a2f8-342d6074e44a,1360,MAGWAGWA,9fcdb3b7-a966-5223-852d-89a7e73197d6,47,NYAKENYOMISIA PRI. SCH
36392431-d554-5385-b876-7bc6e1cb26b3,46,NYAMIRA,e6621ff9-59d2-5160-b016-beb57ddf7e64,272,NORTH MUGIRANGO,0d798df3-bb84-53b2-a2f8-342d6074e44a,1360,MAGWAGWA,c9aada7d-807a-577d-a2e1-6bfa270b2029,48,MISAMBI PRI. SCH
36392431-d554-5385-b876-7bc6e1cb26b3,46,NYAMIRA,e6621ff9-59d2-5160-b016-beb57ddf7e64,272,NORTH MUGIRANGO,0d798df3-bb84-53b2-a2f8-342d6074e44a,1360,MAGWAGWA,eb446581-03e9-591b-9abc-167296aed6b8,49,MOGONGO PRI. SCH.
36392431-d554-5385-b876-7bc6e1cb26b3,46,NYAMIRA,e6621ff9-59d2-5160-b016-beb57ddf7e64,272,NORTH MUGIRANGO,0d798df3-bb84-53b2-a2f8-342d6074e44a,1360,MAGWAGWA,03dc05bc-9406-52b0-9dce-60f96f921884,50,GETARE PRI. SCH
36392431-d554-5385-b876-7bc6e1cb26b3,46,NYAMIRA,e6621ff9-59d2-5160-b016-beb57ddf7e64,272,NORTH MUGIRANGO,0d798df3-bb84-53b2-a2f8-342d6074e44a,1360,MAGWAGWA,ac9bd89b-07d9-5755-b172-4f9802e2afd9,51,ESAMBA PAG PRI. SCH
36392431-d554-5385-b876-7bc6e1cb26b3,46,NYAMIRA,e6621ff9-59d2-5160-b016-beb57ddf7e64,272,NORTH MUGIRANGO,0d798df3-bb84-53b2-a2f8-342d6074e44a,1360,MAGWAGWA,a85f7242-ee6d-5874-ac54-9d219730febb,52,RIOMEGO PAG PRI. SCH
36392431-d554-5385-b876-7bc6e1cb26b3,46,NYAMIRA,e6621ff9-59d2-5160-b016-beb57ddf7e64,272,NORTH MUGIRANGO,0d798df3-bb84-53b2-a2f8-342d6074e44a,1360,MAGWAGWA,0996f632-05a6-57f9-b4d7-53f38ca7166a,53,RIANYAMAGE PRI. SCH
36392431-d554-5385-b876-7bc6e1cb26b3,46,NYAMIRA,e6621ff9-59d2-5160-b016-beb57ddf7e64,272,NORTH MUGIRANGO,0d798df3-bb84-53b2-a2f8-342d6074e44a,1360,MAGWAGWA,338483c0-0d62-5c1e-aa76-d2ba763bec54,54,GETURI PRI. SCH
36392431-d554-5385-b876-7bc6e1cb26b3,46,NYAMIRA,e6621ff9-59d2-5160-b016-beb57ddf7e64,272,NORTH MUGIRANGO,0d798df3-bb84-53b2-a2f8-342d6074e44a,1360,MAGWAGWA,4cb544e4-6949-504b-ac1d-9acd58996f5e,55,NYAMATUTA PRI. SCH
36392431-d554-5385-b876-7bc6e1cb26b3,46,NYAMIRA,e6621ff9-59d2-5160-b016-beb57ddf7e64,272,NORTH MUGIRANGO,0d798df3-bb84-53b2-a2f8-342d6074e44a,1360,MAGWAGWA,05c35ebd-178a-5edd-8100-b8c8221dd048,56,NYABWORORO PRI. SCH
36392431-d554-5385-b876-7bc6e1cb26b3,46,NYAMIRA,e6621ff9-59d2-5160-b016-beb57ddf7e64,272,NORTH MUGIRANGO,0d798df3-bb84-53b2-a2f8-342d6074e44a,1360,MAGWAGWA,82ed5af8-8ee4-5bb1-a73d-c99cabf4c53a,57,KENYERERE PRI. SCH
36392431-d554-5385-b876-7bc6e1cb26b3,46,NYAMIRA,e6621ff9-59d2-5160-b016-beb57ddf7e64,272,NORTH MUGIRANGO,0d798df3-bb84-53b2-a2f8-342d6074e44a,1360,MAGWAGWA,c2298803-1e3c-5bcc-bb0d-c50dbd4cba12,58,MESOBWA PRI. SCH
36392431-d554-5385-b876-7bc6e1cb26b3,46,NYAMIRA,e6621ff9-59d2-5160-b016-beb57ddf7e64,272,NORTH MUGIRANGO,0d798df3-bb84-53b2-a2f8-342d6074e44a,1360,MAGWAGWA,5fcf8ec4-d7f2-56dd-bb27-55b31e808655,78,MAGWAGWA DEB PRIMARY SCHOOL
36392431-d554-5385-b876-7bc6e1cb26b3,46,NYAMIRA,e6621ff9-59d2-5160-b016-beb57ddf7e64,272,NORTH MUGIRANGO,0d798df3-bb84-53b2-a2f8-342d6074e44a,1360,MAGWAGWA,7d99babf-e282-5552-af41-05585dcd020f,79,MOREMBE PRIMARY SCHOOL
36392431-d554-5385-b876-7bc6e1cb26b3,46,NYAMIRA,e6621ff9-59d2-5160-b016-beb57ddf7e64,272,NORTH MUGIRANGO,a42f5da2-83b0-574d-8a15-85cc71a08f30,1361,EKERENYO,97a851ed-5e42-5a33-abe0-a475ce126a3e,59,NYAMOTARO PRI. SCH
36392431-d554-5385-b876-7bc6e1cb26b3,46,NYAMIRA,e6621ff9-59d2-5160-b016-beb57ddf7e64,272,NORTH MUGIRANGO,a42f5da2-83b0-574d-8a15-85cc71a08f30,1361,EKERENYO,a1e8e416-bfca-5ad1-aecd-5557d45c992e,60,MAAGONGA PRI. SCH
36392431-d554-5385-b876-7bc6e1cb26b3,46,NYAMIRA,e6621ff9-59d2-5160-b016-beb57ddf7e64,272,NORTH MUGIRANGO,a42f5da2-83b0-574d-8a15-85cc71a08f30,1361,EKERENYO,0bc602c9-bf6b-588f-b28b-24f060d4fb40,61,OMORARE PRI. SCH
36392431-d554-5385-b876-7bc6e1cb26b3,46,NYAMIRA,e6621ff9-59d2-5160-b016-beb57ddf7e64,272,NORTH MUGIRANGO,a42f5da2-83b0-574d-8a15-85cc71a08f30,1361,EKERENYO,aca04fa3-cb32-585a-989a-cd3542c394e1,62,EKERENYO EDN CENTRE
36392431-d554-5385-b876-7bc6e1cb26b3,46,NYAMIRA,e6621ff9-59d2-5160-b016-beb57ddf7e64,272,NORTH MUGIRANGO,a42f5da2-83b0-574d-8a15-85cc71a08f30,1361,EKERENYO,52926ba3-56eb-51d0-8629-14f34d18f364,63,KIAMOGAKE PRI. SCH
36392431-d554-5385-b876-7bc6e1cb26b3,46,NYAMIRA,e6621ff9-59d2-5160-b016-beb57ddf7e64,272,NORTH MUGIRANGO,a42f5da2-83b0-574d-8a15-85cc71a08f30,1361,EKERENYO,337a1ae5-f250-55a2-be34-184d2c7bb4ec,64,KEA DEB PRI. SCH
36392431-d554-5385-b876-7bc6e1cb26b3,46,NYAMIRA,e6621ff9-59d2-5160-b016-beb57ddf7e64,272,NORTH MUGIRANGO,a42f5da2-83b0-574d-8a15-85cc71a08f30,1361,EKERENYO,dcbf8f11-bca9-5db6-a5ce-933f4d8c2a47,65,MWANCHA PRI. SCH
36392431-d554-5385-b876-7bc6e1cb26b3,46,NYAMIRA,e6621ff9-59d2-5160-b016-beb57ddf7e64,272,NORTH MUGIRANGO,a42f5da2-83b0-574d-8a15-85cc71a08f30,1361,EKERENYO,3defbb4c-fc2e-5b43-8eea-8683f8d8267f,66,GEKENDO DOK PRI. SCH
36392431-d554-5385-b876-7bc6e1cb26b3,46,NYAMIRA,e6621ff9-59d2-5160-b016-beb57ddf7e64,272,NORTH MUGIRANGO,a42f5da2-83b0-574d-8a15-85cc71a08f30,1361,EKERENYO,45e3cfd5-458a-52b5-962a-f94a2d02fc25,67,KENGUSO PRI. SCH
36392431-d554-5385-b876-7bc6e1cb26b3,46,NYAMIRA,e6621ff9-59d2-5160-b016-beb57ddf7e64,272,NORTH MUGIRANGO,a42f5da2-83b0-574d-8a15-85cc71a08f30,1361,EKERENYO,143a99ee-4815-53d3-8b37-db07f75304ba,68,NYAIRANG'A PRI. SC
36392431-d554-5385-b876-7bc6e1cb26b3,46,NYAMIRA,e6621ff9-59d2-5160-b016-beb57ddf7e64,272,NORTH MUGIRANGO,a42f5da2-83b0-574d-8a15-85cc71a08f30,1361,EKERENYO,01e56907-0a83-5124-96de-9dd5621084bf,69,KIEMUMA PRI. SCH
36392431-d554-5385-b876-7bc6e1cb26b3,46,NYAMIRA,e6621ff9-59d2-5160-b016-beb57ddf7e64,272,NORTH MUGIRANGO,a42f5da2-83b0-574d-8a15-85cc71a08f30,1361,EKERENYO,9ad46db0-5cd2-5fd6-b223-faf108ad8427,70,NYAMEKO PRI. SCH
36392431-d554-5385-b876-7bc6e1cb26b3,46,NYAMIRA,e6621ff9-59d2-5160-b016-beb57ddf7e64,272,NORTH MUGIRANGO,a42f5da2-83b0-574d-8a15-85cc71a08f30,1361,EKERENYO,da807e24-d16c-5310-914c-c11c919c99f9,71,GESWESWE PRI. SCH
36392431-d554-5385-b876-7bc6e1cb26b3,46,NYAMIRA,e6621ff9-59d2-5160-b016-beb57ddf7e64,272,NORTH MUGIRANGO,a42f5da2-83b0-574d-8a15-85cc71a08f30,1361,EKERENYO,fd0fcbb2-d406-507e-8e0f-084fd91ec292,72,IKONGE PRI. SCH
36392431-d554-5385-b876-7bc6e1cb26b3,46,NYAMIRA,e6621ff9-59d2-5160-b016-beb57ddf7e64,272,NORTH MUGIRANGO,a42f5da2-83b0-574d-8a15-85cc71a08f30,1361,EKERENYO,e8ca871f-0512-529a-9877-725054512b56,73,CHISAARIA DEB PRI. SCH.
36392431-d554-5385-b876-7bc6e1cb26b3,46,NYAMIRA,60ef9fe8-a103-57d2-9e94-3df5257dd4c4,273,BORABU,39a66a58-b190-53ac-af2d-960e03ba5a52,1362,MEKENENE,fe1f34d5-e86a-572e-971c-daebfad19545,1,MWONGORI YOUTH POLYTECHNIC
36392431-d554-5385-b876-7bc6e1cb26b3,46,NYAMIRA,60ef9fe8-a103-57d2-9e94-3df5257dd4c4,273,BORABU,39a66a58-b190-53ac-af2d-960e03ba5a52,1362,MEKENENE,abab8db4-c95c-5c12-a8f6-add2962a10be,2,MWONGORI PRIMARY SCHOOL
36392431-d554-5385-b876-7bc6e1cb26b3,46,NYAMIRA,60ef9fe8-a103-57d2-9e94-3df5257dd4c4,273,BORABU,39a66a58-b190-53ac-af2d-960e03ba5a52,1362,MEKENENE,ee8e2c18-aabe-5b31-8a34-eeb665541b9a,3,NYAGACHO PRIMARY SCHOOL
36392431-d554-5385-b876-7bc6e1cb26b3,46,NYAMIRA,60ef9fe8-a103-57d2-9e94-3df5257dd4c4,273,BORABU,39a66a58-b190-53ac-af2d-960e03ba5a52,1362,MEKENENE,92600695-9927-5725-b1d5-53ee395491cd,4,MOGUSII PRIMARY SCHOOL
36392431-d554-5385-b876-7bc6e1cb26b3,46,NYAMIRA,60ef9fe8-a103-57d2-9e94-3df5257dd4c4,273,BORABU,39a66a58-b190-53ac-af2d-960e03ba5a52,1362,MEKENENE,f05808f6-99e7-5c88-8303-5d37f9e05743,5,NYARONGE PRIMARY SCHOOL
36392431-d554-5385-b876-7bc6e1cb26b3,46,NYAMIRA,60ef9fe8-a103-57d2-9e94-3df5257dd4c4,273,BORABU,39a66a58-b190-53ac-af2d-960e03ba5a52,1362,MEKENENE,d2e4b928-12b2-5fb5-819d-016b61fe8602,6,MEKENENE PRIMARY SCHOOL
36392431-d554-5385-b876-7bc6e1cb26b3,46,NYAMIRA,60ef9fe8-a103-57d2-9e94-3df5257dd4c4,273,BORABU,39a66a58-b190-53ac-af2d-960e03ba5a52,1362,MEKENENE,d3846454-ff5a-5cad-a4c8-7542c8b76bd4,7,NYANKONO PRIMARY SCHOOL
36392431-d554-5385-b876-7bc6e1cb26b3,46,NYAMIRA,60ef9fe8-a103-57d2-9e94-3df5257dd4c4,273,BORABU,39a66a58-b190-53ac-af2d-960e03ba5a52,1362,MEKENENE,0c739c94-4b5f-58a0-9a10-2cd14f0bea44,8,KERITO PRIMARY SCHOOL
36392431-d554-5385-b876-7bc6e1cb26b3,46,NYAMIRA,60ef9fe8-a103-57d2-9e94-3df5257dd4c4,273,BORABU,39a66a58-b190-53ac-af2d-960e03ba5a52,1362,MEKENENE,f3ff2f47-f0a2-5643-82a7-a07cd45e1099,9,KERUMBE TEA BUYING CENTRE
36392431-d554-5385-b876-7bc6e1cb26b3,46,NYAMIRA,60ef9fe8-a103-57d2-9e94-3df5257dd4c4,273,BORABU,39a66a58-b190-53ac-af2d-960e03ba5a52,1362,MEKENENE,16d4b198-5241-5e8f-8138-85c6b6fe1ab8,10,SOTIK HIGHLANDS PRIMARY SCHOOL
36392431-d554-5385-b876-7bc6e1cb26b3,46,NYAMIRA,60ef9fe8-a103-57d2-9e94-3df5257dd4c4,273,BORABU,39a66a58-b190-53ac-af2d-960e03ba5a52,1362,MEKENENE,e1f23baa-e4de-5ade-8d5d-ff06d7910a9f,11,KITARU D.O.K PRIMARY SCHOOL
36392431-d554-5385-b876-7bc6e1cb26b3,46,NYAMIRA,60ef9fe8-a103-57d2-9e94-3df5257dd4c4,273,BORABU,39a66a58-b190-53ac-af2d-960e03ba5a52,1362,MEKENENE,ea87248a-418c-52c8-a5df-adb3d83f81ec,12,KIPTENDEN PRIMARY SCHOOL
36392431-d554-5385-b876-7bc6e1cb26b3,46,NYAMIRA,60ef9fe8-a103-57d2-9e94-3df5257dd4c4,273,BORABU,39a66a58-b190-53ac-af2d-960e03ba5a52,1362,MEKENENE,dd6230ed-b5f5-50dd-b214-7af8ad60f437,13,KIPKEBE PRIMARY SCHOOL
36392431-d554-5385-b876-7bc6e1cb26b3,46,NYAMIRA,60ef9fe8-a103-57d2-9e94-3df5257dd4c4,273,BORABU,39a66a58-b190-53ac-af2d-960e03ba5a52,1362,MEKENENE,9f557f51-b6c4-5009-a2a4-14c40f83358c,14,MAGURA D.E.B PRIMARY SCHOOL
36392431-d554-5385-b876-7bc6e1cb26b3,46,NYAMIRA,60ef9fe8-a103-57d2-9e94-3df5257dd4c4,273,BORABU,39a66a58-b190-53ac-af2d-960e03ba5a52,1362,MEKENENE,47279ea1-8b61-5d6d-9804-c2ed96abb77b,66,NYANKONO TEA BUYING CENTRE
36392431-d554-5385-b876-7bc6e1cb26b3,46,NYAMIRA,60ef9fe8-a103-57d2-9e94-3df5257dd4c4,273,BORABU,39a66a58-b190-53ac-af2d-960e03ba5a52,1362,MEKENENE,12359301-3d71-50bb-be0a-1aaab08e1cc4,67,RIABARUOTI MARKET
36392431-d554-5385-b876-7bc6e1cb26b3,46,NYAMIRA,60ef9fe8-a103-57d2-9e94-3df5257dd4c4,273,BORABU,da81c822-1703-58f6-b0c6-d92413d72ddb,1363,KIABONYORU,fba63516-6781-51a1-b609-fe66c30e589d,15,NYANGOGE PRIMARY SCHOOL
36392431-d554-5385-b876-7bc6e1cb26b3,46,NYAMIRA,60ef9fe8-a103-57d2-9e94-3df5257dd4c4,273,BORABU,da81c822-1703-58f6-b0c6-d92413d72ddb,1363,KIABONYORU,1b396eb4-21c1-5eec-a9c0-e7f1f3459730,16,IBARA PRIMARY SCHOOL
36392431-d554-5385-b876-7bc6e1cb26b3,46,NYAMIRA,60ef9fe8-a103-57d2-9e94-3df5257dd4c4,273,BORABU,da81c822-1703-58f6-b0c6-d92413d72ddb,1363,KIABONYORU,d3712234-d441-51e1-b0fb-f8a776ece788,17,NYARAMBA PRIMARY SCHOOL
36392431-d554-5385-b876-7bc6e1cb26b3,46,NYAMIRA,60ef9fe8-a103-57d2-9e94-3df5257dd4c4,273,BORABU,da81c822-1703-58f6-b0c6-d92413d72ddb,1363,KIABONYORU,8de84810-d2d5-5d33-85f8-72af1ef1a4a9,18,CHINCHE PRIMARY SCHOOL
36392431-d554-5385-b876-7bc6e1cb26b3,46,NYAMIRA,60ef9fe8-a103-57d2-9e94-3df5257dd4c4,273,BORABU,da81c822-1703-58f6-b0c6-d92413d72ddb,1363,KIABONYORU,b12711c8-730d-5bc9-b434-5db42a878995,19,BIEGO PRIMARY SCHOOL
36392431-d554-5385-b876-7bc6e1cb26b3,46,NYAMIRA,60ef9fe8-a103-57d2-9e94-3df5257dd4c4,273,BORABU,da81c822-1703-58f6-b0c6-d92413d72ddb,1363,KIABONYORU,5b2ef46c-ae9e-5852-8867-88236e5aaff8,20,ENDIBA D.E.B PRIMARY SCHOOL
36392431-d554-5385-b876-7bc6e1cb26b3,46,NYAMIRA,60ef9fe8-a103-57d2-9e94-3df5257dd4c4,273,BORABU,da81c822-1703-58f6-b0c6-d92413d72ddb,1363,KIABONYORU,eef7acdf-1fa8-5aca-8d6c-0f88f89253dd,21,KEREMA PRIMARY SCHOOL
36392431-d554-5385-b876-7bc6e1cb26b3,46,NYAMIRA,60ef9fe8-a103-57d2-9e94-3df5257dd4c4,273,BORABU,da81c822-1703-58f6-b0c6-d92413d72ddb,1363,KIABONYORU,1dc472c6-9a4f-5fd5-babc-e472baf3f2fe,22,NYAMIRANGA PRIMARY SCHOOL
36392431-d554-5385-b876-7bc6e1cb26b3,46,NYAMIRA,60ef9fe8-a103-57d2-9e94-3df5257dd4c4,273,BORABU,da81c822-1703-58f6-b0c6-d92413d72ddb,1363,KIABONYORU,e8bcdfcf-712c-58b7-9ee9-cf08732fa9ad,23,MOKOMONI TEA BUYING CENTRE
36392431-d554-5385-b876-7bc6e1cb26b3,46,NYAMIRA,60ef9fe8-a103-57d2-9e94-3df5257dd4c4,273,BORABU,da81c822-1703-58f6-b0c6-d92413d72ddb,1363,KIABONYORU,0ce1a719-c325-5cb5-881d-013f5b708875,25,OMONONO PRIMARY SCHOOL
36392431-d554-5385-b876-7bc6e1cb26b3,46,NYAMIRA,60ef9fe8-a103-57d2-9e94-3df5257dd4c4,273,BORABU,da81c822-1703-58f6-b0c6-d92413d72ddb,1363,KIABONYORU,803a1d8d-543e-5016-bbb9-08534793a990,26,NYANKONGO PRIMARY SCHOOL
36392431-d554-5385-b876-7bc6e1cb26b3,46,NYAMIRA,60ef9fe8-a103-57d2-9e94-3df5257dd4c4,273,BORABU,da81c822-1703-58f6-b0c6-d92413d72ddb,1363,KIABONYORU,8515fed2-0982-5a99-aa0c-3134fceb242e,27,NYABIKOMU PRIMARY SCHOOL
36392431-d554-5385-b876-7bc6e1cb26b3,46,NYAMIRA,60ef9fe8-a103-57d2-9e94-3df5257dd4c4,273,BORABU,da81c822-1703-58f6-b0c6-d92413d72ddb,1363,KIABONYORU,e6eef87f-fe3f-5bbc-8c2a-e8fb952a48b5,28,AMAKURA D.E.B PRIMARY SCHOOL
36392431-d554-5385-b876-7bc6e1cb26b3,46,NYAMIRA,60ef9fe8-a103-57d2-9e94-3df5257dd4c4,273,BORABU,da81c822-1703-58f6-b0c6-d92413d72ddb,1363,KIABONYORU,be862818-ee75-5c9a-a678-e70657983432,29,RIANYAKANGI D.E.B. PRIMARY SCHOOL
36392431-d554-5385-b876-7bc6e1cb26b3,46,NYAMIRA,60ef9fe8-a103-57d2-9e94-3df5257dd4c4,273,BORABU,da81c822-1703-58f6-b0c6-d92413d72ddb,1363,KIABONYORU,d4c29916-234d-5e24-8930-2bb8c6f194ed,30,EGENTUBI PRIMARY SCHOOL
36392431-d554-5385-b876-7bc6e1cb26b3,46,NYAMIRA,60ef9fe8-a103-57d2-9e94-3df5257dd4c4,273,BORABU,da81c822-1703-58f6-b0c6-d92413d72ddb,1363,KIABONYORU,968762bf-0748-51c3-a224-cf0a49fa9cd1,31,MOKOMONI D.O.K PRIMARY SCHOOL
36392431-d554-5385-b876-7bc6e1cb26b3,46,NYAMIRA,60ef9fe8-a103-57d2-9e94-3df5257dd4c4,273,BORABU,da81c822-1703-58f6-b0c6-d92413d72ddb,1363,KIABONYORU,008a57e0-0a79-527d-a091-211582ed1ac9,65,KIABONYORU PRIMARY SCHOOL
36392431-d554-5385-b876-7bc6e1cb26b3,46,NYAMIRA,60ef9fe8-a103-57d2-9e94-3df5257dd4c4,273,BORABU,da81c822-1703-58f6-b0c6-d92413d72ddb,1363,KIABONYORU,b7e2a192-058b-53d8-8707-9585c4d29a2d,68,NYANCHOKA TEA BUYING CENTRE
36392431-d554-5385-b876-7bc6e1cb26b3,46,NYAMIRA,60ef9fe8-a103-57d2-9e94-3df5257dd4c4,273,BORABU,da81c822-1703-58f6-b0c6-d92413d72ddb,1363,KIABONYORU,1f38c41c-4706-5aa0-8e19-500d57ba4ec0,69,NYAGEITA PRIMARY SCHOOL
36392431-d554-5385-b876-7bc6e1cb26b3,46,NYAMIRA,60ef9fe8-a103-57d2-9e94-3df5257dd4c4,273,BORABU,da81c822-1703-58f6-b0c6-d92413d72ddb,1363,KIABONYORU,8b85e35c-a240-5770-bab0-c530f594eb9e,70,NYAGWARE PRIMARY SCHOOL
36392431-d554-5385-b876-7bc6e1cb26b3,46,NYAMIRA,60ef9fe8-a103-57d2-9e94-3df5257dd4c4,273,BORABU,b69f0d9f-1b0b-56cc-bbe1-40e4bc8942e7,1364,NYANSIONGO,92fb2fa6-db31-5f55-92e7-2ea4a8ea1433,32,MENYENYA PRIMARY SCHOOL
36392431-d554-5385-b876-7bc6e1cb26b3,46,NYAMIRA,60ef9fe8-a103-57d2-9e94-3df5257dd4c4,273,BORABU,b69f0d9f-1b0b-56cc-bbe1-40e4bc8942e7,1364,NYANSIONGO,7744e397-e2fe-5966-8385-268989de14d8,33,TINDERET PRIMARY SCHOOL
36392431-d554-5385-b876-7bc6e1cb26b3,46,NYAMIRA,60ef9fe8-a103-57d2-9e94-3df5257dd4c4,273,BORABU,b69f0d9f-1b0b-56cc-bbe1-40e4bc8942e7,1364,NYANSIONGO,bd9f5ae6-d6a9-59b3-8768-d1c5a21bb115,34,NYANSIONGO D.O.K PRIMARY SCHOOL
36392431-d554-5385-b876-7bc6e1cb26b3,46,NYAMIRA,60ef9fe8-a103-57d2-9e94-3df5257dd4c4,273,BORABU,b69f0d9f-1b0b-56cc-bbe1-40e4bc8942e7,1364,NYANSIONGO,c168c515-541a-5e4b-813f-f71bbef7bcde,35,KEGINGA PRIMARY SCHOOL
36392431-d554-5385-b876-7bc6e1cb26b3,46,NYAMIRA,60ef9fe8-a103-57d2-9e94-3df5257dd4c4,273,BORABU,b69f0d9f-1b0b-56cc-bbe1-40e4bc8942e7,1364,NYANSIONGO,30b7f505-108c-5f9d-95f1-c5ea6c3df10d,36,RIENSUNE PRIMARY SCHOOL
36392431-d554-5385-b876-7bc6e1cb26b3,46,NYAMIRA,60ef9fe8-a103-57d2-9e94-3df5257dd4c4,273,BORABU,b69f0d9f-1b0b-56cc-bbe1-40e4bc8942e7,1364,NYANSIONGO,2f9323a3-4ae9-5c18-9c03-cb1d23a6c8ff,37,GESEBEI PRIMARY SCHOOL
36392431-d554-5385-b876-7bc6e1cb26b3,46,NYAMIRA,60ef9fe8-a103-57d2-9e94-3df5257dd4c4,273,BORABU,b69f0d9f-1b0b-56cc-bbe1-40e4bc8942e7,1364,NYANSIONGO,228946f8-9fd1-59ec-a22a-b2c35c82c121,38,NYANSIONGO D.E.B PRIMARY SCHOOL
36392431-d554-5385-b876-7bc6e1cb26b3,46,NYAMIRA,60ef9fe8-a103-57d2-9e94-3df5257dd4c4,273,BORABU,b69f0d9f-1b0b-56cc-bbe1-40e4bc8942e7,1364,NYANSIONGO,5d09e157-d0ce-5f1e-9e81-ba228a193f64,39,RIGENA PRIMARY SCHOOL
36392431-d554-5385-b876-7bc6e1cb26b3,46,NYAMIRA,60ef9fe8-a103-57d2-9e94-3df5257dd4c4,273,BORABU,b69f0d9f-1b0b-56cc-bbe1-40e4bc8942e7,1364,NYANSIONGO,4bc7fb88-afcf-51c8-b231-9fa72c0a6080,40,NYANDOCHE IBERE PRI. SCH.
36392431-d554-5385-b876-7bc6e1cb26b3,46,NYAMIRA,60ef9fe8-a103-57d2-9e94-3df5257dd4c4,273,BORABU,b69f0d9f-1b0b-56cc-bbe1-40e4bc8942e7,1364,NYANSIONGO,4783d333-59f4-5817-a894-c73361c5a199,41,RIAMANOTI PRIMARY SCHOOL
36392431-d554-5385-b876-7bc6e1cb26b3,46,NYAMIRA,60ef9fe8-a103-57d2-9e94-3df5257dd4c4,273,BORABU,b69f0d9f-1b0b-56cc-bbe1-40e4bc8942e7,1364,NYANSIONGO,d0990bec-df3d-5f48-b1b1-19daf4949c9a,42,NYARONDE D.O.K PRIMARY SCHOOL
36392431-d554-5385-b876-7bc6e1cb26b3,46,NYAMIRA,60ef9fe8-a103-57d2-9e94-3df5257dd4c4,273,BORABU,b69f0d9f-1b0b-56cc-bbe1-40e4bc8942e7,1364,NYANSIONGO,b51d4b1b-984e-51e2-898b-a164d33f0426,43,RIBAITA PRIMARY SCHOOL
36392431-d554-5385-b876-7bc6e1cb26b3,46,NYAMIRA,60ef9fe8-a103-57d2-9e94-3df5257dd4c4,273,BORABU,b69f0d9f-1b0b-56cc-bbe1-40e4bc8942e7,1364,NYANSIONGO,936624e6-8aab-5951-bcda-808ca23b0ba5,71,KENYERERE TEA BUYING CENTRE
36392431-d554-5385-b876-7bc6e1cb26b3,46,NYAMIRA,60ef9fe8-a103-57d2-9e94-3df5257dd4c4,273,BORABU,b69f0d9f-1b0b-56cc-bbe1-40e4bc8942e7,1364,NYANSIONGO,53f36d3a-fc47-5fcb-bd01-b9432941558c,72,MASIGE DEB PRIMARY SCHOOL
36392431-d554-5385-b876-7bc6e1cb26b3,46,NYAMIRA,60ef9fe8-a103-57d2-9e94-3df5257dd4c4,273,BORABU,3ee68dc3-3784-565f-9ec7-9738da887d59,1365,ESISE,bfac2add-3d0f-5128-9378-eece954a44b1,44,LIETIGO PRIMARY SCHOOL
36392431-d554-5385-b876-7bc6e1cb26b3,46,NYAMIRA,60ef9fe8-a103-57d2-9e94-3df5257dd4c4,273,BORABU,3ee68dc3-3784-565f-9ec7-9738da887d59,1365,ESISE,a080a00a-b2ca-5fe5-bb0d-d8517f9070a7,45,MAGOMBO PRIMARY SCHOOL
36392431-d554-5385-b876-7bc6e1cb26b3,46,NYAMIRA,60ef9fe8-a103-57d2-9e94-3df5257dd4c4,273,BORABU,3ee68dc3-3784-565f-9ec7-9738da887d59,1365,ESISE,4de1f7f4-0c3a-559e-a1d1-da085e43215e,46,MEMISI DEB PRIMARY SCHOOL
36392431-d554-5385-b876-7bc6e1cb26b3,46,NYAMIRA,60ef9fe8-a103-57d2-9e94-3df5257dd4c4,273,BORABU,3ee68dc3-3784-565f-9ec7-9738da887d59,1365,ESISE,bf281e0b-b967-540d-b48a-d0772339281d,47,KEBUSE PRIMARY SCHOOL
36392431-d554-5385-b876-7bc6e1cb26b3,46,NYAMIRA,60ef9fe8-a103-57d2-9e94-3df5257dd4c4,273,BORABU,3ee68dc3-3784-565f-9ec7-9738da887d59,1365,ESISE,41655591-eef4-5b18-bf6f-c8dbfb1ee84f,48,SAIGA NGIYA D.E.B.PRIMARY SCHOOL
36392431-d554-5385-b876-7bc6e1cb26b3,46,NYAMIRA,60ef9fe8-a103-57d2-9e94-3df5257dd4c4,273,BORABU,3ee68dc3-3784-565f-9ec7-9738da887d59,1365,ESISE,5cb6fc42-41f7-535b-a59e-8d6f30870f8a,49,NDEREMA DEB PRIMARY SCHOOL
36392431-d554-5385-b876-7bc6e1cb26b3,46,NYAMIRA,60ef9fe8-a103-57d2-9e94-3df5257dd4c4,273,BORABU,3ee68dc3-3784-565f-9ec7-9738da887d59,1365,ESISE,389dbc6f-c40c-50d7-8d60-e4fd833f4415,50,ESISE PRIMARY SCHOOL
36392431-d554-5385-b876-7bc6e1cb26b3,46,NYAMIRA,60ef9fe8-a103-57d2-9e94-3df5257dd4c4,273,BORABU,3ee68dc3-3784-565f-9ec7-9738da887d59,1365,ESISE,b7a49dd8-6cbc-547e-a3c3-24a99eab3810,51,KINENI LCK PRIMARY SCHOOL
36392431-d554-5385-b876-7bc6e1cb26b3,46,NYAMIRA,60ef9fe8-a103-57d2-9e94-3df5257dd4c4,273,BORABU,3ee68dc3-3784-565f-9ec7-9738da887d59,1365,ESISE,d470f638-b799-50e8-abed-ce5e3687a102,52,KAHAWA PRIMARY SCHOOL
36392431-d554-5385-b876-7bc6e1cb26b3,46,NYAMIRA,60ef9fe8-a103-57d2-9e94-3df5257dd4c4,273,BORABU,3ee68dc3-3784-565f-9ec7-9738da887d59,1365,ESISE,f2ed5795-d312-5cd8-929f-47bb16f4b018,53,RIANGOMBE PRIMARY SCHOOL
36392431-d554-5385-b876-7bc6e1cb26b3,46,NYAMIRA,60ef9fe8-a103-57d2-9e94-3df5257dd4c4,273,BORABU,3ee68dc3-3784-565f-9ec7-9738da887d59,1365,ESISE,c6aabbb1-9ad3-52d6-8321-3d2bfc415470,54,ENSOKO PRIMARY SCHOOL
36392431-d554-5385-b876-7bc6e1cb26b3,46,NYAMIRA,60ef9fe8-a103-57d2-9e94-3df5257dd4c4,273,BORABU,3ee68dc3-3784-565f-9ec7-9738da887d59,1365,ESISE,605e9022-514d-5b7e-bf6d-ccd261eb5114,55,MANGA GIRLSPRIMARY SCHOOL
36392431-d554-5385-b876-7bc6e1cb26b3,46,NYAMIRA,60ef9fe8-a103-57d2-9e94-3df5257dd4c4,273,BORABU,3ee68dc3-3784-565f-9ec7-9738da887d59,1365,ESISE,ac827e7d-b259-579b-9ccb-f22cbaae86be,56,MECHEO PRIMARY SCHOOL
36392431-d554-5385-b876-7bc6e1cb26b3,46,NYAMIRA,60ef9fe8-a103-57d2-9e94-3df5257dd4c4,273,BORABU,3ee68dc3-3784-565f-9ec7-9738da887d59,1365,ESISE,c080f74a-0aa9-5b81-b5bf-17181a7b0d4d,57,ENDEMU D.E.B. PRIMARY SCHOOL
36392431-d554-5385-b876-7bc6e1cb26b3,46,NYAMIRA,60ef9fe8-a103-57d2-9e94-3df5257dd4c4,273,BORABU,3ee68dc3-3784-565f-9ec7-9738da887d59,1365,ESISE,21450d4f-7cf1-5010-b06c-e41a614894e3,58,NYANSAKIA PRIMARY SCHOOL
36392431-d554-5385-b876-7bc6e1cb26b3,46,NYAMIRA,60ef9fe8-a103-57d2-9e94-3df5257dd4c4,273,BORABU,3ee68dc3-3784-565f-9ec7-9738da887d59,1365,ESISE,8961ec93-0d3c-5899-a5a5-a2f382de8645,59,MATUNWA PRIMARY SCHOOL
36392431-d554-5385-b876-7bc6e1cb26b3,46,NYAMIRA,60ef9fe8-a103-57d2-9e94-3df5257dd4c4,273,BORABU,3ee68dc3-3784-565f-9ec7-9738da887d59,1365,ESISE,66a936ec-13ed-5bad-9c4e-21f6134b04f1,60,GESABAKWA TEA BUYING CENTRE
36392431-d554-5385-b876-7bc6e1cb26b3,46,NYAMIRA,60ef9fe8-a103-57d2-9e94-3df5257dd4c4,273,BORABU,3ee68dc3-3784-565f-9ec7-9738da887d59,1365,ESISE,4d2a5dfb-364f-5a5a-908b-9803346d1358,61,ENSAKIA PRIMARY SCHOOL
36392431-d554-5385-b876-7bc6e1cb26b3,46,NYAMIRA,60ef9fe8-a103-57d2-9e94-3df5257dd4c4,273,BORABU,3ee68dc3-3784-565f-9ec7-9738da887d59,1365,ESISE,969026b2-48b8-5347-86ec-105542f2b714,62,ITUMBE SDA PRIMARY SCHOOL
36392431-d554-5385-b876-7bc6e1cb26b3,46,NYAMIRA,60ef9fe8-a103-57d2-9e94-3df5257dd4c4,273,BORABU,3ee68dc3-3784-565f-9ec7-9738da887d59,1365,ESISE,3e756409-ebf4-5a86-9905-93bee9a93f87,63,ISOGE PRIMARY SCHOOL
36392431-d554-5385-b876-7bc6e1cb26b3,46,NYAMIRA,60ef9fe8-a103-57d2-9e94-3df5257dd4c4,273,BORABU,3ee68dc3-3784-565f-9ec7-9738da887d59,1365,ESISE,1803aecf-f365-5615-aced-6e25fcabafed,64,RIANYAEMO D.E.B. PRIMARY SCHOOL
36392431-d554-5385-b876-7bc6e1cb26b3,46,NYAMIRA,60ef9fe8-a103-57d2-9e94-3df5257dd4c4,273,BORABU,3ee68dc3-3784-565f-9ec7-9738da887d59,1365,ESISE,4cb5a90f-70a9-57fb-b90e-9d023e538519,73,ENSINYO PRIMARY SCHOOL
36392431-d554-5385-b876-7bc6e1cb26b3,46,NYAMIRA,60ef9fe8-a103-57d2-9e94-3df5257dd4c4,273,BORABU,3ee68dc3-3784-565f-9ec7-9738da887d59,1365,ESISE,e62d6bb5-08f6-50b3-96bb-b1e402f18994,74,ISEKERARIO MOIGE TEA BUYING CENTRE
