cadb7952-2bba-5609-88d4-8e47ec4e7920,18,NYANDARUA,7991245b-296e-5631-bed7-4e46a3af034f,89,KINANGOP,356ccbfb-39b3-5576-abc0-074a92e3afa8,441,ENGINEER,1907c7a0-cf47-5322-934e-acf214f73eb6,1,MURUAKI SECONDARY SCHOOL
cadb7952-2bba-5609-88d4-8e47ec4e7920,18,NYANDARUA,7991245b-296e-5631-bed7-4e46a3af034f,89,KINANGOP,356ccbfb-39b3-5576-abc0-074a92e3afa8,441,ENGINEER,dd729b89-7fb7-51a4-ada5-ddf86d1e65a9,2,MURUAKI PRIMARY SCHOOL.
cadb7952-2bba-5609-88d4-8e47ec4e7920,18,NYANDARUA,7991245b-296e-5631-bed7-4e46a3af034f,89,KINANGOP,356ccbfb-39b3-5576-abc0-074a92e3afa8,441,ENGINEER,dabdfec9-8174-5d3b-a4ed-4948cf6afb13,3,KAHURU PRIMARY SCHOOL.
cadb7952-2bba-5609-88d4-8e47ec4e7920,18,NYANDARUA,7991245b-296e-5631-bed7-4e46a3af034f,89,KINANGOP,356ccbfb-39b3-5576-abc0-074a92e3afa8,441,ENGINEER,01365399-ddb4-528d-b262-8a386c3063f6,4,MATUNDURA PRIMARY SCHOOL.
cadb7952-2bba-5609-88d4-8e47ec4e7920,18,NYANDARUA,7991245b-296e-5631-bed7-4e46a3af034f,89,KINANGOP,356ccbfb-39b3-5576-abc0-074a92e3afa8,441,ENGINEER,5aef2c12-f45a-50e7-97a7-42a449754b70,5,MUTHOMI PRIMARY SCHOOL.
cadb7952-2bba-5609-88d4-8e47ec4e7920,18,NYANDARUA,7991245b-296e-5631-bed7-4e46a3af034f,89,KINANGOP,356ccbfb-39b3-5576-abc0-074a92e3afa8,441,ENGINEER,591235f8-aa0d-5a93-ac67-4442af84aa86,6,MUNYAKA PRIMARY SCHOOL.
cadb7952-2bba-5609-88d4-8e47ec4e7920,18,NYANDARUA,7991245b-296e-5631-bed7-4e46a3af034f,89,KINANGOP,356ccbfb-39b3-5576-abc0-074a92e3afa8,441,ENGINEER,54d13bb6-5eb1-5f36-b635-e2356c1861fc,7,KIJIKO PRIMARY SCHOOL.
cadb7952-2bba-5609-88d4-8e47ec4e7920,18,NYANDARUA,7991245b-296e-5631-bed7-4e46a3af034f,89,KINANGOP,356ccbfb-39b3-5576-abc0-074a92e3afa8,441,ENGINEER,eb54a50c-0246-5f7c-92bb-5a93a90849fd,8,CENTRE PRIMARY SCHOOL.
cadb7952-2bba-5609-88d4-8e47ec4e7920,18,NYANDARUA,7991245b-296e-5631-bed7-4e46a3af034f,89,KINANGOP,356ccbfb-39b3-5576-abc0-074a92e3afa8,441,ENGINEER,708e09f4-c499-5d63-960f-a27ec95f9f35,9,MBIRITHI PRIMARY SCHOOL.
cadb7952-2bba-5609-88d4-8e47ec4e7920,18,NYANDARUA,7991245b-296e-5631-bed7-4e46a3af034f,89,KINANGOP,356ccbfb-39b3-5576-abc0-074a92e3afa8,441,ENGINEER,60b1ddfa-d562-59b8-aeea-db93599d92c9,10,KAMUNYAKA PRIMARY SCHOOL.
cadb7952-2bba-5609-88d4-8e47ec4e7920,18,NYANDARUA,7991245b-296e-5631-bed7-4e46a3af034f,89,KINANGOP,356ccbfb-39b3-5576-abc0-074a92e3afa8,441,ENGINEER,a264372f-2f58-5c02-9ac5-03d6e574a088,11,MUTI-INI PRIMARY SCHOOL.
cadb7952-2bba-5609-88d4-8e47ec4e7920,18,NYANDARUA,7991245b-296e-5631-bed7-4e46a3af034f,89,KINANGOP,356ccbfb-39b3-5576-abc0-074a92e3afa8,441,ENGINEER,83af825e-c11e-56d4-a963-520700fa5089,12,KAIMBA NURSERY SCHOOL
cadb7952-2bba-5609-88d4-8e47ec4e7920,18,NYANDARUA,7991245b-296e-5631-bed7-4e46a3af034f,89,KINANGOP,356ccbfb-39b3-5576-abc0-074a92e3afa8,441,ENGINEER,8ffa4140-0c0e-558d-a0de-31ba9f197463,13,KANYUGI PRIMARY SCHOOL
cadb7952-2bba-5609-88d4-8e47ec4e7920,18,NYANDARUA,7991245b-296e-5631-bed7-4e46a3af034f,89,KINANGOP,356ccbfb-39b3-5576-abc0-074a92e3afa8,441,ENGINEER,cc40280b-bc9b-5982-b5fd-17f6c4cf31bb,101,RUGONGO PRIMARY SCHOOL
cadb7952-2bba-5609-88d4-8e47ec4e7920,18,NYANDARUA,7991245b-296e-5631-bed7-4e46a3af034f,89,KINANGOP,356ccbfb-39b3-5576-abc0-074a92e3afa8,441,ENGINEER,fb06736c-1245-5481-8c07-b2a5fafe8a98,102,SOWETO CATTLE DIP
cadb7952-2bba-5609-88d4-8e47ec4e7920,18,NYANDARUA,7991245b-296e-5631-bed7-4e46a3af034f,89,KINANGOP,356ccbfb-39b3-5576-abc0-074a92e3afa8,441,ENGINEER,b289e614-ba58-51ba-808d-9e112a034d29,103,KANGUTU PRIMARY SCHOOL
cadb7952-2bba-5609-88d4-8e47ec4e7920,18,NYANDARUA,7991245b-296e-5631-bed7-4e46a3af034f,89,KINANGOP,50d8e2b2-e6e0-56cd-9441-d4428bab32e0,442,GATHARA,76098786-e91d-5c95-8fab-85a6783d4629,14,MWITEITHIA PRIMARY SCHOOL.
cadb7952-2bba-5609-88d4-8e47ec4e7920,18,NYANDARUA,7991245b-296e-5631-bed7-4e46a3af034f,89,KINANGOP,50d8e2b2-e6e0-56cd-9441-d4428bab32e0,442,GATHARA,3b5cf6ad-6a46-5a98-b508-1ac98ea0b2a0,15,TULAGA PRIMARY SCHOOL.
cadb7952-2bba-5609-88d4-8e47ec4e7920,18,NYANDARUA,7991245b-296e-5631-bed7-4e46a3af034f,89,KINANGOP,50d8e2b2-e6e0-56cd-9441-d4428bab32e0,442,GATHARA,03c78bce-124b-588f-8b56-b6cd3d5ec6d9,16,KAROROHA PRIMARY SCHOOL.
cadb7952-2bba-5609-88d4-8e47ec4e7920,18,NYANDARUA,7991245b-296e-5631-bed7-4e46a3af034f,89,KINANGOP,50d8e2b2-e6e0-56cd-9441-d4428bab32e0,442,GATHARA,effa8140-d599-5a7d-abdd-3ae69a269603,17,RAITHA PRIMARY SCHOOL.
cadb7952-2bba-5609-88d4-8e47ec4e7920,18,NYANDARUA,7991245b-296e-5631-bed7-4e46a3af034f,89,KINANGOP,50d8e2b2-e6e0-56cd-9441-d4428bab32e0,442,GATHARA,c293b144-05f8-5977-bbf7-880f18cba363,18,GATHARA PRIMARY SCHOOL.
cadb7952-2bba-5609-88d4-8e47ec4e7920,18,NYANDARUA,7991245b-296e-5631-bed7-4e46a3af034f,89,KINANGOP,50d8e2b2-e6e0-56cd-9441-d4428bab32e0,442,GATHARA,69ee8485-4633-57d0-9012-faf61ba069e2,19,KINJA PRIMARY SCHOOL.
cadb7952-2bba-5609-88d4-8e47ec4e7920,18,NYANDARUA,7991245b-296e-5631-bed7-4e46a3af034f,89,KINANGOP,50d8e2b2-e6e0-56cd-9441-d4428bab32e0,442,GATHARA,31aec73b-743a-5b6e-a804-1a07b37faac7,20,KITIRI PRIMARY SCHOOL.
cadb7952-2bba-5609-88d4-8e47ec4e7920,18,NYANDARUA,7991245b-296e-5631-bed7-4e46a3af034f,89,KINANGOP,50d8e2b2-e6e0-56cd-9441-d4428bab32e0,442,GATHARA,069d62dc-9f61-5b50-9bbe-fa5954ee5d71,21,MUTAMAIYU PRIMARY SCHOOL.
cadb7952-2bba-5609-88d4-8e47ec4e7920,18,NYANDARUA,7991245b-296e-5631-bed7-4e46a3af034f,89,KINANGOP,50d8e2b2-e6e0-56cd-9441-d4428bab32e0,442,GATHARA,d1af9f9d-4966-5c52-a761-7475afc55890,22,KARIAHU PRIMARY SCHOOL.
cadb7952-2bba-5609-88d4-8e47ec4e7920,18,NYANDARUA,7991245b-296e-5631-bed7-4e46a3af034f,89,KINANGOP,50d8e2b2-e6e0-56cd-9441-d4428bab32e0,442,GATHARA,8843c6cb-8d20-5a4b-bc82-0d016525ca43,23,MWIHOKO PRIMARY SCHOOL.
cadb7952-2bba-5609-88d4-8e47ec4e7920,18,NYANDARUA,7991245b-296e-5631-bed7-4e46a3af034f,89,KINANGOP,50d8e2b2-e6e0-56cd-9441-d4428bab32e0,442,GATHARA,e1390862-9510-5cd8-9311-657ba5301065,24,GITITE NURSERY SCHOOL
cadb7952-2bba-5609-88d4-8e47ec4e7920,18,NYANDARUA,7991245b-296e-5631-bed7-4e46a3af034f,89,KINANGOP,50d8e2b2-e6e0-56cd-9441-d4428bab32e0,442,GATHARA,fc208171-38d7-5ed7-b389-4223dea1d9b9,25,KANAMBA PRIMARY SCHOOL.
cadb7952-2bba-5609-88d4-8e47ec4e7920,18,NYANDARUA,7991245b-296e-5631-bed7-4e46a3af034f,89,KINANGOP,50d8e2b2-e6e0-56cd-9441-d4428bab32e0,442,GATHARA,70e49390-a1dc-5047-ad4b-a7afde6cee24,26,KIAHUHO PRIMARY SCHOOL
cadb7952-2bba-5609-88d4-8e47ec4e7920,18,NYANDARUA,7991245b-296e-5631-bed7-4e46a3af034f,89,KINANGOP,50d8e2b2-e6e0-56cd-9441-d4428bab32e0,442,GATHARA,0c110c75-76e1-5689-806e-edb30d6a560a,27,MUNYAKA HEALTH CENTRE
cadb7952-2bba-5609-88d4-8e47ec4e7920,18,NYANDARUA,7991245b-296e-5631-bed7-4e46a3af034f,89,KINANGOP,50d8e2b2-e6e0-56cd-9441-d4428bab32e0,442,GATHARA,ebc919bb-f008-5acf-a8e5-34f3bc948c92,28,GRACE WANJIRU MEMORIAL PRIMARY SCHO
cadb7952-2bba-5609-88d4-8e47ec4e7920,18,NYANDARUA,7991245b-296e-5631-bed7-4e46a3af034f,89,KINANGOP,50d8e2b2-e6e0-56cd-9441-d4428bab32e0,442,GATHARA,d390c8ad-cebf-5727-9482-a7e48846d296,29,NORTH KINANGOP YOUTH POLYTECHNIC
cadb7952-2bba-5609-88d4-8e47ec4e7920,18,NYANDARUA,7991245b-296e-5631-bed7-4e46a3af034f,89,KINANGOP,50d8e2b2-e6e0-56cd-9441-d4428bab32e0,442,GATHARA,1527041f-77e8-56b7-af83-7226783c53b6,104,GITHUNGURI PRIMARY SCHOOL
cadb7952-2bba-5609-88d4-8e47ec4e7920,18,NYANDARUA,7991245b-296e-5631-bed7-4e46a3af034f,89,KINANGOP,50d8e2b2-e6e0-56cd-9441-d4428bab32e0,442,GATHARA,0dd4f2a5-101a-520e-9900-c65bd8449829,106,URUMWE NURSERY SCHOOL
cadb7952-2bba-5609-88d4-8e47ec4e7920,18,NYANDARUA,7991245b-296e-5631-bed7-4e46a3af034f,89,KINANGOP,ea998412-3d71-53e3-a292-7a0baa037982,443,NORTH KINANGOP,556902db-71cb-5e6d-b330-0d264b14b507,30,KAWAMAITHA PRIMARY SCHOOL.
cadb7952-2bba-5609-88d4-8e47ec4e7920,18,NYANDARUA,7991245b-296e-5631-bed7-4e46a3af034f,89,KINANGOP,ea998412-3d71-53e3-a292-7a0baa037982,443,NORTH KINANGOP,381ae7e7-4ffc-5ae0-8cff-bc7cba1a435a,31,KIAMBARIKI PRIMARY SCHOOL.
cadb7952-2bba-5609-88d4-8e47ec4e7920,18,NYANDARUA,7991245b-296e-5631-bed7-4e46a3af034f,89,KINANGOP,ea998412-3d71-53e3-a292-7a0baa037982,443,NORTH KINANGOP,c49de2fa-d3f7-5ff0-a100-1e98f5d20ccf,32,KIRIA PRIMARY SCHOOL.
cadb7952-2bba-5609-88d4-8e47ec4e7920,18,NYANDARUA,7991245b-296e-5631-bed7-4e46a3af034f,89,KINANGOP,ea998412-3d71-53e3-a292-7a0baa037982,443,NORTH KINANGOP,37c1a2f4-54d4-5a44-b4d1-cded95c19c40,33,KITOGO PRIMARY SCHOOL
cadb7952-2bba-5609-88d4-8e47ec4e7920,18,NYANDARUA,7991245b-296e-5631-bed7-4e46a3af034f,89,KINANGOP,ea998412-3d71-53e3-a292-7a0baa037982,443,NORTH KINANGOP,85348b1a-a8a2-5b9a-b60d-9f8bf113f65a,34,MUHUTI PRIMARY SCHOOL.
cadb7952-2bba-5609-88d4-8e47ec4e7920,18,NYANDARUA,7991245b-296e-5631-bed7-4e46a3af034f,89,KINANGOP,ea998412-3d71-53e3-a292-7a0baa037982,443,NORTH KINANGOP,b02b6411-7a36-5a94-ae79-feb5c927c9d2,35,ABERDARE PRIMARY SCHOOL.
cadb7952-2bba-5609-88d4-8e47ec4e7920,18,NYANDARUA,7991245b-296e-5631-bed7-4e46a3af034f,89,KINANGOP,ea998412-3d71-53e3-a292-7a0baa037982,443,NORTH KINANGOP,3254b96f-b5f0-5e16-b689-1fb596ecc794,36,NDUNYU NJERU PRIMARY SCHOOL
cadb7952-2bba-5609-88d4-8e47ec4e7920,18,NYANDARUA,7991245b-296e-5631-bed7-4e46a3af034f,89,KINANGOP,ea998412-3d71-53e3-a292-7a0baa037982,443,NORTH KINANGOP,58112ef4-8ca1-5b7e-8fed-8a6481f46e88,37,NDUNYU-NJERU SECONDARY SCHOOL.
cadb7952-2bba-5609-88d4-8e47ec4e7920,18,NYANDARUA,7991245b-296e-5631-bed7-4e46a3af034f,89,KINANGOP,ea998412-3d71-53e3-a292-7a0baa037982,443,NORTH KINANGOP,95dfd316-9b64-557f-820d-0dbfdb42393f,38,KIANDEGE PRIMARY SCHOOL
cadb7952-2bba-5609-88d4-8e47ec4e7920,18,NYANDARUA,7991245b-296e-5631-bed7-4e46a3af034f,89,KINANGOP,ea998412-3d71-53e3-a292-7a0baa037982,443,NORTH KINANGOP,aff20808-7267-53bf-8f2e-9b5187d66f69,107,GITITE PRIMARY SCHOOL
cadb7952-2bba-5609-88d4-8e47ec4e7920,18,NYANDARUA,7991245b-296e-5631-bed7-4e46a3af034f,89,KINANGOP,22431297-149f-53ea-a8f0-8207d0365ea0,444,MURUNGARU,99e2c402-e048-59e6-bd8e-8a554556de0c,39,MURUNGARU PRIMARY SCHOOL.
cadb7952-2bba-5609-88d4-8e47ec4e7920,18,NYANDARUA,7991245b-296e-5631-bed7-4e46a3af034f,89,KINANGOP,22431297-149f-53ea-a8f0-8207d0365ea0,444,MURUNGARU,ad356bb3-4a9f-5e43-8e70-8bd9f61c7080,40,MWIHOTI PRIMARY SCHOOL.
cadb7952-2bba-5609-88d4-8e47ec4e7920,18,NYANDARUA,7991245b-296e-5631-bed7-4e46a3af034f,89,KINANGOP,22431297-149f-53ea-a8f0-8207d0365ea0,444,MURUNGARU,6f729b08-fb67-529a-ba39-8f35907abe61,41,KIHUMBU PRIMARY SCHOOL.
cadb7952-2bba-5609-88d4-8e47ec4e7920,18,NYANDARUA,7991245b-296e-5631-bed7-4e46a3af034f,89,KINANGOP,22431297-149f-53ea-a8f0-8207d0365ea0,444,MURUNGARU,43fa43e9-8dd5-5691-ad76-86916e56c02a,42,MUGUMO-INI PRIMARY SCHOOL.
cadb7952-2bba-5609-88d4-8e47ec4e7920,18,NYANDARUA,7991245b-296e-5631-bed7-4e46a3af034f,89,KINANGOP,22431297-149f-53ea-a8f0-8207d0365ea0,444,MURUNGARU,e5618137-5b4b-51a1-bd1c-ed2831ef2c28,43,MKUNGI PRIMARY SCHOOL.
cadb7952-2bba-5609-88d4-8e47ec4e7920,18,NYANDARUA,7991245b-296e-5631-bed7-4e46a3af034f,89,KINANGOP,22431297-149f-53ea-a8f0-8207d0365ea0,444,MURUNGARU,9aeacf6c-cdc8-5d56-a8d9-59e2626bb077,44,KIRARWA PRIMARY SCHOOL.
cadb7952-2bba-5609-88d4-8e47ec4e7920,18,NYANDARUA,7991245b-296e-5631-bed7-4e46a3af034f,89,KINANGOP,22431297-149f-53ea-a8f0-8207d0365ea0,444,MURUNGARU,5feede90-0f54-578b-ae3d-5b79e061e459,45,KAHUHO PRIMARY SCHOOL.
cadb7952-2bba-5609-88d4-8e47ec4e7920,18,NYANDARUA,7991245b-296e-5631-bed7-4e46a3af034f,89,KINANGOP,22431297-149f-53ea-a8f0-8207d0365ea0,444,MURUNGARU,78f02393-c066-5d67-8b96-75722ef1f02d,46,KAMIRANGI PRIMARY SCHOOL.
cadb7952-2bba-5609-88d4-8e47ec4e7920,18,NYANDARUA,7991245b-296e-5631-bed7-4e46a3af034f,89,KINANGOP,22431297-149f-53ea-a8f0-8207d0365ea0,444,MURUNGARU,09d6b879-0ed6-5c16-8ee1-7c6e6605b9ce,47,KIMURI SECONDARY SCHOOL.
cadb7952-2bba-5609-88d4-8e47ec4e7920,18,NYANDARUA,7991245b-296e-5631-bed7-4e46a3af034f,89,KINANGOP,22431297-149f-53ea-a8f0-8207d0365ea0,444,MURUNGARU,f9f1598f-e9f4-5e52-aee7-4e6ac3b56b17,48,KIAMBAA PRIMARY SCHOOL.
cadb7952-2bba-5609-88d4-8e47ec4e7920,18,NYANDARUA,7991245b-296e-5631-bed7-4e46a3af034f,89,KINANGOP,22431297-149f-53ea-a8f0-8207d0365ea0,444,MURUNGARU,d5eec341-865e-54b6-bb62-8a056a4086f3,49,GACHARAGE PRIMARY SCHOOL.
cadb7952-2bba-5609-88d4-8e47ec4e7920,18,NYANDARUA,7991245b-296e-5631-bed7-4e46a3af034f,89,KINANGOP,22431297-149f-53ea-a8f0-8207d0365ea0,444,MURUNGARU,2759efca-5e42-574e-9786-84dd67f4d601,50,MWIRUTI PRIMARY SCHOOL.
cadb7952-2bba-5609-88d4-8e47ec4e7920,18,NYANDARUA,7991245b-296e-5631-bed7-4e46a3af034f,89,KINANGOP,22431297-149f-53ea-a8f0-8207d0365ea0,444,MURUNGARU,12bc29d5-aea4-564c-aa00-9512c744c9c3,51,KAMBATA PRIMARY SCHOOL.
cadb7952-2bba-5609-88d4-8e47ec4e7920,18,NYANDARUA,7991245b-296e-5631-bed7-4e46a3af034f,89,KINANGOP,22431297-149f-53ea-a8f0-8207d0365ea0,444,MURUNGARU,5f3bc69b-69fa-5d72-9a36-097dc1a1919a,52,MIKARO PRIMARY SCHOOL.
cadb7952-2bba-5609-88d4-8e47ec4e7920,18,NYANDARUA,7991245b-296e-5631-bed7-4e46a3af034f,89,KINANGOP,22431297-149f-53ea-a8f0-8207d0365ea0,444,MURUNGARU,eb2df233-b100-514b-95b8-e8a2f6c87754,53,KAHURIA PRIMARY SCHOOL.
cadb7952-2bba-5609-88d4-8e47ec4e7920,18,NYANDARUA,7991245b-296e-5631-bed7-4e46a3af034f,89,KINANGOP,22431297-149f-53ea-a8f0-8207d0365ea0,444,MURUNGARU,b05ce913-83c1-5d42-a180-8920e774aa23,54,HIANYU PRIMARY SCHOOL
cadb7952-2bba-5609-88d4-8e47ec4e7920,18,NYANDARUA,7991245b-296e-5631-bed7-4e46a3af034f,89,KINANGOP,22431297-149f-53ea-a8f0-8207d0365ea0,444,MURUNGARU,cfbe978f-e2d3-5089-b97f-f60bf14e3244,55,NDARACHA-INI PRIMARY SCHOOL
cadb7952-2bba-5609-88d4-8e47ec4e7920,18,NYANDARUA,7991245b-296e-5631-bed7-4e46a3af034f,89,KINANGOP,22431297-149f-53ea-a8f0-8207d0365ea0,444,MURUNGARU,5d3a6506-1c0c-5a12-b8a6-e78ed81565c6,108,KIRATHIMO PRIMARY SCHOOL
cadb7952-2bba-5609-88d4-8e47ec4e7920,18,NYANDARUA,7991245b-296e-5631-bed7-4e46a3af034f,89,KINANGOP,979c08d2-0839-54da-84b6-5fb807b1d495,445,NJABINI\KIBURU,26497b11-feb9-59b6-8d4e-d9f8413e92c6,56,NJABINI PRIMARY SCHOOL
cadb7952-2bba-5609-88d4-8e47ec4e7920,18,NYANDARUA,7991245b-296e-5631-bed7-4e46a3af034f,89,KINANGOP,979c08d2-0839-54da-84b6-5fb807b1d495,445,NJABINI\KIBURU,f829c31c-5cd4-5551-bc48-4fffa04c0828,57,SASUMUA PRIMARY SCHOOL.
cadb7952-2bba-5609-88d4-8e47ec4e7920,18,NYANDARUA,7991245b-296e-5631-bed7-4e46a3af034f,89,KINANGOP,979c08d2-0839-54da-84b6-5fb807b1d495,445,NJABINI\KIBURU,55ca5a3a-354d-525b-9b00-e7866ff017b3,58,CHURIRI PRIMARY SCHOOL.
cadb7952-2bba-5609-88d4-8e47ec4e7920,18,NYANDARUA,7991245b-296e-5631-bed7-4e46a3af034f,89,KINANGOP,979c08d2-0839-54da-84b6-5fb807b1d495,445,NJABINI\KIBURU,ebb86988-5a4f-591b-a3b6-54dcd56c8454,59,MUCIBAU PRIMARY SCHOOL.
cadb7952-2bba-5609-88d4-8e47ec4e7920,18,NYANDARUA,7991245b-296e-5631-bed7-4e46a3af034f,89,KINANGOP,979c08d2-0839-54da-84b6-5fb807b1d495,445,NJABINI\KIBURU,33f515aa-7aec-50f0-a547-f73ecbdbf601,60,KIMATHI PRIMARY SCHOOL.
cadb7952-2bba-5609-88d4-8e47ec4e7920,18,NYANDARUA,7991245b-296e-5631-bed7-4e46a3af034f,89,KINANGOP,979c08d2-0839-54da-84b6-5fb807b1d495,445,NJABINI\KIBURU,f49f7bc2-b2ac-5c68-b126-a9e999f76002,61,ST.LWANGA NURSERY SCHOOL.
cadb7952-2bba-5609-88d4-8e47ec4e7920,18,NYANDARUA,7991245b-296e-5631-bed7-4e46a3af034f,89,KINANGOP,979c08d2-0839-54da-84b6-5fb807b1d495,445,NJABINI\KIBURU,ab718aba-1845-56a3-8abe-a8c5d45cf0b2,62,MT. KINANGOP GIRLS SECONDARY SCHOOL.
cadb7952-2bba-5609-88d4-8e47ec4e7920,18,NYANDARUA,7991245b-296e-5631-bed7-4e46a3af034f,89,KINANGOP,979c08d2-0839-54da-84b6-5fb807b1d495,445,NJABINI\KIBURU,ef57d83a-66e5-54dd-aea2-60db0cfdcc84,63,NJABINI AGRICULTURAL TRAINING COLLEGE
cadb7952-2bba-5609-88d4-8e47ec4e7920,18,NYANDARUA,7991245b-296e-5631-bed7-4e46a3af034f,89,KINANGOP,979c08d2-0839-54da-84b6-5fb807b1d495,445,NJABINI\KIBURU,1256bf56-42dd-5359-ac0c-c34975385d75,64,WARURUNGANA CATTLE DIP.
cadb7952-2bba-5609-88d4-8e47ec4e7920,18,NYANDARUA,7991245b-296e-5631-bed7-4e46a3af034f,89,KINANGOP,979c08d2-0839-54da-84b6-5fb807b1d495,445,NJABINI\KIBURU,a693a8da-b575-55aa-b347-bafbf71d627f,65,CHANIA PRIMARY SCHOOL.
cadb7952-2bba-5609-88d4-8e47ec4e7920,18,NYANDARUA,7991245b-296e-5631-bed7-4e46a3af034f,89,KINANGOP,979c08d2-0839-54da-84b6-5fb807b1d495,445,NJABINI\KIBURU,47fc6191-d38d-5a71-ad3c-767fd245b4db,66,KIONEKI PRIMARY SCHOOL
cadb7952-2bba-5609-88d4-8e47ec4e7920,18,NYANDARUA,7991245b-296e-5631-bed7-4e46a3af034f,89,KINANGOP,979c08d2-0839-54da-84b6-5fb807b1d495,445,NJABINI\KIBURU,fc5bb706-6423-552a-86f0-f484280ddfa7,109,BETHSAIDA NURSERY SCHOOL
cadb7952-2bba-5609-88d4-8e47ec4e7920,18,NYANDARUA,7991245b-296e-5631-bed7-4e46a3af034f,89,KINANGOP,979c08d2-0839-54da-84b6-5fb807b1d495,445,NJABINI\KIBURU,6e1637e6-6bd7-5cf1-b3c3-3abd4a1d5315,110,KAROBOISE NURSERY SCHOOL
cadb7952-2bba-5609-88d4-8e47ec4e7920,18,NYANDARUA,7991245b-296e-5631-bed7-4e46a3af034f,89,KINANGOP,979c08d2-0839-54da-84b6-5fb807b1d495,445,NJABINI\KIBURU,a354ba75-9960-59c1-8150-d2b393c54619,111,SOIL NURSERY SCHOOL
cadb7952-2bba-5609-88d4-8e47ec4e7920,18,NYANDARUA,7991245b-296e-5631-bed7-4e46a3af034f,89,KINANGOP,3a5add8b-746d-5646-82fe-4060a335eb6a,446,NYAKIO,367b23d4-c3f5-5306-becd-55b9d5076016,67,YAANG'A PRIMARY SCHOOL.
cadb7952-2bba-5609-88d4-8e47ec4e7920,18,NYANDARUA,7991245b-296e-5631-bed7-4e46a3af034f,89,KINANGOP,3a5add8b-746d-5646-82fe-4060a335eb6a,446,NYAKIO,ea2dc831-0a51-542c-95c9-ac81073f5c88,68,RAGIA PRIMARY SCHOOL.
cadb7952-2bba-5609-88d4-8e47ec4e7920,18,NYANDARUA,7991245b-296e-5631-bed7-4e46a3af034f,89,KINANGOP,3a5add8b-746d-5646-82fe-4060a335eb6a,446,NYAKIO,6f963c28-ecc5-5671-9ac5-265803095050,69,BONGO PRIMARY SCHOOL.
cadb7952-2bba-5609-88d4-8e47ec4e7920,18,NYANDARUA,7991245b-296e-5631-bed7-4e46a3af034f,89,KINANGOP,3a5add8b-746d-5646-82fe-4060a335eb6a,446,NYAKIO,7761c851-131f-5b87-87ab-7678e0847649,70,CHEESE PRIMARY SCHOOL.
cadb7952-2bba-5609-88d4-8e47ec4e7920,18,NYANDARUA,7991245b-296e-5631-bed7-4e46a3af034f,89,KINANGOP,3a5add8b-746d-5646-82fe-4060a335eb6a,446,NYAKIO,5167301b-a65f-5fd1-9b73-6bbd7c85c745,71,RWANYAMBO PRIMARY SCHOOL.
cadb7952-2bba-5609-88d4-8e47ec4e7920,18,NYANDARUA,7991245b-296e-5631-bed7-4e46a3af034f,89,KINANGOP,3a5add8b-746d-5646-82fe-4060a335eb6a,446,NYAKIO,6a68ac88-ea6a-5324-b41d-762fee01497b,72,NJOGU-INI PRIMARY SCHOOL.
cadb7952-2bba-5609-88d4-8e47ec4e7920,18,NYANDARUA,7991245b-296e-5631-bed7-4e46a3af034f,89,KINANGOP,3a5add8b-746d-5646-82fe-4060a335eb6a,446,NYAKIO,622c742b-1a8c-5943-b88b-703ef3fb8e41,73,KIHUNGURU PRIMARY SCHOOL.
cadb7952-2bba-5609-88d4-8e47ec4e7920,18,NYANDARUA,7991245b-296e-5631-bed7-4e46a3af034f,89,KINANGOP,3a5add8b-746d-5646-82fe-4060a335eb6a,446,NYAKIO,29da752a-4d39-50de-b842-72b47e320617,74,KAGERAINI SECONDARY SCHOOL.
cadb7952-2bba-5609-88d4-8e47ec4e7920,18,NYANDARUA,7991245b-296e-5631-bed7-4e46a3af034f,89,KINANGOP,3a5add8b-746d-5646-82fe-4060a335eb6a,446,NYAKIO,1a293c43-3efb-5679-ac18-a8e5b78fefaa,75,HARAKA DISPENSARY
cadb7952-2bba-5609-88d4-8e47ec4e7920,18,NYANDARUA,7991245b-296e-5631-bed7-4e46a3af034f,89,KINANGOP,3a5add8b-746d-5646-82fe-4060a335eb6a,446,NYAKIO,b59a7ba1-05cd-53fb-985b-b7293301ce67,76,MUKIRI PRIMARY SCHOOL.
cadb7952-2bba-5609-88d4-8e47ec4e7920,18,NYANDARUA,7991245b-296e-5631-bed7-4e46a3af034f,89,KINANGOP,3a5add8b-746d-5646-82fe-4060a335eb6a,446,NYAKIO,83cdcd95-ce95-5240-b9d7-eadd18d5421e,77,MUKEU NURSERY SCHOOL.
cadb7952-2bba-5609-88d4-8e47ec4e7920,18,NYANDARUA,7991245b-296e-5631-bed7-4e46a3af034f,89,KINANGOP,3a5add8b-746d-5646-82fe-4060a335eb6a,446,NYAKIO,8c190145-9e34-54cb-b10d-53e4bd349210,78,BARA-INYA PRIMARY SCHOOL.
cadb7952-2bba-5609-88d4-8e47ec4e7920,18,NYANDARUA,7991245b-296e-5631-bed7-4e46a3af034f,89,KINANGOP,3a5add8b-746d-5646-82fe-4060a335eb6a,446,NYAKIO,5412161b-c326-5b87-b624-985043cabafa,112,HARAKA NURSERY SCHOOL
cadb7952-2bba-5609-88d4-8e47ec4e7920,18,NYANDARUA,7991245b-296e-5631-bed7-4e46a3af034f,89,KINANGOP,e78c4769-5847-5874-814b-2f768d0ca0c3,447,GITHABAI,4fa0d0e1-3df7-5650-bf48-83c625a9719b,79,HENI PRIMARY SCHOOL.
cadb7952-2bba-5609-88d4-8e47ec4e7920,18,NYANDARUA,7991245b-296e-5631-bed7-4e46a3af034f,89,KINANGOP,e78c4769-5847-5874-814b-2f768d0ca0c3,447,GITHABAI,de8dcddc-e270-52ca-93f8-d7127524a6dd,80,KAUGI PRIMARY SCHOOL.
cadb7952-2bba-5609-88d4-8e47ec4e7920,18,NYANDARUA,7991245b-296e-5631-bed7-4e46a3af034f,89,KINANGOP,e78c4769-5847-5874-814b-2f768d0ca0c3,447,GITHABAI,81a71630-2189-52d3-8fc8-673828a06997,81,KAHUHO NURSERY SCHOOL.
cadb7952-2bba-5609-88d4-8e47ec4e7920,18,NYANDARUA,7991245b-296e-5631-bed7-4e46a3af034f,89,KINANGOP,e78c4769-5847-5874-814b-2f768d0ca0c3,447,GITHABAI,047a2860-b69c-5fc7-9bc9-a62affae0278,82,GITHABAI PRIMARY SCHOOL.
cadb7952-2bba-5609-88d4-8e47ec4e7920,18,NYANDARUA,7991245b-296e-5631-bed7-4e46a3af034f,89,KINANGOP,e78c4769-5847-5874-814b-2f768d0ca0c3,447,GITHABAI,09e94dce-310a-5586-ba1d-16fa935fda34,83,KOINANGE PRIMARY SCHOOL.
cadb7952-2bba-5609-88d4-8e47ec4e7920,18,NYANDARUA,7991245b-296e-5631-bed7-4e46a3af034f,89,KINANGOP,e78c4769-5847-5874-814b-2f768d0ca0c3,447,GITHABAI,4186ef14-4f87-53b9-a8fd-4937abcf979f,84,NYAKIO PRIMARY SCHOOL.
cadb7952-2bba-5609-88d4-8e47ec4e7920,18,NYANDARUA,7991245b-296e-5631-bed7-4e46a3af034f,89,KINANGOP,e78c4769-5847-5874-814b-2f768d0ca0c3,447,GITHABAI,36a82274-69f1-5404-86e6-bbcd90d3b09f,85,NDOTHUA PRIMARY SCHOOL.
cadb7952-2bba-5609-88d4-8e47ec4e7920,18,NYANDARUA,7991245b-296e-5631-bed7-4e46a3af034f,89,KINANGOP,e78c4769-5847-5874-814b-2f768d0ca0c3,447,GITHABAI,3148e9da-8274-5b3d-a56e-ccf8cdf570da,86,MBOGANI PRIMARY SCHOOL.
cadb7952-2bba-5609-88d4-8e47ec4e7920,18,NYANDARUA,7991245b-296e-5631-bed7-4e46a3af034f,89,KINANGOP,e78c4769-5847-5874-814b-2f768d0ca0c3,447,GITHABAI,3032b64b-387c-5b73-a332-467aea0312a4,87,KIO PRIMARY SCHOOL.
cadb7952-2bba-5609-88d4-8e47ec4e7920,18,NYANDARUA,7991245b-296e-5631-bed7-4e46a3af034f,89,KINANGOP,e78c4769-5847-5874-814b-2f768d0ca0c3,447,GITHABAI,b69475d2-1492-5c91-a588-3f6a4be50a71,88,KARATI PRIMARY SCHOOL
cadb7952-2bba-5609-88d4-8e47ec4e7920,18,NYANDARUA,7991245b-296e-5631-bed7-4e46a3af034f,89,KINANGOP,e78c4769-5847-5874-814b-2f768d0ca0c3,447,GITHABAI,bdd9b5bf-769c-5152-b7fd-70ac8dc9b99e,89,KIAHUKO NURSERY SCHOOL
cadb7952-2bba-5609-88d4-8e47ec4e7920,18,NYANDARUA,7991245b-296e-5631-bed7-4e46a3af034f,89,KINANGOP,e78c4769-5847-5874-814b-2f768d0ca0c3,447,GITHABAI,cc5f9e82-61d6-571b-99df-7267d8514fa5,90,MICHINDA NURSERY SCHOOL
cadb7952-2bba-5609-88d4-8e47ec4e7920,18,NYANDARUA,7991245b-296e-5631-bed7-4e46a3af034f,89,KINANGOP,e78c4769-5847-5874-814b-2f768d0ca0c3,447,GITHABAI,35b7c093-9ab4-5b6a-9b3e-c879d3300e30,91,KENYATTA ROAD PRIMARY SCHOOL
cadb7952-2bba-5609-88d4-8e47ec4e7920,18,NYANDARUA,7991245b-296e-5631-bed7-4e46a3af034f,89,KINANGOP,e78c4769-5847-5874-814b-2f768d0ca0c3,447,GITHABAI,4b06e9dd-aea5-56c0-b725-e03033fd2999,113,KIRIAHU PRIMARY SCHOOL
cadb7952-2bba-5609-88d4-8e47ec4e7920,18,NYANDARUA,7991245b-296e-5631-bed7-4e46a3af034f,89,KINANGOP,e78c4769-5847-5874-814b-2f768d0ca0c3,447,GITHABAI,c161ce32-3b61-5dd1-bbb5-977e79cb11de,114,KINANGOP TECHNICAL TRAINING INSTITUTE
cadb7952-2bba-5609-88d4-8e47ec4e7920,18,NYANDARUA,7991245b-296e-5631-bed7-4e46a3af034f,89,KINANGOP,e78c4769-5847-5874-814b-2f768d0ca0c3,447,GITHABAI,bb14a9f0-79b1-582b-b60f-2a2bcc12d937,118,WORLDWIDE CHURCH KWA HARAKA
cadb7952-2bba-5609-88d4-8e47ec4e7920,18,NYANDARUA,7991245b-296e-5631-bed7-4e46a3af034f,89,KINANGOP,c8472553-b4f7-55e3-a840-af0a8c99a794,448,MAGUMU,9cba1e33-57d6-5e36-b847-f4c5d2dc9ec8,92,ST. CHRISTOPHER PRIMARY SCHOOL.
cadb7952-2bba-5609-88d4-8e47ec4e7920,18,NYANDARUA,7991245b-296e-5631-bed7-4e46a3af034f,89,KINANGOP,c8472553-b4f7-55e3-a840-af0a8c99a794,448,MAGUMU,b8188ff5-dc53-5e22-bbfb-6e600fd4ef9f,93,MUCHORUI PRIMARY SCHOOL.
cadb7952-2bba-5609-88d4-8e47ec4e7920,18,NYANDARUA,7991245b-296e-5631-bed7-4e46a3af034f,89,KINANGOP,c8472553-b4f7-55e3-a840-af0a8c99a794,448,MAGUMU,8bd4848c-3ae8-5547-97c4-2ee6c0266424,94,GITHINJI PRIMARY SCHOOL.
cadb7952-2bba-5609-88d4-8e47ec4e7920,18,NYANDARUA,7991245b-296e-5631-bed7-4e46a3af034f,89,KINANGOP,c8472553-b4f7-55e3-a840-af0a8c99a794,448,MAGUMU,3d5dfda0-5f36-53c7-980e-714515faea90,95,ST.MARY'S PRIMARY SCHOOL.
cadb7952-2bba-5609-88d4-8e47ec4e7920,18,NYANDARUA,7991245b-296e-5631-bed7-4e46a3af034f,89,KINANGOP,c8472553-b4f7-55e3-a840-af0a8c99a794,448,MAGUMU,8d6fb2a8-ae98-5a29-9f4d-a5d6859f7309,96,MUTONYORA PRIMARY SCHOOL.
cadb7952-2bba-5609-88d4-8e47ec4e7920,18,NYANDARUA,7991245b-296e-5631-bed7-4e46a3af034f,89,KINANGOP,c8472553-b4f7-55e3-a840-af0a8c99a794,448,MAGUMU,54319b8f-b691-59ba-8b6f-6ff56acb0c3c,97,BAMBOO NURSERY SCHOOL.
cadb7952-2bba-5609-88d4-8e47ec4e7920,18,NYANDARUA,7991245b-296e-5631-bed7-4e46a3af034f,89,KINANGOP,c8472553-b4f7-55e3-a840-af0a8c99a794,448,MAGUMU,2e5d3790-fe96-5a89-9438-96faf9be858d,98,MUTONYORA NURSERY SCHOOL.
cadb7952-2bba-5609-88d4-8e47ec4e7920,18,NYANDARUA,7991245b-296e-5631-bed7-4e46a3af034f,89,KINANGOP,c8472553-b4f7-55e3-a840-af0a8c99a794,448,MAGUMU,67363a32-9431-5f62-b244-4a614d047cf2,99,KIRIKO PRIMARY SCHOOL.
cadb7952-2bba-5609-88d4-8e47ec4e7920,18,NYANDARUA,7991245b-296e-5631-bed7-4e46a3af034f,89,KINANGOP,c8472553-b4f7-55e3-a840-af0a8c99a794,448,MAGUMU,c367ed4e-b4fe-513c-bc08-08e711262757,100,ST JOHN MWENDA-ANDU NURSERY SCHOOL
cadb7952-2bba-5609-88d4-8e47ec4e7920,18,NYANDARUA,7991245b-296e-5631-bed7-4e46a3af034f,89,KINANGOP,c8472553-b4f7-55e3-a840-af0a8c99a794,448,MAGUMU,648b8084-468a-5268-b82e-15aa30e7558b,116,BARAKA PRIMARY SCHOOL
cadb7952-2bba-5609-88d4-8e47ec4e7920,18,NYANDARUA,2620de25-6528-525b-bec9-fb9d1c34a4d4,90,KIPIPIRI,9adb4cb8-24c3-504f-a888-de7e845e82a7,449,WANJOHI,bac7e490-79d4-58fc-9c4c-0893619bff37,1,NDEMI PRIMARY SCHOOL
cadb7952-2bba-5609-88d4-8e47ec4e7920,18,NYANDARUA,2620de25-6528-525b-bec9-fb9d1c34a4d4,90,KIPIPIRI,9adb4cb8-24c3-504f-a888-de7e845e82a7,449,WANJOHI,a9fd8ec4-8214-5da9-99dd-4a63b3b10ef6,2,MICHORE PRIMARY SCHOOL
cadb7952-2bba-5609-88d4-8e47ec4e7920,18,NYANDARUA,2620de25-6528-525b-bec9-fb9d1c34a4d4,90,KIPIPIRI,9adb4cb8-24c3-504f-a888-de7e845e82a7,449,WANJOHI,c1b66a63-af4d-5eb4-9bf9-e32418570252,3,MUBAU PRIMARY SCHOOL
cadb7952-2bba-5609-88d4-8e47ec4e7920,18,NYANDARUA,2620de25-6528-525b-bec9-fb9d1c34a4d4,90,KIPIPIRI,9adb4cb8-24c3-504f-a888-de7e845e82a7,449,WANJOHI,109676a0-34d3-5945-9459-27d1248bb5bf,4,WANJOHI PRIMARY SCHOOL
cadb7952-2bba-5609-88d4-8e47ec4e7920,18,NYANDARUA,2620de25-6528-525b-bec9-fb9d1c34a4d4,90,KIPIPIRI,9adb4cb8-24c3-504f-a888-de7e845e82a7,449,WANJOHI,130b4bc0-6206-5ac9-8ba1-362b22be1815,5,NDIARA PRIMARY SCHOOL
cadb7952-2bba-5609-88d4-8e47ec4e7920,18,NYANDARUA,2620de25-6528-525b-bec9-fb9d1c34a4d4,90,KIPIPIRI,9adb4cb8-24c3-504f-a888-de7e845e82a7,449,WANJOHI,15bd6b78-0342-5bd3-bf82-039bfe978212,6,GITEI PRIMARY SCHOOL
cadb7952-2bba-5609-88d4-8e47ec4e7920,18,NYANDARUA,2620de25-6528-525b-bec9-fb9d1c34a4d4,90,KIPIPIRI,9adb4cb8-24c3-504f-a888-de7e845e82a7,449,WANJOHI,2871e48f-0df2-5b72-bfea-52af7c6c3457,7,MURERA NJAU PRIMARY SCHOOL
cadb7952-2bba-5609-88d4-8e47ec4e7920,18,NYANDARUA,2620de25-6528-525b-bec9-fb9d1c34a4d4,90,KIPIPIRI,9adb4cb8-24c3-504f-a888-de7e845e82a7,449,WANJOHI,39d11bdb-8843-5d6e-a4b5-50c80813d88d,8,GATONDO PRIMARY SCHOOL
cadb7952-2bba-5609-88d4-8e47ec4e7920,18,NYANDARUA,2620de25-6528-525b-bec9-fb9d1c34a4d4,90,KIPIPIRI,9adb4cb8-24c3-504f-a888-de7e845e82a7,449,WANJOHI,3606b26a-045d-535d-9535-e3060657db43,9,HUHIRIO PRIMARY SCHOOL
cadb7952-2bba-5609-88d4-8e47ec4e7920,18,NYANDARUA,2620de25-6528-525b-bec9-fb9d1c34a4d4,90,KIPIPIRI,9adb4cb8-24c3-504f-a888-de7e845e82a7,449,WANJOHI,d6e10952-ddd8-5020-8136-ad67f2e854c2,10,MAGOMANO PRIMARY SCHOOL
cadb7952-2bba-5609-88d4-8e47ec4e7920,18,NYANDARUA,2620de25-6528-525b-bec9-fb9d1c34a4d4,90,KIPIPIRI,9adb4cb8-24c3-504f-a888-de7e845e82a7,449,WANJOHI,e4d06506-1f4e-50c5-ae20-3563a575e109,11,NG'ARUA-RIRONI PRIMARY SCHOOL
cadb7952-2bba-5609-88d4-8e47ec4e7920,18,NYANDARUA,2620de25-6528-525b-bec9-fb9d1c34a4d4,90,KIPIPIRI,9adb4cb8-24c3-504f-a888-de7e845e82a7,449,WANJOHI,217309c9-0637-5ed7-a8b0-0270c03a183e,12,RAYETTA PRIMARY SCHOOL
cadb7952-2bba-5609-88d4-8e47ec4e7920,18,NYANDARUA,2620de25-6528-525b-bec9-fb9d1c34a4d4,90,KIPIPIRI,9adb4cb8-24c3-504f-a888-de7e845e82a7,449,WANJOHI,fe06239d-7e81-5c31-94a5-1a539566cb70,13,MWIRERI PRIMARY SCHOOL
cadb7952-2bba-5609-88d4-8e47ec4e7920,18,NYANDARUA,2620de25-6528-525b-bec9-fb9d1c34a4d4,90,KIPIPIRI,9adb4cb8-24c3-504f-a888-de7e845e82a7,449,WANJOHI,7d9679cf-2a00-56d0-9088-481317ec060c,14,SATIMA PRIMARY SCHOOL
cadb7952-2bba-5609-88d4-8e47ec4e7920,18,NYANDARUA,2620de25-6528-525b-bec9-fb9d1c34a4d4,90,KIPIPIRI,9adb4cb8-24c3-504f-a888-de7e845e82a7,449,WANJOHI,e9056320-3e10-5858-952e-0a3f52a03425,15,KARIMA PRIMARY SCHOOL
cadb7952-2bba-5609-88d4-8e47ec4e7920,18,NYANDARUA,2620de25-6528-525b-bec9-fb9d1c34a4d4,90,KIPIPIRI,9adb4cb8-24c3-504f-a888-de7e845e82a7,449,WANJOHI,17e49f99-0db3-589f-8b11-40902fe7ae66,16,KIAMBOGA PRIMARY SCHOOL
cadb7952-2bba-5609-88d4-8e47ec4e7920,18,NYANDARUA,2620de25-6528-525b-bec9-fb9d1c34a4d4,90,KIPIPIRI,9adb4cb8-24c3-504f-a888-de7e845e82a7,449,WANJOHI,6d6a4ceb-2b20-5c27-a0b3-a18bb389092f,17,KIBURUTI PRIMARY SCHOOL
cadb7952-2bba-5609-88d4-8e47ec4e7920,18,NYANDARUA,2620de25-6528-525b-bec9-fb9d1c34a4d4,90,KIPIPIRI,9adb4cb8-24c3-504f-a888-de7e845e82a7,449,WANJOHI,ca8d88c3-a48c-5148-8282-2e25b768033c,18,GICHIGIRIRA PRIMARY SCHOOL
cadb7952-2bba-5609-88d4-8e47ec4e7920,18,NYANDARUA,2620de25-6528-525b-bec9-fb9d1c34a4d4,90,KIPIPIRI,9adb4cb8-24c3-504f-a888-de7e845e82a7,449,WANJOHI,07d0b634-63f2-5804-b3eb-8e286264220a,19,MITI ITANO PRIMARY SCHOOL
cadb7952-2bba-5609-88d4-8e47ec4e7920,18,NYANDARUA,2620de25-6528-525b-bec9-fb9d1c34a4d4,90,KIPIPIRI,9adb4cb8-24c3-504f-a888-de7e845e82a7,449,WANJOHI,2a291a65-5199-5f82-86bc-89fdc8705f1c,20,HUHIRIO-B ECD
cadb7952-2bba-5609-88d4-8e47ec4e7920,18,NYANDARUA,2620de25-6528-525b-bec9-fb9d1c34a4d4,90,KIPIPIRI,9adb4cb8-24c3-504f-a888-de7e845e82a7,449,WANJOHI,5b119d3f-4050-5a64-885d-e5ec6c9b5432,21,KIMURU PRIMARY SCHOOL
cadb7952-2bba-5609-88d4-8e47ec4e7920,18,NYANDARUA,2620de25-6528-525b-bec9-fb9d1c34a4d4,90,KIPIPIRI,9adb4cb8-24c3-504f-a888-de7e845e82a7,449,WANJOHI,a02aac33-0724-5aa9-ad2e-215c1a7b5d3d,68,KIGOGO PRIMARY SCHOOL
cadb7952-2bba-5609-88d4-8e47ec4e7920,18,NYANDARUA,2620de25-6528-525b-bec9-fb9d1c34a4d4,90,KIPIPIRI,42d64419-be74-5c42-9911-d6d190728d6c,450,KIPIPIRI,d161c420-b8d7-51e3-9f95-5cf09cd531ec,22,KAMAHIA PRIMARY SCHOOL
cadb7952-2bba-5609-88d4-8e47ec4e7920,18,NYANDARUA,2620de25-6528-525b-bec9-fb9d1c34a4d4,90,KIPIPIRI,42d64419-be74-5c42-9911-d6d190728d6c,450,KIPIPIRI,ee1f1bdc-8cbe-5963-8445-289987ec84d7,23,KABATI PRIMARY SCHOOL
cadb7952-2bba-5609-88d4-8e47ec4e7920,18,NYANDARUA,2620de25-6528-525b-bec9-fb9d1c34a4d4,90,KIPIPIRI,42d64419-be74-5c42-9911-d6d190728d6c,450,KIPIPIRI,e87f81db-3bcc-5927-98d3-5050559f6e0d,24,MAHINDU PRIMARY SCHOOL
cadb7952-2bba-5609-88d4-8e47ec4e7920,18,NYANDARUA,2620de25-6528-525b-bec9-fb9d1c34a4d4,90,KIPIPIRI,42d64419-be74-5c42-9911-d6d190728d6c,450,KIPIPIRI,966836c2-08b7-54ac-afc8-fcaa3b2c8a10,25,MARA PRIMARY SCHOOL
cadb7952-2bba-5609-88d4-8e47ec4e7920,18,NYANDARUA,2620de25-6528-525b-bec9-fb9d1c34a4d4,90,KIPIPIRI,42d64419-be74-5c42-9911-d6d190728d6c,450,KIPIPIRI,4a2c89d3-21f3-5e31-8344-440c829364ab,26,BONDENI PRIMARY SCHOOL
cadb7952-2bba-5609-88d4-8e47ec4e7920,18,NYANDARUA,2620de25-6528-525b-bec9-fb9d1c34a4d4,90,KIPIPIRI,42d64419-be74-5c42-9911-d6d190728d6c,450,KIPIPIRI,a619f3c1-6bee-54e3-aedf-fe0efb4525d3,27,KIPIPIRI PRIMARY SCHOOL
cadb7952-2bba-5609-88d4-8e47ec4e7920,18,NYANDARUA,2620de25-6528-525b-bec9-fb9d1c34a4d4,90,KIPIPIRI,42d64419-be74-5c42-9911-d6d190728d6c,450,KIPIPIRI,30f38f2b-16bf-52ee-86f5-d8f22dea63be,28,MALEWA PRIMARY SCHOOL
cadb7952-2bba-5609-88d4-8e47ec4e7920,18,NYANDARUA,2620de25-6528-525b-bec9-fb9d1c34a4d4,90,KIPIPIRI,42d64419-be74-5c42-9911-d6d190728d6c,450,KIPIPIRI,3b83c57d-9e31-5eb7-be80-0138a4f7f260,29,IHIGA PRIMARY SCHOOL.
cadb7952-2bba-5609-88d4-8e47ec4e7920,18,NYANDARUA,2620de25-6528-525b-bec9-fb9d1c34a4d4,90,KIPIPIRI,42d64419-be74-5c42-9911-d6d190728d6c,450,KIPIPIRI,8d9a9ac9-b245-54ca-90a7-b1876a281015,30,KAHIGA PRIMARY SCHOOL
cadb7952-2bba-5609-88d4-8e47ec4e7920,18,NYANDARUA,2620de25-6528-525b-bec9-fb9d1c34a4d4,90,KIPIPIRI,42d64419-be74-5c42-9911-d6d190728d6c,450,KIPIPIRI,1bc50c13-1bc9-5099-89c4-c46fcbf6635c,31,KANYUA PRIMARY SCHOOL
cadb7952-2bba-5609-88d4-8e47ec4e7920,18,NYANDARUA,2620de25-6528-525b-bec9-fb9d1c34a4d4,90,KIPIPIRI,42d64419-be74-5c42-9911-d6d190728d6c,450,KIPIPIRI,c0551dae-6ec2-5d20-84d0-7c280d986b0d,32,MAHINGA PRIMARY SCHOOL
cadb7952-2bba-5609-88d4-8e47ec4e7920,18,NYANDARUA,2620de25-6528-525b-bec9-fb9d1c34a4d4,90,KIPIPIRI,42d64419-be74-5c42-9911-d6d190728d6c,450,KIPIPIRI,a8024edc-1d53-53bd-8a7a-e23c42c6907c,33,MUNYU-INI PRIMARY SCHOOL
cadb7952-2bba-5609-88d4-8e47ec4e7920,18,NYANDARUA,2620de25-6528-525b-bec9-fb9d1c34a4d4,90,KIPIPIRI,42d64419-be74-5c42-9911-d6d190728d6c,450,KIPIPIRI,b2e7385d-5222-5f6c-a948-6eac629b8e49,34,MACHINERY PRIMARY SCHOOL
cadb7952-2bba-5609-88d4-8e47ec4e7920,18,NYANDARUA,2620de25-6528-525b-bec9-fb9d1c34a4d4,90,KIPIPIRI,42d64419-be74-5c42-9911-d6d190728d6c,450,KIPIPIRI,570d7fbb-7942-55ec-b513-787f791b70a4,35,GITWE PRIMARY SCHOOL
cadb7952-2bba-5609-88d4-8e47ec4e7920,18,NYANDARUA,2620de25-6528-525b-bec9-fb9d1c34a4d4,90,KIPIPIRI,42d64419-be74-5c42-9911-d6d190728d6c,450,KIPIPIRI,5f4bed80-6603-5a44-ac12-810b3b5057a7,36,FOREST ONE PRIMARY SCHOOL
cadb7952-2bba-5609-88d4-8e47ec4e7920,18,NYANDARUA,2620de25-6528-525b-bec9-fb9d1c34a4d4,90,KIPIPIRI,42d64419-be74-5c42-9911-d6d190728d6c,450,KIPIPIRI,0657e481-3c91-56a0-80fb-af5536596a01,37,RUTUMO PRIMARY SCHOOL
cadb7952-2bba-5609-88d4-8e47ec4e7920,18,NYANDARUA,2620de25-6528-525b-bec9-fb9d1c34a4d4,90,KIPIPIRI,42d64419-be74-5c42-9911-d6d190728d6c,450,KIPIPIRI,76ea4b24-7b5a-5eca-866d-8921299bcc6d,38,WENDANI PRIMARY SCHOOL
cadb7952-2bba-5609-88d4-8e47ec4e7920,18,NYANDARUA,2620de25-6528-525b-bec9-fb9d1c34a4d4,90,KIPIPIRI,42d64419-be74-5c42-9911-d6d190728d6c,450,KIPIPIRI,f2d01723-3d69-5113-8f1e-a1218306894b,39,MANUNGA PRIMARY SCHOOL
cadb7952-2bba-5609-88d4-8e47ec4e7920,18,NYANDARUA,2620de25-6528-525b-bec9-fb9d1c34a4d4,90,KIPIPIRI,d8c3698a-d877-5faf-a6f8-fe89c4beb013,451,GETA,28b22e1e-3cfa-5fe0-9206-cdcfb94e5bbc,40,MARIMU PRIMARY SCHOOL
cadb7952-2bba-5609-88d4-8e47ec4e7920,18,NYANDARUA,2620de25-6528-525b-bec9-fb9d1c34a4d4,90,KIPIPIRI,d8c3698a-d877-5faf-a6f8-fe89c4beb013,451,GETA,e9537bc0-f2bd-5f5f-a349-19510923636b,41,RUMWE PRIMARY SCHOOL
cadb7952-2bba-5609-88d4-8e47ec4e7920,18,NYANDARUA,2620de25-6528-525b-bec9-fb9d1c34a4d4,90,KIPIPIRI,d8c3698a-d877-5faf-a6f8-fe89c4beb013,451,GETA,00139c1f-a1cb-5a43-9188-ac4a8e2a59f5,42,GATHUTHI PRIMARY SCHOOL
cadb7952-2bba-5609-88d4-8e47ec4e7920,18,NYANDARUA,2620de25-6528-525b-bec9-fb9d1c34a4d4,90,KIPIPIRI,d8c3698a-d877-5faf-a6f8-fe89c4beb013,451,GETA,6bd7427d-6305-5eea-a246-1beb554b57ae,43,KAGONGO PRIMARY SCHOOL
cadb7952-2bba-5609-88d4-8e47ec4e7920,18,NYANDARUA,2620de25-6528-525b-bec9-fb9d1c34a4d4,90,KIPIPIRI,d8c3698a-d877-5faf-a6f8-fe89c4beb013,451,GETA,2a20b127-2dcc-577e-b577-513d3b8c56a9,44,KIAMBOGO PRIMARY SCHOOL
cadb7952-2bba-5609-88d4-8e47ec4e7920,18,NYANDARUA,2620de25-6528-525b-bec9-fb9d1c34a4d4,90,KIPIPIRI,d8c3698a-d877-5faf-a6f8-fe89c4beb013,451,GETA,9ba05229-8fd2-5537-be78-a830e55cfdbb,45,KIANJOGU PRIMARY SCHOOL
cadb7952-2bba-5609-88d4-8e47ec4e7920,18,NYANDARUA,2620de25-6528-525b-bec9-fb9d1c34a4d4,90,KIPIPIRI,d8c3698a-d877-5faf-a6f8-fe89c4beb013,451,GETA,30db9b8f-a10f-518f-8679-ca84eee78855,46,MIKEU SECONDARY SCHOOL
cadb7952-2bba-5609-88d4-8e47ec4e7920,18,NYANDARUA,2620de25-6528-525b-bec9-fb9d1c34a4d4,90,KIPIPIRI,d8c3698a-d877-5faf-a6f8-fe89c4beb013,451,GETA,911b59f4-d652-5b88-8889-568add15ca0b,47,KAMAGOKO PRIMARY SCHOOL
cadb7952-2bba-5609-88d4-8e47ec4e7920,18,NYANDARUA,2620de25-6528-525b-bec9-fb9d1c34a4d4,90,KIPIPIRI,d8c3698a-d877-5faf-a6f8-fe89c4beb013,451,GETA,0b68f4e6-8029-5532-8734-bd698437f200,48,MIHATO PRIMARY SCHOOL
cadb7952-2bba-5609-88d4-8e47ec4e7920,18,NYANDARUA,2620de25-6528-525b-bec9-fb9d1c34a4d4,90,KIPIPIRI,d8c3698a-d877-5faf-a6f8-fe89c4beb013,451,GETA,698b3186-e6c9-5fe5-b249-6c9b12fe03a6,49,WAIYEGO NURSERY SCHOOL
cadb7952-2bba-5609-88d4-8e47ec4e7920,18,NYANDARUA,2620de25-6528-525b-bec9-fb9d1c34a4d4,90,KIPIPIRI,d8c3698a-d877-5faf-a6f8-fe89c4beb013,451,GETA,9953abf0-848a-531b-8177-ff9dcc34d335,50,KARIAINI PRIMARY SCHOOL
cadb7952-2bba-5609-88d4-8e47ec4e7920,18,NYANDARUA,2620de25-6528-525b-bec9-fb9d1c34a4d4,90,KIPIPIRI,d8c3698a-d877-5faf-a6f8-fe89c4beb013,451,GETA,3f5b06dd-ab5c-50ad-b3d3-4772418edd86,51,RUTUBA PRIMARY SCHOOL
cadb7952-2bba-5609-88d4-8e47ec4e7920,18,NYANDARUA,2620de25-6528-525b-bec9-fb9d1c34a4d4,90,KIPIPIRI,d8c3698a-d877-5faf-a6f8-fe89c4beb013,451,GETA,f5e4b9a3-a1ac-5a96-84d5-fca83d9debb5,52,NGATHO PRIMARY SCHOOL
cadb7952-2bba-5609-88d4-8e47ec4e7920,18,NYANDARUA,2620de25-6528-525b-bec9-fb9d1c34a4d4,90,KIPIPIRI,d8c3698a-d877-5faf-a6f8-fe89c4beb013,451,GETA,0e47ece1-1d77-5402-892b-28b86dcc7505,69,22 AREA
cadb7952-2bba-5609-88d4-8e47ec4e7920,18,NYANDARUA,2620de25-6528-525b-bec9-fb9d1c34a4d4,90,KIPIPIRI,93561f0a-6799-5b0c-b65d-56da8dbd79e7,452,GITHIORO,e937a6f2-2d9c-5cb1-9457-0eeb1ad069b2,53,TURASHA PRIMARY SCHOOL
cadb7952-2bba-5609-88d4-8e47ec4e7920,18,NYANDARUA,2620de25-6528-525b-bec9-fb9d1c34a4d4,90,KIPIPIRI,93561f0a-6799-5b0c-b65d-56da8dbd79e7,452,GITHIORO,3eae962b-779d-55cb-ab0e-bd95a5434399,54,KARURI PRIMARY SCHOOL
cadb7952-2bba-5609-88d4-8e47ec4e7920,18,NYANDARUA,2620de25-6528-525b-bec9-fb9d1c34a4d4,90,KIPIPIRI,93561f0a-6799-5b0c-b65d-56da8dbd79e7,452,GITHIORO,b95f74d8-d2c3-519d-8443-3b5f48e8d556,55,RIRICHWA PRIMARY SCHOOL
cadb7952-2bba-5609-88d4-8e47ec4e7920,18,NYANDARUA,2620de25-6528-525b-bec9-fb9d1c34a4d4,90,KIPIPIRI,93561f0a-6799-5b0c-b65d-56da8dbd79e7,452,GITHIORO,6db2fd37-f5f3-51ac-8545-33306998a107,56,MWANGAZA PRIMARY SCHOOL
cadb7952-2bba-5609-88d4-8e47ec4e7920,18,NYANDARUA,2620de25-6528-525b-bec9-fb9d1c34a4d4,90,KIPIPIRI,93561f0a-6799-5b0c-b65d-56da8dbd79e7,452,GITHIORO,30a1c88d-28bd-5d88-a682-fa721435d3a6,57,MAWINGO SECONDAY SCHOOL
cadb7952-2bba-5609-88d4-8e47ec4e7920,18,NYANDARUA,2620de25-6528-525b-bec9-fb9d1c34a4d4,90,KIPIPIRI,93561f0a-6799-5b0c-b65d-56da8dbd79e7,452,GITHIORO,895a0ae7-8ffd-5543-96f0-98f9ffcbef1c,58,MUMUI PRIMARY SCHOOL
cadb7952-2bba-5609-88d4-8e47ec4e7920,18,NYANDARUA,2620de25-6528-525b-bec9-fb9d1c34a4d4,90,KIPIPIRI,93561f0a-6799-5b0c-b65d-56da8dbd79e7,452,GITHIORO,6f0f59c5-c907-5350-a4c3-c73798dc8f74,59,GATHIRIGA PRIMARY SCHOOL
cadb7952-2bba-5609-88d4-8e47ec4e7920,18,NYANDARUA,2620de25-6528-525b-bec9-fb9d1c34a4d4,90,KIPIPIRI,93561f0a-6799-5b0c-b65d-56da8dbd79e7,452,GITHIORO,0631edb6-3cf8-563a-8009-b2835ba84ff3,60,GITHIORO PRIMARY SCHOOL
cadb7952-2bba-5609-88d4-8e47ec4e7920,18,NYANDARUA,2620de25-6528-525b-bec9-fb9d1c34a4d4,90,KIPIPIRI,93561f0a-6799-5b0c-b65d-56da8dbd79e7,452,GITHIORO,f467b07b-9660-5edc-b980-c776e4d9f8d2,61,JURA PRIMARY SCHOOL
cadb7952-2bba-5609-88d4-8e47ec4e7920,18,NYANDARUA,2620de25-6528-525b-bec9-fb9d1c34a4d4,90,KIPIPIRI,93561f0a-6799-5b0c-b65d-56da8dbd79e7,452,GITHIORO,b3bd9988-7db5-51ec-b534-16744389d334,62,MIGAA PRIMARY SCHOOL
cadb7952-2bba-5609-88d4-8e47ec4e7920,18,NYANDARUA,2620de25-6528-525b-bec9-fb9d1c34a4d4,90,KIPIPIRI,93561f0a-6799-5b0c-b65d-56da8dbd79e7,452,GITHIORO,7e14b7b3-1054-507a-918e-d41f3a133c7e,63,ST. PETERS PRIMARY SCHOOL
cadb7952-2bba-5609-88d4-8e47ec4e7920,18,NYANDARUA,2620de25-6528-525b-bec9-fb9d1c34a4d4,90,KIPIPIRI,93561f0a-6799-5b0c-b65d-56da8dbd79e7,452,GITHIORO,6146e15b-86e9-5cbe-8c18-54a39feb7a4d,64,GITHIMA NURSERY SCHOOL
cadb7952-2bba-5609-88d4-8e47ec4e7920,18,NYANDARUA,2620de25-6528-525b-bec9-fb9d1c34a4d4,90,KIPIPIRI,93561f0a-6799-5b0c-b65d-56da8dbd79e7,452,GITHIORO,8d220004-a416-5e58-b329-e15fbda6481f,65,KIMBO PRIMARY SCHOOL
cadb7952-2bba-5609-88d4-8e47ec4e7920,18,NYANDARUA,2620de25-6528-525b-bec9-fb9d1c34a4d4,90,KIPIPIRI,93561f0a-6799-5b0c-b65d-56da8dbd79e7,452,GITHIORO,0a831530-ba2f-5eba-8048-243e7b3e25cd,66,KARIARA PRIMARY SCHOOL
cadb7952-2bba-5609-88d4-8e47ec4e7920,18,NYANDARUA,2620de25-6528-525b-bec9-fb9d1c34a4d4,90,KIPIPIRI,93561f0a-6799-5b0c-b65d-56da8dbd79e7,452,GITHIORO,eaca2c95-8ba7-5267-8fed-15eaf54b5eff,67,HARAMBEE SOCIAL HALL
cadb7952-2bba-5609-88d4-8e47ec4e7920,18,NYANDARUA,2620de25-6528-525b-bec9-fb9d1c34a4d4,90,KIPIPIRI,93561f0a-6799-5b0c-b65d-56da8dbd79e7,452,GITHIORO,47040bb5-e173-5713-a509-dd100980b40f,70,BARABARA TANO
cadb7952-2bba-5609-88d4-8e47ec4e7920,18,NYANDARUA,2620de25-6528-525b-bec9-fb9d1c34a4d4,90,KIPIPIRI,93561f0a-6799-5b0c-b65d-56da8dbd79e7,452,GITHIORO,73033efb-cec4-5a01-af9f-814e46b8c3e9,71,DRY AREA
cadb7952-2bba-5609-88d4-8e47ec4e7920,18,NYANDARUA,2620de25-6528-525b-bec9-fb9d1c34a4d4,90,KIPIPIRI,93561f0a-6799-5b0c-b65d-56da8dbd79e7,452,GITHIORO,e9e14d84-c15a-5157-a63e-3e5b05f2507d,72,GACHUHA ECD
cadb7952-2bba-5609-88d4-8e47ec4e7920,18,NYANDARUA,915e312d-01db-5f65-a5ba-950c9fd35b24,91,OL KALOU,ba1df520-d6ab-5759-bab7-86e31884a042,453,KARAU,c19bc499-9cfb-5f28-b90e-962a5c60608b,1,MAWINGO PRIMARY
cadb7952-2bba-5609-88d4-8e47ec4e7920,18,NYANDARUA,915e312d-01db-5f65-a5ba-950c9fd35b24,91,OL KALOU,ba1df520-d6ab-5759-bab7-86e31884a042,453,KARAU,95075da7-29ef-56ee-8df5-d3791e8efd85,2,KARUGUTU PRIMARY
cadb7952-2bba-5609-88d4-8e47ec4e7920,18,NYANDARUA,915e312d-01db-5f65-a5ba-950c9fd35b24,91,OL KALOU,ba1df520-d6ab-5759-bab7-86e31884a042,453,KARAU,09a88c69-1e5a-5f94-9ca1-572611c2ae9d,3,KIRIMAINI PRIMARY
cadb7952-2bba-5609-88d4-8e47ec4e7920,18,NYANDARUA,915e312d-01db-5f65-a5ba-950c9fd35b24,91,OL KALOU,ba1df520-d6ab-5759-bab7-86e31884a042,453,KARAU,1edad9fd-d44c-56d3-8006-df625fc32474,4,KAGAA PRIMARY
cadb7952-2bba-5609-88d4-8e47ec4e7920,18,NYANDARUA,915e312d-01db-5f65-a5ba-950c9fd35b24,91,OL KALOU,ba1df520-d6ab-5759-bab7-86e31884a042,453,KARAU,3256893f-6478-59dd-ae96-c25c337af714,5,MUNYEKI PRIMARY
cadb7952-2bba-5609-88d4-8e47ec4e7920,18,NYANDARUA,915e312d-01db-5f65-a5ba-950c9fd35b24,91,OL KALOU,ba1df520-d6ab-5759-bab7-86e31884a042,453,KARAU,a8e6538f-0287-5807-810d-033b89388907,6,A.C OL KALOU PRIMARY
cadb7952-2bba-5609-88d4-8e47ec4e7920,18,NYANDARUA,915e312d-01db-5f65-a5ba-950c9fd35b24,91,OL KALOU,ba1df520-d6ab-5759-bab7-86e31884a042,453,KARAU,7f56e97b-054a-5de3-9c27-1dd289922bd5,7,MUIRI PRIMARY
cadb7952-2bba-5609-88d4-8e47ec4e7920,18,NYANDARUA,915e312d-01db-5f65-a5ba-950c9fd35b24,91,OL KALOU,ba1df520-d6ab-5759-bab7-86e31884a042,453,KARAU,d4f8ddfb-28a0-5647-abca-565c2449d314,8,GACHWE PRIMARY
cadb7952-2bba-5609-88d4-8e47ec4e7920,18,NYANDARUA,915e312d-01db-5f65-a5ba-950c9fd35b24,91,OL KALOU,ba1df520-d6ab-5759-bab7-86e31884a042,453,KARAU,e71a06b1-b468-5699-a6a3-6277dfd40194,9,MUNDI PRIMARY
cadb7952-2bba-5609-88d4-8e47ec4e7920,18,NYANDARUA,915e312d-01db-5f65-a5ba-950c9fd35b24,91,OL KALOU,ba1df520-d6ab-5759-bab7-86e31884a042,453,KARAU,f4e887f3-1188-5773-a5b9-d389b46f8f27,10,KIANDA PRIMARY
cadb7952-2bba-5609-88d4-8e47ec4e7920,18,NYANDARUA,915e312d-01db-5f65-a5ba-950c9fd35b24,91,OL KALOU,ba1df520-d6ab-5759-bab7-86e31884a042,453,KARAU,b1f32529-870c-5950-b75b-60dab2300c1f,59,ST JOSEPH PRIMARY SCHOOL
cadb7952-2bba-5609-88d4-8e47ec4e7920,18,NYANDARUA,915e312d-01db-5f65-a5ba-950c9fd35b24,91,OL KALOU,ba1df520-d6ab-5759-bab7-86e31884a042,453,KARAU,73c812a5-1cf2-56a3-a23a-ba09cf81e38b,60,KANYIRIRI PRIMARY SCHOOL
cadb7952-2bba-5609-88d4-8e47ec4e7920,18,NYANDARUA,915e312d-01db-5f65-a5ba-950c9fd35b24,91,OL KALOU,ba1df520-d6ab-5759-bab7-86e31884a042,453,KARAU,4430ca0a-f413-58db-bd15-2698f417e33f,61,THABA ECDE
cadb7952-2bba-5609-88d4-8e47ec4e7920,18,NYANDARUA,915e312d-01db-5f65-a5ba-950c9fd35b24,91,OL KALOU,ace0ebdb-6077-59a5-b1e6-e5ee84e62f62,454,KANJUIRI RANGE,da1e3a89-924d-5737-9ebc-a2704d0f6e03,11,NGORIKA PRIMARY
cadb7952-2bba-5609-88d4-8e47ec4e7920,18,NYANDARUA,915e312d-01db-5f65-a5ba-950c9fd35b24,91,OL KALOU,ace0ebdb-6077-59a5-b1e6-e5ee84e62f62,454,KANJUIRI RANGE,cc021dfe-9243-52d2-9c59-ee55b17b970e,12,NYAITUGA PRIMARY
cadb7952-2bba-5609-88d4-8e47ec4e7920,18,NYANDARUA,915e312d-01db-5f65-a5ba-950c9fd35b24,91,OL KALOU,ace0ebdb-6077-59a5-b1e6-e5ee84e62f62,454,KANJUIRI RANGE,eefd146f-2b54-51f9-a876-484aefc4f3f4,13,RUTARA PRIMARY
cadb7952-2bba-5609-88d4-8e47ec4e7920,18,NYANDARUA,915e312d-01db-5f65-a5ba-950c9fd35b24,91,OL KALOU,ace0ebdb-6077-59a5-b1e6-e5ee84e62f62,454,KANJUIRI RANGE,c63218b2-d84e-559c-a5fc-a6d95116245f,14,WIYUMIRIRIE PRIMARY
cadb7952-2bba-5609-88d4-8e47ec4e7920,18,NYANDARUA,915e312d-01db-5f65-a5ba-950c9fd35b24,91,OL KALOU,ace0ebdb-6077-59a5-b1e6-e5ee84e62f62,454,KANJUIRI RANGE,23ab7e10-1b94-539c-b511-d672129bbd7d,15,KANGATHIA PRIMARY
cadb7952-2bba-5609-88d4-8e47ec4e7920,18,NYANDARUA,915e312d-01db-5f65-a5ba-950c9fd35b24,91,OL KALOU,ace0ebdb-6077-59a5-b1e6-e5ee84e62f62,454,KANJUIRI RANGE,60e7c679-f5d9-5956-bffc-9594213ea12c,16,KANJUIRI PRIMARY
cadb7952-2bba-5609-88d4-8e47ec4e7920,18,NYANDARUA,915e312d-01db-5f65-a5ba-950c9fd35b24,91,OL KALOU,ace0ebdb-6077-59a5-b1e6-e5ee84e62f62,454,KANJUIRI RANGE,db36837c-432c-58a6-913c-9192a40c160d,17,MURINDATI PRIMARY
cadb7952-2bba-5609-88d4-8e47ec4e7920,18,NYANDARUA,915e312d-01db-5f65-a5ba-950c9fd35b24,91,OL KALOU,ace0ebdb-6077-59a5-b1e6-e5ee84e62f62,454,KANJUIRI RANGE,344372a3-6161-5673-bcb0-c6cc199248ba,18,KAHIGU PRIMARY
cadb7952-2bba-5609-88d4-8e47ec4e7920,18,NYANDARUA,915e312d-01db-5f65-a5ba-950c9fd35b24,91,OL KALOU,ace0ebdb-6077-59a5-b1e6-e5ee84e62f62,454,KANJUIRI RANGE,a842fbb5-7846-5b4b-9558-47bb024bb5f9,19,KANJAU MUTARAKWA NURSERY
cadb7952-2bba-5609-88d4-8e47ec4e7920,18,NYANDARUA,915e312d-01db-5f65-a5ba-950c9fd35b24,91,OL KALOU,ace0ebdb-6077-59a5-b1e6-e5ee84e62f62,454,KANJUIRI RANGE,56a75493-d52e-5267-b81f-36293133d11f,20,CIIRA PRIMARY
cadb7952-2bba-5609-88d4-8e47ec4e7920,18,NYANDARUA,915e312d-01db-5f65-a5ba-950c9fd35b24,91,OL KALOU,ace0ebdb-6077-59a5-b1e6-e5ee84e62f62,454,KANJUIRI RANGE,f6975314-74ee-50a4-b011-b13b58b30f79,21,KIHOTO PRIMARY
cadb7952-2bba-5609-88d4-8e47ec4e7920,18,NYANDARUA,915e312d-01db-5f65-a5ba-950c9fd35b24,91,OL KALOU,ace0ebdb-6077-59a5-b1e6-e5ee84e62f62,454,KANJUIRI RANGE,acf9cfbe-816c-52a9-8cea-f82bfc14473a,22,KIRATHIMO PRIMARY
cadb7952-2bba-5609-88d4-8e47ec4e7920,18,NYANDARUA,915e312d-01db-5f65-a5ba-950c9fd35b24,91,OL KALOU,ace0ebdb-6077-59a5-b1e6-e5ee84e62f62,454,KANJUIRI RANGE,b01052df-eabd-5443-a7e5-be8642e74cb4,23,TUMAINI SECONDARY
cadb7952-2bba-5609-88d4-8e47ec4e7920,18,NYANDARUA,915e312d-01db-5f65-a5ba-950c9fd35b24,91,OL KALOU,ace0ebdb-6077-59a5-b1e6-e5ee84e62f62,454,KANJUIRI RANGE,308625e2-a8ab-586d-a3fa-5646a4bce505,24,WANJURA PRIMARY
cadb7952-2bba-5609-88d4-8e47ec4e7920,18,NYANDARUA,915e312d-01db-5f65-a5ba-950c9fd35b24,91,OL KALOU,ace0ebdb-6077-59a5-b1e6-e5ee84e62f62,454,KANJUIRI RANGE,2d1ffa0d-b343-5f6f-a82a-abc260729799,25,HARAMBEE NURSERY SCHOOL
cadb7952-2bba-5609-88d4-8e47ec4e7920,18,NYANDARUA,915e312d-01db-5f65-a5ba-950c9fd35b24,91,OL KALOU,ace0ebdb-6077-59a5-b1e6-e5ee84e62f62,454,KANJUIRI RANGE,3a5e5075-dd98-5be5-87db-15ff8c5ab4e8,62,TUMAINI PRIMARY SCHOOL
cadb7952-2bba-5609-88d4-8e47ec4e7920,18,NYANDARUA,915e312d-01db-5f65-a5ba-950c9fd35b24,91,OL KALOU,ace0ebdb-6077-59a5-b1e6-e5ee84e62f62,454,KANJUIRI RANGE,f4616bbe-50d3-5c71-959a-529117a7fc9a,63,KIO PRIMARY SCHOOL
cadb7952-2bba-5609-88d4-8e47ec4e7920,18,NYANDARUA,915e312d-01db-5f65-a5ba-950c9fd35b24,91,OL KALOU,c608a1ad-1272-5681-90f1-21e86f56d413,455,MIRANGINE,946540b8-7a6c-5417-8159-c0b9d1993dc6,26,MIRANGINE PRIMARY
cadb7952-2bba-5609-88d4-8e47ec4e7920,18,NYANDARUA,915e312d-01db-5f65-a5ba-950c9fd35b24,91,OL KALOU,c608a1ad-1272-5681-90f1-21e86f56d413,455,MIRANGINE,4c2c6eeb-85f0-5f10-af15-a28659627b7f,27,CCM DUNDORI PRIMARY
cadb7952-2bba-5609-88d4-8e47ec4e7920,18,NYANDARUA,915e312d-01db-5f65-a5ba-950c9fd35b24,91,OL KALOU,c608a1ad-1272-5681-90f1-21e86f56d413,455,MIRANGINE,b2adcc7f-b74d-5355-95aa-d43f4379ff22,28,MATHAKWA PRIMARY
cadb7952-2bba-5609-88d4-8e47ec4e7920,18,NYANDARUA,915e312d-01db-5f65-a5ba-950c9fd35b24,91,OL KALOU,c608a1ad-1272-5681-90f1-21e86f56d413,455,MIRANGINE,3c5ef595-5d45-572b-963c-334af9f94721,29,MICHARAGE PRIMARY
cadb7952-2bba-5609-88d4-8e47ec4e7920,18,NYANDARUA,915e312d-01db-5f65-a5ba-950c9fd35b24,91,OL KALOU,c608a1ad-1272-5681-90f1-21e86f56d413,455,MIRANGINE,d8c9f94d-d565-5061-bad4-a3ca4bac8f5f,30,NYAKIAMBI PRIMARY
cadb7952-2bba-5609-88d4-8e47ec4e7920,18,NYANDARUA,915e312d-01db-5f65-a5ba-950c9fd35b24,91,OL KALOU,c608a1ad-1272-5681-90f1-21e86f56d413,455,MIRANGINE,a9a06f6a-a36a-54fd-95b8-3413de03f03e,31,GITUAMBA PRIMARY
cadb7952-2bba-5609-88d4-8e47ec4e7920,18,NYANDARUA,915e312d-01db-5f65-a5ba-950c9fd35b24,91,OL KALOU,c608a1ad-1272-5681-90f1-21e86f56d413,455,MIRANGINE,14c33ce0-9475-5de8-8f51-fbddc1ffc9ed,32,MATUNDA PRIMARY
cadb7952-2bba-5609-88d4-8e47ec4e7920,18,NYANDARUA,915e312d-01db-5f65-a5ba-950c9fd35b24,91,OL KALOU,c608a1ad-1272-5681-90f1-21e86f56d413,455,MIRANGINE,82efedf9-2504-52f5-87db-885e88f83097,33,NYANDUNDO PRIMARY
cadb7952-2bba-5609-88d4-8e47ec4e7920,18,NYANDARUA,915e312d-01db-5f65-a5ba-950c9fd35b24,91,OL KALOU,c608a1ad-1272-5681-90f1-21e86f56d413,455,MIRANGINE,1cf7b59a-8b1a-5c5c-9412-2f6c70ce33b3,34,KAMUYU PRIMARY
cadb7952-2bba-5609-88d4-8e47ec4e7920,18,NYANDARUA,915e312d-01db-5f65-a5ba-950c9fd35b24,91,OL KALOU,c608a1ad-1272-5681-90f1-21e86f56d413,455,MIRANGINE,94829e88-19ef-5026-8921-34903c7223f2,35,MBORA PRIMARY
cadb7952-2bba-5609-88d4-8e47ec4e7920,18,NYANDARUA,915e312d-01db-5f65-a5ba-950c9fd35b24,91,OL KALOU,c608a1ad-1272-5681-90f1-21e86f56d413,455,MIRANGINE,67619829-4a88-512b-b9ef-b252df8cd445,36,MIRANGINE POLYTECHNIC
cadb7952-2bba-5609-88d4-8e47ec4e7920,18,NYANDARUA,915e312d-01db-5f65-a5ba-950c9fd35b24,91,OL KALOU,c608a1ad-1272-5681-90f1-21e86f56d413,455,MIRANGINE,f298d5af-8ddd-5a99-adb1-f3193efed817,37,GITHIMA PRIMARY
cadb7952-2bba-5609-88d4-8e47ec4e7920,18,NYANDARUA,915e312d-01db-5f65-a5ba-950c9fd35b24,91,OL KALOU,c608a1ad-1272-5681-90f1-21e86f56d413,455,MIRANGINE,9633d3d1-935f-53c6-b9b7-e0ec0075b566,64,KIBENDERA PRIMARY SCHOOL
cadb7952-2bba-5609-88d4-8e47ec4e7920,18,NYANDARUA,915e312d-01db-5f65-a5ba-950c9fd35b24,91,OL KALOU,5ecbdc85-7818-50a6-b978-5e925d9b24aa,456,KAIMBAGA,80fe3b91-dd0b-5d2f-9ea4-0f3932dd09f6,38,MIHUTI PRIMARY
cadb7952-2bba-5609-88d4-8e47ec4e7920,18,NYANDARUA,915e312d-01db-5f65-a5ba-950c9fd35b24,91,OL KALOU,5ecbdc85-7818-50a6-b978-5e925d9b24aa,456,KAIMBAGA,2ec42ca7-0f7a-50ae-af15-be76924a493a,39,KANDUTURA PRIMARY
cadb7952-2bba-5609-88d4-8e47ec4e7920,18,NYANDARUA,915e312d-01db-5f65-a5ba-950c9fd35b24,91,OL KALOU,5ecbdc85-7818-50a6-b978-5e925d9b24aa,456,KAIMBAGA,f2060122-14e0-5197-afcd-e2de7e25265a,40,KIGANJO PRIMARY
cadb7952-2bba-5609-88d4-8e47ec4e7920,18,NYANDARUA,915e312d-01db-5f65-a5ba-950c9fd35b24,91,OL KALOU,5ecbdc85-7818-50a6-b978-5e925d9b24aa,456,KAIMBAGA,ca1bcb2e-b1f0-5531-886f-9a4d7d0b4cc6,41,KIENI PRIMARY
cadb7952-2bba-5609-88d4-8e47ec4e7920,18,NYANDARUA,915e312d-01db-5f65-a5ba-950c9fd35b24,91,OL KALOU,5ecbdc85-7818-50a6-b978-5e925d9b24aa,456,KAIMBAGA,30bc0e7d-0435-5521-ac3f-b6fcbdfa9971,42,GICHUNGO PRIMARY
cadb7952-2bba-5609-88d4-8e47ec4e7920,18,NYANDARUA,915e312d-01db-5f65-a5ba-950c9fd35b24,91,OL KALOU,5ecbdc85-7818-50a6-b978-5e925d9b24aa,456,KAIMBAGA,7ca6b362-7bec-5d53-9487-99de49894d9b,43,RUMATHI PRIMARY
cadb7952-2bba-5609-88d4-8e47ec4e7920,18,NYANDARUA,915e312d-01db-5f65-a5ba-950c9fd35b24,91,OL KALOU,5ecbdc85-7818-50a6-b978-5e925d9b24aa,456,KAIMBAGA,85191e29-2201-5dc8-921c-62cfa10a9797,44,HURUMA PRIMARY
cadb7952-2bba-5609-88d4-8e47ec4e7920,18,NYANDARUA,915e312d-01db-5f65-a5ba-950c9fd35b24,91,OL KALOU,5ecbdc85-7818-50a6-b978-5e925d9b24aa,456,KAIMBAGA,660bebd6-14e2-5a78-94a9-9885eb0bd570,45,KAMANDE PRIMARY
cadb7952-2bba-5609-88d4-8e47ec4e7920,18,NYANDARUA,915e312d-01db-5f65-a5ba-950c9fd35b24,91,OL KALOU,5ecbdc85-7818-50a6-b978-5e925d9b24aa,456,KAIMBAGA,22461dba-e2a8-5fd6-9d3e-7b102df6b048,46,MUMBI PRIMARY
cadb7952-2bba-5609-88d4-8e47ec4e7920,18,NYANDARUA,915e312d-01db-5f65-a5ba-950c9fd35b24,91,OL KALOU,5ecbdc85-7818-50a6-b978-5e925d9b24aa,456,KAIMBAGA,6fc03fc5-12b0-5ea5-8981-411d7e2526d4,47,SIMBA PRIMARY
cadb7952-2bba-5609-88d4-8e47ec4e7920,18,NYANDARUA,915e312d-01db-5f65-a5ba-950c9fd35b24,91,OL KALOU,5ecbdc85-7818-50a6-b978-5e925d9b24aa,456,KAIMBAGA,374a06da-5dca-588a-8916-65368cd27093,65,HOSPITAL PRIMARY SCHOOL
cadb7952-2bba-5609-88d4-8e47ec4e7920,18,NYANDARUA,915e312d-01db-5f65-a5ba-950c9fd35b24,91,OL KALOU,5ecbdc85-7818-50a6-b978-5e925d9b24aa,456,KAIMBAGA,8f8aefed-b224-5402-b390-25de939a88d8,66,GITHIMA NURSERY
cadb7952-2bba-5609-88d4-8e47ec4e7920,18,NYANDARUA,915e312d-01db-5f65-a5ba-950c9fd35b24,91,OL KALOU,5ecbdc85-7818-50a6-b978-5e925d9b24aa,456,KAIMBAGA,3f535ecf-9b9d-5c55-b473-08d566afadc4,67,KAIMBAGA PRIMARY SCHOOL
cadb7952-2bba-5609-88d4-8e47ec4e7920,18,NYANDARUA,915e312d-01db-5f65-a5ba-950c9fd35b24,91,OL KALOU,57a5d778-d1d8-5f37-bffa-4d091624e201,457,RURII,4e4e4691-10e0-53da-82a5-b6ab1d855b2d,48,MANYATTA PRIMARY
cadb7952-2bba-5609-88d4-8e47ec4e7920,18,NYANDARUA,915e312d-01db-5f65-a5ba-950c9fd35b24,91,OL KALOU,57a5d778-d1d8-5f37-bffa-4d091624e201,457,RURII,47ae8e55-c069-5f7d-8d47-90b664fc751d,49,MUKINDU PRIMARY
cadb7952-2bba-5609-88d4-8e47ec4e7920,18,NYANDARUA,915e312d-01db-5f65-a5ba-950c9fd35b24,91,OL KALOU,57a5d778-d1d8-5f37-bffa-4d091624e201,457,RURII,cddf55ef-683f-5b6d-8db8-563e10ee8a57,50,ST. THOMAS PRIMARY
cadb7952-2bba-5609-88d4-8e47ec4e7920,18,NYANDARUA,915e312d-01db-5f65-a5ba-950c9fd35b24,91,OL KALOU,57a5d778-d1d8-5f37-bffa-4d091624e201,457,RURII,1f4f076e-faaf-5b52-9409-2f9713d56517,51,RURII POLYTECHNIC
cadb7952-2bba-5609-88d4-8e47ec4e7920,18,NYANDARUA,915e312d-01db-5f65-a5ba-950c9fd35b24,91,OL KALOU,57a5d778-d1d8-5f37-bffa-4d091624e201,457,RURII,a6d8eeee-a68d-547a-931c-4ee28e34c39a,52,HUHOINI PRIMARY
cadb7952-2bba-5609-88d4-8e47ec4e7920,18,NYANDARUA,915e312d-01db-5f65-a5ba-950c9fd35b24,91,OL KALOU,57a5d778-d1d8-5f37-bffa-4d091624e201,457,RURII,f33beae0-4479-53fc-920d-8c518471773b,53,GITHUNGURI PRIMARY
cadb7952-2bba-5609-88d4-8e47ec4e7920,18,NYANDARUA,915e312d-01db-5f65-a5ba-950c9fd35b24,91,OL KALOU,57a5d778-d1d8-5f37-bffa-4d091624e201,457,RURII,6781a08f-c90f-5de5-adb6-37bc4c70b988,54,MATUURA PRIMARY
cadb7952-2bba-5609-88d4-8e47ec4e7920,18,NYANDARUA,915e312d-01db-5f65-a5ba-950c9fd35b24,91,OL KALOU,57a5d778-d1d8-5f37-bffa-4d091624e201,457,RURII,1aabe419-1529-5f18-8481-f6acb3602703,55,MUGUMO PRIMARY
cadb7952-2bba-5609-88d4-8e47ec4e7920,18,NYANDARUA,915e312d-01db-5f65-a5ba-950c9fd35b24,91,OL KALOU,57a5d778-d1d8-5f37-bffa-4d091624e201,457,RURII,190a606b-a585-5104-9d12-5611f2909081,56,PASSENGA PRIMARY
cadb7952-2bba-5609-88d4-8e47ec4e7920,18,NYANDARUA,915e312d-01db-5f65-a5ba-950c9fd35b24,91,OL KALOU,57a5d778-d1d8-5f37-bffa-4d091624e201,457,RURII,a3eb45a7-aa92-5f8b-9ab9-af050105d8d6,57,SIRANGA PRIMARY
cadb7952-2bba-5609-88d4-8e47ec4e7920,18,NYANDARUA,915e312d-01db-5f65-a5ba-950c9fd35b24,91,OL KALOU,57a5d778-d1d8-5f37-bffa-4d091624e201,457,RURII,7af4e10e-ab89-5239-99d4-11f8956b1206,58,MUGATHIKA PRIMARY
cadb7952-2bba-5609-88d4-8e47ec4e7920,18,NYANDARUA,915e312d-01db-5f65-a5ba-950c9fd35b24,91,OL KALOU,57a5d778-d1d8-5f37-bffa-4d091624e201,457,RURII,3b47588b-b0be-55ee-ae51-fedeb7c3d39f,68,RURII PRIMARY SCHOOL
cadb7952-2bba-5609-88d4-8e47ec4e7920,18,NYANDARUA,915e312d-01db-5f65-a5ba-950c9fd35b24,91,OL KALOU,57a5d778-d1d8-5f37-bffa-4d091624e201,457,RURII,4cb14387-c9eb-5ee7-9f0f-d7b7a4e56bf2,69,UMOJA PRIMARY SCHOOL
cadb7952-2bba-5609-88d4-8e47ec4e7920,18,NYANDARUA,915e312d-01db-5f65-a5ba-950c9fd35b24,91,OL KALOU,57a5d778-d1d8-5f37-bffa-4d091624e201,457,RURII,4c03a9f9-2b46-5a92-8ebf-7302abc0704f,70,KIANDUBA PRIMARY SCHOOL
cadb7952-2bba-5609-88d4-8e47ec4e7920,18,NYANDARUA,915e312d-01db-5f65-a5ba-950c9fd35b24,91,OL KALOU,57a5d778-d1d8-5f37-bffa-4d091624e201,457,RURII,91118a14-16b2-5362-90a2-82f6fa72abb8,71,MARANI PRIMARY SCHOOL
cadb7952-2bba-5609-88d4-8e47ec4e7920,18,NYANDARUA,915e312d-01db-5f65-a5ba-950c9fd35b24,91,OL KALOU,57a5d778-d1d8-5f37-bffa-4d091624e201,457,RURII,c8177b25-bbe7-5ed7-8169-472732b4793a,72,KAHONGE PRIMARY SCHOOL
cadb7952-2bba-5609-88d4-8e47ec4e7920,18,NYANDARUA,915e312d-01db-5f65-a5ba-950c9fd35b24,91,OL KALOU,57a5d778-d1d8-5f37-bffa-4d091624e201,457,RURII,ec8bd880-b5b9-5a02-9c6c-669a10d10ae3,73,JM HOSPITAL NURSERY SCHOOL
cadb7952-2bba-5609-88d4-8e47ec4e7920,18,NYANDARUA,f10b0f62-cf11-503d-adde-42ff6336560c,92,OL JOROK,eeb54fcd-5049-5f8c-abe9-5beb320fc8e1,458,GATHANJI,a3108c35-28cd-502d-9ec8-d126ac052833,1,MUUNGANO PRIMARY
cadb7952-2bba-5609-88d4-8e47ec4e7920,18,NYANDARUA,f10b0f62-cf11-503d-adde-42ff6336560c,92,OL JOROK,eeb54fcd-5049-5f8c-abe9-5beb320fc8e1,458,GATHANJI,8053ebec-f9ea-5b6c-a0c7-d3120b2393f3,2,SILIBWET PRIMARY
cadb7952-2bba-5609-88d4-8e47ec4e7920,18,NYANDARUA,f10b0f62-cf11-503d-adde-42ff6336560c,92,OL JOROK,eeb54fcd-5049-5f8c-abe9-5beb320fc8e1,458,GATHANJI,749fbe70-a74b-5672-8919-c992fae5cc2c,3,KIHEO PRIMARY
cadb7952-2bba-5609-88d4-8e47ec4e7920,18,NYANDARUA,f10b0f62-cf11-503d-adde-42ff6336560c,92,OL JOROK,eeb54fcd-5049-5f8c-abe9-5beb320fc8e1,458,GATHANJI,19aa803a-f421-5320-b578-4303004c36df,4,GIKENO PRIMARY
cadb7952-2bba-5609-88d4-8e47ec4e7920,18,NYANDARUA,f10b0f62-cf11-503d-adde-42ff6336560c,92,OL JOROK,eeb54fcd-5049-5f8c-abe9-5beb320fc8e1,458,GATHANJI,b85e6504-08b9-5c63-95e1-bf4a740ea570,5,MWENJA PRIMARY
cadb7952-2bba-5609-88d4-8e47ec4e7920,18,NYANDARUA,f10b0f62-cf11-503d-adde-42ff6336560c,92,OL JOROK,eeb54fcd-5049-5f8c-abe9-5beb320fc8e1,458,GATHANJI,5083868b-64a1-548e-892a-9cf867db1bc9,6,GATHANJI PRIMARY
cadb7952-2bba-5609-88d4-8e47ec4e7920,18,NYANDARUA,f10b0f62-cf11-503d-adde-42ff6336560c,92,OL JOROK,eeb54fcd-5049-5f8c-abe9-5beb320fc8e1,458,GATHANJI,f6b2b0bf-9521-51b0-a256-3bdc2f9e43bd,7,CHAMUKA PRIMARY
cadb7952-2bba-5609-88d4-8e47ec4e7920,18,NYANDARUA,f10b0f62-cf11-503d-adde-42ff6336560c,92,OL JOROK,eeb54fcd-5049-5f8c-abe9-5beb320fc8e1,458,GATHANJI,735f3eef-bb25-5367-b594-c0fe99aa274b,8,IGWAMITI PRIMARY
cadb7952-2bba-5609-88d4-8e47ec4e7920,18,NYANDARUA,f10b0f62-cf11-503d-adde-42ff6336560c,92,OL JOROK,eeb54fcd-5049-5f8c-abe9-5beb320fc8e1,458,GATHANJI,5e2c3db0-201a-5274-a046-87d56492f3ec,9,BIDII PRIMARY
cadb7952-2bba-5609-88d4-8e47ec4e7920,18,NYANDARUA,f10b0f62-cf11-503d-adde-42ff6336560c,92,OL JOROK,eeb54fcd-5049-5f8c-abe9-5beb320fc8e1,458,GATHANJI,99b27b24-c99d-5032-87a9-bc1ce86ec9b3,10,MAHUA PRIMARY
cadb7952-2bba-5609-88d4-8e47ec4e7920,18,NYANDARUA,f10b0f62-cf11-503d-adde-42ff6336560c,92,OL JOROK,eeb54fcd-5049-5f8c-abe9-5beb320fc8e1,458,GATHANJI,96c306b3-01bb-50a8-ba59-c7a8ab021717,52,IGWAMITI SECONDARY SCHOOL
cadb7952-2bba-5609-88d4-8e47ec4e7920,18,NYANDARUA,f10b0f62-cf11-503d-adde-42ff6336560c,92,OL JOROK,eeb54fcd-5049-5f8c-abe9-5beb320fc8e1,458,GATHANJI,24132b8e-a3e5-5ca0-86ae-9bc98afcd7a8,53,KABATI SECONDARY SCHOOL
cadb7952-2bba-5609-88d4-8e47ec4e7920,18,NYANDARUA,f10b0f62-cf11-503d-adde-42ff6336560c,92,OL JOROK,eeb54fcd-5049-5f8c-abe9-5beb320fc8e1,458,GATHANJI,61de74b8-8d55-54dd-b1fc-dea7a58cc6b1,54,SILIBWET SECONDARY SCHOOL
cadb7952-2bba-5609-88d4-8e47ec4e7920,18,NYANDARUA,f10b0f62-cf11-503d-adde-42ff6336560c,92,OL JOROK,3b9dcd21-7d62-52ad-8273-e2147ec2b4d2,459,GATIMU,b71b46be-3f21-5d08-96aa-12087aca67c3,11,GATIMU PRIMARY
cadb7952-2bba-5609-88d4-8e47ec4e7920,18,NYANDARUA,f10b0f62-cf11-503d-adde-42ff6336560c,92,OL JOROK,3b9dcd21-7d62-52ad-8273-e2147ec2b4d2,459,GATIMU,d33a30bc-b09d-54e1-a1fb-8e506ad93cf1,12,KIBATHI PRIMARY
cadb7952-2bba-5609-88d4-8e47ec4e7920,18,NYANDARUA,f10b0f62-cf11-503d-adde-42ff6336560c,92,OL JOROK,3b9dcd21-7d62-52ad-8273-e2147ec2b4d2,459,GATIMU,181541a2-755d-5d3b-a595-1024222d8a5e,13,BARAKA PRIMARY
cadb7952-2bba-5609-88d4-8e47ec4e7920,18,NYANDARUA,f10b0f62-cf11-503d-adde-42ff6336560c,92,OL JOROK,3b9dcd21-7d62-52ad-8273-e2147ec2b4d2,459,GATIMU,b6e2979e-6e10-5d56-9174-d839d8efa3a1,14,RIVERSIDE PRIMARY
cadb7952-2bba-5609-88d4-8e47ec4e7920,18,NYANDARUA,f10b0f62-cf11-503d-adde-42ff6336560c,92,OL JOROK,3b9dcd21-7d62-52ad-8273-e2147ec2b4d2,459,GATIMU,41c95aa6-0461-5667-9213-b0ba232bf332,15,KANGUU PRIMARY
cadb7952-2bba-5609-88d4-8e47ec4e7920,18,NYANDARUA,f10b0f62-cf11-503d-adde-42ff6336560c,92,OL JOROK,3b9dcd21-7d62-52ad-8273-e2147ec2b4d2,459,GATIMU,a1bd3254-8ab4-56e7-b70b-9a3b6b48649c,16,JACARANDA PRIMARY
cadb7952-2bba-5609-88d4-8e47ec4e7920,18,NYANDARUA,f10b0f62-cf11-503d-adde-42ff6336560c,92,OL JOROK,3b9dcd21-7d62-52ad-8273-e2147ec2b4d2,459,GATIMU,7e954e1c-0478-5cfc-b61e-97bc185ce4e1,17,OL JORO OROK A.H.I.T.I
cadb7952-2bba-5609-88d4-8e47ec4e7920,18,NYANDARUA,f10b0f62-cf11-503d-adde-42ff6336560c,92,OL JOROK,3b9dcd21-7d62-52ad-8273-e2147ec2b4d2,459,GATIMU,925f0388-c02f-5bf8-9d20-6366fa1fba7a,18,GIKINGI PRIMARY
cadb7952-2bba-5609-88d4-8e47ec4e7920,18,NYANDARUA,f10b0f62-cf11-503d-adde-42ff6336560c,92,OL JOROK,3b9dcd21-7d62-52ad-8273-e2147ec2b4d2,459,GATIMU,555563df-3648-59f4-8285-5a3971b52a5a,19,KIANJATA PRIMARY
cadb7952-2bba-5609-88d4-8e47ec4e7920,18,NYANDARUA,f10b0f62-cf11-503d-adde-42ff6336560c,92,OL JOROK,3b9dcd21-7d62-52ad-8273-e2147ec2b4d2,459,GATIMU,4e5d51ef-a297-57b1-aac6-97a5bdbc6e22,55,EQUATOR PRIMARY SCHOOL
cadb7952-2bba-5609-88d4-8e47ec4e7920,18,NYANDARUA,f10b0f62-cf11-503d-adde-42ff6336560c,92,OL JOROK,3b9dcd21-7d62-52ad-8273-e2147ec2b4d2,459,GATIMU,7c4f294a-9887-599a-ba54-a54f84f77695,56,RIVERSIDE SECONDARY SCHOOL
cadb7952-2bba-5609-88d4-8e47ec4e7920,18,NYANDARUA,f10b0f62-cf11-503d-adde-42ff6336560c,92,OL JOROK,11de1e41-18e9-5c37-810e-3c0101c4037c,460,WERU,62ee10a5-e4db-58d8-999c-a45a6472bc57,20,WERU PRIMARY
cadb7952-2bba-5609-88d4-8e47ec4e7920,18,NYANDARUA,f10b0f62-cf11-503d-adde-42ff6336560c,92,OL JOROK,11de1e41-18e9-5c37-810e-3c0101c4037c,460,WERU,f307e8aa-401d-52a0-ab7b-91db04124515,21,UIGUANO PRIMARY
cadb7952-2bba-5609-88d4-8e47ec4e7920,18,NYANDARUA,f10b0f62-cf11-503d-adde-42ff6336560c,92,OL JOROK,11de1e41-18e9-5c37-810e-3c0101c4037c,460,WERU,77572c51-a93b-55a5-854b-7f17cd6b2667,22,KARANDI PRIMARY
cadb7952-2bba-5609-88d4-8e47ec4e7920,18,NYANDARUA,f10b0f62-cf11-503d-adde-42ff6336560c,92,OL JOROK,11de1e41-18e9-5c37-810e-3c0101c4037c,460,WERU,3fbb6426-4843-5dfa-8e58-0682ea6c4086,23,GATUMBIRO PRIMARY
cadb7952-2bba-5609-88d4-8e47ec4e7920,18,NYANDARUA,f10b0f62-cf11-503d-adde-42ff6336560c,92,OL JOROK,11de1e41-18e9-5c37-810e-3c0101c4037c,460,WERU,f692022a-a850-5cf4-aa1d-d4dda3ac0b24,24,GATITU PRIMARY
cadb7952-2bba-5609-88d4-8e47ec4e7920,18,NYANDARUA,f10b0f62-cf11-503d-adde-42ff6336560c,92,OL JOROK,11de1e41-18e9-5c37-810e-3c0101c4037c,460,WERU,2eb1f401-5957-5ec4-96ff-acb30abf5dfb,25,LESIRKO PRIMARY
cadb7952-2bba-5609-88d4-8e47ec4e7920,18,NYANDARUA,f10b0f62-cf11-503d-adde-42ff6336560c,92,OL JOROK,11de1e41-18e9-5c37-810e-3c0101c4037c,460,WERU,bf7d2364-2373-560f-8089-b273290f652f,26,KIRIMANGAI PRIMARY
cadb7952-2bba-5609-88d4-8e47ec4e7920,18,NYANDARUA,f10b0f62-cf11-503d-adde-42ff6336560c,92,OL JOROK,11de1e41-18e9-5c37-810e-3c0101c4037c,460,WERU,1f6ddf26-2e72-5f2b-898c-b98c9825864d,27,OL JORO OROK PRIMARY
cadb7952-2bba-5609-88d4-8e47ec4e7920,18,NYANDARUA,f10b0f62-cf11-503d-adde-42ff6336560c,92,OL JOROK,11de1e41-18e9-5c37-810e-3c0101c4037c,460,WERU,54103c62-d1cc-5662-b1a4-ff728f7beb20,28,KANGUI SECONDARY
cadb7952-2bba-5609-88d4-8e47ec4e7920,18,NYANDARUA,f10b0f62-cf11-503d-adde-42ff6336560c,92,OL JOROK,11de1e41-18e9-5c37-810e-3c0101c4037c,460,WERU,fd00f87f-d391-5820-996a-17ab0973426c,29,MADARAKA PRIMARY
cadb7952-2bba-5609-88d4-8e47ec4e7920,18,NYANDARUA,f10b0f62-cf11-503d-adde-42ff6336560c,92,OL JOROK,11de1e41-18e9-5c37-810e-3c0101c4037c,460,WERU,063b9405-0767-5725-9784-aa64454a2b05,30,CHAKARELI PRIMARY
cadb7952-2bba-5609-88d4-8e47ec4e7920,18,NYANDARUA,f10b0f62-cf11-503d-adde-42ff6336560c,92,OL JOROK,11de1e41-18e9-5c37-810e-3c0101c4037c,460,WERU,d0866361-b93b-55a2-aca9-d74ad34be92a,31,KAMUKWA SIMBA NURSERY
cadb7952-2bba-5609-88d4-8e47ec4e7920,18,NYANDARUA,f10b0f62-cf11-503d-adde-42ff6336560c,92,OL JOROK,11de1e41-18e9-5c37-810e-3c0101c4037c,460,WERU,2bb932fd-eda9-5e0c-90d9-fc34520da31c,32,KAHINGO PRIMARY
cadb7952-2bba-5609-88d4-8e47ec4e7920,18,NYANDARUA,f10b0f62-cf11-503d-adde-42ff6336560c,92,OL JOROK,11de1e41-18e9-5c37-810e-3c0101c4037c,460,WERU,0ff025aa-70f6-53c6-87eb-5050477ce032,33,KIRIMA PRIMARY
cadb7952-2bba-5609-88d4-8e47ec4e7920,18,NYANDARUA,f10b0f62-cf11-503d-adde-42ff6336560c,92,OL JOROK,11de1e41-18e9-5c37-810e-3c0101c4037c,460,WERU,a55c2ada-b010-5d3d-9920-8743b0f54ea6,34,KANGUI YOUTH POLYTECHNIC
cadb7952-2bba-5609-88d4-8e47ec4e7920,18,NYANDARUA,f10b0f62-cf11-503d-adde-42ff6336560c,92,OL JOROK,11de1e41-18e9-5c37-810e-3c0101c4037c,460,WERU,3c1d852c-ab07-5466-af01-7f60aee5397d,57,INOORO PRIMARY SCHOOL
cadb7952-2bba-5609-88d4-8e47ec4e7920,18,NYANDARUA,f10b0f62-cf11-503d-adde-42ff6336560c,92,OL JOROK,11de1e41-18e9-5c37-810e-3c0101c4037c,460,WERU,94aa8cc7-0bca-5a07-abc4-05ad4acc26cb,58,WERU SECONDARY SCHOOL
cadb7952-2bba-5609-88d4-8e47ec4e7920,18,NYANDARUA,f10b0f62-cf11-503d-adde-42ff6336560c,92,OL JOROK,11de1e41-18e9-5c37-810e-3c0101c4037c,460,WERU,a582523f-4f8d-592a-a464-02c825a3af77,59,OLJOROROK NURSERY SCHOOL
cadb7952-2bba-5609-88d4-8e47ec4e7920,18,NYANDARUA,f10b0f62-cf11-503d-adde-42ff6336560c,92,OL JOROK,11de1e41-18e9-5c37-810e-3c0101c4037c,460,WERU,ddf8274c-8e4c-5e34-b39c-ae79d5b1b518,60,OLJOROROK SECONDARY SCHOOL
cadb7952-2bba-5609-88d4-8e47ec4e7920,18,NYANDARUA,f10b0f62-cf11-503d-adde-42ff6336560c,92,OL JOROK,11de1e41-18e9-5c37-810e-3c0101c4037c,460,WERU,6ecd2b64-303d-5025-8f10-cf1565ec8f93,61,MATURA SECONDARY SCHOOL
cadb7952-2bba-5609-88d4-8e47ec4e7920,18,NYANDARUA,f10b0f62-cf11-503d-adde-42ff6336560c,92,OL JOROK,11de1e41-18e9-5c37-810e-3c0101c4037c,460,WERU,aa6b4edb-be00-56cd-b28d-e57b099e6db7,62,KAMAINA PRIMARY SCHOOL
cadb7952-2bba-5609-88d4-8e47ec4e7920,18,NYANDARUA,f10b0f62-cf11-503d-adde-42ff6336560c,92,OL JOROK,f6e20848-5d3f-50c5-b62b-07e51817e605,461,CHARAGITA,4ce5492a-e300-5cad-8148-9d969351a824,35,MATINDIRI PRIMARY
cadb7952-2bba-5609-88d4-8e47ec4e7920,18,NYANDARUA,f10b0f62-cf11-503d-adde-42ff6336560c,92,OL JOROK,f6e20848-5d3f-50c5-b62b-07e51817e605,461,CHARAGITA,5b6542d5-eb39-5020-b3cf-1fb6e4c028a1,36,MUCHEMI PRIMARY
cadb7952-2bba-5609-88d4-8e47ec4e7920,18,NYANDARUA,f10b0f62-cf11-503d-adde-42ff6336560c,92,OL JOROK,f6e20848-5d3f-50c5-b62b-07e51817e605,461,CHARAGITA,50945943-1ac0-5aac-97ea-fc0730fb98dc,37,RUIRU PRIMARY
cadb7952-2bba-5609-88d4-8e47ec4e7920,18,NYANDARUA,f10b0f62-cf11-503d-adde-42ff6336560c,92,OL JOROK,f6e20848-5d3f-50c5-b62b-07e51817e605,461,CHARAGITA,45763390-0afa-51cd-ae58-e0f121f76de7,38,SABUGO PRIMARY
cadb7952-2bba-5609-88d4-8e47ec4e7920,18,NYANDARUA,f10b0f62-cf11-503d-adde-42ff6336560c,92,OL JOROK,f6e20848-5d3f-50c5-b62b-07e51817e605,461,CHARAGITA,ac5bca83-c825-5e46-827a-f4d7d4696d1a,39,NYAIROKO PRIMARY
cadb7952-2bba-5609-88d4-8e47ec4e7920,18,NYANDARUA,f10b0f62-cf11-503d-adde-42ff6336560c,92,OL JOROK,f6e20848-5d3f-50c5-b62b-07e51817e605,461,CHARAGITA,f3376082-0a49-5afa-837c-de211cfcb0c8,40,KIANIA NURSERY SCHOOL
cadb7952-2bba-5609-88d4-8e47ec4e7920,18,NYANDARUA,f10b0f62-cf11-503d-adde-42ff6336560c,92,OL JOROK,f6e20848-5d3f-50c5-b62b-07e51817e605,461,CHARAGITA,e287fbc0-3fe8-5f7d-baff-c437b6083afb,41,ORAIMUTIA PRIMARY
cadb7952-2bba-5609-88d4-8e47ec4e7920,18,NYANDARUA,f10b0f62-cf11-503d-adde-42ff6336560c,92,OL JOROK,f6e20848-5d3f-50c5-b62b-07e51817e605,461,CHARAGITA,ae32bb24-60aa-5d4d-99ee-3560ce8ae9fb,42,UHURU PRIMARY
cadb7952-2bba-5609-88d4-8e47ec4e7920,18,NYANDARUA,f10b0f62-cf11-503d-adde-42ff6336560c,92,OL JOROK,f6e20848-5d3f-50c5-b62b-07e51817e605,461,CHARAGITA,88c40b06-2158-5f4f-b329-3907b96eece4,43,NGATHA PRIMARY
cadb7952-2bba-5609-88d4-8e47ec4e7920,18,NYANDARUA,f10b0f62-cf11-503d-adde-42ff6336560c,92,OL JOROK,f6e20848-5d3f-50c5-b62b-07e51817e605,461,CHARAGITA,fc246dab-36fb-58ec-aac3-787903a24bd9,44,NGANO PRIMARY
cadb7952-2bba-5609-88d4-8e47ec4e7920,18,NYANDARUA,f10b0f62-cf11-503d-adde-42ff6336560c,92,OL JOROK,f6e20848-5d3f-50c5-b62b-07e51817e605,461,CHARAGITA,11f811ab-19ee-56ac-aa64-05dc7658c0a4,45,CHARAGITA PRIMARY
cadb7952-2bba-5609-88d4-8e47ec4e7920,18,NYANDARUA,f10b0f62-cf11-503d-adde-42ff6336560c,92,OL JOROK,f6e20848-5d3f-50c5-b62b-07e51817e605,461,CHARAGITA,f169fe86-5e64-5c74-b48f-ae6ab023439c,46,KAMUKUNJI PRIMARY
cadb7952-2bba-5609-88d4-8e47ec4e7920,18,NYANDARUA,f10b0f62-cf11-503d-adde-42ff6336560c,92,OL JOROK,f6e20848-5d3f-50c5-b62b-07e51817e605,461,CHARAGITA,452cfb29-a1a6-53b6-b1bc-a05fb7d65a18,47,THAYU NURSERY SCHOOL
cadb7952-2bba-5609-88d4-8e47ec4e7920,18,NYANDARUA,f10b0f62-cf11-503d-adde-42ff6336560c,92,OL JOROK,f6e20848-5d3f-50c5-b62b-07e51817e605,461,CHARAGITA,d8641ff6-084f-5e1e-bd8f-6dde7ad90593,48,MATINDIRI FARMERS SOCIETY
cadb7952-2bba-5609-88d4-8e47ec4e7920,18,NYANDARUA,f10b0f62-cf11-503d-adde-42ff6336560c,92,OL JOROK,f6e20848-5d3f-50c5-b62b-07e51817e605,461,CHARAGITA,6b34c0b7-eca3-584c-9d82-14929a42f564,49,MUNGA PRIMARY
cadb7952-2bba-5609-88d4-8e47ec4e7920,18,NYANDARUA,f10b0f62-cf11-503d-adde-42ff6336560c,92,OL JOROK,f6e20848-5d3f-50c5-b62b-07e51817e605,461,CHARAGITA,82ce24d0-d66d-55ea-86b7-3760625a71f8,50,WANJURA SECONDARY
cadb7952-2bba-5609-88d4-8e47ec4e7920,18,NYANDARUA,f10b0f62-cf11-503d-adde-42ff6336560c,92,OL JOROK,f6e20848-5d3f-50c5-b62b-07e51817e605,461,CHARAGITA,61f46457-fd1e-5d45-9d7b-9cb64bb9118e,51,KIMATHI PRIMARY SCHOOL
cadb7952-2bba-5609-88d4-8e47ec4e7920,18,NYANDARUA,f10b0f62-cf11-503d-adde-42ff6336560c,92,OL JOROK,f6e20848-5d3f-50c5-b62b-07e51817e605,461,CHARAGITA,011277d3-3ac8-50bc-90d8-c076fcfd74de,63,KAGEMA PRIMARY SCHOOL
cadb7952-2bba-5609-88d4-8e47ec4e7920,18,NYANDARUA,0217ff0d-6060-5bd9-bdfd-e90b61950b93,93,NDARAGWA,5f4b1a5a-d21d-5e22-8205-6d7695acc537,462,LESHAU/PONDO,5452711a-3b32-51cc-9d8a-1466bc330ec4,1,NDOGINO PRIMARY SCHOOL
cadb7952-2bba-5609-88d4-8e47ec4e7920,18,NYANDARUA,0217ff0d-6060-5bd9-bdfd-e90b61950b93,93,NDARAGWA,5f4b1a5a-d21d-5e22-8205-6d7695acc537,462,LESHAU/PONDO,e58c250a-6c6a-593d-9439-ad8b18998680,2,PONDO PRIMARY SCHOOL
cadb7952-2bba-5609-88d4-8e47ec4e7920,18,NYANDARUA,0217ff0d-6060-5bd9-bdfd-e90b61950b93,93,NDARAGWA,5f4b1a5a-d21d-5e22-8205-6d7695acc537,462,LESHAU/PONDO,b881572d-436d-51d7-994b-fa1fc1c96a8f,3,KIRERA PRIMARY SCHOOL
cadb7952-2bba-5609-88d4-8e47ec4e7920,18,NYANDARUA,0217ff0d-6060-5bd9-bdfd-e90b61950b93,93,NDARAGWA,5f4b1a5a-d21d-5e22-8205-6d7695acc537,462,LESHAU/PONDO,174e1590-f628-53e2-a94b-bfa2205f79fe,4,RAICHIRI PRIMARY SCHOOL
cadb7952-2bba-5609-88d4-8e47ec4e7920,18,NYANDARUA,0217ff0d-6060-5bd9-bdfd-e90b61950b93,93,NDARAGWA,5f4b1a5a-d21d-5e22-8205-6d7695acc537,462,LESHAU/PONDO,f87c6dd0-d777-54fc-9d55-3fd3e7b2a453,5,KAMUKUNJI YOUTH POLYTECHNIC
cadb7952-2bba-5609-88d4-8e47ec4e7920,18,NYANDARUA,0217ff0d-6060-5bd9-bdfd-e90b61950b93,93,NDARAGWA,5f4b1a5a-d21d-5e22-8205-6d7695acc537,462,LESHAU/PONDO,7beb690d-b893-5e79-8f9b-ce2f400f7dff,6,NDIVAI PRIMARY SCHOOL
cadb7952-2bba-5609-88d4-8e47ec4e7920,18,NYANDARUA,0217ff0d-6060-5bd9-bdfd-e90b61950b93,93,NDARAGWA,5f4b1a5a-d21d-5e22-8205-6d7695acc537,462,LESHAU/PONDO,8877131a-96fb-5a8e-992b-0d5a1351979e,7,KAGONDO PRIMARY SCHOOL
cadb7952-2bba-5609-88d4-8e47ec4e7920,18,NYANDARUA,0217ff0d-6060-5bd9-bdfd-e90b61950b93,93,NDARAGWA,5f4b1a5a-d21d-5e22-8205-6d7695acc537,462,LESHAU/PONDO,dc1cdb8c-f3f5-553e-b97a-a38fb4b73bf8,8,NYAKINYUA PRIMARY SCHOOL
cadb7952-2bba-5609-88d4-8e47ec4e7920,18,NYANDARUA,0217ff0d-6060-5bd9-bdfd-e90b61950b93,93,NDARAGWA,5f4b1a5a-d21d-5e22-8205-6d7695acc537,462,LESHAU/PONDO,3bfad826-f049-59b8-868a-0b039ba73915,9,MBUYU PRIMARY SCHOOL
cadb7952-2bba-5609-88d4-8e47ec4e7920,18,NYANDARUA,0217ff0d-6060-5bd9-bdfd-e90b61950b93,93,NDARAGWA,5f4b1a5a-d21d-5e22-8205-6d7695acc537,462,LESHAU/PONDO,0219f7d2-ee74-55a5-810c-b7bff0bf2dbb,10,NGAWA PRIMARY SCHOOL
cadb7952-2bba-5609-88d4-8e47ec4e7920,18,NYANDARUA,0217ff0d-6060-5bd9-bdfd-e90b61950b93,93,NDARAGWA,5f4b1a5a-d21d-5e22-8205-6d7695acc537,462,LESHAU/PONDO,88814dd1-6243-55d3-a3d0-78b7faa72978,11,MUTHIGA PRIMARY SCHOOL
cadb7952-2bba-5609-88d4-8e47ec4e7920,18,NYANDARUA,0217ff0d-6060-5bd9-bdfd-e90b61950b93,93,NDARAGWA,5f4b1a5a-d21d-5e22-8205-6d7695acc537,462,LESHAU/PONDO,4b832d5b-c3d9-54cd-8f12-26b655009c83,12,HURUMA NURSERY SCHOOL
cadb7952-2bba-5609-88d4-8e47ec4e7920,18,NYANDARUA,0217ff0d-6060-5bd9-bdfd-e90b61950b93,93,NDARAGWA,5f4b1a5a-d21d-5e22-8205-6d7695acc537,462,LESHAU/PONDO,db730e0e-bc18-5991-93c5-73d2c6efaa03,13,MAYU CATTLE DIP
cadb7952-2bba-5609-88d4-8e47ec4e7920,18,NYANDARUA,0217ff0d-6060-5bd9-bdfd-e90b61950b93,93,NDARAGWA,5f4b1a5a-d21d-5e22-8205-6d7695acc537,462,LESHAU/PONDO,6f252767-2f64-5c14-9138-a3e716c4afb0,14,MITHURI PRIMARY SCHOOL
cadb7952-2bba-5609-88d4-8e47ec4e7920,18,NYANDARUA,0217ff0d-6060-5bd9-bdfd-e90b61950b93,93,NDARAGWA,5f4b1a5a-d21d-5e22-8205-6d7695acc537,462,LESHAU/PONDO,6e720a3d-507f-51a2-9123-75a38810102c,15,KARAI NURSERY SCHOOL
cadb7952-2bba-5609-88d4-8e47ec4e7920,18,NYANDARUA,0217ff0d-6060-5bd9-bdfd-e90b61950b93,93,NDARAGWA,5f4b1a5a-d21d-5e22-8205-6d7695acc537,462,LESHAU/PONDO,23f9f95b-a3c9-5904-848f-592e7c7bffcb,16,MAHIANYU CATTLE DIP
cadb7952-2bba-5609-88d4-8e47ec4e7920,18,NYANDARUA,0217ff0d-6060-5bd9-bdfd-e90b61950b93,93,NDARAGWA,5f4b1a5a-d21d-5e22-8205-6d7695acc537,462,LESHAU/PONDO,2c4e8c47-81fb-52ba-aee7-34aa834178ba,17,NGAINDEITHIA PRIMARY SCHOOL
cadb7952-2bba-5609-88d4-8e47ec4e7920,18,NYANDARUA,0217ff0d-6060-5bd9-bdfd-e90b61950b93,93,NDARAGWA,5f4b1a5a-d21d-5e22-8205-6d7695acc537,462,LESHAU/PONDO,61c81fec-1838-56b2-8ddc-b09f9a31e4c7,18,KIANDEGE PRIMARY SCHOOL
cadb7952-2bba-5609-88d4-8e47ec4e7920,18,NYANDARUA,0217ff0d-6060-5bd9-bdfd-e90b61950b93,93,NDARAGWA,5f4b1a5a-d21d-5e22-8205-6d7695acc537,462,LESHAU/PONDO,5e81f85c-bf22-5c0f-8a20-1cfbfb62cae3,19,KWA-NJORA NURSERY SCHOOL
cadb7952-2bba-5609-88d4-8e47ec4e7920,18,NYANDARUA,0217ff0d-6060-5bd9-bdfd-e90b61950b93,93,NDARAGWA,5f4b1a5a-d21d-5e22-8205-6d7695acc537,462,LESHAU/PONDO,37a8196a-7fa5-5d4f-81a5-e5da73aaa78f,20,KWALE NURSERY
cadb7952-2bba-5609-88d4-8e47ec4e7920,18,NYANDARUA,0217ff0d-6060-5bd9-bdfd-e90b61950b93,93,NDARAGWA,5f4b1a5a-d21d-5e22-8205-6d7695acc537,462,LESHAU/PONDO,596ec8c4-2cc7-5956-a3fd-ad4da73bbceb,76,KIHINGO PRIMARY SCHOOL
cadb7952-2bba-5609-88d4-8e47ec4e7920,18,NYANDARUA,0217ff0d-6060-5bd9-bdfd-e90b61950b93,93,NDARAGWA,5f4b1a5a-d21d-5e22-8205-6d7695acc537,462,LESHAU/PONDO,9f0b899b-60c3-56e3-89ad-707482fa8e79,77,UMOJA/MBUYU PRIMARY SCHOOL
cadb7952-2bba-5609-88d4-8e47ec4e7920,18,NYANDARUA,0217ff0d-6060-5bd9-bdfd-e90b61950b93,93,NDARAGWA,348d552e-f301-5444-afbc-1512c725132b,463,KIRIITA,ab131d79-06fc-5f44-b1e7-13c089558151,21,MUTANGA PRIMARY SCHOOL
cadb7952-2bba-5609-88d4-8e47ec4e7920,18,NYANDARUA,0217ff0d-6060-5bd9-bdfd-e90b61950b93,93,NDARAGWA,348d552e-f301-5444-afbc-1512c725132b,463,KIRIITA,eeff121e-078a-5f1d-a9d3-f5f0942d61c2,22,MUNG ETHO PRIMARY SCHOOL
cadb7952-2bba-5609-88d4-8e47ec4e7920,18,NYANDARUA,0217ff0d-6060-5bd9-bdfd-e90b61950b93,93,NDARAGWA,348d552e-f301-5444-afbc-1512c725132b,463,KIRIITA,d92332a1-ca76-54ce-b8e9-ddda1cf6127b,23,KWANJORA PRIMARY SCHOOL
cadb7952-2bba-5609-88d4-8e47ec4e7920,18,NYANDARUA,0217ff0d-6060-5bd9-bdfd-e90b61950b93,93,NDARAGWA,348d552e-f301-5444-afbc-1512c725132b,463,KIRIITA,4f909dc4-5c04-5bef-8b7a-2bc03455fd8f,24,KARAGOINI PRIMARY SCHOOL
cadb7952-2bba-5609-88d4-8e47ec4e7920,18,NYANDARUA,0217ff0d-6060-5bd9-bdfd-e90b61950b93,93,NDARAGWA,348d552e-f301-5444-afbc-1512c725132b,463,KIRIITA,f2e6a46c-606d-58de-98da-b346ece7f56f,25,MICHINDA PRIMARY SCHOOL
cadb7952-2bba-5609-88d4-8e47ec4e7920,18,NYANDARUA,0217ff0d-6060-5bd9-bdfd-e90b61950b93,93,NDARAGWA,348d552e-f301-5444-afbc-1512c725132b,463,KIRIITA,c78bdf0a-4119-56f4-9f08-607ca493aaa0,26,KIMARU PRIMARY SCHOOL
cadb7952-2bba-5609-88d4-8e47ec4e7920,18,NYANDARUA,0217ff0d-6060-5bd9-bdfd-e90b61950b93,93,NDARAGWA,348d552e-f301-5444-afbc-1512c725132b,463,KIRIITA,fc92cfb8-9a24-5d0d-98f4-a1555d8a6618,27,GITHUNGUCHU PRIMARY SCHOOL
cadb7952-2bba-5609-88d4-8e47ec4e7920,18,NYANDARUA,0217ff0d-6060-5bd9-bdfd-e90b61950b93,93,NDARAGWA,348d552e-f301-5444-afbc-1512c725132b,463,KIRIITA,fedd1ae5-6f9b-533d-a22e-2edaf5c0c1a7,28,RITAYA PRIMARY SCHOOL
cadb7952-2bba-5609-88d4-8e47ec4e7920,18,NYANDARUA,0217ff0d-6060-5bd9-bdfd-e90b61950b93,93,NDARAGWA,348d552e-f301-5444-afbc-1512c725132b,463,KIRIITA,334fadbc-c513-54df-bf98-5b4c10fccebd,29,BAARI PRIMARY SCHOOL
cadb7952-2bba-5609-88d4-8e47ec4e7920,18,NYANDARUA,0217ff0d-6060-5bd9-bdfd-e90b61950b93,93,NDARAGWA,348d552e-f301-5444-afbc-1512c725132b,463,KIRIITA,89f61ff3-9e2e-5381-bbb1-ee4d021dfabc,30,MAIRO-INYA SOCIAL HALL
cadb7952-2bba-5609-88d4-8e47ec4e7920,18,NYANDARUA,0217ff0d-6060-5bd9-bdfd-e90b61950b93,93,NDARAGWA,348d552e-f301-5444-afbc-1512c725132b,463,KIRIITA,5029d2cc-c92d-5c3d-9b87-0894aa0cdd38,31,ZIWANI NURSERY SCHOOL
cadb7952-2bba-5609-88d4-8e47ec4e7920,18,NYANDARUA,0217ff0d-6060-5bd9-bdfd-e90b61950b93,93,NDARAGWA,530120a4-2518-59fa-b9ed-96b52d77cbbd,464,CENTRAL,a5aaf867-8f50-541e-ae79-f5860f6eb104,32,SUBEGO PRIMARY SCHOOL
cadb7952-2bba-5609-88d4-8e47ec4e7920,18,NYANDARUA,0217ff0d-6060-5bd9-bdfd-e90b61950b93,93,NDARAGWA,530120a4-2518-59fa-b9ed-96b52d77cbbd,464,CENTRAL,b9c6636d-3bb6-519d-90f9-253eb4d2fb41,33,URUKU PRIMARY SCHOOL
cadb7952-2bba-5609-88d4-8e47ec4e7920,18,NYANDARUA,0217ff0d-6060-5bd9-bdfd-e90b61950b93,93,NDARAGWA,530120a4-2518-59fa-b9ed-96b52d77cbbd,464,CENTRAL,e27d4f9c-6249-53c4-a001-ca16a92844e5,34,NYONJORO PRIMARY SCHOOL
cadb7952-2bba-5609-88d4-8e47ec4e7920,18,NYANDARUA,0217ff0d-6060-5bd9-bdfd-e90b61950b93,93,NDARAGWA,530120a4-2518-59fa-b9ed-96b52d77cbbd,464,CENTRAL,f926b3cc-de87-54ea-b2b4-fe37ac1511de,35,NDURURI PRIMARY SCHOOL
cadb7952-2bba-5609-88d4-8e47ec4e7920,18,NYANDARUA,0217ff0d-6060-5bd9-bdfd-e90b61950b93,93,NDARAGWA,530120a4-2518-59fa-b9ed-96b52d77cbbd,464,CENTRAL,5e1d1499-9351-575c-88a0-73cda31be143,36,NDARAGWA PRIMARY SCHOOL
cadb7952-2bba-5609-88d4-8e47ec4e7920,18,NYANDARUA,0217ff0d-6060-5bd9-bdfd-e90b61950b93,93,NDARAGWA,530120a4-2518-59fa-b9ed-96b52d77cbbd,464,CENTRAL,90f05570-b373-5812-81fd-fb4fca6dddc2,37,MURICHU PRIMARY SCHOOL
cadb7952-2bba-5609-88d4-8e47ec4e7920,18,NYANDARUA,0217ff0d-6060-5bd9-bdfd-e90b61950b93,93,NDARAGWA,530120a4-2518-59fa-b9ed-96b52d77cbbd,464,CENTRAL,e5be330d-069b-55f0-8bc5-5849c4926a10,38,WANGUI PRIMARY SCHOOL
cadb7952-2bba-5609-88d4-8e47ec4e7920,18,NYANDARUA,0217ff0d-6060-5bd9-bdfd-e90b61950b93,93,NDARAGWA,530120a4-2518-59fa-b9ed-96b52d77cbbd,464,CENTRAL,8163790e-0cae-58b8-b040-483b66808ce5,39,KIRIOGO PRIMARY SCHOOL
cadb7952-2bba-5609-88d4-8e47ec4e7920,18,NYANDARUA,0217ff0d-6060-5bd9-bdfd-e90b61950b93,93,NDARAGWA,530120a4-2518-59fa-b9ed-96b52d77cbbd,464,CENTRAL,7cdfe790-58d0-5d46-9caf-9846c7c92cde,40,KIANDONGORO PRIMARY SCHOOL
cadb7952-2bba-5609-88d4-8e47ec4e7920,18,NYANDARUA,0217ff0d-6060-5bd9-bdfd-e90b61950b93,93,NDARAGWA,530120a4-2518-59fa-b9ed-96b52d77cbbd,464,CENTRAL,5bc71157-8e5a-59b4-9314-0e492079f6b1,41,KARIKI PRIMARY SCHOOL
cadb7952-2bba-5609-88d4-8e47ec4e7920,18,NYANDARUA,0217ff0d-6060-5bd9-bdfd-e90b61950b93,93,NDARAGWA,530120a4-2518-59fa-b9ed-96b52d77cbbd,464,CENTRAL,ca540e8a-6e96-5c0d-b2d6-b4474aa78476,42,KAMBURAINI PRIMARY SCHOOL
cadb7952-2bba-5609-88d4-8e47ec4e7920,18,NYANDARUA,0217ff0d-6060-5bd9-bdfd-e90b61950b93,93,NDARAGWA,530120a4-2518-59fa-b9ed-96b52d77cbbd,464,CENTRAL,269c0962-eeea-5c9f-bac0-dd1773d9206c,43,KANYAGIA PRIMARY SCHOOL
cadb7952-2bba-5609-88d4-8e47ec4e7920,18,NYANDARUA,0217ff0d-6060-5bd9-bdfd-e90b61950b93,93,NDARAGWA,530120a4-2518-59fa-b9ed-96b52d77cbbd,464,CENTRAL,04c2d685-1b65-534e-a8b1-4f35d3175744,44,MAILO KUMI PRIMARY SCHOOL
cadb7952-2bba-5609-88d4-8e47ec4e7920,18,NYANDARUA,0217ff0d-6060-5bd9-bdfd-e90b61950b93,93,NDARAGWA,530120a4-2518-59fa-b9ed-96b52d77cbbd,464,CENTRAL,545ddcfc-6efd-598b-8ed4-43b68e70c194,45,IRIAINI PRIMARY SCHOOL
cadb7952-2bba-5609-88d4-8e47ec4e7920,18,NYANDARUA,0217ff0d-6060-5bd9-bdfd-e90b61950b93,93,NDARAGWA,530120a4-2518-59fa-b9ed-96b52d77cbbd,464,CENTRAL,64e71329-1b08-5017-bf7a-ae4b0740bd13,46,KIHARA PRIMARY SCHOOL
cadb7952-2bba-5609-88d4-8e47ec4e7920,18,NYANDARUA,0217ff0d-6060-5bd9-bdfd-e90b61950b93,93,NDARAGWA,530120a4-2518-59fa-b9ed-96b52d77cbbd,464,CENTRAL,f7e92cb7-5b8f-5247-a34c-3b64e738dfee,47,THUITA PRIMARY SCHOOL
cadb7952-2bba-5609-88d4-8e47ec4e7920,18,NYANDARUA,0217ff0d-6060-5bd9-bdfd-e90b61950b93,93,NDARAGWA,530120a4-2518-59fa-b9ed-96b52d77cbbd,464,CENTRAL,c8b62740-c30b-5ee0-b993-d3f6df171492,48,SUGULOI PRIMARY SCHOOL
cadb7952-2bba-5609-88d4-8e47ec4e7920,18,NYANDARUA,0217ff0d-6060-5bd9-bdfd-e90b61950b93,93,NDARAGWA,530120a4-2518-59fa-b9ed-96b52d77cbbd,464,CENTRAL,1d24207b-db31-521c-afbd-427cad913459,49,MURIRICHWA PRIMARY SCHOOL
cadb7952-2bba-5609-88d4-8e47ec4e7920,18,NYANDARUA,0217ff0d-6060-5bd9-bdfd-e90b61950b93,93,NDARAGWA,530120a4-2518-59fa-b9ed-96b52d77cbbd,464,CENTRAL,1c9bcf49-9e33-508f-8837-be9f541fad7d,50,MATUIKU PRIMARY SCHOOL
cadb7952-2bba-5609-88d4-8e47ec4e7920,18,NYANDARUA,0217ff0d-6060-5bd9-bdfd-e90b61950b93,93,NDARAGWA,530120a4-2518-59fa-b9ed-96b52d77cbbd,464,CENTRAL,bee7a7b3-4abd-5267-bb35-0d6728cc2150,51,SUBUKU PRIMARY SCHOOL
cadb7952-2bba-5609-88d4-8e47ec4e7920,18,NYANDARUA,0217ff0d-6060-5bd9-bdfd-e90b61950b93,93,NDARAGWA,530120a4-2518-59fa-b9ed-96b52d77cbbd,464,CENTRAL,8e756fae-a10d-55c1-9a50-86efdca3d5b3,52,KAHUTHA PRIMARY SCHOOL
cadb7952-2bba-5609-88d4-8e47ec4e7920,18,NYANDARUA,0217ff0d-6060-5bd9-bdfd-e90b61950b93,93,NDARAGWA,530120a4-2518-59fa-b9ed-96b52d77cbbd,464,CENTRAL,dd022dc8-a56b-508d-9a06-233ff02f90cb,53,MUKAMBURA PRIMARY SCHOOL
cadb7952-2bba-5609-88d4-8e47ec4e7920,18,NYANDARUA,0217ff0d-6060-5bd9-bdfd-e90b61950b93,93,NDARAGWA,530120a4-2518-59fa-b9ed-96b52d77cbbd,464,CENTRAL,c2be8e41-d18d-5453-bc73-497b6477a442,54,NGURUMO PRIMARY SCHOOL
cadb7952-2bba-5609-88d4-8e47ec4e7920,18,NYANDARUA,0217ff0d-6060-5bd9-bdfd-e90b61950b93,93,NDARAGWA,530120a4-2518-59fa-b9ed-96b52d77cbbd,464,CENTRAL,f2a02d45-160d-5cbc-85a1-bab36e4c72c2,55,MURUAI PRIMARY SCHOOL
cadb7952-2bba-5609-88d4-8e47ec4e7920,18,NYANDARUA,0217ff0d-6060-5bd9-bdfd-e90b61950b93,93,NDARAGWA,530120a4-2518-59fa-b9ed-96b52d77cbbd,464,CENTRAL,34cc0334-db53-53e3-962c-ea11ec67e74f,56,MAKEREKA PRIMARY SCHOOL
cadb7952-2bba-5609-88d4-8e47ec4e7920,18,NYANDARUA,0217ff0d-6060-5bd9-bdfd-e90b61950b93,93,NDARAGWA,530120a4-2518-59fa-b9ed-96b52d77cbbd,464,CENTRAL,1ee099ce-fe7f-519d-ab84-2cb2136312a4,78,MAGUTU AP CAMP
cadb7952-2bba-5609-88d4-8e47ec4e7920,18,NYANDARUA,0217ff0d-6060-5bd9-bdfd-e90b61950b93,93,NDARAGWA,530120a4-2518-59fa-b9ed-96b52d77cbbd,464,CENTRAL,c44782c7-8cde-5e9b-9ea7-8d14be2b71a7,79,KAMIRURI DISPENSARY
cadb7952-2bba-5609-88d4-8e47ec4e7920,18,NYANDARUA,0217ff0d-6060-5bd9-bdfd-e90b61950b93,93,NDARAGWA,b5093eea-8126-539d-a233-acac10109512,465,SHAMATA,49c2c838-f196-5bcb-9160-c0f38e4de9cd,57,SIMBARA PRIMARY SCHOOL
cadb7952-2bba-5609-88d4-8e47ec4e7920,18,NYANDARUA,0217ff0d-6060-5bd9-bdfd-e90b61950b93,93,NDARAGWA,b5093eea-8126-539d-a233-acac10109512,465,SHAMATA,3a2a6d87-c645-5cdf-8519-fd3084e91037,58,KIHUHA PRIMARY SCHOOL
cadb7952-2bba-5609-88d4-8e47ec4e7920,18,NYANDARUA,0217ff0d-6060-5bd9-bdfd-e90b61950b93,93,NDARAGWA,b5093eea-8126-539d-a233-acac10109512,465,SHAMATA,5882fb39-1ef0-5588-807d-834dc4c38da4,59,KAMBAA SECONDARY SCHOOL
cadb7952-2bba-5609-88d4-8e47ec4e7920,18,NYANDARUA,0217ff0d-6060-5bd9-bdfd-e90b61950b93,93,NDARAGWA,b5093eea-8126-539d-a233-acac10109512,465,SHAMATA,c0f68639-d872-5e27-87f7-7e939538f4af,60,KANGOCHO PRIMARY SCHOOL
cadb7952-2bba-5609-88d4-8e47ec4e7920,18,NYANDARUA,0217ff0d-6060-5bd9-bdfd-e90b61950b93,93,NDARAGWA,b5093eea-8126-539d-a233-acac10109512,465,SHAMATA,c2f40b99-af52-5f79-aca0-ab1d93762982,61,OL BOLOSSAT PRIMARY SCHOOL
cadb7952-2bba-5609-88d4-8e47ec4e7920,18,NYANDARUA,0217ff0d-6060-5bd9-bdfd-e90b61950b93,93,NDARAGWA,b5093eea-8126-539d-a233-acac10109512,465,SHAMATA,50d487f8-0a2d-591f-b99d-b97ba02fb98a,62,GAKOE PRIMARY SCHOOL
cadb7952-2bba-5609-88d4-8e47ec4e7920,18,NYANDARUA,0217ff0d-6060-5bd9-bdfd-e90b61950b93,93,NDARAGWA,b5093eea-8126-539d-a233-acac10109512,465,SHAMATA,6ff58de7-33ca-5ecd-bd1f-046f6c1b1da6,63,KAHEHO PRIMARY SCHOOL
cadb7952-2bba-5609-88d4-8e47ec4e7920,18,NYANDARUA,0217ff0d-6060-5bd9-bdfd-e90b61950b93,93,NDARAGWA,b5093eea-8126-539d-a233-acac10109512,465,SHAMATA,5b0a230f-ae84-5e7d-975f-a098354ea249,64,KAMETHA PRIMARY SCHOOL
cadb7952-2bba-5609-88d4-8e47ec4e7920,18,NYANDARUA,0217ff0d-6060-5bd9-bdfd-e90b61950b93,93,NDARAGWA,b5093eea-8126-539d-a233-acac10109512,465,SHAMATA,946740eb-bc08-5f0d-af43-ff1d57f6cfb1,65,WARUKIRA PRIMARY SCHOOL
cadb7952-2bba-5609-88d4-8e47ec4e7920,18,NYANDARUA,0217ff0d-6060-5bd9-bdfd-e90b61950b93,93,NDARAGWA,b5093eea-8126-539d-a233-acac10109512,465,SHAMATA,1426c527-bf0e-5296-93a5-bba2c16be219,66,MATHITOO NURSERY SCHOOL
cadb7952-2bba-5609-88d4-8e47ec4e7920,18,NYANDARUA,0217ff0d-6060-5bd9-bdfd-e90b61950b93,93,NDARAGWA,b5093eea-8126-539d-a233-acac10109512,465,SHAMATA,44c28580-3f64-5bca-b94e-7373825dddd1,67,MWIHANGIA PRIMARY SCHOOL
cadb7952-2bba-5609-88d4-8e47ec4e7920,18,NYANDARUA,0217ff0d-6060-5bd9-bdfd-e90b61950b93,93,NDARAGWA,b5093eea-8126-539d-a233-acac10109512,465,SHAMATA,5695592d-f0ee-51b2-a77d-b23d366cc653,68,KAHINDU PRIMARY SCHOOL
cadb7952-2bba-5609-88d4-8e47ec4e7920,18,NYANDARUA,0217ff0d-6060-5bd9-bdfd-e90b61950b93,93,NDARAGWA,b5093eea-8126-539d-a233-acac10109512,465,SHAMATA,14e25cfa-5568-5fa7-9d85-cfbc2f2476de,69,PARK VIEW PRIMARY SCHOOL
cadb7952-2bba-5609-88d4-8e47ec4e7920,18,NYANDARUA,0217ff0d-6060-5bd9-bdfd-e90b61950b93,93,NDARAGWA,b5093eea-8126-539d-a233-acac10109512,465,SHAMATA,7154a64e-22e3-57dd-82c4-2c51c0af8c67,70,NGARI PRIMARY SCHOOL
cadb7952-2bba-5609-88d4-8e47ec4e7920,18,NYANDARUA,0217ff0d-6060-5bd9-bdfd-e90b61950b93,93,NDARAGWA,b5093eea-8126-539d-a233-acac10109512,465,SHAMATA,b323ca15-ff02-5977-992c-63cbb72d6f27,71,KIRIMANJARO PRIMARY SCHOOL
cadb7952-2bba-5609-88d4-8e47ec4e7920,18,NYANDARUA,0217ff0d-6060-5bd9-bdfd-e90b61950b93,93,NDARAGWA,b5093eea-8126-539d-a233-acac10109512,465,SHAMATA,d0a0f4d9-1431-5ebf-acbf-1c302966f3f5,72,KANJOGU PRIMARY SCHOOL
cadb7952-2bba-5609-88d4-8e47ec4e7920,18,NYANDARUA,0217ff0d-6060-5bd9-bdfd-e90b61950b93,93,NDARAGWA,b5093eea-8126-539d-a233-acac10109512,465,SHAMATA,543bb946-649e-50c1-a3e6-56e59a01df73,73,MWITURIA NURSERY SCHOOL
cadb7952-2bba-5609-88d4-8e47ec4e7920,18,NYANDARUA,0217ff0d-6060-5bd9-bdfd-e90b61950b93,93,NDARAGWA,b5093eea-8126-539d-a233-acac10109512,465,SHAMATA,260e300d-c5a2-5e31-9e3d-a8a699c049e8,74,KARURI NURSERY SCHOOL
cadb7952-2bba-5609-88d4-8e47ec4e7920,18,NYANDARUA,0217ff0d-6060-5bd9-bdfd-e90b61950b93,93,NDARAGWA,b5093eea-8126-539d-a233-acac10109512,465,SHAMATA,d801ec67-f8c7-50c9-8b8f-11732e5b0571,75,MWIHOTI NURSERY SCHOOL
cadb7952-2bba-5609-88d4-8e47ec4e7920,18,NYANDARUA,0217ff0d-6060-5bd9-bdfd-e90b61950b93,93,NDARAGWA,b5093eea-8126-539d-a233-acac10109512,465,SHAMATA,845e1a60-f2e9-5f17-9421-72341312004c,80,SHAMATA FARMERS COOPERATIVE SOCIETY
