c2708a8b-120a-56f5-a30d-990048af87cc,25,SAMBURU,1ded4abb-6426-5188-8119-17a526e5ba3d,133,SAMBURU WEST,d9e3e55e-c393-512d-917e-cd579220385f,661,LODOKEJEK,49c4c503-cf44-57c3-8300-0d92ac6e902b,1,LOLUA VILLAGE (MOBILE)
c2708a8b-120a-56f5-a30d-990048af87cc,25,SAMBURU,1ded4abb-6426-5188-8119-17a526e5ba3d,133,SAMBURU WEST,d9e3e55e-c393-512d-917e-cd579220385f,661,LODOKEJEK,e0601e36-7d18-572a-9127-e02391ad8ba6,2,MUGUR PRIMARY SCHOOL
c2708a8b-120a-56f5-a30d-990048af87cc,25,SAMBURU,1ded4abb-6426-5188-8119-17a526e5ba3d,133,SAMBURU WEST,d9e3e55e-c393-512d-917e-cd579220385f,661,LODOKEJEK,e96e78ab-5f8c-55f3-8d16-af853bf3d1ff,3,LMISIGIYOI PRIMARY SCHOOL
c2708a8b-120a-56f5-a30d-990048af87cc,25,SAMBURU,1ded4abb-6426-5188-8119-17a526e5ba3d,133,SAMBURU WEST,d9e3e55e-c393-512d-917e-cd579220385f,661,LODOKEJEK,50ddf9f5-bcc6-5ac7-91e9-bc93423fb7c7,4,LARIAK OROK NURSERY SCHOOL
c2708a8b-120a-56f5-a30d-990048af87cc,25,SAMBURU,1ded4abb-6426-5188-8119-17a526e5ba3d,133,SAMBURU WEST,d9e3e55e-c393-512d-917e-cd579220385f,661,LODOKEJEK,5a07e277-eb0b-539e-86a9-74b729b3dbad,5,DARAJA NURSERY SCHOOL
c2708a8b-120a-56f5-a30d-990048af87cc,25,SAMBURU,1ded4abb-6426-5188-8119-17a526e5ba3d,133,SAMBURU WEST,d9e3e55e-c393-512d-917e-cd579220385f,661,LODOKEJEK,9f152a01-7f95-5439-b223-fa4b9dd9eb39,6,KISIMA PRIMARY SCHOOL
c2708a8b-120a-56f5-a30d-990048af87cc,25,SAMBURU,1ded4abb-6426-5188-8119-17a526e5ba3d,133,SAMBURU WEST,d9e3e55e-c393-512d-917e-cd579220385f,661,LODOKEJEK,a9291196-52de-520e-aa2a-5601994b0da0,7,LALAING'OK NURSERY SCHOOL
c2708a8b-120a-56f5-a30d-990048af87cc,25,SAMBURU,1ded4abb-6426-5188-8119-17a526e5ba3d,133,SAMBURU WEST,d9e3e55e-c393-512d-917e-cd579220385f,661,LODOKEJEK,a369d076-a3fb-5d53-8c80-c26ef49f5d5b,8,NAIBORKEJU PRIMARY SCHOOL
c2708a8b-120a-56f5-a30d-990048af87cc,25,SAMBURU,1ded4abb-6426-5188-8119-17a526e5ba3d,133,SAMBURU WEST,d9e3e55e-c393-512d-917e-cd579220385f,661,LODOKEJEK,3a389a84-1b7b-522f-a536-1c1126c82350,9,LPETPET PRIMARY SCHOOL
c2708a8b-120a-56f5-a30d-990048af87cc,25,SAMBURU,1ded4abb-6426-5188-8119-17a526e5ba3d,133,SAMBURU WEST,d9e3e55e-c393-512d-917e-cd579220385f,661,LODOKEJEK,6d50ce28-3a79-5d04-bb7c-a048b5898f78,10,LOLTULELEI PRIMARY SCHOOL
c2708a8b-120a-56f5-a30d-990048af87cc,25,SAMBURU,1ded4abb-6426-5188-8119-17a526e5ba3d,133,SAMBURU WEST,d9e3e55e-c393-512d-917e-cd579220385f,661,LODOKEJEK,e7c84127-1b70-5dbc-9f78-ac825eb6b489,11,LKILORITI PRIMARY SCHOOL
c2708a8b-120a-56f5-a30d-990048af87cc,25,SAMBURU,1ded4abb-6426-5188-8119-17a526e5ba3d,133,SAMBURU WEST,d9e3e55e-c393-512d-917e-cd579220385f,661,LODOKEJEK,484fd093-c4d8-56da-9623-5e5d15467bcb,12,LODOKEJEK PRIMARY SCHOOL
c2708a8b-120a-56f5-a30d-990048af87cc,25,SAMBURU,1ded4abb-6426-5188-8119-17a526e5ba3d,133,SAMBURU WEST,d9e3e55e-c393-512d-917e-cd579220385f,661,LODOKEJEK,72a5205a-47d6-545a-bf3c-71a0edf8b513,13,LOCHO NURSERY SCHOOL
c2708a8b-120a-56f5-a30d-990048af87cc,25,SAMBURU,1ded4abb-6426-5188-8119-17a526e5ba3d,133,SAMBURU WEST,d9e3e55e-c393-512d-917e-cd579220385f,661,LODOKEJEK,b9e7242e-b6ae-54e4-a159-61cb3c337f35,14,SURA ADORU PRIMARY SCHOOL
c2708a8b-120a-56f5-a30d-990048af87cc,25,SAMBURU,1ded4abb-6426-5188-8119-17a526e5ba3d,133,SAMBURU WEST,d9e3e55e-c393-512d-917e-cd579220385f,661,LODOKEJEK,ac888bbf-913c-5e4c-95fe-2e9bac0fb2cc,15,KIRIMUN PRIMARY SCHOOL
c2708a8b-120a-56f5-a30d-990048af87cc,25,SAMBURU,1ded4abb-6426-5188-8119-17a526e5ba3d,133,SAMBURU WEST,d9e3e55e-c393-512d-917e-cd579220385f,661,LODOKEJEK,1de2e2f9-322e-510f-a639-8a287f85000f,16,KIRIMUN NURSERY SCHOOL
c2708a8b-120a-56f5-a30d-990048af87cc,25,SAMBURU,1ded4abb-6426-5188-8119-17a526e5ba3d,133,SAMBURU WEST,d9e3e55e-c393-512d-917e-cd579220385f,661,LODOKEJEK,6e565800-ecfc-5a9b-9831-2bc45d6c07c9,17,GARMA NURSERY SCHOOL
c2708a8b-120a-56f5-a30d-990048af87cc,25,SAMBURU,1ded4abb-6426-5188-8119-17a526e5ba3d,133,SAMBURU WEST,d9e3e55e-c393-512d-917e-cd579220385f,661,LODOKEJEK,3ca7d499-34d6-5faf-ba9c-78d28e9cbf65,18,KELELE PRIMARY SCHOOL
c2708a8b-120a-56f5-a30d-990048af87cc,25,SAMBURU,1ded4abb-6426-5188-8119-17a526e5ba3d,133,SAMBURU WEST,d9e3e55e-c393-512d-917e-cd579220385f,661,LODOKEJEK,7d8e9826-565d-5515-b7d6-dd85c6c4158e,19,NENKER'PUS PRIMARY SCHOOL
c2708a8b-120a-56f5-a30d-990048af87cc,25,SAMBURU,1ded4abb-6426-5188-8119-17a526e5ba3d,133,SAMBURU WEST,d9e3e55e-c393-512d-917e-cd579220385f,661,LODOKEJEK,3ef06396-1eaa-5104-b21a-70c2e42cd4b0,20,NG'AMATA PRIMARY SCHOOL
c2708a8b-120a-56f5-a30d-990048af87cc,25,SAMBURU,1ded4abb-6426-5188-8119-17a526e5ba3d,133,SAMBURU WEST,d9e3e55e-c393-512d-917e-cd579220385f,661,LODOKEJEK,94a7fc31-7873-5d46-81df-51fab6c7eb4e,96,LOUKU ECD PRE SCHOOL
c2708a8b-120a-56f5-a30d-990048af87cc,25,SAMBURU,1ded4abb-6426-5188-8119-17a526e5ba3d,133,SAMBURU WEST,d9e3e55e-c393-512d-917e-cd579220385f,661,LODOKEJEK,7e8fa34b-4156-5409-8904-3fcf8bab772f,97,MPOGANI ECD PRE SCHOOL
c2708a8b-120a-56f5-a30d-990048af87cc,25,SAMBURU,1ded4abb-6426-5188-8119-17a526e5ba3d,133,SAMBURU WEST,d9e3e55e-c393-512d-917e-cd579220385f,661,LODOKEJEK,53c3a293-4be8-50bf-95b3-196e7446adfa,98,LBAA LESUKUTA PRE SCHOOL
c2708a8b-120a-56f5-a30d-990048af87cc,25,SAMBURU,1ded4abb-6426-5188-8119-17a526e5ba3d,133,SAMBURU WEST,d9e3e55e-c393-512d-917e-cd579220385f,661,LODOKEJEK,14aa5420-6739-500c-bb9e-58f5d2fe49ae,99,LKICHAKI PRE SCHOOL
c2708a8b-120a-56f5-a30d-990048af87cc,25,SAMBURU,1ded4abb-6426-5188-8119-17a526e5ba3d,133,SAMBURU WEST,36a0c3cd-ba7b-5edf-952a-80f87fb78d40,662,SUGUTA MARMAR,04167e23-726e-545e-8d12-4ef86afcda49,21,KITABOR PRIMARY SCHOOL
c2708a8b-120a-56f5-a30d-990048af87cc,25,SAMBURU,1ded4abb-6426-5188-8119-17a526e5ba3d,133,SAMBURU WEST,36a0c3cd-ba7b-5edf-952a-80f87fb78d40,662,SUGUTA MARMAR,4fc03e1a-2999-5643-a3fc-50141e9d8325,22,LOLMOLOG PRIMARY SCHOOL
c2708a8b-120a-56f5-a30d-990048af87cc,25,SAMBURU,1ded4abb-6426-5188-8119-17a526e5ba3d,133,SAMBURU WEST,36a0c3cd-ba7b-5edf-952a-80f87fb78d40,662,SUGUTA MARMAR,ff3ac455-9c5c-568f-b6ff-ff281f02928e,23,LORUKOTI PRIMARY SCHOOL
c2708a8b-120a-56f5-a30d-990048af87cc,25,SAMBURU,1ded4abb-6426-5188-8119-17a526e5ba3d,133,SAMBURU WEST,36a0c3cd-ba7b-5edf-952a-80f87fb78d40,662,SUGUTA MARMAR,6ceb9223-ecff-5bfa-ad8a-c29f4346ce1d,24,LMARI NURSERY SCHOOL
c2708a8b-120a-56f5-a30d-990048af87cc,25,SAMBURU,1ded4abb-6426-5188-8119-17a526e5ba3d,133,SAMBURU WEST,36a0c3cd-ba7b-5edf-952a-80f87fb78d40,662,SUGUTA MARMAR,c4a2d629-4a31-58fa-abc3-eb933633a7a2,25,LOGORATE PRIMARY SCHOOL
c2708a8b-120a-56f5-a30d-990048af87cc,25,SAMBURU,1ded4abb-6426-5188-8119-17a526e5ba3d,133,SAMBURU WEST,36a0c3cd-ba7b-5edf-952a-80f87fb78d40,662,SUGUTA MARMAR,ade729d9-24fe-5119-91ec-9d2c04c60eb6,26,ANGATA RONGAI PRIMARY SCHOOL
c2708a8b-120a-56f5-a30d-990048af87cc,25,SAMBURU,1ded4abb-6426-5188-8119-17a526e5ba3d,133,SAMBURU WEST,36a0c3cd-ba7b-5edf-952a-80f87fb78d40,662,SUGUTA MARMAR,e9a1d39c-a432-5c0e-a853-bba8997d5110,27,NKUTOTO PRIMARY SCHOOL
c2708a8b-120a-56f5-a30d-990048af87cc,25,SAMBURU,1ded4abb-6426-5188-8119-17a526e5ba3d,133,SAMBURU WEST,36a0c3cd-ba7b-5edf-952a-80f87fb78d40,662,SUGUTA MARMAR,5023033d-c6b8-5822-aa4e-ec22c2e7fdef,28,LCHORO LELERAI PRIMARY SCHOOL
c2708a8b-120a-56f5-a30d-990048af87cc,25,SAMBURU,1ded4abb-6426-5188-8119-17a526e5ba3d,133,SAMBURU WEST,36a0c3cd-ba7b-5edf-952a-80f87fb78d40,662,SUGUTA MARMAR,d9431984-a42e-5af7-a724-e4b000cc7763,29,SUGUTA MARMAR PRIMARY SCHOOL
c2708a8b-120a-56f5-a30d-990048af87cc,25,SAMBURU,1ded4abb-6426-5188-8119-17a526e5ba3d,133,SAMBURU WEST,36a0c3cd-ba7b-5edf-952a-80f87fb78d40,662,SUGUTA MARMAR,b5cac597-8980-515f-9e6f-531cad2dced2,30,SUGUTA MARMAR NURSERY SCHOOL
c2708a8b-120a-56f5-a30d-990048af87cc,25,SAMBURU,1ded4abb-6426-5188-8119-17a526e5ba3d,133,SAMBURU WEST,36a0c3cd-ba7b-5edf-952a-80f87fb78d40,662,SUGUTA MARMAR,6c363aa5-cc97-5af8-be17-6b412d100398,31,NASUR PRIMARY SCHOOL
c2708a8b-120a-56f5-a30d-990048af87cc,25,SAMBURU,1ded4abb-6426-5188-8119-17a526e5ba3d,133,SAMBURU WEST,36a0c3cd-ba7b-5edf-952a-80f87fb78d40,662,SUGUTA MARMAR,ddf95e6e-ad0d-5fed-95c6-c59109e94c94,32,AMAIYA PRIMARY SCHOOL
c2708a8b-120a-56f5-a30d-990048af87cc,25,SAMBURU,1ded4abb-6426-5188-8119-17a526e5ba3d,133,SAMBURU WEST,36a0c3cd-ba7b-5edf-952a-80f87fb78d40,662,SUGUTA MARMAR,e23782a1-66c1-5c5f-8c56-e25910c6e642,33,LONGEWAN PRIMARY SCHOOL
c2708a8b-120a-56f5-a30d-990048af87cc,25,SAMBURU,1ded4abb-6426-5188-8119-17a526e5ba3d,133,SAMBURU WEST,36a0c3cd-ba7b-5edf-952a-80f87fb78d40,662,SUGUTA MARMAR,366203d7-49e8-5e57-b91a-5b1a344084c6,102,LOLGESE PRIMARY SCHOOL
c2708a8b-120a-56f5-a30d-990048af87cc,25,SAMBURU,1ded4abb-6426-5188-8119-17a526e5ba3d,133,SAMBURU WEST,36a0c3cd-ba7b-5edf-952a-80f87fb78d40,662,SUGUTA MARMAR,4afbf304-a302-5efc-991d-34bb73277071,103,LOLMOLOK DAY MIXED SECONDARY SCHOO
c2708a8b-120a-56f5-a30d-990048af87cc,25,SAMBURU,1ded4abb-6426-5188-8119-17a526e5ba3d,133,SAMBURU WEST,36a0c3cd-ba7b-5edf-952a-80f87fb78d40,662,SUGUTA MARMAR,ada6daa5-07a5-569b-9933-c18c48854fa2,104,LOWA MARA ECD PRE SCHOOL
c2708a8b-120a-56f5-a30d-990048af87cc,25,SAMBURU,1ded4abb-6426-5188-8119-17a526e5ba3d,133,SAMBURU WEST,36a0c3cd-ba7b-5edf-952a-80f87fb78d40,662,SUGUTA MARMAR,6ac4cba2-f3e2-5862-a30a-24f3bda52777,105,LARIAK OROK PRIMARY SCHOOL
c2708a8b-120a-56f5-a30d-990048af87cc,25,SAMBURU,1ded4abb-6426-5188-8119-17a526e5ba3d,133,SAMBURU WEST,0ae0f84c-8512-511e-9128-5b46306d857d,663,MARALAL,6d87a28e-9418-5d92-aeaa-cb73474a1008,34,NOMOTIO PRIMARY SCHOOL
c2708a8b-120a-56f5-a30d-990048af87cc,25,SAMBURU,1ded4abb-6426-5188-8119-17a526e5ba3d,133,SAMBURU WEST,0ae0f84c-8512-511e-9128-5b46306d857d,663,MARALAL,2aed410b-7ea1-543b-ad92-3a673ee026f6,35,LGOS PRIMARY SCHOOL
c2708a8b-120a-56f5-a30d-990048af87cc,25,SAMBURU,1ded4abb-6426-5188-8119-17a526e5ba3d,133,SAMBURU WEST,0ae0f84c-8512-511e-9128-5b46306d857d,663,MARALAL,b7eb0762-918f-5d59-8f85-8bc40d510e84,36,LPARTUK PRIMARY SCHOOL
c2708a8b-120a-56f5-a30d-990048af87cc,25,SAMBURU,1ded4abb-6426-5188-8119-17a526e5ba3d,133,SAMBURU WEST,0ae0f84c-8512-511e-9128-5b46306d857d,663,MARALAL,79e90cd6-d44e-5ca3-8573-953ae4ec75ce,37,LKUROTO PRIMARY SCHOOL
c2708a8b-120a-56f5-a30d-990048af87cc,25,SAMBURU,1ded4abb-6426-5188-8119-17a526e5ba3d,133,SAMBURU WEST,0ae0f84c-8512-511e-9128-5b46306d857d,663,MARALAL,1e19ff2d-c938-5f9e-8fbb-e54cde33fd80,38,MARALAL EQUITY(OPEN)
c2708a8b-120a-56f5-a30d-990048af87cc,25,SAMBURU,1ded4abb-6426-5188-8119-17a526e5ba3d,133,SAMBURU WEST,0ae0f84c-8512-511e-9128-5b46306d857d,663,MARALAL,0c0356da-c8ad-56b4-95c1-93ba99287ab3,39,SAMBURU TEACHERS SACCO(OPEN)
c2708a8b-120a-56f5-a30d-990048af87cc,25,SAMBURU,1ded4abb-6426-5188-8119-17a526e5ba3d,133,SAMBURU WEST,0ae0f84c-8512-511e-9128-5b46306d857d,663,MARALAL,7132e870-95fa-5b5b-a13a-792735643518,40,AP LINE I (OPEN)
c2708a8b-120a-56f5-a30d-990048af87cc,25,SAMBURU,1ded4abb-6426-5188-8119-17a526e5ba3d,133,SAMBURU WEST,0ae0f84c-8512-511e-9128-5b46306d857d,663,MARALAL,c3a9b637-b51e-5929-8128-bc8a3f501352,41,HIGHWAY MARALAL (OPEN)
c2708a8b-120a-56f5-a30d-990048af87cc,25,SAMBURU,1ded4abb-6426-5188-8119-17a526e5ba3d,133,SAMBURU WEST,0ae0f84c-8512-511e-9128-5b46306d857d,663,MARALAL,d9e8af91-8bb3-5e94-9a85-a29ffc0255b5,42,LUMA MORR NURSERY SCHOOL
c2708a8b-120a-56f5-a30d-990048af87cc,25,SAMBURU,1ded4abb-6426-5188-8119-17a526e5ba3d,133,SAMBURU WEST,0ae0f84c-8512-511e-9128-5b46306d857d,663,MARALAL,a10b575c-947c-5c65-aeed-5eddd8cc47ed,43,MARALAL D.E.B. PRIMARY SCHOOL
c2708a8b-120a-56f5-a30d-990048af87cc,25,SAMBURU,1ded4abb-6426-5188-8119-17a526e5ba3d,133,SAMBURU WEST,0ae0f84c-8512-511e-9128-5b46306d857d,663,MARALAL,f28e0dfd-4812-594b-9690-1cac064dac5e,44,SOITPUS NURSERY SCHOOL
c2708a8b-120a-56f5-a30d-990048af87cc,25,SAMBURU,1ded4abb-6426-5188-8119-17a526e5ba3d,133,SAMBURU WEST,0ae0f84c-8512-511e-9128-5b46306d857d,663,MARALAL,7b1201b1-3c95-537d-851e-879caedcbe99,45,KIRISIA CEREALS BOARD
c2708a8b-120a-56f5-a30d-990048af87cc,25,SAMBURU,1ded4abb-6426-5188-8119-17a526e5ba3d,133,SAMBURU WEST,0ae0f84c-8512-511e-9128-5b46306d857d,663,MARALAL,2f6c9ab5-0b25-55c4-b4f2-0323b414a261,46,SHABAA PRIMARY SCHOOL
c2708a8b-120a-56f5-a30d-990048af87cc,25,SAMBURU,1ded4abb-6426-5188-8119-17a526e5ba3d,133,SAMBURU WEST,0ae0f84c-8512-511e-9128-5b46306d857d,663,MARALAL,7e540c1d-7e78-570c-90db-ce882f0efea1,47,TAMIYOI NURSERY SCHOOL
c2708a8b-120a-56f5-a30d-990048af87cc,25,SAMBURU,1ded4abb-6426-5188-8119-17a526e5ba3d,133,SAMBURU WEST,0ae0f84c-8512-511e-9128-5b46306d857d,663,MARALAL,bb059d36-0b74-50cd-b768-0a542f01d98c,48,NG'ARI PRIMARY SCHOOL
c2708a8b-120a-56f5-a30d-990048af87cc,25,SAMBURU,1ded4abb-6426-5188-8119-17a526e5ba3d,133,SAMBURU WEST,0ae0f84c-8512-511e-9128-5b46306d857d,663,MARALAL,fa618235-bc37-5129-905d-5697c5e984bc,49,BARABARA NURSERY SCHOOL
c2708a8b-120a-56f5-a30d-990048af87cc,25,SAMBURU,1ded4abb-6426-5188-8119-17a526e5ba3d,133,SAMBURU WEST,0ae0f84c-8512-511e-9128-5b46306d857d,663,MARALAL,0b1fcd83-4eb5-52a4-8c7c-ab4ec72a0a5d,50,MILIMANI PRIMARY SCHOOL
c2708a8b-120a-56f5-a30d-990048af87cc,25,SAMBURU,1ded4abb-6426-5188-8119-17a526e5ba3d,133,SAMBURU WEST,0ae0f84c-8512-511e-9128-5b46306d857d,663,MARALAL,5681b3dd-382e-5ae3-bcb9-e9af18a3341d,51,YAMOO NURSERY SCHOOL
c2708a8b-120a-56f5-a30d-990048af87cc,25,SAMBURU,1ded4abb-6426-5188-8119-17a526e5ba3d,133,SAMBURU WEST,0ae0f84c-8512-511e-9128-5b46306d857d,663,MARALAL,7acff7de-808f-5958-8133-64c779a0aebb,52,LPOROS PRIMARY SCHOOL
c2708a8b-120a-56f5-a30d-990048af87cc,25,SAMBURU,1ded4abb-6426-5188-8119-17a526e5ba3d,133,SAMBURU WEST,0ae0f84c-8512-511e-9128-5b46306d857d,663,MARALAL,fa8ea3a6-fa51-550d-8282-19bf5804b156,53,LMUTARO PRIMARY SCHOOL
c2708a8b-120a-56f5-a30d-990048af87cc,25,SAMBURU,1ded4abb-6426-5188-8119-17a526e5ba3d,133,SAMBURU WEST,0ae0f84c-8512-511e-9128-5b46306d857d,663,MARALAL,81d3808e-dcb3-559e-8870-684ed1151070,54,YARE NURSERY SCHOOL
c2708a8b-120a-56f5-a30d-990048af87cc,25,SAMBURU,1ded4abb-6426-5188-8119-17a526e5ba3d,133,SAMBURU WEST,0ae0f84c-8512-511e-9128-5b46306d857d,663,MARALAL,490c7954-ca8d-562c-8e61-dac632dec1a7,55,LANKARN NURSERY SCHOOL
c2708a8b-120a-56f5-a30d-990048af87cc,25,SAMBURU,1ded4abb-6426-5188-8119-17a526e5ba3d,133,SAMBURU WEST,0ae0f84c-8512-511e-9128-5b46306d857d,663,MARALAL,80d2950a-3561-54ab-b984-cc65cd34ed06,56,LOIKAS PRIMARY SCHOOL
c2708a8b-120a-56f5-a30d-990048af87cc,25,SAMBURU,1ded4abb-6426-5188-8119-17a526e5ba3d,133,SAMBURU WEST,0ae0f84c-8512-511e-9128-5b46306d857d,663,MARALAL,0c2f4776-0ca7-5dd8-990b-8f796a5a17ff,57,MARALAL ALLAMANO NURSERY
c2708a8b-120a-56f5-a30d-990048af87cc,25,SAMBURU,1ded4abb-6426-5188-8119-17a526e5ba3d,133,SAMBURU WEST,0ae0f84c-8512-511e-9128-5b46306d857d,663,MARALAL,119439c5-fa23-5a7e-a08f-b983a68b7bdf,58,KENYATTA STADIUM
c2708a8b-120a-56f5-a30d-990048af87cc,25,SAMBURU,1ded4abb-6426-5188-8119-17a526e5ba3d,133,SAMBURU WEST,0ae0f84c-8512-511e-9128-5b46306d857d,663,MARALAL,a30c8880-0ae4-5d1e-949f-89f1901b010c,59,P.C.E.A MARALAL PRIMARY SCHOOL
c2708a8b-120a-56f5-a30d-990048af87cc,25,SAMBURU,1ded4abb-6426-5188-8119-17a526e5ba3d,133,SAMBURU WEST,0ae0f84c-8512-511e-9128-5b46306d857d,663,MARALAL,fd842e6d-e81e-5e36-8cae-5ad84cf771c1,60,MBUKIWA MARALAL(OPEN)
c2708a8b-120a-56f5-a30d-990048af87cc,25,SAMBURU,1ded4abb-6426-5188-8119-17a526e5ba3d,133,SAMBURU WEST,0ae0f84c-8512-511e-9128-5b46306d857d,663,MARALAL,f0cbb3bd-cc95-5062-b2f6-c403e11d30cd,61,MARALAL SOCIAL HALL(OPEN)
c2708a8b-120a-56f5-a30d-990048af87cc,25,SAMBURU,1ded4abb-6426-5188-8119-17a526e5ba3d,133,SAMBURU WEST,0ae0f84c-8512-511e-9128-5b46306d857d,663,MARALAL,099c22da-1b4b-5162-87d3-898c5c8c6c7b,62,ALLAMANO NURSERY SCHOOL
c2708a8b-120a-56f5-a30d-990048af87cc,25,SAMBURU,1ded4abb-6426-5188-8119-17a526e5ba3d,133,SAMBURU WEST,0ae0f84c-8512-511e-9128-5b46306d857d,663,MARALAL,825abed1-8bff-50a7-aa47-ec24942ad926,63,MADRASA NURSERY SCHOOL
c2708a8b-120a-56f5-a30d-990048af87cc,25,SAMBURU,1ded4abb-6426-5188-8119-17a526e5ba3d,133,SAMBURU WEST,0ae0f84c-8512-511e-9128-5b46306d857d,663,MARALAL,cf41547d-7e0f-5957-92c6-9c63a2862f94,64,PCEA NURSERY SCHOOL MARALAL
c2708a8b-120a-56f5-a30d-990048af87cc,25,SAMBURU,1ded4abb-6426-5188-8119-17a526e5ba3d,133,SAMBURU WEST,0ae0f84c-8512-511e-9128-5b46306d857d,663,MARALAL,3a65919f-c4a5-58b2-9608-e0f58cd86c0c,65,MORIJOI PRIMARY SCHOOL
c2708a8b-120a-56f5-a30d-990048af87cc,25,SAMBURU,1ded4abb-6426-5188-8119-17a526e5ba3d,133,SAMBURU WEST,0ae0f84c-8512-511e-9128-5b46306d857d,663,MARALAL,dbb0a613-b15b-5c97-a6bd-e442f3c62b43,66,LEDERO PRIMARY SCHOOL
c2708a8b-120a-56f5-a30d-990048af87cc,25,SAMBURU,1ded4abb-6426-5188-8119-17a526e5ba3d,133,SAMBURU WEST,0ae0f84c-8512-511e-9128-5b46306d857d,663,MARALAL,762eeeb1-9efe-545c-8b6e-5a8d2e6fbe95,67,MUSLIM PRIMARY SCHOOL
c2708a8b-120a-56f5-a30d-990048af87cc,25,SAMBURU,1ded4abb-6426-5188-8119-17a526e5ba3d,133,SAMBURU WEST,0ae0f84c-8512-511e-9128-5b46306d857d,663,MARALAL,2c2c9156-057a-52dd-8f05-0ecd7a65185f,68,MARALAL DEB NURSERY SCHOOL
c2708a8b-120a-56f5-a30d-990048af87cc,25,SAMBURU,1ded4abb-6426-5188-8119-17a526e5ba3d,133,SAMBURU WEST,0ae0f84c-8512-511e-9128-5b46306d857d,663,MARALAL,c8bdb3f2-f17f-5b57-aae1-cf3f0a4bf80a,69,MADRASA PRIMARY SCHOOL
c2708a8b-120a-56f5-a30d-990048af87cc,25,SAMBURU,1ded4abb-6426-5188-8119-17a526e5ba3d,133,SAMBURU WEST,0ae0f84c-8512-511e-9128-5b46306d857d,663,MARALAL,7908ffa0-1282-5ca6-b1b2-ec344f75e464,70,PRISON NURSERY SCHOOL
c2708a8b-120a-56f5-a30d-990048af87cc,25,SAMBURU,1ded4abb-6426-5188-8119-17a526e5ba3d,133,SAMBURU WEST,0ae0f84c-8512-511e-9128-5b46306d857d,663,MARALAL,d1148400-a093-5a3f-b927-88034e621b70,71,LAKIRA PRIMARY SCHOOL
c2708a8b-120a-56f5-a30d-990048af87cc,25,SAMBURU,1ded4abb-6426-5188-8119-17a526e5ba3d,133,SAMBURU WEST,0ae0f84c-8512-511e-9128-5b46306d857d,663,MARALAL,0af57ee4-7d64-5028-a179-3d1c5f31257f,72,LOIKAS NURSERY SCHOOL
c2708a8b-120a-56f5-a30d-990048af87cc,25,SAMBURU,1ded4abb-6426-5188-8119-17a526e5ba3d,133,SAMBURU WEST,0ae0f84c-8512-511e-9128-5b46306d857d,663,MARALAL,070225d6-d9b2-5216-9e05-60980bab9bfc,73,ST. PAUL PRIMARY SCHOOL
c2708a8b-120a-56f5-a30d-990048af87cc,25,SAMBURU,1ded4abb-6426-5188-8119-17a526e5ba3d,133,SAMBURU WEST,0ae0f84c-8512-511e-9128-5b46306d857d,663,MARALAL,3a942289-7a78-51bf-ab92-f758b47c44ad,106,GLORY ECD PRE SCHOOL
c2708a8b-120a-56f5-a30d-990048af87cc,25,SAMBURU,1ded4abb-6426-5188-8119-17a526e5ba3d,133,SAMBURU WEST,76f64873-154e-5fd1-a9f3-b59515fcee37,664,LOOSUK,67cd1e54-ed8c-5988-920f-5b7605a0d6c9,74,LOIBORNGARE PRIMARY SCHOOL
c2708a8b-120a-56f5-a30d-990048af87cc,25,SAMBURU,1ded4abb-6426-5188-8119-17a526e5ba3d,133,SAMBURU WEST,76f64873-154e-5fd1-a9f3-b59515fcee37,664,LOOSUK,9ecf979f-62f6-5bc0-b50c-2d7220eb13e9,75,LOLMISIGIYOI NURSERY SCHOOL
c2708a8b-120a-56f5-a30d-990048af87cc,25,SAMBURU,1ded4abb-6426-5188-8119-17a526e5ba3d,133,SAMBURU WEST,76f64873-154e-5fd1-a9f3-b59515fcee37,664,LOOSUK,bbeba784-1fa7-5503-9e3b-a6394e262239,76,LOOSUK PRIMARY SCHOOL
c2708a8b-120a-56f5-a30d-990048af87cc,25,SAMBURU,1ded4abb-6426-5188-8119-17a526e5ba3d,133,SAMBURU WEST,76f64873-154e-5fd1-a9f3-b59515fcee37,664,LOOSUK,bbcc6def-b4f2-50e9-9426-2c5cd4e6ee5b,77,PURA PRIMARY SCHOOL
c2708a8b-120a-56f5-a30d-990048af87cc,25,SAMBURU,1ded4abb-6426-5188-8119-17a526e5ba3d,133,SAMBURU WEST,76f64873-154e-5fd1-a9f3-b59515fcee37,664,LOOSUK,0d6c6bcb-ceaa-57a2-88a1-8a64ee1d2447,78,LOLKUNONO PRIMARY SCHOOL
c2708a8b-120a-56f5-a30d-990048af87cc,25,SAMBURU,1ded4abb-6426-5188-8119-17a526e5ba3d,133,SAMBURU WEST,76f64873-154e-5fd1-a9f3-b59515fcee37,664,LOOSUK,f2a64d95-f881-5092-9db1-32d99a79522f,79,NKOPELIANI PRIMARY SCHOOL
c2708a8b-120a-56f5-a30d-990048af87cc,25,SAMBURU,1ded4abb-6426-5188-8119-17a526e5ba3d,133,SAMBURU WEST,76f64873-154e-5fd1-a9f3-b59515fcee37,664,LOOSUK,e573fc3b-7966-5da2-84a0-3f796e354935,80,LCHINGE'I PRIMARY SCHOOL
c2708a8b-120a-56f5-a30d-990048af87cc,25,SAMBURU,1ded4abb-6426-5188-8119-17a526e5ba3d,133,SAMBURU WEST,76f64873-154e-5fd1-a9f3-b59515fcee37,664,LOOSUK,5bbfbb2d-17f0-5305-a536-619c3d881549,81,LOROSOIT NURSERY SCHOOL
c2708a8b-120a-56f5-a30d-990048af87cc,25,SAMBURU,1ded4abb-6426-5188-8119-17a526e5ba3d,133,SAMBURU WEST,76f64873-154e-5fd1-a9f3-b59515fcee37,664,LOOSUK,386e284a-db09-5f82-a0fa-9e407a644145,82,LESIDAI PRIMARY SCHOOL
c2708a8b-120a-56f5-a30d-990048af87cc,25,SAMBURU,1ded4abb-6426-5188-8119-17a526e5ba3d,133,SAMBURU WEST,76f64873-154e-5fd1-a9f3-b59515fcee37,664,LOOSUK,4fc56796-04ea-5560-9724-7a2444bae46b,83,LORRIAN NURSERY SCHOOL
c2708a8b-120a-56f5-a30d-990048af87cc,25,SAMBURU,1ded4abb-6426-5188-8119-17a526e5ba3d,133,SAMBURU WEST,76f64873-154e-5fd1-a9f3-b59515fcee37,664,LOOSUK,efd35127-bc5b-5254-91a7-413a31dbddd5,107,LOISUKUTAN PRIMARY SCHOOL
c2708a8b-120a-56f5-a30d-990048af87cc,25,SAMBURU,1ded4abb-6426-5188-8119-17a526e5ba3d,133,SAMBURU WEST,76f64873-154e-5fd1-a9f3-b59515fcee37,664,LOOSUK,4faef962-19be-5217-b3ba-cd100edb5f7d,108,LKEEK SAPUKI PRIMARY SCHOOL
c2708a8b-120a-56f5-a30d-990048af87cc,25,SAMBURU,1ded4abb-6426-5188-8119-17a526e5ba3d,133,SAMBURU WEST,76f64873-154e-5fd1-a9f3-b59515fcee37,664,LOOSUK,36a7eca8-6b96-5a7b-a4a9-e7d7820824ff,109,LOIRAGAI PRIMARY SCHOOL
c2708a8b-120a-56f5-a30d-990048af87cc,25,SAMBURU,1ded4abb-6426-5188-8119-17a526e5ba3d,133,SAMBURU WEST,9772437d-4af7-565f-9013-9a2cf533d182,665,PORO,bd20b2c5-6fc6-5913-a138-9707af07d5a0,84,SIRATA OIROBI PRIMARY SCHOOL
c2708a8b-120a-56f5-a30d-990048af87cc,25,SAMBURU,1ded4abb-6426-5188-8119-17a526e5ba3d,133,SAMBURU WEST,9772437d-4af7-565f-9013-9a2cf533d182,665,PORO,4957400f-1e30-52e6-b93d-635286936b00,85,LEMISIGIYO PRIMARY SCHOOL
c2708a8b-120a-56f5-a30d-990048af87cc,25,SAMBURU,1ded4abb-6426-5188-8119-17a526e5ba3d,133,SAMBURU WEST,9772437d-4af7-565f-9013-9a2cf533d182,665,PORO,3b9cbc5e-55ad-5ae1-898a-7fcc7ddb9613,86,SEKETET PRIMARY SCHOOL
c2708a8b-120a-56f5-a30d-990048af87cc,25,SAMBURU,1ded4abb-6426-5188-8119-17a526e5ba3d,133,SAMBURU WEST,9772437d-4af7-565f-9013-9a2cf533d182,665,PORO,fbb8a8cf-1fe6-50d7-8315-abeb2231a2df,87,SAWAN NURSERY SCHOOL
c2708a8b-120a-56f5-a30d-990048af87cc,25,SAMBURU,1ded4abb-6426-5188-8119-17a526e5ba3d,133,SAMBURU WEST,9772437d-4af7-565f-9013-9a2cf533d182,665,PORO,ae38f97c-71b9-502a-9b4c-f70f78b122a9,88,LOITING PRIMARY SCHOOL
c2708a8b-120a-56f5-a30d-990048af87cc,25,SAMBURU,1ded4abb-6426-5188-8119-17a526e5ba3d,133,SAMBURU WEST,9772437d-4af7-565f-9013-9a2cf533d182,665,PORO,e1de7c4d-9187-5e59-887c-e38bac7f5a27,89,SIAMBU PRIMARY SCHOOL
c2708a8b-120a-56f5-a30d-990048af87cc,25,SAMBURU,1ded4abb-6426-5188-8119-17a526e5ba3d,133,SAMBURU WEST,9772437d-4af7-565f-9013-9a2cf533d182,665,PORO,61f14562-5c25-532e-82ce-c70d596e2048,90,LORROK PRIMARY SCHOOL
c2708a8b-120a-56f5-a30d-990048af87cc,25,SAMBURU,1ded4abb-6426-5188-8119-17a526e5ba3d,133,SAMBURU WEST,9772437d-4af7-565f-9013-9a2cf533d182,665,PORO,e8ecce18-611b-54f5-b2de-73ffdb9187d6,91,NTACHATA NURSERY SCHOOL
c2708a8b-120a-56f5-a30d-990048af87cc,25,SAMBURU,1ded4abb-6426-5188-8119-17a526e5ba3d,133,SAMBURU WEST,9772437d-4af7-565f-9013-9a2cf533d182,665,PORO,68f351e0-4efb-50a9-b3e6-46182ec8b808,92,NGANO PRIMARY SCHOOL
c2708a8b-120a-56f5-a30d-990048af87cc,25,SAMBURU,1ded4abb-6426-5188-8119-17a526e5ba3d,133,SAMBURU WEST,9772437d-4af7-565f-9013-9a2cf533d182,665,PORO,84e1565d-2ca1-5aac-91de-abd21d31bb6a,93,NKEJUMUNY PRIMARY SCHOOL
c2708a8b-120a-56f5-a30d-990048af87cc,25,SAMBURU,1ded4abb-6426-5188-8119-17a526e5ba3d,133,SAMBURU WEST,9772437d-4af7-565f-9013-9a2cf533d182,665,PORO,b9e56df1-0825-5039-8c41-5dce4f594739,94,NAUNERI PRIMARY SCHOOL
c2708a8b-120a-56f5-a30d-990048af87cc,25,SAMBURU,1ded4abb-6426-5188-8119-17a526e5ba3d,133,SAMBURU WEST,9772437d-4af7-565f-9013-9a2cf533d182,665,PORO,3f1309a1-36f3-578f-aa4f-5adf2f88911f,95,LADALA NURSERY SCHOOL
c2708a8b-120a-56f5-a30d-990048af87cc,25,SAMBURU,1ded4abb-6426-5188-8119-17a526e5ba3d,133,SAMBURU WEST,9772437d-4af7-565f-9013-9a2cf533d182,665,PORO,23bf0d6c-f5be-5e7c-ba53-aa2a78831f33,110,LAMAYAINA PRIMARY SCHOOL
c2708a8b-120a-56f5-a30d-990048af87cc,25,SAMBURU,1ded4abb-6426-5188-8119-17a526e5ba3d,133,SAMBURU WEST,9772437d-4af7-565f-9013-9a2cf533d182,665,PORO,7131cbe4-0cd6-5dc3-8c75-356fe1448edb,111,LKURUM PRIMARY SCHOOL
c2708a8b-120a-56f5-a30d-990048af87cc,25,SAMBURU,4327fba5-09c7-5cee-a593-bd177479dd20,134,SAMBURU NORTH,d41280cb-189d-5a23-8d41-ad23d9edcc0f,666,EL-BARTA,64aafe5e-5f96-5519-8bae-50db2be856d0,1,NG'ILAI PRIMARY SCHOOL
c2708a8b-120a-56f5-a30d-990048af87cc,25,SAMBURU,4327fba5-09c7-5cee-a593-bd177479dd20,134,SAMBURU NORTH,d41280cb-189d-5a23-8d41-ad23d9edcc0f,666,EL-BARTA,57afbd5b-f7e8-5aec-a95f-8225ebded920,2,LOROKONYEKIE NURSERY SCHOOL
c2708a8b-120a-56f5-a30d-990048af87cc,25,SAMBURU,4327fba5-09c7-5cee-a593-bd177479dd20,134,SAMBURU NORTH,d41280cb-189d-5a23-8d41-ad23d9edcc0f,666,EL-BARTA,2cef0379-b78f-5d7b-9f83-2fc25e1a96b9,3,BENDERA PRIMARY SCHOOL
c2708a8b-120a-56f5-a30d-990048af87cc,25,SAMBURU,4327fba5-09c7-5cee-a593-bd177479dd20,134,SAMBURU NORTH,d41280cb-189d-5a23-8d41-ad23d9edcc0f,666,EL-BARTA,dc887947-ee83-5b39-80ef-68d7fb35522b,4,BARAGOI PRIMARY SCHOOL
c2708a8b-120a-56f5-a30d-990048af87cc,25,SAMBURU,4327fba5-09c7-5cee-a593-bd177479dd20,134,SAMBURU NORTH,d41280cb-189d-5a23-8d41-ad23d9edcc0f,666,EL-BARTA,91171a26-152b-532a-81c8-9b2fa1a65041,5,MUNANDA NURSERY SCHOOL
c2708a8b-120a-56f5-a30d-990048af87cc,25,SAMBURU,4327fba5-09c7-5cee-a593-bd177479dd20,134,SAMBURU NORTH,d41280cb-189d-5a23-8d41-ad23d9edcc0f,666,EL-BARTA,306b04a8-8a51-5512-b255-a34e6adc8745,6,BENDERA NURSERY SCHOOL
c2708a8b-120a-56f5-a30d-990048af87cc,25,SAMBURU,4327fba5-09c7-5cee-a593-bd177479dd20,134,SAMBURU NORTH,d41280cb-189d-5a23-8d41-ad23d9edcc0f,666,EL-BARTA,3ac107e7-72e2-5ff7-b42f-e68ff9194467,7,HURUMA NURSERY SCHOOL
c2708a8b-120a-56f5-a30d-990048af87cc,25,SAMBURU,4327fba5-09c7-5cee-a593-bd177479dd20,134,SAMBURU NORTH,d41280cb-189d-5a23-8d41-ad23d9edcc0f,666,EL-BARTA,5eee8c2d-1a85-5206-b3c1-b83b0fbcf55c,8,NALING'AGOR NURSERY SCHOOL
c2708a8b-120a-56f5-a30d-990048af87cc,25,SAMBURU,4327fba5-09c7-5cee-a593-bd177479dd20,134,SAMBURU NORTH,d41280cb-189d-5a23-8d41-ad23d9edcc0f,666,EL-BARTA,b23d1db5-f743-51d9-8fab-c9ec9ab8b650,9,SUYAN NURSERY (MOBILE)
c2708a8b-120a-56f5-a30d-990048af87cc,25,SAMBURU,4327fba5-09c7-5cee-a593-bd177479dd20,134,SAMBURU NORTH,d41280cb-189d-5a23-8d41-ad23d9edcc0f,666,EL-BARTA,5755eda5-7939-57a8-8e4d-dd9fd6859434,10,SOITO NG'IRON NURSERY SCHOOL
c2708a8b-120a-56f5-a30d-990048af87cc,25,SAMBURU,4327fba5-09c7-5cee-a593-bd177479dd20,134,SAMBURU NORTH,d41280cb-189d-5a23-8d41-ad23d9edcc0f,666,EL-BARTA,4b14c6f8-0850-5e71-9298-fb55b1ec7b3a,11,SULUBEI NURSERY (MOBILE)
c2708a8b-120a-56f5-a30d-990048af87cc,25,SAMBURU,4327fba5-09c7-5cee-a593-bd177479dd20,134,SAMBURU NORTH,d41280cb-189d-5a23-8d41-ad23d9edcc0f,666,EL-BARTA,2316b2bd-91c4-54e7-b2b2-20f6f92559f8,12,MASIKITA PRIMARY SCHOOL
c2708a8b-120a-56f5-a30d-990048af87cc,25,SAMBURU,4327fba5-09c7-5cee-a593-bd177479dd20,134,SAMBURU NORTH,d41280cb-189d-5a23-8d41-ad23d9edcc0f,666,EL-BARTA,17d7bee9-182d-5dc8-96cd-5fcab1d62674,13,NAKUAKUI VILLAGE ( MOBILE)
c2708a8b-120a-56f5-a30d-990048af87cc,25,SAMBURU,4327fba5-09c7-5cee-a593-bd177479dd20,134,SAMBURU NORTH,d41280cb-189d-5a23-8d41-ad23d9edcc0f,666,EL-BARTA,1183a28f-36f8-5e97-a167-46767b9a49fc,14,LEKAIRAB VILLAGE (MOBILE)
c2708a8b-120a-56f5-a30d-990048af87cc,25,SAMBURU,4327fba5-09c7-5cee-a593-bd177479dd20,134,SAMBURU NORTH,d41280cb-189d-5a23-8d41-ad23d9edcc0f,666,EL-BARTA,bc6c2746-9e16-5765-a8c1-a1c0c221bccc,15,MBUKOI NURSERY (MOBILE)
c2708a8b-120a-56f5-a30d-990048af87cc,25,SAMBURU,4327fba5-09c7-5cee-a593-bd177479dd20,134,SAMBURU NORTH,d41280cb-189d-5a23-8d41-ad23d9edcc0f,666,EL-BARTA,fc84b3aa-1a07-5e55-a3a6-305d6dbfa932,89,NTEREMKA VILLAGE
c2708a8b-120a-56f5-a30d-990048af87cc,25,SAMBURU,4327fba5-09c7-5cee-a593-bd177479dd20,134,SAMBURU NORTH,d41280cb-189d-5a23-8d41-ad23d9edcc0f,666,EL-BARTA,37e29e1a-41a2-55c8-b305-39810e7fa527,90,SOIT NGIRO NURSERY SCHOOL
c2708a8b-120a-56f5-a30d-990048af87cc,25,SAMBURU,4327fba5-09c7-5cee-a593-bd177479dd20,134,SAMBURU NORTH,d41280cb-189d-5a23-8d41-ad23d9edcc0f,666,EL-BARTA,6f3ec0bf-18ad-5f62-abc2-5562af849167,91,NALINGANGOR PRIMARY SCHOOL
c2708a8b-120a-56f5-a30d-990048af87cc,25,SAMBURU,4327fba5-09c7-5cee-a593-bd177479dd20,134,SAMBURU NORTH,9bfb7f53-3e95-596b-afcf-8e92417e7db6,667,NACHOLA,1ece9cf3-11b2-5574-9868-9c4044c3734a,16,NATIIR PRIMARY SCHOOL
c2708a8b-120a-56f5-a30d-990048af87cc,25,SAMBURU,4327fba5-09c7-5cee-a593-bd177479dd20,134,SAMBURU NORTH,9bfb7f53-3e95-596b-afcf-8e92417e7db6,667,NACHOLA,5e19c768-7bdf-59ae-a63e-cc59ff8028b3,17,NATITI PRIMARY SCHOOL
c2708a8b-120a-56f5-a30d-990048af87cc,25,SAMBURU,4327fba5-09c7-5cee-a593-bd177479dd20,134,SAMBURU NORTH,9bfb7f53-3e95-596b-afcf-8e92417e7db6,667,NACHOLA,93c759c5-4281-5b68-b4e5-933c2827f883,18,LOMIROK DAM (MOBILE)
c2708a8b-120a-56f5-a30d-990048af87cc,25,SAMBURU,4327fba5-09c7-5cee-a593-bd177479dd20,134,SAMBURU NORTH,9bfb7f53-3e95-596b-afcf-8e92417e7db6,667,NACHOLA,7af93a36-b96b-515e-9dbc-f1fd26f9d7b9,19,SUGUTA VALLEY PRIMARY SCHOOL
c2708a8b-120a-56f5-a30d-990048af87cc,25,SAMBURU,4327fba5-09c7-5cee-a593-bd177479dd20,134,SAMBURU NORTH,9bfb7f53-3e95-596b-afcf-8e92417e7db6,667,NACHOLA,1aee269e-8f5c-5c72-ac1b-42211cc48783,20,NACHOLA PRIMARY SCHOOL
c2708a8b-120a-56f5-a30d-990048af87cc,25,SAMBURU,4327fba5-09c7-5cee-a593-bd177479dd20,134,SAMBURU NORTH,9bfb7f53-3e95-596b-afcf-8e92417e7db6,667,NACHOLA,30827a2d-e212-525f-913a-cf6c7e581aed,21,NAYANA-ATIIR VILLAGE (MOBILE)
c2708a8b-120a-56f5-a30d-990048af87cc,25,SAMBURU,4327fba5-09c7-5cee-a593-bd177479dd20,134,SAMBURU NORTH,9bfb7f53-3e95-596b-afcf-8e92417e7db6,667,NACHOLA,8129df28-e28a-58e2-b513-0db421e592b0,22,NATRUKAN TERTER (MOBILE)
c2708a8b-120a-56f5-a30d-990048af87cc,25,SAMBURU,4327fba5-09c7-5cee-a593-bd177479dd20,134,SAMBURU NORTH,9bfb7f53-3e95-596b-afcf-8e92417e7db6,667,NACHOLA,a56ee5fd-6331-5b55-935d-024b7ea653d4,23,MORUA-NGIBUIN ( MOBILE)
c2708a8b-120a-56f5-a30d-990048af87cc,25,SAMBURU,4327fba5-09c7-5cee-a593-bd177479dd20,134,SAMBURU NORTH,9bfb7f53-3e95-596b-afcf-8e92417e7db6,667,NACHOLA,a163d998-d847-5902-b3e1-2e2902cef581,24,NATITI NURSERY SCHOOL
c2708a8b-120a-56f5-a30d-990048af87cc,25,SAMBURU,4327fba5-09c7-5cee-a593-bd177479dd20,134,SAMBURU NORTH,9bfb7f53-3e95-596b-afcf-8e92417e7db6,667,NACHOLA,9be27257-191b-5ba9-8f68-c51e44d87798,25,MARTI PRIMARY SCHOOL
c2708a8b-120a-56f5-a30d-990048af87cc,25,SAMBURU,4327fba5-09c7-5cee-a593-bd177479dd20,134,SAMBURU NORTH,9bfb7f53-3e95-596b-afcf-8e92417e7db6,667,NACHOLA,ebe41f61-8e3d-5e42-899c-58554e51424a,26,KATOWANA NURSERY SCHOOL
c2708a8b-120a-56f5-a30d-990048af87cc,25,SAMBURU,4327fba5-09c7-5cee-a593-bd177479dd20,134,SAMBURU NORTH,9bfb7f53-3e95-596b-afcf-8e92417e7db6,667,NACHOLA,310b1dbf-7e97-53ba-b5dd-94c099d690f8,27,CHARDA NURSERY SCHOOL
c2708a8b-120a-56f5-a30d-990048af87cc,25,SAMBURU,4327fba5-09c7-5cee-a593-bd177479dd20,134,SAMBURU NORTH,9bfb7f53-3e95-596b-afcf-8e92417e7db6,667,NACHOLA,6171ebe3-b97b-5f29-bf67-8dc5fee55db2,92,LOCHOTOM VILLAGE MOBILE
c2708a8b-120a-56f5-a30d-990048af87cc,25,SAMBURU,4327fba5-09c7-5cee-a593-bd177479dd20,134,SAMBURU NORTH,9bfb7f53-3e95-596b-afcf-8e92417e7db6,667,NACHOLA,e126b8ab-889e-5e79-9214-d2192796c703,94,KAKULODAK NURSERY SCHOOL
c2708a8b-120a-56f5-a30d-990048af87cc,25,SAMBURU,4327fba5-09c7-5cee-a593-bd177479dd20,134,SAMBURU NORTH,9bfb7f53-3e95-596b-afcf-8e92417e7db6,667,NACHOLA,685995bb-1237-5483-98ab-71a72e3bded6,95,LOKORICHERIA VILLAGE MOBILE
c2708a8b-120a-56f5-a30d-990048af87cc,25,SAMBURU,4327fba5-09c7-5cee-a593-bd177479dd20,134,SAMBURU NORTH,9bfb7f53-3e95-596b-afcf-8e92417e7db6,667,NACHOLA,a0c04790-a361-5bd8-a7f4-b07e24e04d21,96,NGIPURIO VILLAGE MOBILE
c2708a8b-120a-56f5-a30d-990048af87cc,25,SAMBURU,4327fba5-09c7-5cee-a593-bd177479dd20,134,SAMBURU NORTH,4a113f77-d9ba-51cd-8a3c-92b81ee039b0,668,NDOTO,1bc1567b-7bd1-51be-8a0a-e303e76235fa,28,LATAKWENY PRIMARY SCHOOL
c2708a8b-120a-56f5-a30d-990048af87cc,25,SAMBURU,4327fba5-09c7-5cee-a593-bd177479dd20,134,SAMBURU NORTH,4a113f77-d9ba-51cd-8a3c-92b81ee039b0,668,NDOTO,6763aefc-a309-5067-9451-1e25f4fb12f2,29,LOINDONG'O NURSERY SCHOOL
c2708a8b-120a-56f5-a30d-990048af87cc,25,SAMBURU,4327fba5-09c7-5cee-a593-bd177479dd20,134,SAMBURU NORTH,4a113f77-d9ba-51cd-8a3c-92b81ee039b0,668,NDOTO,b7445edb-83f3-5378-a9f8-ccd076acb840,30,NDONYO-WUAS VILLAGE
c2708a8b-120a-56f5-a30d-990048af87cc,25,SAMBURU,4327fba5-09c7-5cee-a593-bd177479dd20,134,SAMBURU NORTH,4a113f77-d9ba-51cd-8a3c-92b81ee039b0,668,NDOTO,db9c5c46-0611-569d-a8b7-acf6c73b40ff,31,KENO VILLAGE NURSERY
c2708a8b-120a-56f5-a30d-990048af87cc,25,SAMBURU,4327fba5-09c7-5cee-a593-bd177479dd20,134,SAMBURU NORTH,4a113f77-d9ba-51cd-8a3c-92b81ee039b0,668,NDOTO,466ab740-a950-5fb9-80ca-16a661730c6c,32,LOIKUMKUM PRIMARY SCHOOL
c2708a8b-120a-56f5-a30d-990048af87cc,25,SAMBURU,4327fba5-09c7-5cee-a593-bd177479dd20,134,SAMBURU NORTH,4a113f77-d9ba-51cd-8a3c-92b81ee039b0,668,NDOTO,146ccd34-3d75-5421-8721-65ac7c7ffc13,33,SERERIT PRIMARY SCHOOL
c2708a8b-120a-56f5-a30d-990048af87cc,25,SAMBURU,4327fba5-09c7-5cee-a593-bd177479dd20,134,SAMBURU NORTH,4a113f77-d9ba-51cd-8a3c-92b81ee039b0,668,NDOTO,78e0535f-8745-5431-9858-4dcb73fb3dbd,34,SIMITI PRIMARY SCHOOL
c2708a8b-120a-56f5-a30d-990048af87cc,25,SAMBURU,4327fba5-09c7-5cee-a593-bd177479dd20,134,SAMBURU NORTH,4a113f77-d9ba-51cd-8a3c-92b81ee039b0,668,NDOTO,e79df1c9-b88b-5037-a924-219b5ea53317,35,URA PRIMARY SCHOOL
c2708a8b-120a-56f5-a30d-990048af87cc,25,SAMBURU,4327fba5-09c7-5cee-a593-bd177479dd20,134,SAMBURU NORTH,4a113f77-d9ba-51cd-8a3c-92b81ee039b0,668,NDOTO,b7e55736-b01d-582d-b0c0-7b3d988cdd40,36,TANGAR PRIMARY SCHOOL
c2708a8b-120a-56f5-a30d-990048af87cc,25,SAMBURU,4327fba5-09c7-5cee-a593-bd177479dd20,134,SAMBURU NORTH,4a113f77-d9ba-51cd-8a3c-92b81ee039b0,668,NDOTO,748d2e90-626c-568f-8b62-ce726e846f84,37,LOODUA PRIMARY SCHOOL
c2708a8b-120a-56f5-a30d-990048af87cc,25,SAMBURU,4327fba5-09c7-5cee-a593-bd177479dd20,134,SAMBURU NORTH,4a113f77-d9ba-51cd-8a3c-92b81ee039b0,668,NDOTO,70f309ae-5233-5c39-b6a9-9813da06fba0,38,LESIRKAN PRIMARY SCHOOL
c2708a8b-120a-56f5-a30d-990048af87cc,25,SAMBURU,4327fba5-09c7-5cee-a593-bd177479dd20,134,SAMBURU NORTH,4a113f77-d9ba-51cd-8a3c-92b81ee039b0,668,NDOTO,81d7b7b5-38c9-5f56-8a1d-a57e330cf5b0,39,LESIRKAN NURSERY SCHOOL
c2708a8b-120a-56f5-a30d-990048af87cc,25,SAMBURU,4327fba5-09c7-5cee-a593-bd177479dd20,134,SAMBURU NORTH,4a113f77-d9ba-51cd-8a3c-92b81ee039b0,668,NDOTO,551ee009-64e5-5dfe-a50b-94ae3561155a,40,ARSIM PRIMARY SCHOOL
c2708a8b-120a-56f5-a30d-990048af87cc,25,SAMBURU,4327fba5-09c7-5cee-a593-bd177479dd20,134,SAMBURU NORTH,4a113f77-d9ba-51cd-8a3c-92b81ee039b0,668,NDOTO,a5897f12-2e92-52e7-9b95-9650b4e3c41d,41,ILLAUT PRIMARY SCHOOL
c2708a8b-120a-56f5-a30d-990048af87cc,25,SAMBURU,4327fba5-09c7-5cee-a593-bd177479dd20,134,SAMBURU NORTH,4a113f77-d9ba-51cd-8a3c-92b81ee039b0,668,NDOTO,683843dc-e2f4-5f07-9875-c1ae03019ca7,42,SIANG'AN NURSERY SCHOOL
c2708a8b-120a-56f5-a30d-990048af87cc,25,SAMBURU,4327fba5-09c7-5cee-a593-bd177479dd20,134,SAMBURU NORTH,4a113f77-d9ba-51cd-8a3c-92b81ee039b0,668,NDOTO,5cf7e022-7b46-589e-857d-ebf59c4c5a0a,43,NG'URONIT RESEARCH STATION
c2708a8b-120a-56f5-a30d-990048af87cc,25,SAMBURU,4327fba5-09c7-5cee-a593-bd177479dd20,134,SAMBURU NORTH,4a113f77-d9ba-51cd-8a3c-92b81ee039b0,668,NDOTO,4b438a48-7678-529f-8d48-e8bf24951b47,44,KELESUA PRIMARY SCHOOL
c2708a8b-120a-56f5-a30d-990048af87cc,25,SAMBURU,4327fba5-09c7-5cee-a593-bd177479dd20,134,SAMBURU NORTH,4a113f77-d9ba-51cd-8a3c-92b81ee039b0,668,NDOTO,f2559075-57ab-53b5-9d93-d533e3e8041e,45,SEREN PRIMARY SCHOOL
c2708a8b-120a-56f5-a30d-990048af87cc,25,SAMBURU,4327fba5-09c7-5cee-a593-bd177479dd20,134,SAMBURU NORTH,ab71d32d-118c-5112-91ad-e107ec948c8e,669,NYIRO,9ad86d99-7af3-5648-a46c-36c4cf29bf1f,46,NAINGASIAI MOBILE
c2708a8b-120a-56f5-a30d-990048af87cc,25,SAMBURU,4327fba5-09c7-5cee-a593-bd177479dd20,134,SAMBURU NORTH,ab71d32d-118c-5112-91ad-e107ec948c8e,669,NYIRO,f4ca0941-b1b9-53c7-91b1-7669ec01982a,47,UASO RONGAI PRIMARY SCHOOL
c2708a8b-120a-56f5-a30d-990048af87cc,25,SAMBURU,4327fba5-09c7-5cee-a593-bd177479dd20,134,SAMBURU NORTH,ab71d32d-118c-5112-91ad-e107ec948c8e,669,NYIRO,4c122e0d-1f49-54cd-8165-7370d2f51e9b,48,LOKUTO VILLAGE (MOBILE)
c2708a8b-120a-56f5-a30d-990048af87cc,25,SAMBURU,4327fba5-09c7-5cee-a593-bd177479dd20,134,SAMBURU NORTH,ab71d32d-118c-5112-91ad-e107ec948c8e,669,NYIRO,e7cf9207-2f37-5a16-aa7f-78a339cf1678,49,KAWAP PRIMARY SCHOOL
c2708a8b-120a-56f5-a30d-990048af87cc,25,SAMBURU,4327fba5-09c7-5cee-a593-bd177479dd20,134,SAMBURU NORTH,ab71d32d-118c-5112-91ad-e107ec948c8e,669,NYIRO,29ada3dc-d790-58b1-a23e-348a1cd7c698,50,SUMURUAI PRIMARY SCHOOL
c2708a8b-120a-56f5-a30d-990048af87cc,25,SAMBURU,4327fba5-09c7-5cee-a593-bd177479dd20,134,SAMBURU NORTH,ab71d32d-118c-5112-91ad-e107ec948c8e,669,NYIRO,8228378e-7b96-531f-a20a-78a5baf5810f,51,LORUKO NURSERY SCHOOL
c2708a8b-120a-56f5-a30d-990048af87cc,25,SAMBURU,4327fba5-09c7-5cee-a593-bd177479dd20,134,SAMBURU NORTH,ab71d32d-118c-5112-91ad-e107ec948c8e,669,NYIRO,c9d0ad92-f1bd-5fde-8baf-bd6fe53f56a2,52,LMERIM NURSERY SCHOOL
c2708a8b-120a-56f5-a30d-990048af87cc,25,SAMBURU,4327fba5-09c7-5cee-a593-bd177479dd20,134,SAMBURU NORTH,ab71d32d-118c-5112-91ad-e107ec948c8e,669,NYIRO,a4687ab9-26ce-5583-b6d7-f9b5e49c9a05,53,SOUTH HORR PRIMARY SCHOOL
c2708a8b-120a-56f5-a30d-990048af87cc,25,SAMBURU,4327fba5-09c7-5cee-a593-bd177479dd20,134,SAMBURU NORTH,ab71d32d-118c-5112-91ad-e107ec948c8e,669,NYIRO,5c9b30a2-82a2-5a70-a54a-6de1705b6cbc,54,LOSURKOI NURSERY SCHOOL
c2708a8b-120a-56f5-a30d-990048af87cc,25,SAMBURU,4327fba5-09c7-5cee-a593-bd177479dd20,134,SAMBURU NORTH,ab71d32d-118c-5112-91ad-e107ec948c8e,669,NYIRO,7e238fa1-d2cc-5134-bfaa-0fec05c78693,55,TUUM FOREST STATION
c2708a8b-120a-56f5-a30d-990048af87cc,25,SAMBURU,4327fba5-09c7-5cee-a593-bd177479dd20,134,SAMBURU NORTH,ab71d32d-118c-5112-91ad-e107ec948c8e,669,NYIRO,218a8d50-9a79-5999-8a70-d9766bebb9a5,56,TUUM PRIMARY SCHOOL
c2708a8b-120a-56f5-a30d-990048af87cc,25,SAMBURU,4327fba5-09c7-5cee-a593-bd177479dd20,134,SAMBURU NORTH,ab71d32d-118c-5112-91ad-e107ec948c8e,669,NYIRO,156604d5-9af3-518e-a907-e11c945d0743,57,NAKEOR MANYATTA (MOBILE)
c2708a8b-120a-56f5-a30d-990048af87cc,25,SAMBURU,4327fba5-09c7-5cee-a593-bd177479dd20,134,SAMBURU NORTH,ab71d32d-118c-5112-91ad-e107ec948c8e,669,NYIRO,c52a3f6d-9a10-5355-88b5-93354ad5468c,58,PARKATI PRIMARY SCHOOL
c2708a8b-120a-56f5-a30d-990048af87cc,25,SAMBURU,4327fba5-09c7-5cee-a593-bd177479dd20,134,SAMBURU NORTH,ab71d32d-118c-5112-91ad-e107ec948c8e,669,NYIRO,e7808b36-68dd-5ba1-b469-043f8b19cce9,59,LAREOROK PRIMARY SCHOOL
c2708a8b-120a-56f5-a30d-990048af87cc,25,SAMBURU,4327fba5-09c7-5cee-a593-bd177479dd20,134,SAMBURU NORTH,ab71d32d-118c-5112-91ad-e107ec948c8e,669,NYIRO,d1e7a44b-bb8e-5131-aada-6796bb14503e,60,LOONJORIN PRIMARY SCHOOL
c2708a8b-120a-56f5-a30d-990048af87cc,25,SAMBURU,4327fba5-09c7-5cee-a593-bd177479dd20,134,SAMBURU NORTH,ab71d32d-118c-5112-91ad-e107ec948c8e,669,NYIRO,41ad9bd2-7f6e-54d6-ab7e-94a56d90f3ba,61,ANDERI PRIMARY SCHOOL
c2708a8b-120a-56f5-a30d-990048af87cc,25,SAMBURU,4327fba5-09c7-5cee-a593-bd177479dd20,134,SAMBURU NORTH,ab71d32d-118c-5112-91ad-e107ec948c8e,669,NYIRO,524b0375-26cc-551b-af13-ef327e6d0d75,62,KEREE PRIMARY SCHOOL
c2708a8b-120a-56f5-a30d-990048af87cc,25,SAMBURU,4327fba5-09c7-5cee-a593-bd177479dd20,134,SAMBURU NORTH,ab71d32d-118c-5112-91ad-e107ec948c8e,669,NYIRO,e83971b9-a464-5f13-841c-a214653b591a,63,CONSOLLATA NURSERY SCHOOL
c2708a8b-120a-56f5-a30d-990048af87cc,25,SAMBURU,4327fba5-09c7-5cee-a593-bd177479dd20,134,SAMBURU NORTH,ab71d32d-118c-5112-91ad-e107ec948c8e,669,NYIRO,4545215a-8c51-5236-a1bf-dd13b81287c7,64,SARIMA VILLAGE (MOBILE)
c2708a8b-120a-56f5-a30d-990048af87cc,25,SAMBURU,4327fba5-09c7-5cee-a593-bd177479dd20,134,SAMBURU NORTH,ab71d32d-118c-5112-91ad-e107ec948c8e,669,NYIRO,294597bc-d872-57ee-8bd5-9e43f70e2b56,97,LTALETIANI NURSERY SCHOOL
c2708a8b-120a-56f5-a30d-990048af87cc,25,SAMBURU,4327fba5-09c7-5cee-a593-bd177479dd20,134,SAMBURU NORTH,ab71d32d-118c-5112-91ad-e107ec948c8e,669,NYIRO,a73c70bf-0c46-57ba-8c70-44ebe156a3d8,98,LAPARAAN VILLAGE NURSERY
c2708a8b-120a-56f5-a30d-990048af87cc,25,SAMBURU,4327fba5-09c7-5cee-a593-bd177479dd20,134,SAMBURU NORTH,ab71d32d-118c-5112-91ad-e107ec948c8e,669,NYIRO,75cc3619-4413-5778-a6d6-336cb3eda930,99,SIMALE VILLAGE MOBILE
c2708a8b-120a-56f5-a30d-990048af87cc,25,SAMBURU,4327fba5-09c7-5cee-a593-bd177479dd20,134,SAMBURU NORTH,ab71d32d-118c-5112-91ad-e107ec948c8e,669,NYIRO,cc3a5e8c-ffe5-5cbb-8949-89fe50164b29,100,KILEPOI NURSERY SCHOOL
c2708a8b-120a-56f5-a30d-990048af87cc,25,SAMBURU,4327fba5-09c7-5cee-a593-bd177479dd20,134,SAMBURU NORTH,ab71d32d-118c-5112-91ad-e107ec948c8e,669,NYIRO,723b7f63-7ad4-5146-827d-943f226d6fe1,101,SENGENGE VILLAGE MOBILE
c2708a8b-120a-56f5-a30d-990048af87cc,25,SAMBURU,4327fba5-09c7-5cee-a593-bd177479dd20,134,SAMBURU NORTH,ab71d32d-118c-5112-91ad-e107ec948c8e,669,NYIRO,d88347ff-c7f8-55a0-9e32-97b4be30b03a,102,LOPOROTO ETHEKON NURSERY MOBILE
c2708a8b-120a-56f5-a30d-990048af87cc,25,SAMBURU,4327fba5-09c7-5cee-a593-bd177479dd20,134,SAMBURU NORTH,ab71d32d-118c-5112-91ad-e107ec948c8e,669,NYIRO,ed92a533-e59d-5ee5-8a26-679cfeb0cb9d,103,NAMALIA VILLAGE MOBBILE
c2708a8b-120a-56f5-a30d-990048af87cc,25,SAMBURU,4327fba5-09c7-5cee-a593-bd177479dd20,134,SAMBURU NORTH,dff958fc-5739-5dbc-b40b-f7ecfd284f21,670,ANGATA NANYOKIE,98fe72d0-847e-5356-9d49-a5ac77864339,65,LOLTULELEI NURSERY SCHOOL
c2708a8b-120a-56f5-a30d-990048af87cc,25,SAMBURU,4327fba5-09c7-5cee-a593-bd177479dd20,134,SAMBURU NORTH,dff958fc-5739-5dbc-b40b-f7ecfd284f21,670,ANGATA NANYOKIE,f5bb8e1a-5e5a-54c0-be48-914c747aa0bc,66,SOIT PUS PRIMARY SCHOOL
c2708a8b-120a-56f5-a30d-990048af87cc,25,SAMBURU,4327fba5-09c7-5cee-a593-bd177479dd20,134,SAMBURU NORTH,dff958fc-5739-5dbc-b40b-f7ecfd284f21,670,ANGATA NANYOKIE,7ae8bfb2-9920-5269-a67e-1c5ed7127ea7,67,SUNONI PRIMARY SCHOOL
c2708a8b-120a-56f5-a30d-990048af87cc,25,SAMBURU,4327fba5-09c7-5cee-a593-bd177479dd20,134,SAMBURU NORTH,dff958fc-5739-5dbc-b40b-f7ecfd284f21,670,ANGATA NANYOKIE,d92466d6-b27b-595e-b0b0-425174183716,68,ANGATA NANYOKIE PRIMARY SCHOOL
c2708a8b-120a-56f5-a30d-990048af87cc,25,SAMBURU,4327fba5-09c7-5cee-a593-bd177479dd20,134,SAMBURU NORTH,dff958fc-5739-5dbc-b40b-f7ecfd284f21,670,ANGATA NANYOKIE,25b4961a-1c52-56ee-8c7c-c17168002d85,69,LONKUTUKIE FOREST (MOBILE)
c2708a8b-120a-56f5-a30d-990048af87cc,25,SAMBURU,4327fba5-09c7-5cee-a593-bd177479dd20,134,SAMBURU NORTH,dff958fc-5739-5dbc-b40b-f7ecfd284f21,670,ANGATA NANYOKIE,ad07aedc-22c3-585a-9d14-d4c73c274921,70,NKORIKA PRIMARY SCHOOL
c2708a8b-120a-56f5-a30d-990048af87cc,25,SAMBURU,4327fba5-09c7-5cee-a593-bd177479dd20,134,SAMBURU NORTH,dff958fc-5739-5dbc-b40b-f7ecfd284f21,670,ANGATA NANYOKIE,275367d0-ab35-5c76-b3d0-0a2647a5e80f,71,BARSALOI PRIMARY SCHOOL
c2708a8b-120a-56f5-a30d-990048af87cc,25,SAMBURU,4327fba5-09c7-5cee-a593-bd177479dd20,134,SAMBURU NORTH,dff958fc-5739-5dbc-b40b-f7ecfd284f21,670,ANGATA NANYOKIE,c78b5b95-439a-5606-a31a-a102bf077c8b,72,LPUSI PRIMARY SCHOOL
c2708a8b-120a-56f5-a30d-990048af87cc,25,SAMBURU,4327fba5-09c7-5cee-a593-bd177479dd20,134,SAMBURU NORTH,dff958fc-5739-5dbc-b40b-f7ecfd284f21,670,ANGATA NANYOKIE,8de31a6e-4906-5d2c-bcfa-b0a34fdc2301,73,MORIJO PRIMARY SCHOOL
c2708a8b-120a-56f5-a30d-990048af87cc,25,SAMBURU,4327fba5-09c7-5cee-a593-bd177479dd20,134,SAMBURU NORTH,dff958fc-5739-5dbc-b40b-f7ecfd284f21,670,ANGATA NANYOKIE,2b424524-7aee-57f1-bd8d-6bfe7053eda1,74,LULU PRIMARY SCHOOL
c2708a8b-120a-56f5-a30d-990048af87cc,25,SAMBURU,4327fba5-09c7-5cee-a593-bd177479dd20,134,SAMBURU NORTH,dff958fc-5739-5dbc-b40b-f7ecfd284f21,670,ANGATA NANYOKIE,dd97e347-801e-57cd-b45e-c696de1321aa,75,NGAVAI NURSERY SCHOOL
c2708a8b-120a-56f5-a30d-990048af87cc,25,SAMBURU,4327fba5-09c7-5cee-a593-bd177479dd20,134,SAMBURU NORTH,dff958fc-5739-5dbc-b40b-f7ecfd284f21,670,ANGATA NANYOKIE,182e64e0-27f3-51ce-bf0b-c8629895aadd,76,LULU FOREST STATION
c2708a8b-120a-56f5-a30d-990048af87cc,25,SAMBURU,4327fba5-09c7-5cee-a593-bd177479dd20,134,SAMBURU NORTH,dff958fc-5739-5dbc-b40b-f7ecfd284f21,670,ANGATA NANYOKIE,a58972b0-3723-59ef-9ce8-616f70110e1f,104,NTARAKWAI NURSERY SCHOOL
c2708a8b-120a-56f5-a30d-990048af87cc,25,SAMBURU,4327fba5-09c7-5cee-a593-bd177479dd20,134,SAMBURU NORTH,dff958fc-5739-5dbc-b40b-f7ecfd284f21,670,ANGATA NANYOKIE,8e781615-36cc-542f-bc1b-026e90edf436,105,LKUJITA VILLAGE NURSERY SCHOOL
c2708a8b-120a-56f5-a30d-990048af87cc,25,SAMBURU,4327fba5-09c7-5cee-a593-bd177479dd20,134,SAMBURU NORTH,ff03befc-4b1d-5b74-b469-b9209c73059c,671,BAAWA,60f9a8a4-dcdf-5875-b1d1-d3b0160ae19e,77,MURUANKAI PRIMARY SCHOOL
c2708a8b-120a-56f5-a30d-990048af87cc,25,SAMBURU,4327fba5-09c7-5cee-a593-bd177479dd20,134,SAMBURU NORTH,ff03befc-4b1d-5b74-b469-b9209c73059c,671,BAAWA,0a1ff2f8-ae39-5950-a783-74634b68566b,78,LCHAKWAI PRIMARY SCHOOL
c2708a8b-120a-56f5-a30d-990048af87cc,25,SAMBURU,4327fba5-09c7-5cee-a593-bd177479dd20,134,SAMBURU NORTH,ff03befc-4b1d-5b74-b469-b9209c73059c,671,BAAWA,1c2b22ab-7c9d-5e72-8798-364d610a7d9b,79,NONKEEK PRIMARY SCHOOL
c2708a8b-120a-56f5-a30d-990048af87cc,25,SAMBURU,4327fba5-09c7-5cee-a593-bd177479dd20,134,SAMBURU NORTH,ff03befc-4b1d-5b74-b469-b9209c73059c,671,BAAWA,f44af0ee-5108-53b4-a8c3-2dd30d21b19a,80,LOROK-LOLMONGO NURSERY SCHOOL
c2708a8b-120a-56f5-a30d-990048af87cc,25,SAMBURU,4327fba5-09c7-5cee-a593-bd177479dd20,134,SAMBURU NORTH,ff03befc-4b1d-5b74-b469-b9209c73059c,671,BAAWA,d4cef7dc-ebad-5d5d-85ef-245a8690e83b,81,OPIROI PRIMARY SCHOOL
c2708a8b-120a-56f5-a30d-990048af87cc,25,SAMBURU,4327fba5-09c7-5cee-a593-bd177479dd20,134,SAMBURU NORTH,ff03befc-4b1d-5b74-b469-b9209c73059c,671,BAAWA,55e7e80f-edd3-5be4-9edf-528f640d6b70,82,NOMBOROI PRIMARY SCHOOL
c2708a8b-120a-56f5-a30d-990048af87cc,25,SAMBURU,4327fba5-09c7-5cee-a593-bd177479dd20,134,SAMBURU NORTH,ff03befc-4b1d-5b74-b469-b9209c73059c,671,BAAWA,04ac0d50-16a6-592d-8dde-14d0a9c86802,83,NOMBOROI NURSERY SCHOOL
c2708a8b-120a-56f5-a30d-990048af87cc,25,SAMBURU,4327fba5-09c7-5cee-a593-bd177479dd20,134,SAMBURU NORTH,ff03befc-4b1d-5b74-b469-b9209c73059c,671,BAAWA,f5c4334b-ddf8-5f24-bfdc-c07c820c5247,84,NAIMARLAL PRIMARY SCHOOL
c2708a8b-120a-56f5-a30d-990048af87cc,25,SAMBURU,4327fba5-09c7-5cee-a593-bd177479dd20,134,SAMBURU NORTH,ff03befc-4b1d-5b74-b469-b9209c73059c,671,BAAWA,688fb26b-02fd-5697-9dda-5fbcc692103c,85,LAILILAI NURSERY SCHOOL
c2708a8b-120a-56f5-a30d-990048af87cc,25,SAMBURU,4327fba5-09c7-5cee-a593-bd177479dd20,134,SAMBURU NORTH,ff03befc-4b1d-5b74-b469-b9209c73059c,671,BAAWA,e535eb1c-ad25-5f01-9e4a-fc5720199fa2,86,LEIIR PRIMARY SCHOOL
c2708a8b-120a-56f5-a30d-990048af87cc,25,SAMBURU,4327fba5-09c7-5cee-a593-bd177479dd20,134,SAMBURU NORTH,ff03befc-4b1d-5b74-b469-b9209c73059c,671,BAAWA,b3feab09-c0ba-5971-b802-574713b43c56,87,BAAWA PRIMARY SCHOOL
c2708a8b-120a-56f5-a30d-990048af87cc,25,SAMBURU,4327fba5-09c7-5cee-a593-bd177479dd20,134,SAMBURU NORTH,ff03befc-4b1d-5b74-b469-b9209c73059c,671,BAAWA,4a2fc016-8aae-545f-a93e-f176a65cc2da,88,BAAWA NURSERY SCHOOL
c2708a8b-120a-56f5-a30d-990048af87cc,25,SAMBURU,600b45cf-3f3e-5dab-a814-8f1d8dde0bf2,135,SAMBURU EAST,48486ed6-d595-54ef-a079-2ae7ac80acda,672,WASO,42645a1f-4a3e-50a0-8f94-ae93605b82c6,1,SANTAIT WELL MOBILE
c2708a8b-120a-56f5-a30d-990048af87cc,25,SAMBURU,600b45cf-3f3e-5dab-a814-8f1d8dde0bf2,135,SAMBURU EAST,48486ed6-d595-54ef-a079-2ae7ac80acda,672,WASO,ee040876-3814-5008-9707-6d861efab46e,2,KINYA VILLAGE MOBILE
c2708a8b-120a-56f5-a30d-990048af87cc,25,SAMBURU,600b45cf-3f3e-5dab-a814-8f1d8dde0bf2,135,SAMBURU EAST,48486ed6-d595-54ef-a079-2ae7ac80acda,672,WASO,cd19d63f-ef09-577b-8c4c-509e52ba2e8c,3,SERE-OLIPI PRIMARY SCHOOL
c2708a8b-120a-56f5-a30d-990048af87cc,25,SAMBURU,600b45cf-3f3e-5dab-a814-8f1d8dde0bf2,135,SAMBURU EAST,48486ed6-d595-54ef-a079-2ae7ac80acda,672,WASO,b46c0eb6-c900-58a3-aaef-2d90429442df,4,KAURO MOBILE
c2708a8b-120a-56f5-a30d-990048af87cc,25,SAMBURU,600b45cf-3f3e-5dab-a814-8f1d8dde0bf2,135,SAMBURU EAST,48486ed6-d595-54ef-a079-2ae7ac80acda,672,WASO,2ac05c1a-c6db-5c9b-b53b-984e3d343d11,5,KAING'OS NURSERY SCHOOL
c2708a8b-120a-56f5-a30d-990048af87cc,25,SAMBURU,600b45cf-3f3e-5dab-a814-8f1d8dde0bf2,135,SAMBURU EAST,48486ed6-d595-54ef-a079-2ae7ac80acda,672,WASO,323e03d1-b087-5413-8027-f538c5085ebe,6,LOSESIA MOBILE
c2708a8b-120a-56f5-a30d-990048af87cc,25,SAMBURU,600b45cf-3f3e-5dab-a814-8f1d8dde0bf2,135,SAMBURU EAST,48486ed6-d595-54ef-a079-2ae7ac80acda,672,WASO,8dbaec11-0d15-5161-b8e3-e88954b151cf,7,LARESORO PRIMARY SCHOOL
c2708a8b-120a-56f5-a30d-990048af87cc,25,SAMBURU,600b45cf-3f3e-5dab-a814-8f1d8dde0bf2,135,SAMBURU EAST,48486ed6-d595-54ef-a079-2ae7ac80acda,672,WASO,9c3d36b0-bd4f-5150-a7eb-778b8da710a6,8,NAKWAMORU MOBILE
c2708a8b-120a-56f5-a30d-990048af87cc,25,SAMBURU,600b45cf-3f3e-5dab-a814-8f1d8dde0bf2,135,SAMBURU EAST,48486ed6-d595-54ef-a079-2ae7ac80acda,672,WASO,7d4df8c6-b66a-5dd1-85d2-7b2066680dd8,9,LERATA PRIMARY SCHOOL
c2708a8b-120a-56f5-a30d-990048af87cc,25,SAMBURU,600b45cf-3f3e-5dab-a814-8f1d8dde0bf2,135,SAMBURU EAST,48486ed6-d595-54ef-a079-2ae7ac80acda,672,WASO,701ca89b-ee30-59b4-a6fd-248eb8b2a487,10,KALAMA PRIMARY SCHOOL
c2708a8b-120a-56f5-a30d-990048af87cc,25,SAMBURU,600b45cf-3f3e-5dab-a814-8f1d8dde0bf2,135,SAMBURU EAST,48486ed6-d595-54ef-a079-2ae7ac80acda,672,WASO,e1ecb888-7ea8-5474-819c-57eeaa1da9fd,11,GIRGIR PRIMARY SCHOOL-UPPER
c2708a8b-120a-56f5-a30d-990048af87cc,25,SAMBURU,600b45cf-3f3e-5dab-a814-8f1d8dde0bf2,135,SAMBURU EAST,48486ed6-d595-54ef-a079-2ae7ac80acda,672,WASO,0b00d2ed-025e-513b-83d6-32040f1766cc,12,GIRGIR PRIMARY SCHOOL-LOWER
c2708a8b-120a-56f5-a30d-990048af87cc,25,SAMBURU,600b45cf-3f3e-5dab-a814-8f1d8dde0bf2,135,SAMBURU EAST,48486ed6-d595-54ef-a079-2ae7ac80acda,672,WASO,06f5bb2d-6dbc-514a-b71f-74e72ba5196c,13,LORUBAI PRIMARY SCHOOL
c2708a8b-120a-56f5-a30d-990048af87cc,25,SAMBURU,600b45cf-3f3e-5dab-a814-8f1d8dde0bf2,135,SAMBURU EAST,48486ed6-d595-54ef-a079-2ae7ac80acda,672,WASO,2c2998a6-54ac-5a26-8ea7-454b26a55b05,14,NDONYO WUASIN PRIMARY SCHOOL
c2708a8b-120a-56f5-a30d-990048af87cc,25,SAMBURU,600b45cf-3f3e-5dab-a814-8f1d8dde0bf2,135,SAMBURU EAST,48486ed6-d595-54ef-a079-2ae7ac80acda,672,WASO,ccc90836-533e-551e-8815-5612220c7e19,15,LNDUME NURSERY SCHOOL
c2708a8b-120a-56f5-a30d-990048af87cc,25,SAMBURU,600b45cf-3f3e-5dab-a814-8f1d8dde0bf2,135,SAMBURU EAST,48486ed6-d595-54ef-a079-2ae7ac80acda,672,WASO,62748df5-6799-54b6-8472-4f553b29d681,16,LERRAPANGA MOBILE
c2708a8b-120a-56f5-a30d-990048af87cc,25,SAMBURU,600b45cf-3f3e-5dab-a814-8f1d8dde0bf2,135,SAMBURU EAST,48486ed6-d595-54ef-a079-2ae7ac80acda,672,WASO,3d31b0ec-8add-512b-8a83-9fae147d7e45,17,KIRISH NURSERY SCHOOL
c2708a8b-120a-56f5-a30d-990048af87cc,25,SAMBURU,600b45cf-3f3e-5dab-a814-8f1d8dde0bf2,135,SAMBURU EAST,48486ed6-d595-54ef-a079-2ae7ac80acda,672,WASO,e77934e9-d735-5134-ae97-8ced9a703a5f,18,LDERKESI PRIMARY SCHOOL
c2708a8b-120a-56f5-a30d-990048af87cc,25,SAMBURU,600b45cf-3f3e-5dab-a814-8f1d8dde0bf2,135,SAMBURU EAST,48486ed6-d595-54ef-a079-2ae7ac80acda,672,WASO,5aa334b0-23e3-5b4a-a794-f29231ece529,19,LENTASIM NURSERY SCHOOL
c2708a8b-120a-56f5-a30d-990048af87cc,25,SAMBURU,600b45cf-3f3e-5dab-a814-8f1d8dde0bf2,135,SAMBURU EAST,101c9321-c3dd-50a6-bc98-c3a65a5ad5b7,673,WAMBA WEST,2fd1528f-5cb8-5f6e-b324-53d6a75e2a21,20,RESIM PRIMARY SCHOOL
c2708a8b-120a-56f5-a30d-990048af87cc,25,SAMBURU,600b45cf-3f3e-5dab-a814-8f1d8dde0bf2,135,SAMBURU EAST,101c9321-c3dd-50a6-bc98-c3a65a5ad5b7,673,WAMBA WEST,e10bd5e6-a00f-5f9c-8f25-2bee81db59f9,21,LOPESIWO PRIMARY SCHOOL
c2708a8b-120a-56f5-a30d-990048af87cc,25,SAMBURU,600b45cf-3f3e-5dab-a814-8f1d8dde0bf2,135,SAMBURU EAST,101c9321-c3dd-50a6-bc98-c3a65a5ad5b7,673,WAMBA WEST,4e6804f7-5dd0-5f54-8013-7bf73f0a5fd0,22,NGARONI PRIMARY SCHOOL
c2708a8b-120a-56f5-a30d-990048af87cc,25,SAMBURU,600b45cf-3f3e-5dab-a814-8f1d8dde0bf2,135,SAMBURU EAST,101c9321-c3dd-50a6-bc98-c3a65a5ad5b7,673,WAMBA WEST,e80c389c-a7cf-5974-ac73-77b17cb71aee,23,LPUS PRIMARY SCHOOL
c2708a8b-120a-56f5-a30d-990048af87cc,25,SAMBURU,600b45cf-3f3e-5dab-a814-8f1d8dde0bf2,135,SAMBURU EAST,101c9321-c3dd-50a6-bc98-c3a65a5ad5b7,673,WAMBA WEST,5cb5c354-4e49-5931-ad02-df3c7eb3eb74,24,LODUNG'OKWE PRIMARY SCHOOL
c2708a8b-120a-56f5-a30d-990048af87cc,25,SAMBURU,600b45cf-3f3e-5dab-a814-8f1d8dde0bf2,135,SAMBURU EAST,101c9321-c3dd-50a6-bc98-c3a65a5ad5b7,673,WAMBA WEST,3827eb57-9743-5372-8ea7-6f696ef537fa,25,LANTARE VILLAGE
c2708a8b-120a-56f5-a30d-990048af87cc,25,SAMBURU,600b45cf-3f3e-5dab-a814-8f1d8dde0bf2,135,SAMBURU EAST,101c9321-c3dd-50a6-bc98-c3a65a5ad5b7,673,WAMBA WEST,07940065-2631-569a-8d68-40f8fa695781,26,NDONYO WERRIKON NURSERY
c2708a8b-120a-56f5-a30d-990048af87cc,25,SAMBURU,600b45cf-3f3e-5dab-a814-8f1d8dde0bf2,135,SAMBURU EAST,101c9321-c3dd-50a6-bc98-c3a65a5ad5b7,673,WAMBA WEST,aa6ca53d-06b4-5dff-bf30-ba76bb5bc7f4,27,MPASION NURSERY SCHOOL
c2708a8b-120a-56f5-a30d-990048af87cc,25,SAMBURU,600b45cf-3f3e-5dab-a814-8f1d8dde0bf2,135,SAMBURU EAST,101c9321-c3dd-50a6-bc98-c3a65a5ad5b7,673,WAMBA WEST,7df262e4-1d83-5f17-9e7e-7b9ec8a45f25,28,SILANGO NANYOKIE PRIMARY SCHOOL
c2708a8b-120a-56f5-a30d-990048af87cc,25,SAMBURU,600b45cf-3f3e-5dab-a814-8f1d8dde0bf2,135,SAMBURU EAST,101c9321-c3dd-50a6-bc98-c3a65a5ad5b7,673,WAMBA WEST,9d8d273a-7318-54c3-93be-f6fa50a4cffd,29,NENTERIT VILLAGE
c2708a8b-120a-56f5-a30d-990048af87cc,25,SAMBURU,600b45cf-3f3e-5dab-a814-8f1d8dde0bf2,135,SAMBURU EAST,101c9321-c3dd-50a6-bc98-c3a65a5ad5b7,673,WAMBA WEST,5e34298a-4eab-517d-a6d2-6d9e3bbcb193,30,LEKIJI NURSERY SCHOOL
c2708a8b-120a-56f5-a30d-990048af87cc,25,SAMBURU,600b45cf-3f3e-5dab-a814-8f1d8dde0bf2,135,SAMBURU EAST,101c9321-c3dd-50a6-bc98-c3a65a5ad5b7,673,WAMBA WEST,bf8e0371-f55f-5188-8468-5bde792c8504,31,NGUTUK ELMULGET PRIMARY SCHOOL
c2708a8b-120a-56f5-a30d-990048af87cc,25,SAMBURU,600b45cf-3f3e-5dab-a814-8f1d8dde0bf2,135,SAMBURU EAST,101c9321-c3dd-50a6-bc98-c3a65a5ad5b7,673,WAMBA WEST,f501041e-b8a0-591e-9818-61c9d159a718,32,NAISUNYAI PRIMARY SCHOOL
c2708a8b-120a-56f5-a30d-990048af87cc,25,SAMBURU,600b45cf-3f3e-5dab-a814-8f1d8dde0bf2,135,SAMBURU EAST,101c9321-c3dd-50a6-bc98-c3a65a5ad5b7,673,WAMBA WEST,1081bd6c-44b1-53a4-b54f-c2423bfb4366,33,LEMPAUTE NURSERY SCHOOL
c2708a8b-120a-56f5-a30d-990048af87cc,25,SAMBURU,600b45cf-3f3e-5dab-a814-8f1d8dde0bf2,135,SAMBURU EAST,101c9321-c3dd-50a6-bc98-c3a65a5ad5b7,673,WAMBA WEST,0c2ef838-da48-5333-b677-7588c8b654a3,34,REMOT PRIMARY SCHOOL
c2708a8b-120a-56f5-a30d-990048af87cc,25,SAMBURU,600b45cf-3f3e-5dab-a814-8f1d8dde0bf2,135,SAMBURU EAST,101c9321-c3dd-50a6-bc98-c3a65a5ad5b7,673,WAMBA WEST,86bb5281-8160-53e9-aefd-8dc77aac16f4,35,SUKUROI NURSERY SCHOOL
c2708a8b-120a-56f5-a30d-990048af87cc,25,SAMBURU,600b45cf-3f3e-5dab-a814-8f1d8dde0bf2,135,SAMBURU EAST,101c9321-c3dd-50a6-bc98-c3a65a5ad5b7,673,WAMBA WEST,4003008b-4cce-514e-adca-7e2416ba52c3,36,NGUTUK ONG'IRON PRIMARY SCHOOL
c2708a8b-120a-56f5-a30d-990048af87cc,25,SAMBURU,600b45cf-3f3e-5dab-a814-8f1d8dde0bf2,135,SAMBURU EAST,101c9321-c3dd-50a6-bc98-c3a65a5ad5b7,673,WAMBA WEST,d715994b-a801-516e-ac91-480847e4a60a,37,SASAAB NURSERY SCHOOL
c2708a8b-120a-56f5-a30d-990048af87cc,25,SAMBURU,600b45cf-3f3e-5dab-a814-8f1d8dde0bf2,135,SAMBURU EAST,101c9321-c3dd-50a6-bc98-c3a65a5ad5b7,673,WAMBA WEST,4b9ecfb3-b9e6-5be0-a606-0c4b523836cc,38,KILTAMANY PRIMARY SCHOOL
c2708a8b-120a-56f5-a30d-990048af87cc,25,SAMBURU,600b45cf-3f3e-5dab-a814-8f1d8dde0bf2,135,SAMBURU EAST,101c9321-c3dd-50a6-bc98-c3a65a5ad5b7,673,WAMBA WEST,f252ebca-8765-50cd-ae5b-4e7c8dc870d0,39,LPUS LELUAI PRIMARY SCHOOL
c2708a8b-120a-56f5-a30d-990048af87cc,25,SAMBURU,600b45cf-3f3e-5dab-a814-8f1d8dde0bf2,135,SAMBURU EAST,101c9321-c3dd-50a6-bc98-c3a65a5ad5b7,673,WAMBA WEST,323f196f-38b9-52d5-8a01-82092d4b02c8,40,SAMBURU LODGE
c2708a8b-120a-56f5-a30d-990048af87cc,25,SAMBURU,600b45cf-3f3e-5dab-a814-8f1d8dde0bf2,135,SAMBURU EAST,101c9321-c3dd-50a6-bc98-c3a65a5ad5b7,673,WAMBA WEST,82022800-c06a-51ec-8c9a-577d4d2620bf,41,INTERPID SAMBURU CLUB
c2708a8b-120a-56f5-a30d-990048af87cc,25,SAMBURU,600b45cf-3f3e-5dab-a814-8f1d8dde0bf2,135,SAMBURU EAST,101c9321-c3dd-50a6-bc98-c3a65a5ad5b7,673,WAMBA WEST,e1de65a7-c43e-50cb-bf7d-cacfa5066f52,42,LAURAGI NURSERY SCHOOL
c2708a8b-120a-56f5-a30d-990048af87cc,25,SAMBURU,600b45cf-3f3e-5dab-a814-8f1d8dde0bf2,135,SAMBURU EAST,101c9321-c3dd-50a6-bc98-c3a65a5ad5b7,673,WAMBA WEST,651f167d-cc2c-584e-a4bc-442d38f90b4e,43,SOPA LODGE
c2708a8b-120a-56f5-a30d-990048af87cc,25,SAMBURU,600b45cf-3f3e-5dab-a814-8f1d8dde0bf2,135,SAMBURU EAST,101c9321-c3dd-50a6-bc98-c3a65a5ad5b7,673,WAMBA WEST,01a1ebfb-f99d-5caf-865e-f3f27120da03,44,NKISEU NURSERY SCHOOL
c2708a8b-120a-56f5-a30d-990048af87cc,25,SAMBURU,600b45cf-3f3e-5dab-a814-8f1d8dde0bf2,135,SAMBURU EAST,101c9321-c3dd-50a6-bc98-c3a65a5ad5b7,673,WAMBA WEST,958b2a5f-f46e-5785-a2da-b1eda2408a6c,45,KURSEINIE NURSERY SCHOOL
c2708a8b-120a-56f5-a30d-990048af87cc,25,SAMBURU,600b45cf-3f3e-5dab-a814-8f1d8dde0bf2,135,SAMBURU EAST,101c9321-c3dd-50a6-bc98-c3a65a5ad5b7,673,WAMBA WEST,8e36e950-8cd9-5394-9da1-30103ad62a28,46,MUGUR LOTURO WELL
c2708a8b-120a-56f5-a30d-990048af87cc,25,SAMBURU,600b45cf-3f3e-5dab-a814-8f1d8dde0bf2,135,SAMBURU EAST,101c9321-c3dd-50a6-bc98-c3a65a5ad5b7,673,WAMBA WEST,a509e991-dad5-53a2-ae87-3c30b3e074bd,90,NALEPO BOO PRIMARY SCHOOL
c2708a8b-120a-56f5-a30d-990048af87cc,25,SAMBURU,600b45cf-3f3e-5dab-a814-8f1d8dde0bf2,135,SAMBURU EAST,101c9321-c3dd-50a6-bc98-c3a65a5ad5b7,673,WAMBA WEST,f94356f1-0066-5a1a-897f-f629c286a45a,91,LBAA ONYEKIE PRE - SCHOOL
c2708a8b-120a-56f5-a30d-990048af87cc,25,SAMBURU,600b45cf-3f3e-5dab-a814-8f1d8dde0bf2,135,SAMBURU EAST,b2933718-6c5f-571d-aff5-528c37d7c31f,674,WAMBA EAST,5dc5fc04-3619-59b2-b66a-cc7c04184dcc,47,LENG'ARDE PRIMARY SCHOOL
c2708a8b-120a-56f5-a30d-990048af87cc,25,SAMBURU,600b45cf-3f3e-5dab-a814-8f1d8dde0bf2,135,SAMBURU EAST,b2933718-6c5f-571d-aff5-528c37d7c31f,674,WAMBA EAST,b12fabbf-3021-5ef9-a785-525eb8827e89,48,LOOLKUNIYANI PRIMARY SCHOOL
c2708a8b-120a-56f5-a30d-990048af87cc,25,SAMBURU,600b45cf-3f3e-5dab-a814-8f1d8dde0bf2,135,SAMBURU EAST,b2933718-6c5f-571d-aff5-528c37d7c31f,674,WAMBA EAST,617a54aa-af3b-50ef-b1b4-86f971fd5809,49,LKISIN PRIMARY SCHOOL
c2708a8b-120a-56f5-a30d-990048af87cc,25,SAMBURU,600b45cf-3f3e-5dab-a814-8f1d8dde0bf2,135,SAMBURU EAST,b2933718-6c5f-571d-aff5-528c37d7c31f,674,WAMBA EAST,f4e56aee-d5f3-5694-923d-519822ad522f,50,GOLGOLTIM PRIMARY SCHOOL
c2708a8b-120a-56f5-a30d-990048af87cc,25,SAMBURU,600b45cf-3f3e-5dab-a814-8f1d8dde0bf2,135,SAMBURU EAST,b2933718-6c5f-571d-aff5-528c37d7c31f,674,WAMBA EAST,1dc5b16b-5549-53ca-88aa-ba8598671a65,51,NTEPES PRIMARY SCHOOL
c2708a8b-120a-56f5-a30d-990048af87cc,25,SAMBURU,600b45cf-3f3e-5dab-a814-8f1d8dde0bf2,135,SAMBURU EAST,b2933718-6c5f-571d-aff5-528c37d7c31f,674,WAMBA EAST,5f708041-3b4f-5a5c-a387-96bd8083b6c0,52,SARARA NAMUNYAK
c2708a8b-120a-56f5-a30d-990048af87cc,25,SAMBURU,600b45cf-3f3e-5dab-a814-8f1d8dde0bf2,135,SAMBURU EAST,b2933718-6c5f-571d-aff5-528c37d7c31f,674,WAMBA EAST,7f3490f2-1474-5529-9483-64832a4c4294,53,WAMBA WOMEN CLUB
c2708a8b-120a-56f5-a30d-990048af87cc,25,SAMBURU,600b45cf-3f3e-5dab-a814-8f1d8dde0bf2,135,SAMBURU EAST,b2933718-6c5f-571d-aff5-528c37d7c31f,674,WAMBA EAST,27bd0470-ccbc-583e-96c0-57ba824e63df,54,WAMBA D.E.B PRIMARY SCHOOL
c2708a8b-120a-56f5-a30d-990048af87cc,25,SAMBURU,600b45cf-3f3e-5dab-a814-8f1d8dde0bf2,135,SAMBURU EAST,b2933718-6c5f-571d-aff5-528c37d7c31f,674,WAMBA EAST,6894233a-3bf6-5ee4-b7fd-6a85b7c26d41,55,LEKAT NURSERY SCHOOL
c2708a8b-120a-56f5-a30d-990048af87cc,25,SAMBURU,600b45cf-3f3e-5dab-a814-8f1d8dde0bf2,135,SAMBURU EAST,b2933718-6c5f-571d-aff5-528c37d7c31f,674,WAMBA EAST,650bc7c6-49bd-5d08-b761-63290914a408,56,SIONTA PRIMARY SCHOOL
c2708a8b-120a-56f5-a30d-990048af87cc,25,SAMBURU,600b45cf-3f3e-5dab-a814-8f1d8dde0bf2,135,SAMBURU EAST,b2933718-6c5f-571d-aff5-528c37d7c31f,674,WAMBA EAST,ed80181b-fd12-5b05-b0ac-62988acbab47,57,LARATA PRIMARY SCHOOL
c2708a8b-120a-56f5-a30d-990048af87cc,25,SAMBURU,600b45cf-3f3e-5dab-a814-8f1d8dde0bf2,135,SAMBURU EAST,b2933718-6c5f-571d-aff5-528c37d7c31f,674,WAMBA EAST,4314d45f-1dcb-5ac1-9114-45702ca5a070,58,LEMPURANAI PRIMARY SCHOOL
c2708a8b-120a-56f5-a30d-990048af87cc,25,SAMBURU,600b45cf-3f3e-5dab-a814-8f1d8dde0bf2,135,SAMBURU EAST,b2933718-6c5f-571d-aff5-528c37d7c31f,674,WAMBA EAST,2d9a017d-2ec3-5005-b5f1-3ee661848f44,59,MPAGAS NURSERY SCHOOL
c2708a8b-120a-56f5-a30d-990048af87cc,25,SAMBURU,600b45cf-3f3e-5dab-a814-8f1d8dde0bf2,135,SAMBURU EAST,b2933718-6c5f-571d-aff5-528c37d7c31f,674,WAMBA EAST,96e7c3f3-0612-501c-8dd1-0d9ca3e7806c,60,MATAKWANI NURSERY SCHOOL
c2708a8b-120a-56f5-a30d-990048af87cc,25,SAMBURU,600b45cf-3f3e-5dab-a814-8f1d8dde0bf2,135,SAMBURU EAST,b2933718-6c5f-571d-aff5-528c37d7c31f,674,WAMBA EAST,acbf30d0-e22e-5b0b-9b8e-b6b2a7778414,61,MILIMANI NURSERY SCHOOL
c2708a8b-120a-56f5-a30d-990048af87cc,25,SAMBURU,600b45cf-3f3e-5dab-a814-8f1d8dde0bf2,135,SAMBURU EAST,b2933718-6c5f-571d-aff5-528c37d7c31f,674,WAMBA EAST,5f2c144b-c31f-5352-b72c-10ad02200812,62,LDUPAI NURSERY SCHOOL
c2708a8b-120a-56f5-a30d-990048af87cc,25,SAMBURU,600b45cf-3f3e-5dab-a814-8f1d8dde0bf2,135,SAMBURU EAST,b2933718-6c5f-571d-aff5-528c37d7c31f,674,WAMBA EAST,c7c6fcc2-d848-574f-882e-1f837bbd3ea4,63,LOIPI NURSERY SCHOOL
c2708a8b-120a-56f5-a30d-990048af87cc,25,SAMBURU,600b45cf-3f3e-5dab-a814-8f1d8dde0bf2,135,SAMBURU EAST,b2933718-6c5f-571d-aff5-528c37d7c31f,674,WAMBA EAST,c205d442-89fa-5494-b13f-9046acc7d38b,64,WAMBA CCM PRIMARY SCHOOL-LOWER
c2708a8b-120a-56f5-a30d-990048af87cc,25,SAMBURU,600b45cf-3f3e-5dab-a814-8f1d8dde0bf2,135,SAMBURU EAST,b2933718-6c5f-571d-aff5-528c37d7c31f,674,WAMBA EAST,857cd35e-7ca5-5013-a54f-695c2260ed43,65,WAMBA CCM PRIMARY SCHOOL-UPPER
c2708a8b-120a-56f5-a30d-990048af87cc,25,SAMBURU,600b45cf-3f3e-5dab-a814-8f1d8dde0bf2,135,SAMBURU EAST,b2933718-6c5f-571d-aff5-528c37d7c31f,674,WAMBA EAST,59309b35-bcc3-5d0d-bbb1-fe7d437a7e7f,92,RETETI PRIMARY SCHOOL
c2708a8b-120a-56f5-a30d-990048af87cc,25,SAMBURU,600b45cf-3f3e-5dab-a814-8f1d8dde0bf2,135,SAMBURU EAST,6b338790-ab2d-5def-b1d6-0a12eed0a8e0,675,WAMBA NORTH,ac2ef3d7-3b90-53a9-aa7f-af296375ca38,66,RARAITI PRIMARY SCHOOL
c2708a8b-120a-56f5-a30d-990048af87cc,25,SAMBURU,600b45cf-3f3e-5dab-a814-8f1d8dde0bf2,135,SAMBURU EAST,6b338790-ab2d-5def-b1d6-0a12eed0a8e0,675,WAMBA NORTH,ec2640cc-c561-5208-b148-9b4715e5a4e4,67,LORROK-ONYOKIE NURSERY SCHOOL
c2708a8b-120a-56f5-a30d-990048af87cc,25,SAMBURU,600b45cf-3f3e-5dab-a814-8f1d8dde0bf2,135,SAMBURU EAST,6b338790-ab2d-5def-b1d6-0a12eed0a8e0,675,WAMBA NORTH,239a7915-ad30-563c-bbfc-ee26fc4fdd24,68,NAIRIMIRIMO PRIMARY SCHOOL
c2708a8b-120a-56f5-a30d-990048af87cc,25,SAMBURU,600b45cf-3f3e-5dab-a814-8f1d8dde0bf2,135,SAMBURU EAST,6b338790-ab2d-5def-b1d6-0a12eed0a8e0,675,WAMBA NORTH,a9cf2473-ae24-5eb3-9dfd-92a4ac4cb8d4,69,SWARI PRIMARY SCHOOL
c2708a8b-120a-56f5-a30d-990048af87cc,25,SAMBURU,600b45cf-3f3e-5dab-a814-8f1d8dde0bf2,135,SAMBURU EAST,6b338790-ab2d-5def-b1d6-0a12eed0a8e0,675,WAMBA NORTH,08d089d5-019d-5e5d-a0f7-72152f4c199f,70,NOLWAO PRIMARY SCHOOL
c2708a8b-120a-56f5-a30d-990048af87cc,25,SAMBURU,600b45cf-3f3e-5dab-a814-8f1d8dde0bf2,135,SAMBURU EAST,6b338790-ab2d-5def-b1d6-0a12eed0a8e0,675,WAMBA NORTH,9354d492-6d0f-5f06-b4a5-b23688023c3d,71,NGARE NAROK NURSERY SCHOOL
c2708a8b-120a-56f5-a30d-990048af87cc,25,SAMBURU,600b45cf-3f3e-5dab-a814-8f1d8dde0bf2,135,SAMBURU EAST,6b338790-ab2d-5def-b1d6-0a12eed0a8e0,675,WAMBA NORTH,5abf354c-aa14-5c89-b367-13153723ceea,72,NDIKIR NANYOKIE NURSERY SCHOOL
c2708a8b-120a-56f5-a30d-990048af87cc,25,SAMBURU,600b45cf-3f3e-5dab-a814-8f1d8dde0bf2,135,SAMBURU EAST,6b338790-ab2d-5def-b1d6-0a12eed0a8e0,675,WAMBA NORTH,f7bd2016-25bb-567a-980d-6b4bdbcf9591,73,KIBARTARE NURSERY SCHOOL
c2708a8b-120a-56f5-a30d-990048af87cc,25,SAMBURU,600b45cf-3f3e-5dab-a814-8f1d8dde0bf2,135,SAMBURU EAST,6b338790-ab2d-5def-b1d6-0a12eed0a8e0,675,WAMBA NORTH,86a816a1-cebb-5cc4-9150-8e2bcb4e2112,74,OROMODEI PRIMARY SCHOOL
c2708a8b-120a-56f5-a30d-990048af87cc,25,SAMBURU,600b45cf-3f3e-5dab-a814-8f1d8dde0bf2,135,SAMBURU EAST,6b338790-ab2d-5def-b1d6-0a12eed0a8e0,675,WAMBA NORTH,ec8db21f-71a9-516c-ac6b-bf71448b2ae5,75,NOLOTORO PRIMARY SCHOOL
c2708a8b-120a-56f5-a30d-990048af87cc,25,SAMBURU,600b45cf-3f3e-5dab-a814-8f1d8dde0bf2,135,SAMBURU EAST,6b338790-ab2d-5def-b1d6-0a12eed0a8e0,675,WAMBA NORTH,c634a96e-895b-55fb-88c1-cbf57021c867,76,NGILAI PRIMARY SCHOOL
c2708a8b-120a-56f5-a30d-990048af87cc,25,SAMBURU,600b45cf-3f3e-5dab-a814-8f1d8dde0bf2,135,SAMBURU EAST,6b338790-ab2d-5def-b1d6-0a12eed0a8e0,675,WAMBA NORTH,ed28d09d-78c7-5552-869e-123a4aefcb13,77,NAWENIEKOON VILLAGE
c2708a8b-120a-56f5-a30d-990048af87cc,25,SAMBURU,600b45cf-3f3e-5dab-a814-8f1d8dde0bf2,135,SAMBURU EAST,6b338790-ab2d-5def-b1d6-0a12eed0a8e0,675,WAMBA NORTH,beb9429f-4f99-5c70-a7b4-d711f932f073,78,NCHOK NURSERY SCHOOL
c2708a8b-120a-56f5-a30d-990048af87cc,25,SAMBURU,600b45cf-3f3e-5dab-a814-8f1d8dde0bf2,135,SAMBURU EAST,6b338790-ab2d-5def-b1d6-0a12eed0a8e0,675,WAMBA NORTH,32e33be6-1dbd-54cd-b3e1-65e17ed812bf,79,MEWUA VILLAGE
c2708a8b-120a-56f5-a30d-990048af87cc,25,SAMBURU,600b45cf-3f3e-5dab-a814-8f1d8dde0bf2,135,SAMBURU EAST,6b338790-ab2d-5def-b1d6-0a12eed0a8e0,675,WAMBA NORTH,3250ad03-54d2-5393-9dbc-20557336e43b,80,NGILATI MOBILE
c2708a8b-120a-56f5-a30d-990048af87cc,25,SAMBURU,600b45cf-3f3e-5dab-a814-8f1d8dde0bf2,135,SAMBURU EAST,6b338790-ab2d-5def-b1d6-0a12eed0a8e0,675,WAMBA NORTH,1ce411a3-09ce-5baa-b6d8-075c9f5f38c5,81,NDONYO NASIPA PRIMARY SCHOOL
c2708a8b-120a-56f5-a30d-990048af87cc,25,SAMBURU,600b45cf-3f3e-5dab-a814-8f1d8dde0bf2,135,SAMBURU EAST,6b338790-ab2d-5def-b1d6-0a12eed0a8e0,675,WAMBA NORTH,b2385f5c-5486-5454-9a3e-049db625e272,82,TEPELE NURSERY SCHOOL
c2708a8b-120a-56f5-a30d-990048af87cc,25,SAMBURU,600b45cf-3f3e-5dab-a814-8f1d8dde0bf2,135,SAMBURU EAST,6b338790-ab2d-5def-b1d6-0a12eed0a8e0,675,WAMBA NORTH,40c3ea05-c90c-5762-9af4-59970b299913,83,RARAITI NURSERY SCHOOL
c2708a8b-120a-56f5-a30d-990048af87cc,25,SAMBURU,600b45cf-3f3e-5dab-a814-8f1d8dde0bf2,135,SAMBURU EAST,6b338790-ab2d-5def-b1d6-0a12eed0a8e0,675,WAMBA NORTH,36f535a5-ff20-5f25-9eb2-39cc4125fc1f,84,MILGIS PRIMARY SCHOOL
c2708a8b-120a-56f5-a30d-990048af87cc,25,SAMBURU,600b45cf-3f3e-5dab-a814-8f1d8dde0bf2,135,SAMBURU EAST,6b338790-ab2d-5def-b1d6-0a12eed0a8e0,675,WAMBA NORTH,4f0b6e8a-64b4-5f1f-862d-cea86e914062,85,LKUASI NURSERY SCHOOL
c2708a8b-120a-56f5-a30d-990048af87cc,25,SAMBURU,600b45cf-3f3e-5dab-a814-8f1d8dde0bf2,135,SAMBURU EAST,6b338790-ab2d-5def-b1d6-0a12eed0a8e0,675,WAMBA NORTH,01ffa05b-03fe-59b5-9c0c-7303fb7a992e,86,NKOKOYOI NURSERY SCHOOL
c2708a8b-120a-56f5-a30d-990048af87cc,25,SAMBURU,600b45cf-3f3e-5dab-a814-8f1d8dde0bf2,135,SAMBURU EAST,6b338790-ab2d-5def-b1d6-0a12eed0a8e0,675,WAMBA NORTH,7be1b720-f233-5b1b-8dbf-d3058eaa3d6d,87,NGILAI LTUROTO WELL
c2708a8b-120a-56f5-a30d-990048af87cc,25,SAMBURU,600b45cf-3f3e-5dab-a814-8f1d8dde0bf2,135,SAMBURU EAST,6b338790-ab2d-5def-b1d6-0a12eed0a8e0,675,WAMBA NORTH,368b26a7-58ee-5bfb-b003-f505bff08f9a,88,SIRATA NURSERY SCHOOL
c2708a8b-120a-56f5-a30d-990048af87cc,25,SAMBURU,600b45cf-3f3e-5dab-a814-8f1d8dde0bf2,135,SAMBURU EAST,6b338790-ab2d-5def-b1d6-0a12eed0a8e0,675,WAMBA NORTH,c46fb314-64eb-5022-a376-6c45cd8ec60a,89,MARTI EPAREU NURSERY SCHOOL
c2708a8b-120a-56f5-a30d-990048af87cc,25,SAMBURU,600b45cf-3f3e-5dab-a814-8f1d8dde0bf2,135,SAMBURU EAST,6b338790-ab2d-5def-b1d6-0a12eed0a8e0,675,WAMBA NORTH,414abcd4-3653-5fe3-aca9-ff5feec10859,93,LEIROYIA PRIMARY SCHOOL
c2708a8b-120a-56f5-a30d-990048af87cc,25,SAMBURU,600b45cf-3f3e-5dab-a814-8f1d8dde0bf2,135,SAMBURU EAST,6b338790-ab2d-5def-b1d6-0a12eed0a8e0,675,WAMBA NORTH,2a92e956-5973-52ec-b03c-7ec9391383ff,94,LESIKIYA PRE - SCHOOL
c2708a8b-120a-56f5-a30d-990048af87cc,25,SAMBURU,600b45cf-3f3e-5dab-a814-8f1d8dde0bf2,135,SAMBURU EAST,6b338790-ab2d-5def-b1d6-0a12eed0a8e0,675,WAMBA NORTH,e061d676-439e-58f3-ba75-0690db78bff5,95,LTEROI PRE - SCHOOL
c2708a8b-120a-56f5-a30d-990048af87cc,25,SAMBURU,600b45cf-3f3e-5dab-a814-8f1d8dde0bf2,135,SAMBURU EAST,6b338790-ab2d-5def-b1d6-0a12eed0a8e0,675,WAMBA NORTH,c06cee46-509a-5ef6-b303-e438ce46fe99,96,LOOSILALE PRE - SCHOOL
