a6c4fc8f-6950-51de-a9ae-2c519c465071,6,TAITA TAVETA,e491583f-9c79-50bb-a607-d3a6e301bf08,23,TAVETA,95e68618-5886-5606-bc0f-98900331c720,111,CHALA,ecd6f770-c78b-5314-8a85-86d5527add73,1,CHALA PRIMARY SCHOOL
a6c4fc8f-6950-51de-a9ae-2c519c465071,6,TAITA TAVETA,e491583f-9c79-50bb-a607-d3a6e301bf08,23,TAVETA,95e68618-5886-5606-bc0f-98900331c720,111,CHALA,abf6c117-ee6e-53b1-86f2-02b8ea629db2,2,ZIWANI PRIMARY SCHOOL
a6c4fc8f-6950-51de-a9ae-2c519c465071,6,TAITA TAVETA,e491583f-9c79-50bb-a607-d3a6e301bf08,23,TAVETA,95e68618-5886-5606-bc0f-98900331c720,111,CHALA,3147fdd7-bea5-5f2d-8a3e-8816ca2e0a98,3,MAHANDAKINI PRIMARY SCHOOL
a6c4fc8f-6950-51de-a9ae-2c519c465071,6,TAITA TAVETA,e491583f-9c79-50bb-a607-d3a6e301bf08,23,TAVETA,95e68618-5886-5606-bc0f-98900331c720,111,CHALA,badadb11-14aa-5710-be1b-3475215a6780,4,KIDONG U PRIMARY SCHOOL
a6c4fc8f-6950-51de-a9ae-2c519c465071,6,TAITA TAVETA,e491583f-9c79-50bb-a607-d3a6e301bf08,23,TAVETA,95e68618-5886-5606-bc0f-98900331c720,111,CHALA,60e906a7-cc22-5bb0-a4f7-0c983178903f,5,LUMI PRIMARY SCHOOL
a6c4fc8f-6950-51de-a9ae-2c519c465071,6,TAITA TAVETA,e491583f-9c79-50bb-a607-d3a6e301bf08,23,TAVETA,95e68618-5886-5606-bc0f-98900331c720,111,CHALA,ba96c672-6e77-5694-b6fb-22b4536f9e88,6,NJUKINI PRIMARY SCHOOL
a6c4fc8f-6950-51de-a9ae-2c519c465071,6,TAITA TAVETA,e491583f-9c79-50bb-a607-d3a6e301bf08,23,TAVETA,95e68618-5886-5606-bc0f-98900331c720,111,CHALA,50ca8db9-45f9-567e-8172-589544081b79,7,CHOKAA PRIMARY SCHOOL
a6c4fc8f-6950-51de-a9ae-2c519c465071,6,TAITA TAVETA,e491583f-9c79-50bb-a607-d3a6e301bf08,23,TAVETA,95e68618-5886-5606-bc0f-98900331c720,111,CHALA,7517fd68-23d1-5020-952e-ef8ab5ed0798,8,ST. JOSEPH KIVUKONI PRIMARY SCHOOL
a6c4fc8f-6950-51de-a9ae-2c519c465071,6,TAITA TAVETA,e491583f-9c79-50bb-a607-d3a6e301bf08,23,TAVETA,95e68618-5886-5606-bc0f-98900331c720,111,CHALA,8f7ea35e-9662-5cad-b8c4-faaafb8f24b6,9,KIKWASUNI NURSERY SCHOOL
a6c4fc8f-6950-51de-a9ae-2c519c465071,6,TAITA TAVETA,e491583f-9c79-50bb-a607-d3a6e301bf08,23,TAVETA,95e68618-5886-5606-bc0f-98900331c720,111,CHALA,f5622ee6-703e-5bd2-9b45-5a673a79086b,10,ULAWANI NURSERY SCHOOL
a6c4fc8f-6950-51de-a9ae-2c519c465071,6,TAITA TAVETA,e491583f-9c79-50bb-a607-d3a6e301bf08,23,TAVETA,95e68618-5886-5606-bc0f-98900331c720,111,CHALA,4e36f398-dd9d-5417-a03e-bb973d1d70fb,11,MAJENGO NURSERY SCHOOL
a6c4fc8f-6950-51de-a9ae-2c519c465071,6,TAITA TAVETA,e491583f-9c79-50bb-a607-d3a6e301bf08,23,TAVETA,95e68618-5886-5606-bc0f-98900331c720,111,CHALA,16130f12-f424-5c96-b459-107b6d2cc4f2,13,UTHIANI NURSERY SCHOOL
a6c4fc8f-6950-51de-a9ae-2c519c465071,6,TAITA TAVETA,e491583f-9c79-50bb-a607-d3a6e301bf08,23,TAVETA,95e68618-5886-5606-bc0f-98900331c720,111,CHALA,a7c89882-195a-5d6a-9109-3af569b21446,14,CHALA CHINI NURSERY SCHOOL
a6c4fc8f-6950-51de-a9ae-2c519c465071,6,TAITA TAVETA,e491583f-9c79-50bb-a607-d3a6e301bf08,23,TAVETA,95e68618-5886-5606-bc0f-98900331c720,111,CHALA,73397e37-2ac1-5eeb-bdd2-b42bc44590f7,60,SIR RAMSON ECD
a6c4fc8f-6950-51de-a9ae-2c519c465071,6,TAITA TAVETA,e491583f-9c79-50bb-a607-d3a6e301bf08,23,TAVETA,95e68618-5886-5606-bc0f-98900331c720,111,CHALA,8b112c9e-18f5-58ff-94d4-86ff823cb770,61,OLEPOLOS ECD
a6c4fc8f-6950-51de-a9ae-2c519c465071,6,TAITA TAVETA,e491583f-9c79-50bb-a607-d3a6e301bf08,23,TAVETA,77629211-018e-5fd1-add0-6bf48ae24019,112,MAHOO,3943c03c-1cc8-514a-88a1-2b02b18ca57d,15,KREMERI NURSERY SCHOOL
a6c4fc8f-6950-51de-a9ae-2c519c465071,6,TAITA TAVETA,e491583f-9c79-50bb-a607-d3a6e301bf08,23,TAVETA,77629211-018e-5fd1-add0-6bf48ae24019,112,MAHOO,60bab11e-2d26-5602-bf60-d6e5569c0095,16,TIMBILA PRIMARY SCHOOL
a6c4fc8f-6950-51de-a9ae-2c519c465071,6,TAITA TAVETA,e491583f-9c79-50bb-a607-d3a6e301bf08,23,TAVETA,77629211-018e-5fd1-add0-6bf48ae24019,112,MAHOO,c3b43f70-ec41-594d-b708-b71d3598c0ff,17,MALKILORITI PRIMARY SCHOOL
a6c4fc8f-6950-51de-a9ae-2c519c465071,6,TAITA TAVETA,e491583f-9c79-50bb-a607-d3a6e301bf08,23,TAVETA,77629211-018e-5fd1-add0-6bf48ae24019,112,MAHOO,75965674-56ec-5960-b9d7-1ac0ecc477fe,18,LESESSIA PRIMARY SCHOOL
a6c4fc8f-6950-51de-a9ae-2c519c465071,6,TAITA TAVETA,e491583f-9c79-50bb-a607-d3a6e301bf08,23,TAVETA,77629211-018e-5fd1-add0-6bf48ae24019,112,MAHOO,b2b9de09-0c58-56c6-9dad-c24d38ee34c7,19,NAKRUTO PRIMARY SCHOOL
a6c4fc8f-6950-51de-a9ae-2c519c465071,6,TAITA TAVETA,e491583f-9c79-50bb-a607-d3a6e301bf08,23,TAVETA,77629211-018e-5fd1-add0-6bf48ae24019,112,MAHOO,0a46b50f-38aa-5887-8dca-c16d94682f81,23,MINISTRY OF YOUTH AND SPORTS
a6c4fc8f-6950-51de-a9ae-2c519c465071,6,TAITA TAVETA,e491583f-9c79-50bb-a607-d3a6e301bf08,23,TAVETA,77629211-018e-5fd1-add0-6bf48ae24019,112,MAHOO,9c46a2d1-9a37-50db-a27c-8886b4e00f4e,25,LUIDIMO NURSERY SCHOOL.
a6c4fc8f-6950-51de-a9ae-2c519c465071,6,TAITA TAVETA,e491583f-9c79-50bb-a607-d3a6e301bf08,23,TAVETA,77629211-018e-5fd1-add0-6bf48ae24019,112,MAHOO,a0e621cc-469a-5eff-bbad-0a6271c73198,26,MAHOO PRIMARY SCHOOL
a6c4fc8f-6950-51de-a9ae-2c519c465071,6,TAITA TAVETA,e491583f-9c79-50bb-a607-d3a6e301bf08,23,TAVETA,77629211-018e-5fd1-add0-6bf48ae24019,112,MAHOO,f8a1a48e-6090-55c9-bd6e-64e63d8b0ce5,36,DANIDA SOCIAL HALL.
a6c4fc8f-6950-51de-a9ae-2c519c465071,6,TAITA TAVETA,e491583f-9c79-50bb-a607-d3a6e301bf08,23,TAVETA,77629211-018e-5fd1-add0-6bf48ae24019,112,MAHOO,10df2a02-4770-5d55-89b8-de0517bd2d97,39,MSENGONI NURSERY SCHOOL
a6c4fc8f-6950-51de-a9ae-2c519c465071,6,TAITA TAVETA,e491583f-9c79-50bb-a607-d3a6e301bf08,23,TAVETA,77629211-018e-5fd1-add0-6bf48ae24019,112,MAHOO,c9171a8f-e9b7-5050-832d-8d8f76a1fad5,62,TAVETA SLAUGHTER HOUSE
a6c4fc8f-6950-51de-a9ae-2c519c465071,6,TAITA TAVETA,e491583f-9c79-50bb-a607-d3a6e301bf08,23,TAVETA,342b70b3-eef2-53ad-bee4-eaecbee52eb0,113,BOMANI,78629b61-c5d7-50cb-8d58-9f3fa31085e6,22,SOWENE PRIMARY SCHOOL.
a6c4fc8f-6950-51de-a9ae-2c519c465071,6,TAITA TAVETA,e491583f-9c79-50bb-a607-d3a6e301bf08,23,TAVETA,342b70b3-eef2-53ad-bee4-eaecbee52eb0,113,BOMANI,c82e5836-36f6-5531-9e4b-c9353c486623,34,TAVETA RAILYWAYS NURSERY SCHOOL.
a6c4fc8f-6950-51de-a9ae-2c519c465071,6,TAITA TAVETA,e491583f-9c79-50bb-a607-d3a6e301bf08,23,TAVETA,342b70b3-eef2-53ad-bee4-eaecbee52eb0,113,BOMANI,d14208cb-5630-5c1d-8a9f-edd979386d76,35,TAVETA PRIMARY SCHOOL.
a6c4fc8f-6950-51de-a9ae-2c519c465071,6,TAITA TAVETA,e491583f-9c79-50bb-a607-d3a6e301bf08,23,TAVETA,342b70b3-eef2-53ad-bee4-eaecbee52eb0,113,BOMANI,16e7554c-a921-5314-9ebb-4a217b22b9c1,37,ST. PETERS NURSERY SCHOOL
a6c4fc8f-6950-51de-a9ae-2c519c465071,6,TAITA TAVETA,e491583f-9c79-50bb-a607-d3a6e301bf08,23,TAVETA,342b70b3-eef2-53ad-bee4-eaecbee52eb0,113,BOMANI,08d964c4-86af-5e63-88f5-d34926bda480,38,BUSTANI NURSERY SCHOOL.
a6c4fc8f-6950-51de-a9ae-2c519c465071,6,TAITA TAVETA,e491583f-9c79-50bb-a607-d3a6e301bf08,23,TAVETA,342b70b3-eef2-53ad-bee4-eaecbee52eb0,113,BOMANI,261b82e9-41c0-5044-8145-6ccfb1258d09,40,NJORO PRIMARY SCHOOL.
a6c4fc8f-6950-51de-a9ae-2c519c465071,6,TAITA TAVETA,e491583f-9c79-50bb-a607-d3a6e301bf08,23,TAVETA,342b70b3-eef2-53ad-bee4-eaecbee52eb0,113,BOMANI,96894326-ce01-5dfb-9551-029c04d9e9b6,41,MSHEGHESHENI NURSERY SCHOOL.
a6c4fc8f-6950-51de-a9ae-2c519c465071,6,TAITA TAVETA,e491583f-9c79-50bb-a607-d3a6e301bf08,23,TAVETA,1f5432b3-7efd-5f3c-962e-19a183d78708,114,MBOGHONI,1b10c73d-08ea-5c56-b08b-515795b17f73,27,KITOBO PRIMARY SCHOOL.
a6c4fc8f-6950-51de-a9ae-2c519c465071,6,TAITA TAVETA,e491583f-9c79-50bb-a607-d3a6e301bf08,23,TAVETA,1f5432b3-7efd-5f3c-962e-19a183d78708,114,MBOGHONI,ebe6fc97-434a-54be-922a-b3557b80653f,28,MRABANI PRIMARY SCHOOL.
a6c4fc8f-6950-51de-a9ae-2c519c465071,6,TAITA TAVETA,e491583f-9c79-50bb-a607-d3a6e301bf08,23,TAVETA,1f5432b3-7efd-5f3c-962e-19a183d78708,114,MBOGHONI,26dec9ec-ff23-59e1-85db-d060ad2a9c95,29,MADARASANI PRIMARY SCHOOL.
a6c4fc8f-6950-51de-a9ae-2c519c465071,6,TAITA TAVETA,e491583f-9c79-50bb-a607-d3a6e301bf08,23,TAVETA,1f5432b3-7efd-5f3c-962e-19a183d78708,114,MBOGHONI,2031fbb3-901c-58cb-98eb-f3fcc78e29f5,30,RIATA PRIMARY SCHOOL.
a6c4fc8f-6950-51de-a9ae-2c519c465071,6,TAITA TAVETA,e491583f-9c79-50bb-a607-d3a6e301bf08,23,TAVETA,1f5432b3-7efd-5f3c-962e-19a183d78708,114,MBOGHONI,0b0e62b9-97a6-5f34-a129-5015dd5fac5c,31,MOKINE NURSERY SCHOOL
a6c4fc8f-6950-51de-a9ae-2c519c465071,6,TAITA TAVETA,e491583f-9c79-50bb-a607-d3a6e301bf08,23,TAVETA,1f5432b3-7efd-5f3c-962e-19a183d78708,114,MBOGHONI,f5209e81-aa78-565d-9ad0-62a82cadbea1,32,RIATA-NDOGO NURSERY SCHOOL
a6c4fc8f-6950-51de-a9ae-2c519c465071,6,TAITA TAVETA,e491583f-9c79-50bb-a607-d3a6e301bf08,23,TAVETA,1f5432b3-7efd-5f3c-962e-19a183d78708,114,MBOGHONI,c62080c6-f667-5b51-b481-cb26876f4665,33,KISIMANI NURSERY SCHOOL
a6c4fc8f-6950-51de-a9ae-2c519c465071,6,TAITA TAVETA,e491583f-9c79-50bb-a607-d3a6e301bf08,23,TAVETA,1f5432b3-7efd-5f3c-962e-19a183d78708,114,MBOGHONI,a9afcf29-d2b1-5d2e-ae32-16ddd0e3223e,42,KIWALWA PRIMARY SCHOOL.
a6c4fc8f-6950-51de-a9ae-2c519c465071,6,TAITA TAVETA,e491583f-9c79-50bb-a607-d3a6e301bf08,23,TAVETA,1f5432b3-7efd-5f3c-962e-19a183d78708,114,MBOGHONI,1ad19255-e78d-57c1-bd85-065c955875cd,43,ABORI PRIMARY SCHOOL.
a6c4fc8f-6950-51de-a9ae-2c519c465071,6,TAITA TAVETA,e491583f-9c79-50bb-a607-d3a6e301bf08,23,TAVETA,1f5432b3-7efd-5f3c-962e-19a183d78708,114,MBOGHONI,f196e249-c578-5d8a-bacc-7ad9cbcb5bd7,44,LAMBO NURSERY SCHOOL.
a6c4fc8f-6950-51de-a9ae-2c519c465071,6,TAITA TAVETA,e491583f-9c79-50bb-a607-d3a6e301bf08,23,TAVETA,1f5432b3-7efd-5f3c-962e-19a183d78708,114,MBOGHONI,c8fe3f80-7eff-5f55-ae4e-2dd2fe2708fd,45,MARODO NURSERY SCHOOL.
a6c4fc8f-6950-51de-a9ae-2c519c465071,6,TAITA TAVETA,e491583f-9c79-50bb-a607-d3a6e301bf08,23,TAVETA,1f5432b3-7efd-5f3c-962e-19a183d78708,114,MBOGHONI,216ddc3d-fa10-5c98-baa4-8dafc94d0fe3,46,LOTIMA PRIMARY SCHOOL.
a6c4fc8f-6950-51de-a9ae-2c519c465071,6,TAITA TAVETA,e491583f-9c79-50bb-a607-d3a6e301bf08,23,TAVETA,1f5432b3-7efd-5f3c-962e-19a183d78708,114,MBOGHONI,27306d46-9b87-5d61-a91f-f4f96073d71b,47,KITOGHOTO NURSERY SCHOOL.
a6c4fc8f-6950-51de-a9ae-2c519c465071,6,TAITA TAVETA,e491583f-9c79-50bb-a607-d3a6e301bf08,23,TAVETA,1f5432b3-7efd-5f3c-962e-19a183d78708,114,MBOGHONI,0c5b9484-c365-5738-a286-bf57de47c89c,48,ELDORO SOCIAL HALL.
a6c4fc8f-6950-51de-a9ae-2c519c465071,6,TAITA TAVETA,e491583f-9c79-50bb-a607-d3a6e301bf08,23,TAVETA,1f5432b3-7efd-5f3c-962e-19a183d78708,114,MBOGHONI,59aaec1c-69d6-50bd-b2a1-a921ad116930,49,PATANI HILL NURSERY SCHOOL.
a6c4fc8f-6950-51de-a9ae-2c519c465071,6,TAITA TAVETA,e491583f-9c79-50bb-a607-d3a6e301bf08,23,TAVETA,1f5432b3-7efd-5f3c-962e-19a183d78708,114,MBOGHONI,d677344f-7784-5ac8-95a1-d6cdfd346edf,63,MILIMANI ECD
a6c4fc8f-6950-51de-a9ae-2c519c465071,6,TAITA TAVETA,e491583f-9c79-50bb-a607-d3a6e301bf08,23,TAVETA,451d7611-4e81-5ae4-a3fd-552d6680af70,115,MATA,bbb3db96-87c9-52e7-80ae-396efa47bf15,21,MWANGAZA NURSERY SCHOOL.
a6c4fc8f-6950-51de-a9ae-2c519c465071,6,TAITA TAVETA,e491583f-9c79-50bb-a607-d3a6e301bf08,23,TAVETA,451d7611-4e81-5ae4-a3fd-552d6680af70,115,MATA,67c59bb7-82fa-5f83-8483-c2630bd49f6d,50,ST. PATRICK KIMALA PRIMARY SCHOOL
a6c4fc8f-6950-51de-a9ae-2c519c465071,6,TAITA TAVETA,e491583f-9c79-50bb-a607-d3a6e301bf08,23,TAVETA,451d7611-4e81-5ae4-a3fd-552d6680af70,115,MATA,a3748a29-1160-5f94-8712-a41d8ccbec76,51,REKEKE PRIMARY SCHOOL.
a6c4fc8f-6950-51de-a9ae-2c519c465071,6,TAITA TAVETA,e491583f-9c79-50bb-a607-d3a6e301bf08,23,TAVETA,451d7611-4e81-5ae4-a3fd-552d6680af70,115,MATA,2f7a664e-7ab3-53f9-8d03-0346757a0ff6,52,JIPE PRIMARY SCHOOL.
a6c4fc8f-6950-51de-a9ae-2c519c465071,6,TAITA TAVETA,e491583f-9c79-50bb-a607-d3a6e301bf08,23,TAVETA,451d7611-4e81-5ae4-a3fd-552d6680af70,115,MATA,23a8037b-ba19-5a1e-b9e2-f7eec0c4e471,53,MATA PRIMARY SCHOOL
a6c4fc8f-6950-51de-a9ae-2c519c465071,6,TAITA TAVETA,e491583f-9c79-50bb-a607-d3a6e301bf08,23,TAVETA,451d7611-4e81-5ae4-a3fd-552d6680af70,115,MATA,b233f4b8-53c4-57a3-9284-3edd655418d0,54,MWANGENI NURSERY SCHOOL
a6c4fc8f-6950-51de-a9ae-2c519c465071,6,TAITA TAVETA,e491583f-9c79-50bb-a607-d3a6e301bf08,23,TAVETA,451d7611-4e81-5ae4-a3fd-552d6680af70,115,MATA,4f4fb02f-cb89-5eb5-b359-e5b4ae9fb724,55,ORUKUNG U PRIMARY SCHOOL
a6c4fc8f-6950-51de-a9ae-2c519c465071,6,TAITA TAVETA,e491583f-9c79-50bb-a607-d3a6e301bf08,23,TAVETA,451d7611-4e81-5ae4-a3fd-552d6680af70,115,MATA,9cb75e07-669c-57ca-a11e-8f1edebe7a41,56,KASAANI NURSERY SCHOOL.
a6c4fc8f-6950-51de-a9ae-2c519c465071,6,TAITA TAVETA,e491583f-9c79-50bb-a607-d3a6e301bf08,23,TAVETA,451d7611-4e81-5ae4-a3fd-552d6680af70,115,MATA,a14fa6a7-dd99-5cf0-93f7-f0aba203de24,57,GROGAN NURSERY SCHOOL.
a6c4fc8f-6950-51de-a9ae-2c519c465071,6,TAITA TAVETA,e491583f-9c79-50bb-a607-d3a6e301bf08,23,TAVETA,451d7611-4e81-5ae4-a3fd-552d6680af70,115,MATA,0237a789-ed91-5c09-b5fe-b1167b069992,58,SALAITA NURSERY SCHOOL.
a6c4fc8f-6950-51de-a9ae-2c519c465071,6,TAITA TAVETA,e491583f-9c79-50bb-a607-d3a6e301bf08,23,TAVETA,451d7611-4e81-5ae4-a3fd-552d6680af70,115,MATA,d2a0ba58-4254-5da0-85a3-77646c92da17,59,NJORO NURSERY SCHOOL.
a6c4fc8f-6950-51de-a9ae-2c519c465071,6,TAITA TAVETA,e491583f-9c79-50bb-a607-d3a6e301bf08,23,TAVETA,451d7611-4e81-5ae4-a3fd-552d6680af70,115,MATA,1e7122e7-6f0e-55ae-9355-a95ab84f36a2,64,KIMONDIA ECD
a6c4fc8f-6950-51de-a9ae-2c519c465071,6,TAITA TAVETA,e491583f-9c79-50bb-a607-d3a6e301bf08,23,TAVETA,451d7611-4e81-5ae4-a3fd-552d6680af70,115,MATA,ab3d8b5f-ec47-5cbf-a258-f011e5343e32,65,NDILIDAU ECD
a6c4fc8f-6950-51de-a9ae-2c519c465071,6,TAITA TAVETA,7097ef52-1f9e-5854-8df4-2d4fd7e566fe,24,WUNDANYI,3e7d003c-f6ec-5a84-bb4b-226504366e07,116,WUNDANYI/MBALE,48725fc5-e82e-5468-b41d-8d38687d7b71,1,P.J.MWANGOLA SECONDARY SCHOOL
a6c4fc8f-6950-51de-a9ae-2c519c465071,6,TAITA TAVETA,7097ef52-1f9e-5854-8df4-2d4fd7e566fe,24,WUNDANYI,3e7d003c-f6ec-5a84-bb4b-226504366e07,116,WUNDANYI/MBALE,de58ae25-00b4-5786-87ac-e0c407586ca2,2,NGILINYI PRIMARY SCHOOL
a6c4fc8f-6950-51de-a9ae-2c519c465071,6,TAITA TAVETA,7097ef52-1f9e-5854-8df4-2d4fd7e566fe,24,WUNDANYI,3e7d003c-f6ec-5a84-bb4b-226504366e07,116,WUNDANYI/MBALE,a0ef959a-1757-56bf-a13e-9a7916b6c5ce,3,KIDULE PRIMARY SCHOOL
a6c4fc8f-6950-51de-a9ae-2c519c465071,6,TAITA TAVETA,7097ef52-1f9e-5854-8df4-2d4fd7e566fe,24,WUNDANYI,3e7d003c-f6ec-5a84-bb4b-226504366e07,116,WUNDANYI/MBALE,15e5dddd-e3fa-50d9-b775-00d461283649,4,MLECHI PRIMARY SCHOOL
a6c4fc8f-6950-51de-a9ae-2c519c465071,6,TAITA TAVETA,7097ef52-1f9e-5854-8df4-2d4fd7e566fe,24,WUNDANYI,3e7d003c-f6ec-5a84-bb4b-226504366e07,116,WUNDANYI/MBALE,dcebf1c3-d70f-582c-9ae8-7a7d33e7d254,5,FIGHINYI PRIMARY SCHOOL
a6c4fc8f-6950-51de-a9ae-2c519c465071,6,TAITA TAVETA,7097ef52-1f9e-5854-8df4-2d4fd7e566fe,24,WUNDANYI,3e7d003c-f6ec-5a84-bb4b-226504366e07,116,WUNDANYI/MBALE,57834e08-34dc-52cf-9661-945b519ed18d,6,MAYNARD PRIMARY SCHOOL
a6c4fc8f-6950-51de-a9ae-2c519c465071,6,TAITA TAVETA,7097ef52-1f9e-5854-8df4-2d4fd7e566fe,24,WUNDANYI,3e7d003c-f6ec-5a84-bb4b-226504366e07,116,WUNDANYI/MBALE,c31a258a-5abe-5ed9-af23-53983268747f,7,SUNGULULU PRIMARY SCHOOL
a6c4fc8f-6950-51de-a9ae-2c519c465071,6,TAITA TAVETA,7097ef52-1f9e-5854-8df4-2d4fd7e566fe,24,WUNDANYI,3e7d003c-f6ec-5a84-bb4b-226504366e07,116,WUNDANYI/MBALE,811fc7bb-c49b-52bf-aa65-99601577067e,8,SHIGHARO PRIMARY SCHOOL
a6c4fc8f-6950-51de-a9ae-2c519c465071,6,TAITA TAVETA,7097ef52-1f9e-5854-8df4-2d4fd7e566fe,24,WUNDANYI,3e7d003c-f6ec-5a84-bb4b-226504366e07,116,WUNDANYI/MBALE,f819b3b0-09ac-5e62-af3e-af9fbf3be8cc,9,SIRIENYI PRIMARY SCHOOL
a6c4fc8f-6950-51de-a9ae-2c519c465071,6,TAITA TAVETA,7097ef52-1f9e-5854-8df4-2d4fd7e566fe,24,WUNDANYI,3e7d003c-f6ec-5a84-bb4b-226504366e07,116,WUNDANYI/MBALE,1fda3f78-c6d4-56b7-b818-a4ed1cb9ec5d,10,DR. AGGREY HIGH SCHOOL
a6c4fc8f-6950-51de-a9ae-2c519c465071,6,TAITA TAVETA,7097ef52-1f9e-5854-8df4-2d4fd7e566fe,24,WUNDANYI,3e7d003c-f6ec-5a84-bb4b-226504366e07,116,WUNDANYI/MBALE,9019632a-2347-5aab-8517-d87f204d1e5e,11,WESU NURSERY SCHOOL
a6c4fc8f-6950-51de-a9ae-2c519c465071,6,TAITA TAVETA,7097ef52-1f9e-5854-8df4-2d4fd7e566fe,24,WUNDANYI,3e7d003c-f6ec-5a84-bb4b-226504366e07,116,WUNDANYI/MBALE,e5fcf14d-35ed-513c-b9ec-50e4f631f209,12,NGURARU PRIMARY SCHOOL
a6c4fc8f-6950-51de-a9ae-2c519c465071,6,TAITA TAVETA,7097ef52-1f9e-5854-8df4-2d4fd7e566fe,24,WUNDANYI,3e7d003c-f6ec-5a84-bb4b-226504366e07,116,WUNDANYI/MBALE,87f7f178-fe9c-5b8d-b7af-07ba1f37c43a,13,MBAURO PRIMARY SCHOOL
a6c4fc8f-6950-51de-a9ae-2c519c465071,6,TAITA TAVETA,7097ef52-1f9e-5854-8df4-2d4fd7e566fe,24,WUNDANYI,3e7d003c-f6ec-5a84-bb4b-226504366e07,116,WUNDANYI/MBALE,c7946cdc-0398-53e1-b8b2-e413a6eb95d3,14,CHOKE PRIMARY SCHOOL
a6c4fc8f-6950-51de-a9ae-2c519c465071,6,TAITA TAVETA,7097ef52-1f9e-5854-8df4-2d4fd7e566fe,24,WUNDANYI,3e7d003c-f6ec-5a84-bb4b-226504366e07,116,WUNDANYI/MBALE,5f92fc01-1cd2-5d9d-b646-3a6d1ab85912,15,MWANGUWI TRADING CENTER
a6c4fc8f-6950-51de-a9ae-2c519c465071,6,TAITA TAVETA,7097ef52-1f9e-5854-8df4-2d4fd7e566fe,24,WUNDANYI,3e7d003c-f6ec-5a84-bb4b-226504366e07,116,WUNDANYI/MBALE,a7d7acad-0f1d-5e69-8dda-d6bdfb7e8617,16,NG'ONDA PRMARY SCHOOL
a6c4fc8f-6950-51de-a9ae-2c519c465071,6,TAITA TAVETA,7097ef52-1f9e-5854-8df4-2d4fd7e566fe,24,WUNDANYI,3e7d003c-f6ec-5a84-bb4b-226504366e07,116,WUNDANYI/MBALE,714144e9-5a79-507d-84d1-7a94e21cea01,17,CHOME PRIMARY SCHOOL
a6c4fc8f-6950-51de-a9ae-2c519c465071,6,TAITA TAVETA,7097ef52-1f9e-5854-8df4-2d4fd7e566fe,24,WUNDANYI,3e7d003c-f6ec-5a84-bb4b-226504366e07,116,WUNDANYI/MBALE,44f54e16-0095-5a3a-986c-9074774bc546,18,KIWINDA SECONDARY SCHOOL
a6c4fc8f-6950-51de-a9ae-2c519c465071,6,TAITA TAVETA,7097ef52-1f9e-5854-8df4-2d4fd7e566fe,24,WUNDANYI,3e7d003c-f6ec-5a84-bb4b-226504366e07,116,WUNDANYI/MBALE,da1bd551-54f6-53d1-9170-ea316cb6fdac,19,MLAWA PRIMARY SCHOOL
a6c4fc8f-6950-51de-a9ae-2c519c465071,6,TAITA TAVETA,7097ef52-1f9e-5854-8df4-2d4fd7e566fe,24,WUNDANYI,3e7d003c-f6ec-5a84-bb4b-226504366e07,116,WUNDANYI/MBALE,4ac6be9e-db60-5f57-9407-6050931ec213,20,MBALE HEALTH CENTER
a6c4fc8f-6950-51de-a9ae-2c519c465071,6,TAITA TAVETA,7097ef52-1f9e-5854-8df4-2d4fd7e566fe,24,WUNDANYI,3e7d003c-f6ec-5a84-bb4b-226504366e07,116,WUNDANYI/MBALE,b49d1de1-0c56-508a-9577-11c98b7258a7,21,NYAMBU PRIMARY SCHOOL
a6c4fc8f-6950-51de-a9ae-2c519c465071,6,TAITA TAVETA,7097ef52-1f9e-5854-8df4-2d4fd7e566fe,24,WUNDANYI,c6d2b39c-db74-5e8a-b243-9975e5b0da60,117,WERUGHA,0c5d738b-3b73-5808-b05d-418ff40dd5a4,22,WERUGHA PRIMARY SCHOOL
a6c4fc8f-6950-51de-a9ae-2c519c465071,6,TAITA TAVETA,7097ef52-1f9e-5854-8df4-2d4fd7e566fe,24,WUNDANYI,c6d2b39c-db74-5e8a-b243-9975e5b0da60,117,WERUGHA,31cec75e-825b-587c-9b96-32c83f24f130,23,MSANGARINYI PRIMARY SCHOOL
a6c4fc8f-6950-51de-a9ae-2c519c465071,6,TAITA TAVETA,7097ef52-1f9e-5854-8df4-2d4fd7e566fe,24,WUNDANYI,c6d2b39c-db74-5e8a-b243-9975e5b0da60,117,WERUGHA,4283ee44-ab0d-522f-8182-e640fd0bb973,24,MARUMANGE NURSERY SCHOOL
a6c4fc8f-6950-51de-a9ae-2c519c465071,6,TAITA TAVETA,7097ef52-1f9e-5854-8df4-2d4fd7e566fe,24,WUNDANYI,c6d2b39c-db74-5e8a-b243-9975e5b0da60,117,WERUGHA,4a17f9af-b970-521f-a0e2-671e9ad08cde,25,SAGHASA MULTI PURPOSE HALL
a6c4fc8f-6950-51de-a9ae-2c519c465071,6,TAITA TAVETA,7097ef52-1f9e-5854-8df4-2d4fd7e566fe,24,WUNDANYI,c6d2b39c-db74-5e8a-b243-9975e5b0da60,117,WERUGHA,2ddb8bff-d7d5-5a04-9dea-93f59a8596e3,26,SANGENYI PRIMARY SCHOOL
a6c4fc8f-6950-51de-a9ae-2c519c465071,6,TAITA TAVETA,7097ef52-1f9e-5854-8df4-2d4fd7e566fe,24,WUNDANYI,c6d2b39c-db74-5e8a-b243-9975e5b0da60,117,WERUGHA,7240dd23-59df-535b-b9fe-c6b742e5ff06,27,MWAKURO NURSERY SCHOOL
a6c4fc8f-6950-51de-a9ae-2c519c465071,6,TAITA TAVETA,7097ef52-1f9e-5854-8df4-2d4fd7e566fe,24,WUNDANYI,c6d2b39c-db74-5e8a-b243-9975e5b0da60,117,WERUGHA,fe8d0309-9a6f-5207-af6b-2c49a7974ed6,28,MWAKISHIMBA PRIMARY SCHOOL
a6c4fc8f-6950-51de-a9ae-2c519c465071,6,TAITA TAVETA,7097ef52-1f9e-5854-8df4-2d4fd7e566fe,24,WUNDANYI,c6d2b39c-db74-5e8a-b243-9975e5b0da60,117,WERUGHA,5e4e6d02-0f15-5d1b-96d7-71307b586007,29,NGULU-KIWETO PRIMARY SCHOOL
a6c4fc8f-6950-51de-a9ae-2c519c465071,6,TAITA TAVETA,7097ef52-1f9e-5854-8df4-2d4fd7e566fe,24,WUNDANYI,c6d2b39c-db74-5e8a-b243-9975e5b0da60,117,WERUGHA,2c0d4e18-c663-54db-a0e4-19506c012aa6,30,MDUNDONYI PRIMARY SCHOOL
a6c4fc8f-6950-51de-a9ae-2c519c465071,6,TAITA TAVETA,7097ef52-1f9e-5854-8df4-2d4fd7e566fe,24,WUNDANYI,f4cf93bb-e294-51ab-9307-0f577aabb61d,118,WUMINGU/KISHUSHE,f8ec9a75-7e15-56ba-80d6-76090f93fda5,31,KISHUSHE PRIMARY SCHOOL
a6c4fc8f-6950-51de-a9ae-2c519c465071,6,TAITA TAVETA,7097ef52-1f9e-5854-8df4-2d4fd7e566fe,24,WUNDANYI,f4cf93bb-e294-51ab-9307-0f577aabb61d,118,WUMINGU/KISHUSHE,23b7cc11-93cf-5c1b-9ea7-0e624f5e693b,32,NGONGODINYI PRIMARY SCHOOL
a6c4fc8f-6950-51de-a9ae-2c519c465071,6,TAITA TAVETA,7097ef52-1f9e-5854-8df4-2d4fd7e566fe,24,WUNDANYI,f4cf93bb-e294-51ab-9307-0f577aabb61d,118,WUMINGU/KISHUSHE,516ac2e9-6b97-5c74-aad6-ae88e658e770,33,PARANGA PRIMARY SCHOOL
a6c4fc8f-6950-51de-a9ae-2c519c465071,6,TAITA TAVETA,7097ef52-1f9e-5854-8df4-2d4fd7e566fe,24,WUNDANYI,f4cf93bb-e294-51ab-9307-0f577aabb61d,118,WUMINGU/KISHUSHE,a4bb79b8-33bf-5ae1-babc-f570abb3f110,34,NYACHE PRIMARY SCHOOL
a6c4fc8f-6950-51de-a9ae-2c519c465071,6,TAITA TAVETA,7097ef52-1f9e-5854-8df4-2d4fd7e566fe,24,WUNDANYI,f4cf93bb-e294-51ab-9307-0f577aabb61d,118,WUMINGU/KISHUSHE,02171840-0b9d-5a77-bb8c-d01c18774d52,35,SHAGHA PRIMARY SCHOOL
a6c4fc8f-6950-51de-a9ae-2c519c465071,6,TAITA TAVETA,7097ef52-1f9e-5854-8df4-2d4fd7e566fe,24,WUNDANYI,f4cf93bb-e294-51ab-9307-0f577aabb61d,118,WUMINGU/KISHUSHE,51a36563-662f-5ee3-bebe-9764189d7301,36,MWANYALO PRIMARY SCHOOL
a6c4fc8f-6950-51de-a9ae-2c519c465071,6,TAITA TAVETA,7097ef52-1f9e-5854-8df4-2d4fd7e566fe,24,WUNDANYI,f4cf93bb-e294-51ab-9307-0f577aabb61d,118,WUMINGU/KISHUSHE,9cd5c3d9-8189-52b9-91a1-1a0cf2e8dcae,37,MGAMBONYI PRIMARY SCHOOL
a6c4fc8f-6950-51de-a9ae-2c519c465071,6,TAITA TAVETA,7097ef52-1f9e-5854-8df4-2d4fd7e566fe,24,WUNDANYI,f4cf93bb-e294-51ab-9307-0f577aabb61d,118,WUMINGU/KISHUSHE,46a5c4f5-867f-5e55-a060-c146a9a602c8,38,WUMINGU PRIMARY SCHOOL
a6c4fc8f-6950-51de-a9ae-2c519c465071,6,TAITA TAVETA,7097ef52-1f9e-5854-8df4-2d4fd7e566fe,24,WUNDANYI,f4cf93bb-e294-51ab-9307-0f577aabb61d,118,WUMINGU/KISHUSHE,9342f426-dedb-5e37-86e0-e9d33acca938,39,KITUMBI PRIMARY SCHOOL
a6c4fc8f-6950-51de-a9ae-2c519c465071,6,TAITA TAVETA,7097ef52-1f9e-5854-8df4-2d4fd7e566fe,24,WUNDANYI,f4cf93bb-e294-51ab-9307-0f577aabb61d,118,WUMINGU/KISHUSHE,739f67d8-23e4-5713-afae-a51556704d93,40,MAGHIMBINYI PRIMARY SCHOOL
a6c4fc8f-6950-51de-a9ae-2c519c465071,6,TAITA TAVETA,7097ef52-1f9e-5854-8df4-2d4fd7e566fe,24,WUNDANYI,f4cf93bb-e294-51ab-9307-0f577aabb61d,118,WUMINGU/KISHUSHE,4785d44e-5a50-51f6-8f9a-1d571d85952a,41,MLILO PRIMARY SCHOOL
a6c4fc8f-6950-51de-a9ae-2c519c465071,6,TAITA TAVETA,7097ef52-1f9e-5854-8df4-2d4fd7e566fe,24,WUNDANYI,f4cf93bb-e294-51ab-9307-0f577aabb61d,118,WUMINGU/KISHUSHE,676ff0a3-921f-522d-b813-d309c345775a,42,NGOLIA PRIMARY SCHOOL
a6c4fc8f-6950-51de-a9ae-2c519c465071,6,TAITA TAVETA,7097ef52-1f9e-5854-8df4-2d4fd7e566fe,24,WUNDANYI,f4cf93bb-e294-51ab-9307-0f577aabb61d,118,WUMINGU/KISHUSHE,88bfa6a3-522f-5b15-936e-15c538b68beb,43,KIMANGACHUGHU PRIMARY SCHOOL
a6c4fc8f-6950-51de-a9ae-2c519c465071,6,TAITA TAVETA,7097ef52-1f9e-5854-8df4-2d4fd7e566fe,24,WUNDANYI,f4cf93bb-e294-51ab-9307-0f577aabb61d,118,WUMINGU/KISHUSHE,01f759a3-b550-5804-9310-b596626c6bd2,44,DAKU PRIMARY SCHOOL
a6c4fc8f-6950-51de-a9ae-2c519c465071,6,TAITA TAVETA,7097ef52-1f9e-5854-8df4-2d4fd7e566fe,24,WUNDANYI,f4cf93bb-e294-51ab-9307-0f577aabb61d,118,WUMINGU/KISHUSHE,379d3213-8807-5b41-9cb2-88a1b260255c,61,PARANGA DISPENSARY
a6c4fc8f-6950-51de-a9ae-2c519c465071,6,TAITA TAVETA,7097ef52-1f9e-5854-8df4-2d4fd7e566fe,24,WUNDANYI,f4cf93bb-e294-51ab-9307-0f577aabb61d,118,WUMINGU/KISHUSHE,2e1f48a9-ceb8-514d-816c-e30d1b27c415,62,MWAKILEMBA NURSERY SCHOOL
a6c4fc8f-6950-51de-a9ae-2c519c465071,6,TAITA TAVETA,7097ef52-1f9e-5854-8df4-2d4fd7e566fe,24,WUNDANYI,8f1f01ee-5588-5d06-8518-0ca74e08bbfd,119,MWANDA/MGANGE,25ba7eca-153f-56d3-8468-94fde8fabb29,45,MGANGE COMMUNITY BASED ORGANISATI
a6c4fc8f-6950-51de-a9ae-2c519c465071,6,TAITA TAVETA,7097ef52-1f9e-5854-8df4-2d4fd7e566fe,24,WUNDANYI,8f1f01ee-5588-5d06-8518-0ca74e08bbfd,119,MWANDA/MGANGE,86b8a8d3-9d9d-5cc1-bb58-1c8b3a8c7af7,46,MWAROKO PRIMARY SCHOOL
a6c4fc8f-6950-51de-a9ae-2c519c465071,6,TAITA TAVETA,7097ef52-1f9e-5854-8df4-2d4fd7e566fe,24,WUNDANYI,8f1f01ee-5588-5d06-8518-0ca74e08bbfd,119,MWANDA/MGANGE,cfc54af7-7442-5f96-8d94-8fcdacc8088e,47,LUSHANGONYI PRIMARY SCHOOL
a6c4fc8f-6950-51de-a9ae-2c519c465071,6,TAITA TAVETA,7097ef52-1f9e-5854-8df4-2d4fd7e566fe,24,WUNDANYI,8f1f01ee-5588-5d06-8518-0ca74e08bbfd,119,MWANDA/MGANGE,6a364ea5-c436-5c36-85fd-0b815334afed,48,MWAKIWIWI SECONDARY SCHOOL
a6c4fc8f-6950-51de-a9ae-2c519c465071,6,TAITA TAVETA,7097ef52-1f9e-5854-8df4-2d4fd7e566fe,24,WUNDANYI,8f1f01ee-5588-5d06-8518-0ca74e08bbfd,119,MWANDA/MGANGE,e937a6dc-fd7d-572c-aaa0-17c9ddf2bb4d,49,MWANGEA PRIMARY SCHOOL
a6c4fc8f-6950-51de-a9ae-2c519c465071,6,TAITA TAVETA,7097ef52-1f9e-5854-8df4-2d4fd7e566fe,24,WUNDANYI,8f1f01ee-5588-5d06-8518-0ca74e08bbfd,119,MWANDA/MGANGE,49e1abfe-5d99-5276-95b5-c7e4ca17e318,50,MLAMBA PRIMARY SCHOOL
a6c4fc8f-6950-51de-a9ae-2c519c465071,6,TAITA TAVETA,7097ef52-1f9e-5854-8df4-2d4fd7e566fe,24,WUNDANYI,8f1f01ee-5588-5d06-8518-0ca74e08bbfd,119,MWANDA/MGANGE,7f84251d-7921-59fb-88d7-1ee7d0de805a,51,MWANDA PRIMARY SCHOOL
a6c4fc8f-6950-51de-a9ae-2c519c465071,6,TAITA TAVETA,7097ef52-1f9e-5854-8df4-2d4fd7e566fe,24,WUNDANYI,8f1f01ee-5588-5d06-8518-0ca74e08bbfd,119,MWANDA/MGANGE,f9b6bb6b-6df2-54ae-b436-0558d180b954,52,ST. PETER'S FUNJU PRIMARY SCHOOL
a6c4fc8f-6950-51de-a9ae-2c519c465071,6,TAITA TAVETA,7097ef52-1f9e-5854-8df4-2d4fd7e566fe,24,WUNDANYI,8f1f01ee-5588-5d06-8518-0ca74e08bbfd,119,MWANDA/MGANGE,0332ca68-f3be-541c-ac93-db810576ac68,53,NDUMBINYI PRIMARY SCHOOL
a6c4fc8f-6950-51de-a9ae-2c519c465071,6,TAITA TAVETA,7097ef52-1f9e-5854-8df4-2d4fd7e566fe,24,WUNDANYI,8f1f01ee-5588-5d06-8518-0ca74e08bbfd,119,MWANDA/MGANGE,eaffad15-4cd3-5603-b5e4-3f9b2a91e034,54,VURIA PRIMARY SCHOOL
a6c4fc8f-6950-51de-a9ae-2c519c465071,6,TAITA TAVETA,7097ef52-1f9e-5854-8df4-2d4fd7e566fe,24,WUNDANYI,8f1f01ee-5588-5d06-8518-0ca74e08bbfd,119,MWANDA/MGANGE,2ca879d7-1cde-514b-b070-1890bfeae827,55,MCHUNGUNYI TRADING CENTER
a6c4fc8f-6950-51de-a9ae-2c519c465071,6,TAITA TAVETA,7097ef52-1f9e-5854-8df4-2d4fd7e566fe,24,WUNDANYI,8f1f01ee-5588-5d06-8518-0ca74e08bbfd,119,MWANDA/MGANGE,cfe3ab37-e4b1-57c7-94ec-d09378c7c7c3,56,ST. MARYS HIGH SCHOOL
a6c4fc8f-6950-51de-a9ae-2c519c465071,6,TAITA TAVETA,7097ef52-1f9e-5854-8df4-2d4fd7e566fe,24,WUNDANYI,8f1f01ee-5588-5d06-8518-0ca74e08bbfd,119,MWANDA/MGANGE,37cf48cf-57e8-53c8-bcab-7e5ab23e4723,57,ST. JOHNS PRIMARY SCHOOL
a6c4fc8f-6950-51de-a9ae-2c519c465071,6,TAITA TAVETA,7097ef52-1f9e-5854-8df4-2d4fd7e566fe,24,WUNDANYI,8f1f01ee-5588-5d06-8518-0ca74e08bbfd,119,MWANDA/MGANGE,d551b9a3-a6d0-5c70-8cae-bd48e3e357c7,58,MLAMBENYI DISPENSARY
a6c4fc8f-6950-51de-a9ae-2c519c465071,6,TAITA TAVETA,7097ef52-1f9e-5854-8df4-2d4fd7e566fe,24,WUNDANYI,8f1f01ee-5588-5d06-8518-0ca74e08bbfd,119,MWANDA/MGANGE,a1c345ab-61b5-5588-88a8-4ac70c0782ee,59,MARUNGU TRADING CENTER
a6c4fc8f-6950-51de-a9ae-2c519c465071,6,TAITA TAVETA,7097ef52-1f9e-5854-8df4-2d4fd7e566fe,24,WUNDANYI,8f1f01ee-5588-5d06-8518-0ca74e08bbfd,119,MWANDA/MGANGE,602fd836-c1d6-5995-b7bc-5889b5be09ae,60,MGWALA TRADING CENTER
a6c4fc8f-6950-51de-a9ae-2c519c465071,6,TAITA TAVETA,0efbf115-dbf0-5512-ad6d-5ab0a8d5a2b6,25,MWATATE,15cfd8eb-9e35-552d-8d29-fe1a06538fa0,120,RONG'E,6ff2b30f-d0a5-51d4-8e7d-569ec590ba36,1,MWAKINYUNGU PRIMARY
a6c4fc8f-6950-51de-a9ae-2c519c465071,6,TAITA TAVETA,0efbf115-dbf0-5512-ad6d-5ab0a8d5a2b6,25,MWATATE,15cfd8eb-9e35-552d-8d29-fe1a06538fa0,120,RONG'E,719b99dc-126f-5131-9c08-2f52fe1c8131,2,FIGHINYI SOCIAL HALL
a6c4fc8f-6950-51de-a9ae-2c519c465071,6,TAITA TAVETA,0efbf115-dbf0-5512-ad6d-5ab0a8d5a2b6,25,MWATATE,15cfd8eb-9e35-552d-8d29-fe1a06538fa0,120,RONG'E,8802166f-6432-57ee-a42a-8ae269ccfe31,3,KIGHOMBO PRIMARY
a6c4fc8f-6950-51de-a9ae-2c519c465071,6,TAITA TAVETA,0efbf115-dbf0-5512-ad6d-5ab0a8d5a2b6,25,MWATATE,15cfd8eb-9e35-552d-8d29-fe1a06538fa0,120,RONG'E,72c5b436-f4e7-5f73-b917-f10fe926e57d,4,KIRONGE PRIMARY
a6c4fc8f-6950-51de-a9ae-2c519c465071,6,TAITA TAVETA,0efbf115-dbf0-5512-ad6d-5ab0a8d5a2b6,25,MWATATE,15cfd8eb-9e35-552d-8d29-fe1a06538fa0,120,RONG'E,5732a296-531c-5ed9-a39e-1158003845a4,5,SHELEMBA PRIMARY
a6c4fc8f-6950-51de-a9ae-2c519c465071,6,TAITA TAVETA,0efbf115-dbf0-5512-ad6d-5ab0a8d5a2b6,25,MWATATE,15cfd8eb-9e35-552d-8d29-fe1a06538fa0,120,RONG'E,6b8c2b94-aaba-55e7-9f3e-1bb59d2aa058,6,MWAKALERI PRIMARY
a6c4fc8f-6950-51de-a9ae-2c519c465071,6,TAITA TAVETA,0efbf115-dbf0-5512-ad6d-5ab0a8d5a2b6,25,MWATATE,15cfd8eb-9e35-552d-8d29-fe1a06538fa0,120,RONG'E,6eff9228-9fce-5c47-beaf-375f3c9cb4b2,7,KISHAU PRIMARY
a6c4fc8f-6950-51de-a9ae-2c519c465071,6,TAITA TAVETA,0efbf115-dbf0-5512-ad6d-5ab0a8d5a2b6,25,MWATATE,15cfd8eb-9e35-552d-8d29-fe1a06538fa0,120,RONG'E,6422796d-1616-543c-8040-035ff963554e,8,KIGHONONYI PRIMARY
a6c4fc8f-6950-51de-a9ae-2c519c465071,6,TAITA TAVETA,0efbf115-dbf0-5512-ad6d-5ab0a8d5a2b6,25,MWATATE,15cfd8eb-9e35-552d-8d29-fe1a06538fa0,120,RONG'E,0ff489bc-8b03-581d-a491-f90b9122b33e,9,BAGHAU PRIMARY
a6c4fc8f-6950-51de-a9ae-2c519c465071,6,TAITA TAVETA,0efbf115-dbf0-5512-ad6d-5ab0a8d5a2b6,25,MWATATE,15cfd8eb-9e35-552d-8d29-fe1a06538fa0,120,RONG'E,6b5daa40-e1e5-5d8c-b2b3-9f302342eb98,10,RONG'E PRIMARY
a6c4fc8f-6950-51de-a9ae-2c519c465071,6,TAITA TAVETA,0efbf115-dbf0-5512-ad6d-5ab0a8d5a2b6,25,MWATATE,15cfd8eb-9e35-552d-8d29-fe1a06538fa0,120,RONG'E,9aa5c73b-1663-5b54-b04a-1f349bf13070,11,MRABENYI PRIMARY
a6c4fc8f-6950-51de-a9ae-2c519c465071,6,TAITA TAVETA,0efbf115-dbf0-5512-ad6d-5ab0a8d5a2b6,25,MWATATE,15cfd8eb-9e35-552d-8d29-fe1a06538fa0,120,RONG'E,3002e0ca-8dcf-5936-9017-d424954dbc22,12,MARIWENYI PRIMARY
a6c4fc8f-6950-51de-a9ae-2c519c465071,6,TAITA TAVETA,0efbf115-dbf0-5512-ad6d-5ab0a8d5a2b6,25,MWATATE,15cfd8eb-9e35-552d-8d29-fe1a06538fa0,120,RONG'E,22bf5815-c008-5db3-a427-4cde646e07e4,13,MWAMBOTA PRI
a6c4fc8f-6950-51de-a9ae-2c519c465071,6,TAITA TAVETA,0efbf115-dbf0-5512-ad6d-5ab0a8d5a2b6,25,MWATATE,15cfd8eb-9e35-552d-8d29-fe1a06538fa0,120,RONG'E,75c500a6-88e0-5581-9bbe-a36c0c331080,14,MRUNGUA MARKET
a6c4fc8f-6950-51de-a9ae-2c519c465071,6,TAITA TAVETA,0efbf115-dbf0-5512-ad6d-5ab0a8d5a2b6,25,MWATATE,15cfd8eb-9e35-552d-8d29-fe1a06538fa0,120,RONG'E,61336dc7-5b30-5a3c-91b6-624ac92a7eb9,15,RAHAI PRIMARY
a6c4fc8f-6950-51de-a9ae-2c519c465071,6,TAITA TAVETA,0efbf115-dbf0-5512-ad6d-5ab0a8d5a2b6,25,MWATATE,15cfd8eb-9e35-552d-8d29-fe1a06538fa0,120,RONG'E,6ac908d4-a423-57ec-b662-6868ad430fa8,16,MAMBURA PRIMARY
a6c4fc8f-6950-51de-a9ae-2c519c465071,6,TAITA TAVETA,0efbf115-dbf0-5512-ad6d-5ab0a8d5a2b6,25,MWATATE,15cfd8eb-9e35-552d-8d29-fe1a06538fa0,120,RONG'E,896dfbd1-9143-516a-9f31-77de890e66c0,17,MENGO PRIMARY
a6c4fc8f-6950-51de-a9ae-2c519c465071,6,TAITA TAVETA,0efbf115-dbf0-5512-ad6d-5ab0a8d5a2b6,25,MWATATE,15cfd8eb-9e35-552d-8d29-fe1a06538fa0,120,RONG'E,f91751d8-bdc1-5d73-a92f-93b0b72ed9ef,18,LANGATENI TRADING CENTER
a6c4fc8f-6950-51de-a9ae-2c519c465071,6,TAITA TAVETA,0efbf115-dbf0-5512-ad6d-5ab0a8d5a2b6,25,MWATATE,15cfd8eb-9e35-552d-8d29-fe1a06538fa0,120,RONG'E,2c668264-5af8-5537-be88-56ca80778ee5,19,RONG'E JUU Y/POLYTECHNIC
a6c4fc8f-6950-51de-a9ae-2c519c465071,6,TAITA TAVETA,0efbf115-dbf0-5512-ad6d-5ab0a8d5a2b6,25,MWATATE,bf4822d8-516f-52c4-ab23-2f56f276df4f,121,MWATATE,1e8d7673-6cfc-57b8-bb3c-b035a70741b3,20,MWATUNGE PRIMARY
a6c4fc8f-6950-51de-a9ae-2c519c465071,6,TAITA TAVETA,0efbf115-dbf0-5512-ad6d-5ab0a8d5a2b6,25,MWATATE,bf4822d8-516f-52c4-ab23-2f56f276df4f,121,MWATATE,7bcbe37f-4b5e-5c10-ae09-2d8cefc48073,21,MZWANENYI PRIMARY
a6c4fc8f-6950-51de-a9ae-2c519c465071,6,TAITA TAVETA,0efbf115-dbf0-5512-ad6d-5ab0a8d5a2b6,25,MWATATE,bf4822d8-516f-52c4-ab23-2f56f276df4f,121,MWATATE,a27eea9a-55f6-5202-8c70-de96d8453c7e,22,MWATATE PRIMARY
a6c4fc8f-6950-51de-a9ae-2c519c465071,6,TAITA TAVETA,0efbf115-dbf0-5512-ad6d-5ab0a8d5a2b6,25,MWATATE,bf4822d8-516f-52c4-ab23-2f56f276df4f,121,MWATATE,eab163d4-ce5f-568f-9813-09869deb755f,23,MWANDISHA NUR SCHOOL
a6c4fc8f-6950-51de-a9ae-2c519c465071,6,TAITA TAVETA,0efbf115-dbf0-5512-ad6d-5ab0a8d5a2b6,25,MWATATE,bf4822d8-516f-52c4-ab23-2f56f276df4f,121,MWATATE,64b12d5f-9aa0-59f8-a396-eccdcba33313,24,MEMBERS CLUB HALL
a6c4fc8f-6950-51de-a9ae-2c519c465071,6,TAITA TAVETA,0efbf115-dbf0-5512-ad6d-5ab0a8d5a2b6,25,MWATATE,bf4822d8-516f-52c4-ab23-2f56f276df4f,121,MWATATE,eca91967-580a-501d-8fe1-1d3f76684a9a,25,MAILI-KUMI PRIMARY
a6c4fc8f-6950-51de-a9ae-2c519c465071,6,TAITA TAVETA,0efbf115-dbf0-5512-ad6d-5ab0a8d5a2b6,25,MWATATE,bf4822d8-516f-52c4-ab23-2f56f276df4f,121,MWATATE,9040c09a-8772-56fc-ae4e-0350ed575cc2,26,MGENO PRIMARY
a6c4fc8f-6950-51de-a9ae-2c519c465071,6,TAITA TAVETA,0efbf115-dbf0-5512-ad6d-5ab0a8d5a2b6,25,MWATATE,bf4822d8-516f-52c4-ab23-2f56f276df4f,121,MWATATE,5b41a5e6-1fdb-5746-9820-5ad688f5e697,27,MWANDALA PRIMARY
a6c4fc8f-6950-51de-a9ae-2c519c465071,6,TAITA TAVETA,0efbf115-dbf0-5512-ad6d-5ab0a8d5a2b6,25,MWATATE,bf4822d8-516f-52c4-ab23-2f56f276df4f,121,MWATATE,23515f37-9ae3-5d22-b43e-70c2c186f775,28,KIPUSI PRIMARY
a6c4fc8f-6950-51de-a9ae-2c519c465071,6,TAITA TAVETA,0efbf115-dbf0-5512-ad6d-5ab0a8d5a2b6,25,MWATATE,bf4822d8-516f-52c4-ab23-2f56f276df4f,121,MWATATE,b5181434-69f5-59a6-8229-75dd7d046168,30,SINGILA VILLAGE
a6c4fc8f-6950-51de-a9ae-2c519c465071,6,TAITA TAVETA,0efbf115-dbf0-5512-ad6d-5ab0a8d5a2b6,25,MWATATE,bf4822d8-516f-52c4-ab23-2f56f276df4f,121,MWATATE,aa1d3a70-8a2c-5ed0-907f-84ff8cd0b033,86,PELELEZA SOCIAL HALL
a6c4fc8f-6950-51de-a9ae-2c519c465071,6,TAITA TAVETA,0efbf115-dbf0-5512-ad6d-5ab0a8d5a2b6,25,MWATATE,7d511f80-3efe-52e6-8038-f9d5b92d4d22,122,BURA,aa0369fb-33fc-5124-ab95-69ba7440777c,31,MWAKITAU PRIMARY
a6c4fc8f-6950-51de-a9ae-2c519c465071,6,TAITA TAVETA,0efbf115-dbf0-5512-ad6d-5ab0a8d5a2b6,25,MWATATE,7d511f80-3efe-52e6-8038-f9d5b92d4d22,122,BURA,0d0c0f7b-d922-52a4-8227-2be0bba7f61a,32,MSORONGO PRIMARY
a6c4fc8f-6950-51de-a9ae-2c519c465071,6,TAITA TAVETA,0efbf115-dbf0-5512-ad6d-5ab0a8d5a2b6,25,MWATATE,7d511f80-3efe-52e6-8038-f9d5b92d4d22,122,BURA,888aad48-79de-5a7c-a4b3-e7c81873932c,33,MWASHUMA PRIMARY
a6c4fc8f-6950-51de-a9ae-2c519c465071,6,TAITA TAVETA,0efbf115-dbf0-5512-ad6d-5ab0a8d5a2b6,25,MWATATE,7d511f80-3efe-52e6-8038-f9d5b92d4d22,122,BURA,e5be2e9f-5e07-5f1a-a115-a49a2c81a9b1,34,MLUGHI PRIMARY
a6c4fc8f-6950-51de-a9ae-2c519c465071,6,TAITA TAVETA,0efbf115-dbf0-5512-ad6d-5ab0a8d5a2b6,25,MWATATE,7d511f80-3efe-52e6-8038-f9d5b92d4d22,122,BURA,8700f234-cb3b-5920-92cf-35e3978703c6,35,MNENGWA PRIMARY
a6c4fc8f-6950-51de-a9ae-2c519c465071,6,TAITA TAVETA,0efbf115-dbf0-5512-ad6d-5ab0a8d5a2b6,25,MWATATE,7d511f80-3efe-52e6-8038-f9d5b92d4d22,122,BURA,706d8482-518f-5e29-b777-20c1f010572c,36,GODOMA PRIMARY
a6c4fc8f-6950-51de-a9ae-2c519c465071,6,TAITA TAVETA,0efbf115-dbf0-5512-ad6d-5ab0a8d5a2b6,25,MWATATE,7d511f80-3efe-52e6-8038-f9d5b92d4d22,122,BURA,c5bd7584-a895-5c78-86c3-a365b3fe375c,37,MWANJILA Y/POLYTECHNIC
a6c4fc8f-6950-51de-a9ae-2c519c465071,6,TAITA TAVETA,0efbf115-dbf0-5512-ad6d-5ab0a8d5a2b6,25,MWATATE,7d511f80-3efe-52e6-8038-f9d5b92d4d22,122,BURA,c00c8d29-c068-52ad-a04d-6ad48d1db0e5,38,NYOLO PRIMARY
a6c4fc8f-6950-51de-a9ae-2c519c465071,6,TAITA TAVETA,0efbf115-dbf0-5512-ad6d-5ab0a8d5a2b6,25,MWATATE,7d511f80-3efe-52e6-8038-f9d5b92d4d22,122,BURA,2fcafd4d-a26a-5d0c-b0b7-75343a5086a3,39,BARAWA NUR SCHOOL
a6c4fc8f-6950-51de-a9ae-2c519c465071,6,TAITA TAVETA,0efbf115-dbf0-5512-ad6d-5ab0a8d5a2b6,25,MWATATE,7d511f80-3efe-52e6-8038-f9d5b92d4d22,122,BURA,cc164d43-eac4-550a-923d-dd6322c69fd3,40,LWALENYI RANCH OFFICE
a6c4fc8f-6950-51de-a9ae-2c519c465071,6,TAITA TAVETA,0efbf115-dbf0-5512-ad6d-5ab0a8d5a2b6,25,MWATATE,7d511f80-3efe-52e6-8038-f9d5b92d4d22,122,BURA,fb160cc1-bbe6-5f6f-bec5-5000da40746a,41,BURA PRIMARY
a6c4fc8f-6950-51de-a9ae-2c519c465071,6,TAITA TAVETA,0efbf115-dbf0-5512-ad6d-5ab0a8d5a2b6,25,MWATATE,7d511f80-3efe-52e6-8038-f9d5b92d4d22,122,BURA,d01aa3b4-8c3c-5464-b1ba-5a003596cff7,42,MBAGHA PRIMARY
a6c4fc8f-6950-51de-a9ae-2c519c465071,6,TAITA TAVETA,0efbf115-dbf0-5512-ad6d-5ab0a8d5a2b6,25,MWATATE,7d511f80-3efe-52e6-8038-f9d5b92d4d22,122,BURA,24bb95d1-45c7-57a2-a0f2-5046636506cc,43,MRUGHUA PRIMARY
a6c4fc8f-6950-51de-a9ae-2c519c465071,6,TAITA TAVETA,0efbf115-dbf0-5512-ad6d-5ab0a8d5a2b6,25,MWATATE,7d511f80-3efe-52e6-8038-f9d5b92d4d22,122,BURA,a91f196b-f3eb-5202-8565-069377b83e08,44,MNAMU PRIMARY
a6c4fc8f-6950-51de-a9ae-2c519c465071,6,TAITA TAVETA,0efbf115-dbf0-5512-ad6d-5ab0a8d5a2b6,25,MWATATE,7d511f80-3efe-52e6-8038-f9d5b92d4d22,122,BURA,fd81358c-3ddb-5674-849d-c9ae7983df2b,45,MWAVUNYU PRIMARY
a6c4fc8f-6950-51de-a9ae-2c519c465071,6,TAITA TAVETA,0efbf115-dbf0-5512-ad6d-5ab0a8d5a2b6,25,MWATATE,7d511f80-3efe-52e6-8038-f9d5b92d4d22,122,BURA,872d04c9-08e7-5398-92f1-f05ccf46d936,46,SAGHAIGHU PRIMARY
a6c4fc8f-6950-51de-a9ae-2c519c465071,6,TAITA TAVETA,0efbf115-dbf0-5512-ad6d-5ab0a8d5a2b6,25,MWATATE,7d511f80-3efe-52e6-8038-f9d5b92d4d22,122,BURA,5fbbaad1-0edc-5a70-a04a-b1b1934749d9,47,KILULUNYI PRIMARY
a6c4fc8f-6950-51de-a9ae-2c519c465071,6,TAITA TAVETA,0efbf115-dbf0-5512-ad6d-5ab0a8d5a2b6,25,MWATATE,7d511f80-3efe-52e6-8038-f9d5b92d4d22,122,BURA,63de7ffe-9dba-5686-8ac9-cbd96b94630c,48,ZARE PRIMARY
a6c4fc8f-6950-51de-a9ae-2c519c465071,6,TAITA TAVETA,0efbf115-dbf0-5512-ad6d-5ab0a8d5a2b6,25,MWATATE,7d511f80-3efe-52e6-8038-f9d5b92d4d22,122,BURA,1ebaedf8-1e05-5b48-9719-b94d1ac2ecd6,49,BENGI PRIMARY SCHOOL
a6c4fc8f-6950-51de-a9ae-2c519c465071,6,TAITA TAVETA,0efbf115-dbf0-5512-ad6d-5ab0a8d5a2b6,25,MWATATE,7d511f80-3efe-52e6-8038-f9d5b92d4d22,122,BURA,02d16509-ffcf-59a2-ab9b-0bf2f278895b,50,NDORIA NUR.SCHOOL
a6c4fc8f-6950-51de-a9ae-2c519c465071,6,TAITA TAVETA,0efbf115-dbf0-5512-ad6d-5ab0a8d5a2b6,25,MWATATE,7d511f80-3efe-52e6-8038-f9d5b92d4d22,122,BURA,f640c1c6-4084-53f7-afcb-d04838f52557,51,MANGENYI VILLAGE
a6c4fc8f-6950-51de-a9ae-2c519c465071,6,TAITA TAVETA,0efbf115-dbf0-5512-ad6d-5ab0a8d5a2b6,25,MWATATE,7d511f80-3efe-52e6-8038-f9d5b92d4d22,122,BURA,1979d5b0-2183-52c6-91d7-7f72b976f2ba,52,TUNGULU TRADING CENTRE
a6c4fc8f-6950-51de-a9ae-2c519c465071,6,TAITA TAVETA,0efbf115-dbf0-5512-ad6d-5ab0a8d5a2b6,25,MWATATE,6aed3be0-781b-5dad-b9e5-d2cd3b975dbb,123,CHAWIA,7895b5f3-8360-5439-9b64-0ba5a9286a70,53,MRURU PRIMARY
a6c4fc8f-6950-51de-a9ae-2c519c465071,6,TAITA TAVETA,0efbf115-dbf0-5512-ad6d-5ab0a8d5a2b6,25,MWATATE,6aed3be0-781b-5dad-b9e5-d2cd3b975dbb,123,CHAWIA,7c9f9c6d-975b-549c-b8c9-e3485eb73abb,54,MWATATE HEALTH CENTRE
a6c4fc8f-6950-51de-a9ae-2c519c465071,6,TAITA TAVETA,0efbf115-dbf0-5512-ad6d-5ab0a8d5a2b6,25,MWATATE,6aed3be0-781b-5dad-b9e5-d2cd3b975dbb,123,CHAWIA,cb758e80-22ae-5fec-a1e0-443b003e39a0,55,MWACHABO PRIMARY
a6c4fc8f-6950-51de-a9ae-2c519c465071,6,TAITA TAVETA,0efbf115-dbf0-5512-ad6d-5ab0a8d5a2b6,25,MWATATE,6aed3be0-781b-5dad-b9e5-d2cd3b975dbb,123,CHAWIA,ab5b0ef8-e97f-5a25-b8ee-9e9352d899e0,56,KAMTONGA PRIMARY
a6c4fc8f-6950-51de-a9ae-2c519c465071,6,TAITA TAVETA,0efbf115-dbf0-5512-ad6d-5ab0a8d5a2b6,25,MWATATE,6aed3be0-781b-5dad-b9e5-d2cd3b975dbb,123,CHAWIA,1339dc79-e596-518e-b81d-cf78d84d1024,57,CHUNGA-UNGA CENTRE
a6c4fc8f-6950-51de-a9ae-2c519c465071,6,TAITA TAVETA,0efbf115-dbf0-5512-ad6d-5ab0a8d5a2b6,25,MWATATE,6aed3be0-781b-5dad-b9e5-d2cd3b975dbb,123,CHAWIA,7ff6209a-509c-5a9a-9eba-6c5bd6a28200,58,SECHU PRIMARY
a6c4fc8f-6950-51de-a9ae-2c519c465071,6,TAITA TAVETA,0efbf115-dbf0-5512-ad6d-5ab0a8d5a2b6,25,MWATATE,6aed3be0-781b-5dad-b9e5-d2cd3b975dbb,123,CHAWIA,cd3cd97b-a454-5321-8f24-0c1506e241a4,59,WUMARI PRIMARY
a6c4fc8f-6950-51de-a9ae-2c519c465071,6,TAITA TAVETA,0efbf115-dbf0-5512-ad6d-5ab0a8d5a2b6,25,MWATATE,6aed3be0-781b-5dad-b9e5-d2cd3b975dbb,123,CHAWIA,01882cb1-0d2c-5d39-8c07-ad8e4eb6577f,60,MNGAMA PRIMARY
a6c4fc8f-6950-51de-a9ae-2c519c465071,6,TAITA TAVETA,0efbf115-dbf0-5512-ad6d-5ab0a8d5a2b6,25,MWATATE,6aed3be0-781b-5dad-b9e5-d2cd3b975dbb,123,CHAWIA,1bf2d2a2-cd90-52ce-8ef2-7ac1236323e5,61,MWAWACHE PRIMARY
a6c4fc8f-6950-51de-a9ae-2c519c465071,6,TAITA TAVETA,0efbf115-dbf0-5512-ad6d-5ab0a8d5a2b6,25,MWATATE,6aed3be0-781b-5dad-b9e5-d2cd3b975dbb,123,CHAWIA,35793e84-c7da-5ed8-9e7f-f685d86ac37b,62,MAZOLA PRIMARY
a6c4fc8f-6950-51de-a9ae-2c519c465071,6,TAITA TAVETA,0efbf115-dbf0-5512-ad6d-5ab0a8d5a2b6,25,MWATATE,6aed3be0-781b-5dad-b9e5-d2cd3b975dbb,123,CHAWIA,26ccf3d5-26ff-522e-a5e7-f76460e57194,63,MWAKITUTU PRIMARY
a6c4fc8f-6950-51de-a9ae-2c519c465071,6,TAITA TAVETA,0efbf115-dbf0-5512-ad6d-5ab0a8d5a2b6,25,MWATATE,6aed3be0-781b-5dad-b9e5-d2cd3b975dbb,123,CHAWIA,60a5ef06-a085-5e29-b2c3-43213d54acc8,64,KITIVO PRIMARY
a6c4fc8f-6950-51de-a9ae-2c519c465071,6,TAITA TAVETA,0efbf115-dbf0-5512-ad6d-5ab0a8d5a2b6,25,MWATATE,6aed3be0-781b-5dad-b9e5-d2cd3b975dbb,123,CHAWIA,168548e3-519d-5845-8c43-f3277d6b32d7,65,MKUKI TRADING CENTER
a6c4fc8f-6950-51de-a9ae-2c519c465071,6,TAITA TAVETA,0efbf115-dbf0-5512-ad6d-5ab0a8d5a2b6,25,MWATATE,6aed3be0-781b-5dad-b9e5-d2cd3b975dbb,123,CHAWIA,819455cf-c325-547d-a47a-b335d3230b4c,66,ZARE TRADING CENTER
a6c4fc8f-6950-51de-a9ae-2c519c465071,6,TAITA TAVETA,0efbf115-dbf0-5512-ad6d-5ab0a8d5a2b6,25,MWATATE,6aed3be0-781b-5dad-b9e5-d2cd3b975dbb,123,CHAWIA,592327e5-ed27-56e1-930c-ef10b4b0b650,67,ALIA PENTECOSTAL
a6c4fc8f-6950-51de-a9ae-2c519c465071,6,TAITA TAVETA,0efbf115-dbf0-5512-ad6d-5ab0a8d5a2b6,25,MWATATE,6aed3be0-781b-5dad-b9e5-d2cd3b975dbb,123,CHAWIA,ab4f99ad-4db8-5a90-a5bb-fcebed4070e7,68,MWARANGENYI/KISIMENYI BOREHOLE
a6c4fc8f-6950-51de-a9ae-2c519c465071,6,TAITA TAVETA,0efbf115-dbf0-5512-ad6d-5ab0a8d5a2b6,25,MWATATE,6aed3be0-781b-5dad-b9e5-d2cd3b975dbb,123,CHAWIA,196d593b-f53b-5711-98d5-7bc6f66b9bb4,70,MANOA DISPENSARY
a6c4fc8f-6950-51de-a9ae-2c519c465071,6,TAITA TAVETA,0efbf115-dbf0-5512-ad6d-5ab0a8d5a2b6,25,MWATATE,c3782378-d525-5316-ba4d-72d655391ae8,124,WUSI/KISHAMBA,b74a54c4-238c-5f7c-88da-f6ffe6fec9ea,71,ST.JOSEPH PRIMARY
a6c4fc8f-6950-51de-a9ae-2c519c465071,6,TAITA TAVETA,0efbf115-dbf0-5512-ad6d-5ab0a8d5a2b6,25,MWATATE,c3782378-d525-5316-ba4d-72d655391ae8,124,WUSI/KISHAMBA,57dc404d-eadf-5ce6-a2f8-9432f4c80c79,72,KUNGU PRIMARY
a6c4fc8f-6950-51de-a9ae-2c519c465071,6,TAITA TAVETA,0efbf115-dbf0-5512-ad6d-5ab0a8d5a2b6,25,MWATATE,c3782378-d525-5316-ba4d-72d655391ae8,124,WUSI/KISHAMBA,640a22ce-b4da-5778-80b5-a6cb0f3cfc1e,73,KIDAYA Y/POLY
a6c4fc8f-6950-51de-a9ae-2c519c465071,6,TAITA TAVETA,0efbf115-dbf0-5512-ad6d-5ab0a8d5a2b6,25,MWATATE,c3782378-d525-5316-ba4d-72d655391ae8,124,WUSI/KISHAMBA,1489a766-1671-5a65-8cfb-57af20c1b137,74,WUSI PRIMARY
a6c4fc8f-6950-51de-a9ae-2c519c465071,6,TAITA TAVETA,0efbf115-dbf0-5512-ad6d-5ab0a8d5a2b6,25,MWATATE,c3782378-d525-5316-ba4d-72d655391ae8,124,WUSI/KISHAMBA,89baeabd-503f-518f-be9e-59b4577686b1,75,KIANGACHINYI DISPENSARY
a6c4fc8f-6950-51de-a9ae-2c519c465071,6,TAITA TAVETA,0efbf115-dbf0-5512-ad6d-5ab0a8d5a2b6,25,MWATATE,c3782378-d525-5316-ba4d-72d655391ae8,124,WUSI/KISHAMBA,b774b4ac-54ae-50de-9d46-05d8607338be,76,DEMBWA PRIMARY
a6c4fc8f-6950-51de-a9ae-2c519c465071,6,TAITA TAVETA,0efbf115-dbf0-5512-ad6d-5ab0a8d5a2b6,25,MWATATE,c3782378-d525-5316-ba4d-72d655391ae8,124,WUSI/KISHAMBA,0d26376e-e037-5466-9f5a-7940503ce2ec,77,JOSA PRIMARY
a6c4fc8f-6950-51de-a9ae-2c519c465071,6,TAITA TAVETA,0efbf115-dbf0-5512-ad6d-5ab0a8d5a2b6,25,MWATATE,c3782378-d525-5316-ba4d-72d655391ae8,124,WUSI/KISHAMBA,d000f86a-2f1c-5878-aa1f-723ec032db84,78,KISHAMBA PRIMARY
a6c4fc8f-6950-51de-a9ae-2c519c465071,6,TAITA TAVETA,0efbf115-dbf0-5512-ad6d-5ab0a8d5a2b6,25,MWATATE,c3782378-d525-5316-ba4d-72d655391ae8,124,WUSI/KISHAMBA,eca458a2-cd67-5070-82b0-05faa073ba18,79,MWACHAWAZA PRIMARY
a6c4fc8f-6950-51de-a9ae-2c519c465071,6,TAITA TAVETA,0efbf115-dbf0-5512-ad6d-5ab0a8d5a2b6,25,MWATATE,c3782378-d525-5316-ba4d-72d655391ae8,124,WUSI/KISHAMBA,15ee6157-9d72-51cd-bb49-b7e0b55601a8,80,MWACHAWAZA Y/POLY
a6c4fc8f-6950-51de-a9ae-2c519c465071,6,TAITA TAVETA,0efbf115-dbf0-5512-ad6d-5ab0a8d5a2b6,25,MWATATE,c3782378-d525-5316-ba4d-72d655391ae8,124,WUSI/KISHAMBA,8b0965df-a2d0-5f33-ba21-524e44957da3,81,MLAMBENYI NUR.SCH
a6c4fc8f-6950-51de-a9ae-2c519c465071,6,TAITA TAVETA,0efbf115-dbf0-5512-ad6d-5ab0a8d5a2b6,25,MWATATE,c3782378-d525-5316-ba4d-72d655391ae8,124,WUSI/KISHAMBA,2d4d987d-bb0b-5e89-95fe-2f0afb4f95a4,82,FURUSINYI NUR.SCHOOL
a6c4fc8f-6950-51de-a9ae-2c519c465071,6,TAITA TAVETA,0efbf115-dbf0-5512-ad6d-5ab0a8d5a2b6,25,MWATATE,c3782378-d525-5316-ba4d-72d655391ae8,124,WUSI/KISHAMBA,33581a6c-c294-53e3-9476-cf27def42af8,83,MACHA VILLAGE
a6c4fc8f-6950-51de-a9ae-2c519c465071,6,TAITA TAVETA,0efbf115-dbf0-5512-ad6d-5ab0a8d5a2b6,25,MWATATE,c3782378-d525-5316-ba4d-72d655391ae8,124,WUSI/KISHAMBA,eb641c74-00f4-5f27-ae16-367b0d0e2402,84,KWAMONE NUR.SCHOOL
a6c4fc8f-6950-51de-a9ae-2c519c465071,6,TAITA TAVETA,0efbf115-dbf0-5512-ad6d-5ab0a8d5a2b6,25,MWATATE,c3782378-d525-5316-ba4d-72d655391ae8,124,WUSI/KISHAMBA,e43ff9d5-1f20-52e6-837b-4dd6bea82388,85,KIDAYA/IFUMBU NUR.SCHOOL
a6c4fc8f-6950-51de-a9ae-2c519c465071,6,TAITA TAVETA,62bbd241-c0c8-5b54-8196-17353fe0e5ed,26,VOI,7ea1c1e9-936b-541d-92be-e64ca2538a8f,125,MBOLOLO,be6f006d-6a21-55b6-a475-9f950aa314c9,1,MKWACHUNYI PRIMARY SCHOOL
a6c4fc8f-6950-51de-a9ae-2c519c465071,6,TAITA TAVETA,62bbd241-c0c8-5b54-8196-17353fe0e5ed,26,VOI,7ea1c1e9-936b-541d-92be-e64ca2538a8f,125,MBOLOLO,af3df7aa-8154-5eb1-ac31-f7b7b3c5dd0c,2,KIRUTAI PRIMARY SCHOOL
a6c4fc8f-6950-51de-a9ae-2c519c465071,6,TAITA TAVETA,62bbd241-c0c8-5b54-8196-17353fe0e5ed,26,VOI,7ea1c1e9-936b-541d-92be-e64ca2538a8f,125,MBOLOLO,63f4e7ba-b684-5d63-993c-580f9be9c5eb,3,VOI PRIMARY SCHOOL
a6c4fc8f-6950-51de-a9ae-2c519c465071,6,TAITA TAVETA,62bbd241-c0c8-5b54-8196-17353fe0e5ed,26,VOI,7ea1c1e9-936b-541d-92be-e64ca2538a8f,125,MBOLOLO,1ec8c4d4-5de4-5f05-97d2-acd9878f98c7,4,MWAKINGALI PRIMARY SCHOOL
a6c4fc8f-6950-51de-a9ae-2c519c465071,6,TAITA TAVETA,62bbd241-c0c8-5b54-8196-17353fe0e5ed,26,VOI,7ea1c1e9-936b-541d-92be-e64ca2538a8f,125,MBOLOLO,4862b73a-7dbd-5e25-9393-29136891734b,5,MWANGEA SECONDARY SCHOOL
a6c4fc8f-6950-51de-a9ae-2c519c465071,6,TAITA TAVETA,62bbd241-c0c8-5b54-8196-17353fe0e5ed,26,VOI,7ea1c1e9-936b-541d-92be-e64ca2538a8f,125,MBOLOLO,398d6d13-0d86-52f4-9560-c4b9ffaf91f1,6,MWAMUNGA PRIMARY SCHOOL
a6c4fc8f-6950-51de-a9ae-2c519c465071,6,TAITA TAVETA,62bbd241-c0c8-5b54-8196-17353fe0e5ed,26,VOI,7ea1c1e9-936b-541d-92be-e64ca2538a8f,125,MBOLOLO,d9dcb28e-71ae-53b0-90c3-ba8c51b445f9,7,C.I.T(COAST INSTITUTE OF TECHNOLOGY)
a6c4fc8f-6950-51de-a9ae-2c519c465071,6,TAITA TAVETA,62bbd241-c0c8-5b54-8196-17353fe0e5ed,26,VOI,7ea1c1e9-936b-541d-92be-e64ca2538a8f,125,MBOLOLO,d038085e-2513-5f27-8a73-da750bc8cb2a,8,TAUSA YOUTH POLYTECHNIC
a6c4fc8f-6950-51de-a9ae-2c519c465071,6,TAITA TAVETA,62bbd241-c0c8-5b54-8196-17353fe0e5ed,26,VOI,7ea1c1e9-936b-541d-92be-e64ca2538a8f,125,MBOLOLO,80e95362-b7fa-53ca-93a1-f0742faa4d07,9,KIRINDINYI PRIMARY SCHOOL
a6c4fc8f-6950-51de-a9ae-2c519c465071,6,TAITA TAVETA,62bbd241-c0c8-5b54-8196-17353fe0e5ed,26,VOI,7ea1c1e9-936b-541d-92be-e64ca2538a8f,125,MBOLOLO,b905b186-f339-5d23-b6c2-94d10fdd2aa4,10,MWAMBOLEMBOLE PRIMARY SCHOOL
a6c4fc8f-6950-51de-a9ae-2c519c465071,6,TAITA TAVETA,62bbd241-c0c8-5b54-8196-17353fe0e5ed,26,VOI,7ea1c1e9-936b-541d-92be-e64ca2538a8f,125,MBOLOLO,ecb557fd-67d6-5e3e-991a-31d830bbbf76,11,IKANGA PRIMARY SCHOOL
a6c4fc8f-6950-51de-a9ae-2c519c465071,6,TAITA TAVETA,62bbd241-c0c8-5b54-8196-17353fe0e5ed,26,VOI,7ea1c1e9-936b-541d-92be-e64ca2538a8f,125,MBOLOLO,8be65443-b74f-54b3-bdd4-2c2b5ef421be,12,NDILE PRIMARY SCHOOL
a6c4fc8f-6950-51de-a9ae-2c519c465071,6,TAITA TAVETA,62bbd241-c0c8-5b54-8196-17353fe0e5ed,26,VOI,7ea1c1e9-936b-541d-92be-e64ca2538a8f,125,MBOLOLO,5e741659-d168-5081-a58c-c2f329e188b0,13,MABOMANI PRIMARY SCHOOL
a6c4fc8f-6950-51de-a9ae-2c519c465071,6,TAITA TAVETA,62bbd241-c0c8-5b54-8196-17353fe0e5ed,26,VOI,7ea1c1e9-936b-541d-92be-e64ca2538a8f,125,MBOLOLO,6cef50ab-ed7a-5200-8d46-5179200242ef,14,MLEKENYI NURSERY SCHOOL
a6c4fc8f-6950-51de-a9ae-2c519c465071,6,TAITA TAVETA,62bbd241-c0c8-5b54-8196-17353fe0e5ed,26,VOI,7ea1c1e9-936b-541d-92be-e64ca2538a8f,125,MBOLOLO,94255de1-2f2d-5753-8c10-a26a35bb8139,15,TAUSA PRIMARY SCHOOL
a6c4fc8f-6950-51de-a9ae-2c519c465071,6,TAITA TAVETA,62bbd241-c0c8-5b54-8196-17353fe0e5ed,26,VOI,7ea1c1e9-936b-541d-92be-e64ca2538a8f,125,MBOLOLO,6d8fb570-5114-5860-8c34-c5218a65143f,16,BONIFACE MGANGA PRIMARY SCHOOL
a6c4fc8f-6950-51de-a9ae-2c519c465071,6,TAITA TAVETA,62bbd241-c0c8-5b54-8196-17353fe0e5ed,26,VOI,7ea1c1e9-936b-541d-92be-e64ca2538a8f,125,MBOLOLO,1c9d89f9-2377-5fcd-a2ed-25526d55a65a,17,VOI SOCIAL SERVICES GROUND
a6c4fc8f-6950-51de-a9ae-2c519c465071,6,TAITA TAVETA,62bbd241-c0c8-5b54-8196-17353fe0e5ed,26,VOI,7ea1c1e9-936b-541d-92be-e64ca2538a8f,125,MBOLOLO,8ae55268-3e3f-5905-b389-aee761ee3f98,18,MWARANGINYI GROUND
a6c4fc8f-6950-51de-a9ae-2c519c465071,6,TAITA TAVETA,62bbd241-c0c8-5b54-8196-17353fe0e5ed,26,VOI,7ea1c1e9-936b-541d-92be-e64ca2538a8f,125,MBOLOLO,8ed6cda7-db87-522d-94a1-8ac5636dd78d,19,SIKUJUA JUU NURSERY SCHOOL
a6c4fc8f-6950-51de-a9ae-2c519c465071,6,TAITA TAVETA,62bbd241-c0c8-5b54-8196-17353fe0e5ed,26,VOI,7ea1c1e9-936b-541d-92be-e64ca2538a8f,125,MBOLOLO,56ba36da-c2dd-555e-9627-51da6c519362,20,MWAKIKI PRIMARY SCHOOL
a6c4fc8f-6950-51de-a9ae-2c519c465071,6,TAITA TAVETA,62bbd241-c0c8-5b54-8196-17353fe0e5ed,26,VOI,7ea1c1e9-936b-541d-92be-e64ca2538a8f,125,MBOLOLO,d9bf849c-22f6-551a-bd24-64a3c9ee078f,21,KAMBITO PRIMARY SCHOOL
a6c4fc8f-6950-51de-a9ae-2c519c465071,6,TAITA TAVETA,62bbd241-c0c8-5b54-8196-17353fe0e5ed,26,VOI,7ea1c1e9-936b-541d-92be-e64ca2538a8f,125,MBOLOLO,cee37307-2b88-586d-b714-8b434d4c2f0d,22,GORA NURSERY SCHOOL
a6c4fc8f-6950-51de-a9ae-2c519c465071,6,TAITA TAVETA,62bbd241-c0c8-5b54-8196-17353fe0e5ed,26,VOI,7ea1c1e9-936b-541d-92be-e64ca2538a8f,125,MBOLOLO,fda95eac-fb1c-55e7-8597-6df0df4cfade,75,IMANI PRIMARY SCHOOL
a6c4fc8f-6950-51de-a9ae-2c519c465071,6,TAITA TAVETA,62bbd241-c0c8-5b54-8196-17353fe0e5ed,26,VOI,7ea1c1e9-936b-541d-92be-e64ca2538a8f,125,MBOLOLO,c60ec456-72e9-59b8-bc86-76cc80da5c19,76,VOI GIRLS SECONDARY SCHOOL
a6c4fc8f-6950-51de-a9ae-2c519c465071,6,TAITA TAVETA,62bbd241-c0c8-5b54-8196-17353fe0e5ed,26,VOI,29923733-6605-5ac3-9ab2-841caef17d95,126,SAGALLA,f76b79c1-0d39-5bff-b84a-fc98fd8b869d,23,WRAY PRIMARY SCHOOL
a6c4fc8f-6950-51de-a9ae-2c519c465071,6,TAITA TAVETA,62bbd241-c0c8-5b54-8196-17353fe0e5ed,26,VOI,29923733-6605-5ac3-9ab2-841caef17d95,126,SAGALLA,c3b46beb-e322-512d-a8f0-c3d1990ff397,24,SOWA PRIMARY SCHOOL
a6c4fc8f-6950-51de-a9ae-2c519c465071,6,TAITA TAVETA,62bbd241-c0c8-5b54-8196-17353fe0e5ed,26,VOI,29923733-6605-5ac3-9ab2-841caef17d95,126,SAGALLA,db396863-17c7-5d87-9768-1966036e6668,25,SAGALLA PRIMARY SCHOOL
a6c4fc8f-6950-51de-a9ae-2c519c465071,6,TAITA TAVETA,62bbd241-c0c8-5b54-8196-17353fe0e5ed,26,VOI,29923733-6605-5ac3-9ab2-841caef17d95,126,SAGALLA,f4461896-a595-50e2-b91b-73d9f66de842,26,SAGALLA YOUTH POLYTECHNIC
a6c4fc8f-6950-51de-a9ae-2c519c465071,6,TAITA TAVETA,62bbd241-c0c8-5b54-8196-17353fe0e5ed,26,VOI,29923733-6605-5ac3-9ab2-841caef17d95,126,SAGALLA,35199df1-1e81-5e33-91d2-78f5cb27f37c,27,KIRUMBI PRIMARY SCHOOL
a6c4fc8f-6950-51de-a9ae-2c519c465071,6,TAITA TAVETA,62bbd241-c0c8-5b54-8196-17353fe0e5ed,26,VOI,29923733-6605-5ac3-9ab2-841caef17d95,126,SAGALLA,5c74155d-5bed-5be1-94e4-094645fa5c69,28,GIDEON MOSI PRIMARY SCHOOL
a6c4fc8f-6950-51de-a9ae-2c519c465071,6,TAITA TAVETA,62bbd241-c0c8-5b54-8196-17353fe0e5ed,26,VOI,29923733-6605-5ac3-9ab2-841caef17d95,126,SAGALLA,b53551b9-684f-5a67-8712-3aaf5e1945f6,29,KAJIRE PRIMARY SCHOOL
a6c4fc8f-6950-51de-a9ae-2c519c465071,6,TAITA TAVETA,62bbd241-c0c8-5b54-8196-17353fe0e5ed,26,VOI,29923733-6605-5ac3-9ab2-841caef17d95,126,SAGALLA,3c8b6ee4-70d9-56eb-9bb3-b2843c072bf4,30,MWAMBITI PRIMARY SCHOOL
a6c4fc8f-6950-51de-a9ae-2c519c465071,6,TAITA TAVETA,62bbd241-c0c8-5b54-8196-17353fe0e5ed,26,VOI,29923733-6605-5ac3-9ab2-841caef17d95,126,SAGALLA,ebb94f74-4ac8-549a-80fa-13880f8959f6,31,TALIO PRIMARY SCHOOL
a6c4fc8f-6950-51de-a9ae-2c519c465071,6,TAITA TAVETA,62bbd241-c0c8-5b54-8196-17353fe0e5ed,26,VOI,29923733-6605-5ac3-9ab2-841caef17d95,126,SAGALLA,9b47f4e3-c276-58ee-b355-b429f3bfdea2,32,KIZUMANZI PRIMARY SCHOOL
a6c4fc8f-6950-51de-a9ae-2c519c465071,6,TAITA TAVETA,62bbd241-c0c8-5b54-8196-17353fe0e5ed,26,VOI,45ea29e8-e601-5921-8edb-86fb465e69eb,127,KALOLENI,0f835a3b-f6fe-50a0-a5e4-31b954caf407,33,SOFIA BONA NURSERY SCHOOL
a6c4fc8f-6950-51de-a9ae-2c519c465071,6,TAITA TAVETA,62bbd241-c0c8-5b54-8196-17353fe0e5ed,26,VOI,45ea29e8-e601-5921-8edb-86fb465e69eb,127,KALOLENI,f76c6f5b-2041-5add-84fd-9fb6d72ee70a,34,KALELA PRIMARY SCHOOL
a6c4fc8f-6950-51de-a9ae-2c519c465071,6,TAITA TAVETA,62bbd241-c0c8-5b54-8196-17353fe0e5ed,26,VOI,45ea29e8-e601-5921-8edb-86fb465e69eb,127,KALOLENI,83d6488a-918f-58e5-9e44-176eb5a46ad9,35,MWANYAMBO PRIMARY SCHOOL
a6c4fc8f-6950-51de-a9ae-2c519c465071,6,TAITA TAVETA,62bbd241-c0c8-5b54-8196-17353fe0e5ed,26,VOI,45ea29e8-e601-5921-8edb-86fb465e69eb,127,KALOLENI,92b3fe67-1328-5625-b36c-b989e029fff5,36,GIMBA PRIMARY SCHOOL
a6c4fc8f-6950-51de-a9ae-2c519c465071,6,TAITA TAVETA,62bbd241-c0c8-5b54-8196-17353fe0e5ed,26,VOI,45ea29e8-e601-5921-8edb-86fb465e69eb,127,KALOLENI,c3280f6a-92ef-5e66-a332-dcdc9574f619,37,BIRIKANI NURSERY SCHOOL
a6c4fc8f-6950-51de-a9ae-2c519c465071,6,TAITA TAVETA,62bbd241-c0c8-5b54-8196-17353fe0e5ed,26,VOI,45ea29e8-e601-5921-8edb-86fb465e69eb,127,KALOLENI,17586561-b613-574f-8a17-e1744f2e7066,38,TANZANIA NURSERY SCHOOL
a6c4fc8f-6950-51de-a9ae-2c519c465071,6,TAITA TAVETA,62bbd241-c0c8-5b54-8196-17353fe0e5ed,26,VOI,45ea29e8-e601-5921-8edb-86fb465e69eb,127,KALOLENI,0945b400-f020-596e-bf01-16f9b4fa997a,39,MAWENI VILLAGE MOBILE
a6c4fc8f-6950-51de-a9ae-2c519c465071,6,TAITA TAVETA,62bbd241-c0c8-5b54-8196-17353fe0e5ed,26,VOI,45ea29e8-e601-5921-8edb-86fb465e69eb,127,KALOLENI,262eee65-af14-5dc8-9dd5-665aaf2f8fba,40,KALAMBE PRIMARY SCHOOL
a6c4fc8f-6950-51de-a9ae-2c519c465071,6,TAITA TAVETA,62bbd241-c0c8-5b54-8196-17353fe0e5ed,26,VOI,45ea29e8-e601-5921-8edb-86fb465e69eb,127,KALOLENI,3846781d-cc98-5a94-8516-27416b0594ea,41,MNAONI NURSERY SCHOOL
a6c4fc8f-6950-51de-a9ae-2c519c465071,6,TAITA TAVETA,62bbd241-c0c8-5b54-8196-17353fe0e5ed,26,VOI,45ea29e8-e601-5921-8edb-86fb465e69eb,127,KALOLENI,eb817c62-24f1-51bc-bce4-c19f3ca200e0,42,GHAZA GROUND
a6c4fc8f-6950-51de-a9ae-2c519c465071,6,TAITA TAVETA,62bbd241-c0c8-5b54-8196-17353fe0e5ed,26,VOI,45ea29e8-e601-5921-8edb-86fb465e69eb,127,KALOLENI,9c181b8a-375e-553c-a70f-851b3d73ba46,77,NDOVU HEALTH CENTRE
a6c4fc8f-6950-51de-a9ae-2c519c465071,6,TAITA TAVETA,62bbd241-c0c8-5b54-8196-17353fe0e5ed,26,VOI,2e51dae3-8370-58b6-b62f-46d4bdce32b6,128,MARUNGU,73a53c33-1bd4-59f5-be89-c12116ba8a07,43,MARUNGU PRIMARY SCHOOL
a6c4fc8f-6950-51de-a9ae-2c519c465071,6,TAITA TAVETA,62bbd241-c0c8-5b54-8196-17353fe0e5ed,26,VOI,2e51dae3-8370-58b6-b62f-46d4bdce32b6,128,MARUNGU,dd886578-4308-5fd2-be79-8141c9157fc7,44,MARASI PRIMARY SCHOOL
a6c4fc8f-6950-51de-a9ae-2c519c465071,6,TAITA TAVETA,62bbd241-c0c8-5b54-8196-17353fe0e5ed,26,VOI,2e51dae3-8370-58b6-b62f-46d4bdce32b6,128,MARUNGU,81df8215-c16c-588a-8f6b-03394e967d09,45,MIASENYI PRIMARY SCHOOL
a6c4fc8f-6950-51de-a9ae-2c519c465071,6,TAITA TAVETA,62bbd241-c0c8-5b54-8196-17353fe0e5ed,26,VOI,2e51dae3-8370-58b6-b62f-46d4bdce32b6,128,MARUNGU,99811d60-df38-57e6-88df-dc64f64ce5d8,46,ITINYI PRIMARY SCHOOL
a6c4fc8f-6950-51de-a9ae-2c519c465071,6,TAITA TAVETA,62bbd241-c0c8-5b54-8196-17353fe0e5ed,26,VOI,2e51dae3-8370-58b6-b62f-46d4bdce32b6,128,MARUNGU,4c4e83bb-3d36-5a53-9342-a081ed019048,47,KALE PRIMARY SCHOOL
a6c4fc8f-6950-51de-a9ae-2c519c465071,6,TAITA TAVETA,62bbd241-c0c8-5b54-8196-17353fe0e5ed,26,VOI,2e51dae3-8370-58b6-b62f-46d4bdce32b6,128,MARUNGU,10c9129a-d51d-5815-a660-ac672b2101fb,48,MAJENGO NURSERY SCHOOL
a6c4fc8f-6950-51de-a9ae-2c519c465071,6,TAITA TAVETA,62bbd241-c0c8-5b54-8196-17353fe0e5ed,26,VOI,2e51dae3-8370-58b6-b62f-46d4bdce32b6,128,MARUNGU,7520b49b-511a-50cc-816f-f59c87160bdc,49,MISHARINI PRIMARY SCHOOL
a6c4fc8f-6950-51de-a9ae-2c519c465071,6,TAITA TAVETA,62bbd241-c0c8-5b54-8196-17353fe0e5ed,26,VOI,a092209b-4d50-551f-8b74-b00668a04dee,129,KASIGAU,5868fca8-20d3-5c36-a366-808d456f6ac1,50,MAKWASINYI PRIMARY SCHOOL
a6c4fc8f-6950-51de-a9ae-2c519c465071,6,TAITA TAVETA,62bbd241-c0c8-5b54-8196-17353fe0e5ed,26,VOI,a092209b-4d50-551f-8b74-b00668a04dee,129,KASIGAU,5196529b-c6f3-5f32-bd0b-90d462578d32,51,KISIMENYI PRIMARY SCHOOL
a6c4fc8f-6950-51de-a9ae-2c519c465071,6,TAITA TAVETA,62bbd241-c0c8-5b54-8196-17353fe0e5ed,26,VOI,a092209b-4d50-551f-8b74-b00668a04dee,129,KASIGAU,ab75d927-c253-52bb-9969-85aac400dcbe,52,MAKUMBUSHO WATER PROJECT
a6c4fc8f-6950-51de-a9ae-2c519c465071,6,TAITA TAVETA,62bbd241-c0c8-5b54-8196-17353fe0e5ed,26,VOI,a092209b-4d50-551f-8b74-b00668a04dee,129,KASIGAU,db85dcd8-8f66-5d18-a44e-9fa70a5c4239,53,BUGUTA PRIMARY SCHOOL
a6c4fc8f-6950-51de-a9ae-2c519c465071,6,TAITA TAVETA,62bbd241-c0c8-5b54-8196-17353fe0e5ed,26,VOI,a092209b-4d50-551f-8b74-b00668a04dee,129,KASIGAU,f30ec7f7-c50b-5eef-aaf4-99f2326047bd,54,SASENYI PRIMARY SCHOOL
a6c4fc8f-6950-51de-a9ae-2c519c465071,6,TAITA TAVETA,62bbd241-c0c8-5b54-8196-17353fe0e5ed,26,VOI,a092209b-4d50-551f-8b74-b00668a04dee,129,KASIGAU,7623cd82-7ba8-51eb-aa26-15a48e19d81b,55,RUKANGA PRIMARY SCHOOL
a6c4fc8f-6950-51de-a9ae-2c519c465071,6,TAITA TAVETA,62bbd241-c0c8-5b54-8196-17353fe0e5ed,26,VOI,a092209b-4d50-551f-8b74-b00668a04dee,129,KASIGAU,ae55cb6e-aef6-53f5-a219-85519515682d,56,BUNGULE PRIMARY SCHOOL
a6c4fc8f-6950-51de-a9ae-2c519c465071,6,TAITA TAVETA,62bbd241-c0c8-5b54-8196-17353fe0e5ed,26,VOI,a092209b-4d50-551f-8b74-b00668a04dee,129,KASIGAU,796f6ccd-1e18-5761-88ba-f58e529b9691,57,JORA PRIMARY SCHOOL
a6c4fc8f-6950-51de-a9ae-2c519c465071,6,TAITA TAVETA,62bbd241-c0c8-5b54-8196-17353fe0e5ed,26,VOI,a092209b-4d50-551f-8b74-b00668a04dee,129,KASIGAU,1d1cd7d1-449a-5815-90ff-9f26ef3e93b7,58,MKAMENYI PRIMARY SCHOOL
a6c4fc8f-6950-51de-a9ae-2c519c465071,6,TAITA TAVETA,62bbd241-c0c8-5b54-8196-17353fe0e5ed,26,VOI,a092209b-4d50-551f-8b74-b00668a04dee,129,KASIGAU,94643105-80d1-55cf-a378-809c705990fe,59,ZUNGULUKANI PRIMARY SCHOOL
a6c4fc8f-6950-51de-a9ae-2c519c465071,6,TAITA TAVETA,62bbd241-c0c8-5b54-8196-17353fe0e5ed,26,VOI,a092209b-4d50-551f-8b74-b00668a04dee,129,KASIGAU,f94bec58-1e98-51a2-bfd8-a6592b3cfb56,60,NGAMBENYI PRIMARY SCHOOL
a6c4fc8f-6950-51de-a9ae-2c519c465071,6,TAITA TAVETA,62bbd241-c0c8-5b54-8196-17353fe0e5ed,26,VOI,a092209b-4d50-551f-8b74-b00668a04dee,129,KASIGAU,ad71db48-d353-5f34-9d8e-abb73935ce1a,61,KULIKILA NURSERY SCHOOL
a6c4fc8f-6950-51de-a9ae-2c519c465071,6,TAITA TAVETA,62bbd241-c0c8-5b54-8196-17353fe0e5ed,26,VOI,a092209b-4d50-551f-8b74-b00668a04dee,129,KASIGAU,16c81120-52cc-5070-aa0b-d541484afbdc,62,KITEGHE PRIMARY SCHOOL
a6c4fc8f-6950-51de-a9ae-2c519c465071,6,TAITA TAVETA,62bbd241-c0c8-5b54-8196-17353fe0e5ed,26,VOI,4b7caa25-7e2f-5252-bd10-4beed4140531,130,NGOLIA,ac06c2a1-b9c9-5f51-9647-17dafcd70e1a,63,NDOME PRIMARY SCHOOL
a6c4fc8f-6950-51de-a9ae-2c519c465071,6,TAITA TAVETA,62bbd241-c0c8-5b54-8196-17353fe0e5ed,26,VOI,4b7caa25-7e2f-5252-bd10-4beed4140531,130,NGOLIA,77cdbd89-eb30-521a-a879-08491194ec28,64,MULUNDINYI PRIMARY SCHOOL
a6c4fc8f-6950-51de-a9ae-2c519c465071,6,TAITA TAVETA,62bbd241-c0c8-5b54-8196-17353fe0e5ed,26,VOI,4b7caa25-7e2f-5252-bd10-4beed4140531,130,NGOLIA,5bbde74f-d1f5-529e-a2b4-a072113cec73,65,GHAZI PRIMARY SCHOOL
a6c4fc8f-6950-51de-a9ae-2c519c465071,6,TAITA TAVETA,62bbd241-c0c8-5b54-8196-17353fe0e5ed,26,VOI,4b7caa25-7e2f-5252-bd10-4beed4140531,130,NGOLIA,f155c680-8110-5253-b2e4-167a9a30819e,66,ORE PRIMARY SCHOOL
a6c4fc8f-6950-51de-a9ae-2c519c465071,6,TAITA TAVETA,62bbd241-c0c8-5b54-8196-17353fe0e5ed,26,VOI,4b7caa25-7e2f-5252-bd10-4beed4140531,130,NGOLIA,b92e208e-d054-57f4-9948-8108b3b90331,67,MANYANI TRADING CENTRE
a6c4fc8f-6950-51de-a9ae-2c519c465071,6,TAITA TAVETA,62bbd241-c0c8-5b54-8196-17353fe0e5ed,26,VOI,4b7caa25-7e2f-5252-bd10-4beed4140531,130,NGOLIA,25911ee5-dc4f-54c4-8a2c-8db76eb23b88,68,WONGONYI PRIMARY SCHOOL
a6c4fc8f-6950-51de-a9ae-2c519c465071,6,TAITA TAVETA,62bbd241-c0c8-5b54-8196-17353fe0e5ed,26,VOI,4b7caa25-7e2f-5252-bd10-4beed4140531,130,NGOLIA,9ca915f7-ed18-5714-b668-4d7bfaf8fbe0,69,MOLE PRIMARY SCHOOL
a6c4fc8f-6950-51de-a9ae-2c519c465071,6,TAITA TAVETA,62bbd241-c0c8-5b54-8196-17353fe0e5ed,26,VOI,4b7caa25-7e2f-5252-bd10-4beed4140531,130,NGOLIA,1eed883d-9bd0-5b5c-94a2-1cb24e92dd0c,70,MRANGI PRIMARY SCHOOL
a6c4fc8f-6950-51de-a9ae-2c519c465071,6,TAITA TAVETA,62bbd241-c0c8-5b54-8196-17353fe0e5ed,26,VOI,4b7caa25-7e2f-5252-bd10-4beed4140531,130,NGOLIA,e242d216-36ba-514e-b0c9-1c00d9533723,71,NDII NURSERY CENTRE
a6c4fc8f-6950-51de-a9ae-2c519c465071,6,TAITA TAVETA,62bbd241-c0c8-5b54-8196-17353fe0e5ed,26,VOI,4b7caa25-7e2f-5252-bd10-4beed4140531,130,NGOLIA,db80b2ca-5172-5215-bade-4ab332d5f30c,72,MBULIA PRIMARY SCHOOL
a6c4fc8f-6950-51de-a9ae-2c519c465071,6,TAITA TAVETA,62bbd241-c0c8-5b54-8196-17353fe0e5ed,26,VOI,4b7caa25-7e2f-5252-bd10-4beed4140531,130,NGOLIA,a9b603a4-8c89-5a29-814d-5fb925dbbccc,73,KWS CAMP-MTITO ANDEI
a6c4fc8f-6950-51de-a9ae-2c519c465071,6,TAITA TAVETA,62bbd241-c0c8-5b54-8196-17353fe0e5ed,26,VOI,4b7caa25-7e2f-5252-bd10-4beed4140531,130,NGOLIA,c1f17a61-2706-5b95-ba08-ad74e616c1e6,74,MWAKAJO PRIMARY SCHOOL
