6ed955c6-506a-5343-9be4-2c0afae02eef,4,TANA RIVER,b274c7bc-b9a3-5f9b-a55e-861009e35815,18,GARSEN,e2257fab-f71a-598c-a66f-01f40cf4419d,86,KIPINI EAST,b1ef3f3d-eac4-5d98-b19f-832e0058f550,1,KIPINI PRIMARY SCHOOL
6ed955c6-506a-5343-9be4-2c0afae02eef,4,TANA RIVER,b274c7bc-b9a3-5f9b-a55e-861009e35815,18,GARSEN,e2257fab-f71a-598c-a66f-01f40cf4419d,86,KIPINI EAST,a7e50c01-07b9-5579-8506-dd44a18c9c5e,2,ZIWANI PRIMARY SCHOOL
6ed955c6-506a-5343-9be4-2c0afae02eef,4,TANA RIVER,b274c7bc-b9a3-5f9b-a55e-861009e35815,18,GARSEN,e2257fab-f71a-598c-a66f-01f40cf4419d,86,KIPINI EAST,8cf0319b-8c58-5f68-8a83-22a2a2b4d803,3,SHAURI MOYO PRIMARY SCHOOL
6ed955c6-506a-5343-9be4-2c0afae02eef,4,TANA RIVER,b274c7bc-b9a3-5f9b-a55e-861009e35815,18,GARSEN,e2257fab-f71a-598c-a66f-01f40cf4419d,86,KIPINI EAST,dfcaeb69-c3a7-5bc8-aecd-3e7348a1b2b7,4,KIZUILIYANI NURSERY SCHOOL
6ed955c6-506a-5343-9be4-2c0afae02eef,4,TANA RIVER,b274c7bc-b9a3-5f9b-a55e-861009e35815,18,GARSEN,e2257fab-f71a-598c-a66f-01f40cf4419d,86,KIPINI EAST,16853ff8-64f0-518f-a61f-edfff082da1b,5,MCHELELO PRIMARY SCHOOL
6ed955c6-506a-5343-9be4-2c0afae02eef,4,TANA RIVER,b274c7bc-b9a3-5f9b-a55e-861009e35815,18,GARSEN,e2257fab-f71a-598c-a66f-01f40cf4419d,86,KIPINI EAST,0b4d5b75-6eee-5950-93cc-33e229318983,6,MATANGENI PRIMARY SCHOOL
6ed955c6-506a-5343-9be4-2c0afae02eef,4,TANA RIVER,b274c7bc-b9a3-5f9b-a55e-861009e35815,18,GARSEN,e2257fab-f71a-598c-a66f-01f40cf4419d,86,KIPINI EAST,6a664a04-694f-58f3-a436-903779db7a5f,7,GATUNDU PRIMARY SCHOOL
6ed955c6-506a-5343-9be4-2c0afae02eef,4,TANA RIVER,b274c7bc-b9a3-5f9b-a55e-861009e35815,18,GARSEN,e2257fab-f71a-598c-a66f-01f40cf4419d,86,KIPINI EAST,24b26c1e-3321-5c8b-aca5-8e039f7386c8,8,MAJIWENI PRIMARY SCHOOL
6ed955c6-506a-5343-9be4-2c0afae02eef,4,TANA RIVER,b274c7bc-b9a3-5f9b-a55e-861009e35815,18,GARSEN,e2257fab-f71a-598c-a66f-01f40cf4419d,86,KIPINI EAST,95f0a6a9-ad24-53df-b9d8-46296d864b5b,9,MAPUNGA PRIMARY SCHOOL
6ed955c6-506a-5343-9be4-2c0afae02eef,4,TANA RIVER,b274c7bc-b9a3-5f9b-a55e-861009e35815,18,GARSEN,e2257fab-f71a-598c-a66f-01f40cf4419d,86,KIPINI EAST,59d2d56b-727f-5a5c-921b-4d1980dd2f7b,10,KILELENGWANI PRIMARY SCHOOL
6ed955c6-506a-5343-9be4-2c0afae02eef,4,TANA RIVER,b274c7bc-b9a3-5f9b-a55e-861009e35815,18,GARSEN,e2257fab-f71a-598c-a66f-01f40cf4419d,86,KIPINI EAST,7fe72f94-f7ad-56ab-b966-c621da9d0855,11,KAU PRIMARY SCHOOL
6ed955c6-506a-5343-9be4-2c0afae02eef,4,TANA RIVER,b274c7bc-b9a3-5f9b-a55e-861009e35815,18,GARSEN,e2257fab-f71a-598c-a66f-01f40cf4419d,86,KIPINI EAST,5ec1e428-bd4e-5223-993c-782b565fcdca,12,REKETA PRIMARY SCHOOL
6ed955c6-506a-5343-9be4-2c0afae02eef,4,TANA RIVER,b274c7bc-b9a3-5f9b-a55e-861009e35815,18,GARSEN,e2257fab-f71a-598c-a66f-01f40cf4419d,86,KIPINI EAST,1ad77ff1-c8ca-57c9-9ef5-0cefdaafd037,13,OZI PRIMARY SCHOOL
6ed955c6-506a-5343-9be4-2c0afae02eef,4,TANA RIVER,b274c7bc-b9a3-5f9b-a55e-861009e35815,18,GARSEN,e2257fab-f71a-598c-a66f-01f40cf4419d,86,KIPINI EAST,312013e9-a1e9-55a6-8881-eaf5127ad5d6,14,MPEKETONI NURSERY SCHOOL
6ed955c6-506a-5343-9be4-2c0afae02eef,4,TANA RIVER,b274c7bc-b9a3-5f9b-a55e-861009e35815,18,GARSEN,e2257fab-f71a-598c-a66f-01f40cf4419d,86,KIPINI EAST,74cb6feb-ff0b-5fde-94c6-1251bda32a4b,88,KIPINI SECONDARY SCHOOL
6ed955c6-506a-5343-9be4-2c0afae02eef,4,TANA RIVER,b274c7bc-b9a3-5f9b-a55e-861009e35815,18,GARSEN,e2257fab-f71a-598c-a66f-01f40cf4419d,86,KIPINI EAST,91dce2ec-1d35-54ec-a4fc-12f39aa8b001,89,KALOLENI NURSERY SCHOOL
6ed955c6-506a-5343-9be4-2c0afae02eef,4,TANA RIVER,b274c7bc-b9a3-5f9b-a55e-861009e35815,18,GARSEN,e2257fab-f71a-598c-a66f-01f40cf4419d,86,KIPINI EAST,b9e53ede-b120-5b2b-95af-45c0268178dd,90,KIBAONI NURSERY SCHOOL
6ed955c6-506a-5343-9be4-2c0afae02eef,4,TANA RIVER,b274c7bc-b9a3-5f9b-a55e-861009e35815,18,GARSEN,7a7e5060-3768-5527-aa87-f2352c586910,87,GARSEN SOUTH,bf16b400-2a8e-561b-8a23-fc51c216467e,15,IDSOWE PRIMARY SCHOOL
6ed955c6-506a-5343-9be4-2c0afae02eef,4,TANA RIVER,b274c7bc-b9a3-5f9b-a55e-861009e35815,18,GARSEN,7a7e5060-3768-5527-aa87-f2352c586910,87,GARSEN SOUTH,a5743fef-2393-56a9-af7d-369ce9f987e3,16,MINJILA NURSERY SCHOOL
6ed955c6-506a-5343-9be4-2c0afae02eef,4,TANA RIVER,b274c7bc-b9a3-5f9b-a55e-861009e35815,18,GARSEN,7a7e5060-3768-5527-aa87-f2352c586910,87,GARSEN SOUTH,90df2f92-265b-5208-9626-d7f4e4910f4c,17,DIDAADE PRIMARY SCHOOL
6ed955c6-506a-5343-9be4-2c0afae02eef,4,TANA RIVER,b274c7bc-b9a3-5f9b-a55e-861009e35815,18,GARSEN,7a7e5060-3768-5527-aa87-f2352c586910,87,GARSEN SOUTH,2338fc22-1bc9-5209-8dc9-ae86f366d2a8,18,KIBUSU PRIMARY SCHOOL
6ed955c6-506a-5343-9be4-2c0afae02eef,4,TANA RIVER,b274c7bc-b9a3-5f9b-a55e-861009e35815,18,GARSEN,7a7e5060-3768-5527-aa87-f2352c586910,87,GARSEN SOUTH,d521b219-d1fc-5668-88ae-a7b99e64e244,19,DALU PRIMARY SCHOOL
6ed955c6-506a-5343-9be4-2c0afae02eef,4,TANA RIVER,b274c7bc-b9a3-5f9b-a55e-861009e35815,18,GARSEN,7a7e5060-3768-5527-aa87-f2352c586910,87,GARSEN SOUTH,ed9b50ea-3dd2-5bd5-9c87-5de676900387,20,TARASAA SECONDARY SCHOOL
6ed955c6-506a-5343-9be4-2c0afae02eef,4,TANA RIVER,b274c7bc-b9a3-5f9b-a55e-861009e35815,18,GARSEN,7a7e5060-3768-5527-aa87-f2352c586910,87,GARSEN SOUTH,54a45b25-8112-5f68-9a37-87d8e239011c,21,TARASAA PRIMARY SCHOOL
6ed955c6-506a-5343-9be4-2c0afae02eef,4,TANA RIVER,b274c7bc-b9a3-5f9b-a55e-861009e35815,18,GARSEN,7a7e5060-3768-5527-aa87-f2352c586910,87,GARSEN SOUTH,66d8b1a3-c34b-508e-9be6-002cff78b220,22,HIARI COMMUNITY HALL
6ed955c6-506a-5343-9be4-2c0afae02eef,4,TANA RIVER,b274c7bc-b9a3-5f9b-a55e-861009e35815,18,GARSEN,7a7e5060-3768-5527-aa87-f2352c586910,87,GARSEN SOUTH,7ff5f784-1cb5-5002-9d8b-e349b1a261ca,23,ARAP MOI PRIMARY SCHOOL
6ed955c6-506a-5343-9be4-2c0afae02eef,4,TANA RIVER,b274c7bc-b9a3-5f9b-a55e-861009e35815,18,GARSEN,7a7e5060-3768-5527-aa87-f2352c586910,87,GARSEN SOUTH,6052baf3-e409-520c-8127-dd4b099a6f5e,24,NGAO SOCIAL HALL
6ed955c6-506a-5343-9be4-2c0afae02eef,4,TANA RIVER,b274c7bc-b9a3-5f9b-a55e-861009e35815,18,GARSEN,7a7e5060-3768-5527-aa87-f2352c586910,87,GARSEN SOUTH,52f8bfe3-fb70-5f90-92ab-f337fe525199,25,GOLBANTI PRIMARY SCHOOL
6ed955c6-506a-5343-9be4-2c0afae02eef,4,TANA RIVER,b274c7bc-b9a3-5f9b-a55e-861009e35815,18,GARSEN,7a7e5060-3768-5527-aa87-f2352c586910,87,GARSEN SOUTH,db4d032f-7677-5f47-bb93-5f3e04fffd86,26,FURAHA PRIMARY SCHOOL
6ed955c6-506a-5343-9be4-2c0afae02eef,4,TANA RIVER,b274c7bc-b9a3-5f9b-a55e-861009e35815,18,GARSEN,7a7e5060-3768-5527-aa87-f2352c586910,87,GARSEN SOUTH,8d25b3a0-8880-512d-9ac8-77aa4607ef4d,27,BURA KOFIRA PRIMARY SCHOOL
6ed955c6-506a-5343-9be4-2c0afae02eef,4,TANA RIVER,b274c7bc-b9a3-5f9b-a55e-861009e35815,18,GARSEN,7a7e5060-3768-5527-aa87-f2352c586910,87,GARSEN SOUTH,afdb30dc-9d90-5289-a38c-a36109b424cf,28,ON-WARDEI PRIMARY SCHOOL
6ed955c6-506a-5343-9be4-2c0afae02eef,4,TANA RIVER,b274c7bc-b9a3-5f9b-a55e-861009e35815,18,GARSEN,7a7e5060-3768-5527-aa87-f2352c586910,87,GARSEN SOUTH,d425d86e-354f-5645-9475-3b741fea3da0,29,GUBANI NURSERY SCHOOL
6ed955c6-506a-5343-9be4-2c0afae02eef,4,TANA RIVER,b274c7bc-b9a3-5f9b-a55e-861009e35815,18,GARSEN,7a7e5060-3768-5527-aa87-f2352c586910,87,GARSEN SOUTH,b4e5bebf-4bee-5162-8f08-77e907bab640,91,ODA SECONDARY SCHOOL
6ed955c6-506a-5343-9be4-2c0afae02eef,4,TANA RIVER,b274c7bc-b9a3-5f9b-a55e-861009e35815,18,GARSEN,7a7e5060-3768-5527-aa87-f2352c586910,87,GARSEN SOUTH,6e00ea44-5016-586f-99e5-4508d5c84248,92,DALU SECONDARY SCHOOL
6ed955c6-506a-5343-9be4-2c0afae02eef,4,TANA RIVER,b274c7bc-b9a3-5f9b-a55e-861009e35815,18,GARSEN,7a7e5060-3768-5527-aa87-f2352c586910,87,GARSEN SOUTH,cfe45cb5-4d31-57be-aca0-75192cc53868,93,USHINDI PRIMARY SCHOOL
6ed955c6-506a-5343-9be4-2c0afae02eef,4,TANA RIVER,b274c7bc-b9a3-5f9b-a55e-861009e35815,18,GARSEN,7a7e5060-3768-5527-aa87-f2352c586910,87,GARSEN SOUTH,589008cd-40d9-5303-8f14-a4a1dc72e474,106,RAMADA PRIMARY SCHOOL
6ed955c6-506a-5343-9be4-2c0afae02eef,4,TANA RIVER,b274c7bc-b9a3-5f9b-a55e-861009e35815,18,GARSEN,671d42fd-5cfc-56f5-8e17-a422737ec431,88,KIPINI WEST,c3eb7147-fb01-5c22-90b1-9621c25d373b,30,HANDARAKU PRIMARY SCHOOL
6ed955c6-506a-5343-9be4-2c0afae02eef,4,TANA RIVER,b274c7bc-b9a3-5f9b-a55e-861009e35815,18,GARSEN,671d42fd-5cfc-56f5-8e17-a422737ec431,88,KIPINI WEST,4efe1313-a6c9-54cf-a34a-d5bab932cc6b,31,TARA KOSHORO CENTRE
6ed955c6-506a-5343-9be4-2c0afae02eef,4,TANA RIVER,b274c7bc-b9a3-5f9b-a55e-861009e35815,18,GARSEN,671d42fd-5cfc-56f5-8e17-a422737ec431,88,KIPINI WEST,04734fed-ff2b-545b-b2d8-3e4524d92d6d,32,KIKOMO PRIMARY SCHOOL
6ed955c6-506a-5343-9be4-2c0afae02eef,4,TANA RIVER,b274c7bc-b9a3-5f9b-a55e-861009e35815,18,GARSEN,671d42fd-5cfc-56f5-8e17-a422737ec431,88,KIPINI WEST,2f021240-24b6-5f16-b751-111558f213d1,33,NDURU PRIMARY SCHOOL
6ed955c6-506a-5343-9be4-2c0afae02eef,4,TANA RIVER,b274c7bc-b9a3-5f9b-a55e-861009e35815,18,GARSEN,671d42fd-5cfc-56f5-8e17-a422737ec431,88,KIPINI WEST,272c54e7-5b72-58ff-9cf4-ef4866a5da97,34,SEMIKARO PRIMARY SCHOOL
6ed955c6-506a-5343-9be4-2c0afae02eef,4,TANA RIVER,b274c7bc-b9a3-5f9b-a55e-861009e35815,18,GARSEN,671d42fd-5cfc-56f5-8e17-a422737ec431,88,KIPINI WEST,a6e15550-270f-5824-87a1-c1ec68769c07,35,CHAMWANAMUMA PRIMARY SCHOOL
6ed955c6-506a-5343-9be4-2c0afae02eef,4,TANA RIVER,b274c7bc-b9a3-5f9b-a55e-861009e35815,18,GARSEN,671d42fd-5cfc-56f5-8e17-a422737ec431,88,KIPINI WEST,6b8b4151-b7e4-5bae-9acc-736a32969c50,36,SHIRIKISHO PRIMARY SCHOOL
6ed955c6-506a-5343-9be4-2c0afae02eef,4,TANA RIVER,b274c7bc-b9a3-5f9b-a55e-861009e35815,18,GARSEN,671d42fd-5cfc-56f5-8e17-a422737ec431,88,KIPINI WEST,67dc67c7-fe65-5146-8dfb-7dca6a5fa480,37,DARGA GALGE NURSERY SCHOOL
6ed955c6-506a-5343-9be4-2c0afae02eef,4,TANA RIVER,b274c7bc-b9a3-5f9b-a55e-861009e35815,18,GARSEN,671d42fd-5cfc-56f5-8e17-a422737ec431,88,KIPINI WEST,2e7cc9dd-8d7f-508e-b447-c871540fab82,38,ODOLE NURSERY SCHOOL
6ed955c6-506a-5343-9be4-2c0afae02eef,4,TANA RIVER,b274c7bc-b9a3-5f9b-a55e-861009e35815,18,GARSEN,671d42fd-5cfc-56f5-8e17-a422737ec431,88,KIPINI WEST,e85342d8-6bfa-5070-9ea3-b399967fdde0,39,MUANJA CENTRE
6ed955c6-506a-5343-9be4-2c0afae02eef,4,TANA RIVER,b274c7bc-b9a3-5f9b-a55e-861009e35815,18,GARSEN,671d42fd-5cfc-56f5-8e17-a422737ec431,88,KIPINI WEST,ffad91b7-aa9b-56b4-a80e-b9e36773136d,40,REKETA CENTRE
6ed955c6-506a-5343-9be4-2c0afae02eef,4,TANA RIVER,b274c7bc-b9a3-5f9b-a55e-861009e35815,18,GARSEN,671d42fd-5cfc-56f5-8e17-a422737ec431,88,KIPINI WEST,950780b9-9a45-530d-9e0e-4af763726778,41,TANA SALT NURSERY SCHOOL
6ed955c6-506a-5343-9be4-2c0afae02eef,4,TANA RIVER,b274c7bc-b9a3-5f9b-a55e-861009e35815,18,GARSEN,671d42fd-5cfc-56f5-8e17-a422737ec431,88,KIPINI WEST,3c62919f-2968-5638-b7c6-4a06e39cab64,42,HURARA PRIMARY SCHOOL
6ed955c6-506a-5343-9be4-2c0afae02eef,4,TANA RIVER,b274c7bc-b9a3-5f9b-a55e-861009e35815,18,GARSEN,671d42fd-5cfc-56f5-8e17-a422737ec431,88,KIPINI WEST,b49560fe-8d3f-525d-a409-6dab5a3ecb5d,43,KATSANGANI PRIMARY SCHOOL
6ed955c6-506a-5343-9be4-2c0afae02eef,4,TANA RIVER,b274c7bc-b9a3-5f9b-a55e-861009e35815,18,GARSEN,671d42fd-5cfc-56f5-8e17-a422737ec431,88,KIPINI WEST,2b539a4c-6f06-5931-8b3b-4f38f898aa97,44,METICHARAKA PRIMARY SCHOOL
6ed955c6-506a-5343-9be4-2c0afae02eef,4,TANA RIVER,b274c7bc-b9a3-5f9b-a55e-861009e35815,18,GARSEN,671d42fd-5cfc-56f5-8e17-a422737ec431,88,KIPINI WEST,cadb5cd5-deae-522c-a627-6fd5b827d121,95,MNARANI ECD CENTRE
6ed955c6-506a-5343-9be4-2c0afae02eef,4,TANA RIVER,b274c7bc-b9a3-5f9b-a55e-861009e35815,18,GARSEN,671d42fd-5cfc-56f5-8e17-a422737ec431,88,KIPINI WEST,1235b801-6dcc-5bb5-a092-f7de5de33cd8,96,HASHAKA SECONDARY SCHOOL
6ed955c6-506a-5343-9be4-2c0afae02eef,4,TANA RIVER,b274c7bc-b9a3-5f9b-a55e-861009e35815,18,GARSEN,671d42fd-5cfc-56f5-8e17-a422737ec431,88,KIPINI WEST,989bf2b9-4956-539d-9319-d91e0192af7d,97,MTO KILIFI ECD CENTRE
6ed955c6-506a-5343-9be4-2c0afae02eef,4,TANA RIVER,b274c7bc-b9a3-5f9b-a55e-861009e35815,18,GARSEN,671d42fd-5cfc-56f5-8e17-a422737ec431,88,KIPINI WEST,2bc88c48-93a9-57db-a850-ada78b59156d,98,MSURUJANI ECD CENTRE
6ed955c6-506a-5343-9be4-2c0afae02eef,4,TANA RIVER,b274c7bc-b9a3-5f9b-a55e-861009e35815,18,GARSEN,72c1221f-3ed8-527d-8428-f93adfd85fe3,89,GARSEN CENTRAL,c4f0bacb-6525-5244-b291-38bab4c0b44e,45,IMANI PRIMARY SCHOOL
6ed955c6-506a-5343-9be4-2c0afae02eef,4,TANA RIVER,b274c7bc-b9a3-5f9b-a55e-861009e35815,18,GARSEN,72c1221f-3ed8-527d-8428-f93adfd85fe3,89,GARSEN CENTRAL,103b614a-34d4-54e4-a075-52d78e5e1bef,46,DUMI NURSERY SCHOOL
6ed955c6-506a-5343-9be4-2c0afae02eef,4,TANA RIVER,b274c7bc-b9a3-5f9b-a55e-861009e35815,18,GARSEN,72c1221f-3ed8-527d-8428-f93adfd85fe3,89,GARSEN CENTRAL,d8465269-e791-50f4-8bc0-c16ba02cf81e,47,GAMBA PRIMARY SCHOOL
6ed955c6-506a-5343-9be4-2c0afae02eef,4,TANA RIVER,b274c7bc-b9a3-5f9b-a55e-861009e35815,18,GARSEN,72c1221f-3ed8-527d-8428-f93adfd85fe3,89,GARSEN CENTRAL,feab7d90-2963-5ca5-b450-6de813a11d91,48,DANISA PRIMARY SCHOOL
6ed955c6-506a-5343-9be4-2c0afae02eef,4,TANA RIVER,b274c7bc-b9a3-5f9b-a55e-861009e35815,18,GARSEN,72c1221f-3ed8-527d-8428-f93adfd85fe3,89,GARSEN CENTRAL,4c09edd4-1c8e-5e76-8025-3173b3dc7378,49,ONKOLDE PRIMARY SCHOOL
6ed955c6-506a-5343-9be4-2c0afae02eef,4,TANA RIVER,b274c7bc-b9a3-5f9b-a55e-861009e35815,18,GARSEN,72c1221f-3ed8-527d-8428-f93adfd85fe3,89,GARSEN CENTRAL,19c8ba1f-b899-5d0c-9655-4dc85f8686ac,50,KONE MAMO CENTER
6ed955c6-506a-5343-9be4-2c0afae02eef,4,TANA RIVER,b274c7bc-b9a3-5f9b-a55e-861009e35815,18,GARSEN,72c1221f-3ed8-527d-8428-f93adfd85fe3,89,GARSEN CENTRAL,44073684-4f65-5af4-9764-04e05c657301,51,GALILI PRIMARY SCHOOL
6ed955c6-506a-5343-9be4-2c0afae02eef,4,TANA RIVER,b274c7bc-b9a3-5f9b-a55e-861009e35815,18,GARSEN,72c1221f-3ed8-527d-8428-f93adfd85fe3,89,GARSEN CENTRAL,843789e2-4894-544e-ad27-bc2f69fdb6c7,52,GOMESA VILLAGE
6ed955c6-506a-5343-9be4-2c0afae02eef,4,TANA RIVER,b274c7bc-b9a3-5f9b-a55e-861009e35815,18,GARSEN,72c1221f-3ed8-527d-8428-f93adfd85fe3,89,GARSEN CENTRAL,745a0393-ddb7-529f-8f93-d367d3c3b99d,53,DIBE PRIMARY SCHOOL
6ed955c6-506a-5343-9be4-2c0afae02eef,4,TANA RIVER,b274c7bc-b9a3-5f9b-a55e-861009e35815,18,GARSEN,72c1221f-3ed8-527d-8428-f93adfd85fe3,89,GARSEN CENTRAL,4068bebb-e593-5bac-a441-797704f5c0cb,54,KIPAO PRIMARY SCHOOL
6ed955c6-506a-5343-9be4-2c0afae02eef,4,TANA RIVER,b274c7bc-b9a3-5f9b-a55e-861009e35815,18,GARSEN,72c1221f-3ed8-527d-8428-f93adfd85fe3,89,GARSEN CENTRAL,32d4ba1a-ace0-5e7e-909d-057f186588f7,55,MSWAKINI NURSERY SCHOOL
6ed955c6-506a-5343-9be4-2c0afae02eef,4,TANA RIVER,b274c7bc-b9a3-5f9b-a55e-861009e35815,18,GARSEN,72c1221f-3ed8-527d-8428-f93adfd85fe3,89,GARSEN CENTRAL,7dfce2ea-92d1-5577-82d6-fae794227a7a,56,WALKON VILLAGE
6ed955c6-506a-5343-9be4-2c0afae02eef,4,TANA RIVER,b274c7bc-b9a3-5f9b-a55e-861009e35815,18,GARSEN,72c1221f-3ed8-527d-8428-f93adfd85fe3,89,GARSEN CENTRAL,93f9a21e-0289-5513-b865-76682dca4c93,99,KIPAO SECONDARY SCHOOL
6ed955c6-506a-5343-9be4-2c0afae02eef,4,TANA RIVER,b274c7bc-b9a3-5f9b-a55e-861009e35815,18,GARSEN,72c1221f-3ed8-527d-8428-f93adfd85fe3,89,GARSEN CENTRAL,0e44e8ec-bca6-5ebc-934c-bed86de37478,100,KIJO NURSERY SCHOOL
6ed955c6-506a-5343-9be4-2c0afae02eef,4,TANA RIVER,b274c7bc-b9a3-5f9b-a55e-861009e35815,18,GARSEN,72c1221f-3ed8-527d-8428-f93adfd85fe3,89,GARSEN CENTRAL,af1c0f85-8337-56ae-ad42-001f8a683365,101,BALO NURSERY SCHOOL
6ed955c6-506a-5343-9be4-2c0afae02eef,4,TANA RIVER,b274c7bc-b9a3-5f9b-a55e-861009e35815,18,GARSEN,455f8085-15c4-54de-886e-0a79419cc914,90,GARSEN WEST,98edbd86-e4d9-54e6-a5c0-703620384d75,57,GARSEN PRIMARY SCHOOL
6ed955c6-506a-5343-9be4-2c0afae02eef,4,TANA RIVER,b274c7bc-b9a3-5f9b-a55e-861009e35815,18,GARSEN,455f8085-15c4-54de-886e-0a79419cc914,90,GARSEN WEST,c6c73c19-2b65-5227-ba44-ead346392667,58,MAUA PRIMARY SCHOOL
6ed955c6-506a-5343-9be4-2c0afae02eef,4,TANA RIVER,b274c7bc-b9a3-5f9b-a55e-861009e35815,18,GARSEN,455f8085-15c4-54de-886e-0a79419cc914,90,GARSEN WEST,5dc691f7-7203-5aa0-91b4-0432793ca029,59,SHELI ABE CENTRE
6ed955c6-506a-5343-9be4-2c0afae02eef,4,TANA RIVER,b274c7bc-b9a3-5f9b-a55e-861009e35815,18,GARSEN,455f8085-15c4-54de-886e-0a79419cc914,90,GARSEN WEST,689ab34c-e7d0-5448-9d79-4ccdc48b4f16,60,KONKONA NURSERY SCHOOL
6ed955c6-506a-5343-9be4-2c0afae02eef,4,TANA RIVER,b274c7bc-b9a3-5f9b-a55e-861009e35815,18,GARSEN,455f8085-15c4-54de-886e-0a79419cc914,90,GARSEN WEST,6d26574c-b972-56ac-b5d7-608deb74c5c8,61,BILISA PRIMARY SCHOOL
6ed955c6-506a-5343-9be4-2c0afae02eef,4,TANA RIVER,b274c7bc-b9a3-5f9b-a55e-861009e35815,18,GARSEN,455f8085-15c4-54de-886e-0a79419cc914,90,GARSEN WEST,6a6fdc0f-3bc3-50d6-b2e3-1cde1cc90fed,62,KORLABE VILLAGE
6ed955c6-506a-5343-9be4-2c0afae02eef,4,TANA RIVER,b274c7bc-b9a3-5f9b-a55e-861009e35815,18,GARSEN,455f8085-15c4-54de-886e-0a79419cc914,90,GARSEN WEST,c46ea0da-991f-57c9-b4b3-4a593f945eaf,63,ASSA PRIMARY SCHOOL
6ed955c6-506a-5343-9be4-2c0afae02eef,4,TANA RIVER,b274c7bc-b9a3-5f9b-a55e-861009e35815,18,GARSEN,455f8085-15c4-54de-886e-0a79419cc914,90,GARSEN WEST,eca3183f-9e70-51e7-b429-6de1e6f660c5,64,BARIDI CENTRE (MOBILE)
6ed955c6-506a-5343-9be4-2c0afae02eef,4,TANA RIVER,b274c7bc-b9a3-5f9b-a55e-861009e35815,18,GARSEN,455f8085-15c4-54de-886e-0a79419cc914,90,GARSEN WEST,c9be92b0-7218-5555-bbc4-d26da6bf70b9,65,ONJILA CENTRE
6ed955c6-506a-5343-9be4-2c0afae02eef,4,TANA RIVER,b274c7bc-b9a3-5f9b-a55e-861009e35815,18,GARSEN,455f8085-15c4-54de-886e-0a79419cc914,90,GARSEN WEST,6d0bc823-1520-5702-926f-909c106bb02e,66,ODOGANDA CENTRE
6ed955c6-506a-5343-9be4-2c0afae02eef,4,TANA RIVER,b274c7bc-b9a3-5f9b-a55e-861009e35815,18,GARSEN,455f8085-15c4-54de-886e-0a79419cc914,90,GARSEN WEST,c3ee5dd1-480c-553c-9c3f-d428258fddb1,67,TANK E CENTRE
6ed955c6-506a-5343-9be4-2c0afae02eef,4,TANA RIVER,b274c7bc-b9a3-5f9b-a55e-861009e35815,18,GARSEN,455f8085-15c4-54de-886e-0a79419cc914,90,GARSEN WEST,605a10bc-0071-5351-9333-4b7e731241a3,68,IDDI CENTRE
6ed955c6-506a-5343-9be4-2c0afae02eef,4,TANA RIVER,b274c7bc-b9a3-5f9b-a55e-861009e35815,18,GARSEN,455f8085-15c4-54de-886e-0a79419cc914,90,GARSEN WEST,007909cf-15f9-578e-a0e5-4a0f675bfe5a,69,KONE PRIMARY SCHOOL (MOBILE)
6ed955c6-506a-5343-9be4-2c0afae02eef,4,TANA RIVER,b274c7bc-b9a3-5f9b-a55e-861009e35815,18,GARSEN,455f8085-15c4-54de-886e-0a79419cc914,90,GARSEN WEST,86dc3cc0-d644-5fa8-9f8f-774e5db938fe,102,SHELI PRIMARY SCHOOL
6ed955c6-506a-5343-9be4-2c0afae02eef,4,TANA RIVER,b274c7bc-b9a3-5f9b-a55e-861009e35815,18,GARSEN,455f8085-15c4-54de-886e-0a79419cc914,90,GARSEN WEST,b9f3ede7-4707-5457-a84b-fca9d5e691a9,103,SANE GIRLS SECONDSRY SCHOOL
6ed955c6-506a-5343-9be4-2c0afae02eef,4,TANA RIVER,b274c7bc-b9a3-5f9b-a55e-861009e35815,18,GARSEN,455f8085-15c4-54de-886e-0a79419cc914,90,GARSEN WEST,1834aef0-ff43-533b-8c24-ed57112f16ba,104,TULU NURSERY SCHOOL
6ed955c6-506a-5343-9be4-2c0afae02eef,4,TANA RIVER,b274c7bc-b9a3-5f9b-a55e-861009e35815,18,GARSEN,455f8085-15c4-54de-886e-0a79419cc914,90,GARSEN WEST,63291aae-9ddd-5cc4-85be-faa8f3bdd994,105,GARSEN HIGH SCHOOL
6ed955c6-506a-5343-9be4-2c0afae02eef,4,TANA RIVER,b274c7bc-b9a3-5f9b-a55e-861009e35815,18,GARSEN,455f8085-15c4-54de-886e-0a79419cc914,90,GARSEN WEST,cbdf43c5-8d67-5cc7-8b1e-9c81fc85777e,106,RAMADA PRIMARY SCHOOL
6ed955c6-506a-5343-9be4-2c0afae02eef,4,TANA RIVER,b274c7bc-b9a3-5f9b-a55e-861009e35815,18,GARSEN,455f8085-15c4-54de-886e-0a79419cc914,90,GARSEN WEST,94a24621-79da-5d3a-bb3b-b21583e7e531,110,ANANOTU
6ed955c6-506a-5343-9be4-2c0afae02eef,4,TANA RIVER,b274c7bc-b9a3-5f9b-a55e-861009e35815,18,GARSEN,a62395bd-ac42-5b9e-ba23-aea7ec53c0e3,91,GARSEN NORTH,99ab3f98-2357-5ae9-985c-a4e455a70bfe,70,GADENI PRIMARY SCHOOL
6ed955c6-506a-5343-9be4-2c0afae02eef,4,TANA RIVER,b274c7bc-b9a3-5f9b-a55e-861009e35815,18,GARSEN,a62395bd-ac42-5b9e-ba23-aea7ec53c0e3,91,GARSEN NORTH,f5c7f1e5-a40e-5183-a7e5-b8d20ee15354,71,REUBEN MWEWE PRIMARY SCHOOL
6ed955c6-506a-5343-9be4-2c0afae02eef,4,TANA RIVER,b274c7bc-b9a3-5f9b-a55e-861009e35815,18,GARSEN,a62395bd-ac42-5b9e-ba23-aea7ec53c0e3,91,GARSEN NORTH,a5594588-c9c5-5736-af77-776b378875dd,72,KULESA PRIMARY SCHOOL
6ed955c6-506a-5343-9be4-2c0afae02eef,4,TANA RIVER,b274c7bc-b9a3-5f9b-a55e-861009e35815,18,GARSEN,a62395bd-ac42-5b9e-ba23-aea7ec53c0e3,91,GARSEN NORTH,8c868670-fa63-5fc3-a994-12638c75822f,73,MAZIWA PRIMARY SCHOOL
6ed955c6-506a-5343-9be4-2c0afae02eef,4,TANA RIVER,b274c7bc-b9a3-5f9b-a55e-861009e35815,18,GARSEN,a62395bd-ac42-5b9e-ba23-aea7ec53c0e3,91,GARSEN NORTH,644a90d6-3863-54b1-b981-02b37ba3ee27,74,MAREMBO PRIMARY SCHOOL
6ed955c6-506a-5343-9be4-2c0afae02eef,4,TANA RIVER,b274c7bc-b9a3-5f9b-a55e-861009e35815,18,GARSEN,a62395bd-ac42-5b9e-ba23-aea7ec53c0e3,91,GARSEN NORTH,3b911a21-6085-5db1-ad75-29c73f660338,75,LAZIMA PRIMARY SCHOOL
6ed955c6-506a-5343-9be4-2c0afae02eef,4,TANA RIVER,b274c7bc-b9a3-5f9b-a55e-861009e35815,18,GARSEN,a62395bd-ac42-5b9e-ba23-aea7ec53c0e3,91,GARSEN NORTH,eef679a9-4b32-5595-8d42-62080526af85,76,SERA PRIMARY SCHOOL
6ed955c6-506a-5343-9be4-2c0afae02eef,4,TANA RIVER,b274c7bc-b9a3-5f9b-a55e-861009e35815,18,GARSEN,a62395bd-ac42-5b9e-ba23-aea7ec53c0e3,91,GARSEN NORTH,31c93e61-5587-56de-9e1b-6e176f6071a6,77,KUROLE CENTRE
6ed955c6-506a-5343-9be4-2c0afae02eef,4,TANA RIVER,b274c7bc-b9a3-5f9b-a55e-861009e35815,18,GARSEN,a62395bd-ac42-5b9e-ba23-aea7ec53c0e3,91,GARSEN NORTH,e722924f-45e7-5726-a98f-1223ca8b2779,78,MWINA PRIMARY SCHOOL
6ed955c6-506a-5343-9be4-2c0afae02eef,4,TANA RIVER,b274c7bc-b9a3-5f9b-a55e-861009e35815,18,GARSEN,a62395bd-ac42-5b9e-ba23-aea7ec53c0e3,91,GARSEN NORTH,52776526-b146-5882-ab50-84450f61093a,79,NGUMU NURSERY SCHOOL
6ed955c6-506a-5343-9be4-2c0afae02eef,4,TANA RIVER,b274c7bc-b9a3-5f9b-a55e-861009e35815,18,GARSEN,a62395bd-ac42-5b9e-ba23-aea7ec53c0e3,91,GARSEN NORTH,530423c3-faeb-5e41-b12f-f6dbc3d0e6cd,80,BUBESA PRIMARY SCHOOL
6ed955c6-506a-5343-9be4-2c0afae02eef,4,TANA RIVER,b274c7bc-b9a3-5f9b-a55e-861009e35815,18,GARSEN,a62395bd-ac42-5b9e-ba23-aea7ec53c0e3,91,GARSEN NORTH,bad15197-4792-55f9-b2c3-f98e529912a9,81,KINYADU PRIMARY SCHOOL
6ed955c6-506a-5343-9be4-2c0afae02eef,4,TANA RIVER,b274c7bc-b9a3-5f9b-a55e-861009e35815,18,GARSEN,a62395bd-ac42-5b9e-ba23-aea7ec53c0e3,91,GARSEN NORTH,343dbd54-cc7c-585b-aea9-7d1dbe021a80,82,MMBUJI PRIMARY SCHOOL
6ed955c6-506a-5343-9be4-2c0afae02eef,4,TANA RIVER,b274c7bc-b9a3-5f9b-a55e-861009e35815,18,GARSEN,a62395bd-ac42-5b9e-ba23-aea7ec53c0e3,91,GARSEN NORTH,9f5e3379-f618-5d3f-a5ab-08d6865b4f3a,83,MNAZINI PRIMARY SCHOOL
6ed955c6-506a-5343-9be4-2c0afae02eef,4,TANA RIVER,b274c7bc-b9a3-5f9b-a55e-861009e35815,18,GARSEN,a62395bd-ac42-5b9e-ba23-aea7ec53c0e3,91,GARSEN NORTH,d3c60707-51b7-5be2-94e3-2c4438dd9e05,84,MNAZINI SIGN POST CENTRE
6ed955c6-506a-5343-9be4-2c0afae02eef,4,TANA RIVER,b274c7bc-b9a3-5f9b-a55e-861009e35815,18,GARSEN,a62395bd-ac42-5b9e-ba23-aea7ec53c0e3,91,GARSEN NORTH,3717f5bd-3a56-5643-981d-1721a558ce06,85,KITERE PRIMARY SCHOOL
6ed955c6-506a-5343-9be4-2c0afae02eef,4,TANA RIVER,b274c7bc-b9a3-5f9b-a55e-861009e35815,18,GARSEN,a62395bd-ac42-5b9e-ba23-aea7ec53c0e3,91,GARSEN NORTH,5e407230-61cb-5e11-83a2-6e7f3db97aec,86,CHOA NURSERY SCHOOL
6ed955c6-506a-5343-9be4-2c0afae02eef,4,TANA RIVER,b274c7bc-b9a3-5f9b-a55e-861009e35815,18,GARSEN,a62395bd-ac42-5b9e-ba23-aea7ec53c0e3,91,GARSEN NORTH,49b215e1-a526-57d2-9e2a-77f0c5f0c84c,87,BAOMO PRIMARY SCHOOL
6ed955c6-506a-5343-9be4-2c0afae02eef,4,TANA RIVER,b274c7bc-b9a3-5f9b-a55e-861009e35815,18,GARSEN,a62395bd-ac42-5b9e-ba23-aea7ec53c0e3,91,GARSEN NORTH,5afa6d40-ed46-581d-8a32-29746cb6acd4,107,GALMA PRIMARY SCHOOL
6ed955c6-506a-5343-9be4-2c0afae02eef,4,TANA RIVER,b274c7bc-b9a3-5f9b-a55e-861009e35815,18,GARSEN,a62395bd-ac42-5b9e-ba23-aea7ec53c0e3,91,GARSEN NORTH,a94fd741-ebd1-5644-b932-f2ee6095ac8f,108,KITERE SECONDARY SCHOOL
6ed955c6-506a-5343-9be4-2c0afae02eef,4,TANA RIVER,b274c7bc-b9a3-5f9b-a55e-861009e35815,18,GARSEN,a62395bd-ac42-5b9e-ba23-aea7ec53c0e3,91,GARSEN NORTH,aacc5352-3d6c-510a-800f-6b9591af8131,109,GADENI SECONDSRY SCHOOL
6ed955c6-506a-5343-9be4-2c0afae02eef,4,TANA RIVER,4941337b-e8b3-5477-82b2-519c6fd448fe,19,GALOLE,be3a5959-07b5-5e2c-b35b-a4dd67373cf7,92,KINAKOMBA,1de6fda0-17d1-5ab8-82c1-a168d2b8b4cc,1,HARORESA PRIMARY SCHOOL
6ed955c6-506a-5343-9be4-2c0afae02eef,4,TANA RIVER,4941337b-e8b3-5477-82b2-519c6fd448fe,19,GALOLE,be3a5959-07b5-5e2c-b35b-a4dd67373cf7,92,KINAKOMBA,a9688791-7792-56a6-8b0d-4f2cabc312ba,2,JARA MOBILE CENTRE
6ed955c6-506a-5343-9be4-2c0afae02eef,4,TANA RIVER,4941337b-e8b3-5477-82b2-519c6fd448fe,19,GALOLE,be3a5959-07b5-5e2c-b35b-a4dd67373cf7,92,KINAKOMBA,326872c7-7ade-5c94-8c0f-a540c019923a,3,HARA PRIMARY SCHOOL
6ed955c6-506a-5343-9be4-2c0afae02eef,4,TANA RIVER,4941337b-e8b3-5477-82b2-519c6fd448fe,19,GALOLE,be3a5959-07b5-5e2c-b35b-a4dd67373cf7,92,KINAKOMBA,1458c123-0eba-58b4-afb1-624ba151fd0c,4,BAKISANO PRIMARY SCHOOL
6ed955c6-506a-5343-9be4-2c0afae02eef,4,TANA RIVER,4941337b-e8b3-5477-82b2-519c6fd448fe,19,GALOLE,be3a5959-07b5-5e2c-b35b-a4dd67373cf7,92,KINAKOMBA,33bbb4a7-3be0-5560-b370-4f2f6e3de30d,5,MARONI PRIMARY SCHOOL
6ed955c6-506a-5343-9be4-2c0afae02eef,4,TANA RIVER,4941337b-e8b3-5477-82b2-519c6fd448fe,19,GALOLE,be3a5959-07b5-5e2c-b35b-a4dd67373cf7,92,KINAKOMBA,66d19659-ff26-5747-ac51-84a8ba94ad54,6,WENJE PRIMARY SCHOOL
6ed955c6-506a-5343-9be4-2c0afae02eef,4,TANA RIVER,4941337b-e8b3-5477-82b2-519c6fd448fe,19,GALOLE,be3a5959-07b5-5e2c-b35b-a4dd67373cf7,92,KINAKOMBA,b7bacdfa-8707-5f9d-b8a0-c5eeb081ef2c,7,VUKONI PRIMARY SCHOOL
6ed955c6-506a-5343-9be4-2c0afae02eef,4,TANA RIVER,4941337b-e8b3-5477-82b2-519c6fd448fe,19,GALOLE,be3a5959-07b5-5e2c-b35b-a4dd67373cf7,92,KINAKOMBA,47c455c2-7749-5ce2-8c30-ed2958409280,8,BUBUBU PRIMARY SCHOOL
6ed955c6-506a-5343-9be4-2c0afae02eef,4,TANA RIVER,4941337b-e8b3-5477-82b2-519c6fd448fe,19,GALOLE,be3a5959-07b5-5e2c-b35b-a4dd67373cf7,92,KINAKOMBA,07fe23be-9c0c-5d21-b564-09ce2f314dc9,9,DUWAYO PRIMARY SCHOOL
6ed955c6-506a-5343-9be4-2c0afae02eef,4,TANA RIVER,4941337b-e8b3-5477-82b2-519c6fd448fe,19,GALOLE,be3a5959-07b5-5e2c-b35b-a4dd67373cf7,92,KINAKOMBA,5c79903b-d63b-57e7-9d8b-6e6ee6ee7a97,10,BOJI NURSERY SCHOOL
6ed955c6-506a-5343-9be4-2c0afae02eef,4,TANA RIVER,4941337b-e8b3-5477-82b2-519c6fd448fe,19,GALOLE,be3a5959-07b5-5e2c-b35b-a4dd67373cf7,92,KINAKOMBA,bd17cbf4-9946-568d-9c81-661a5731501a,11,MAWENI PRIMARY SCHOOL
6ed955c6-506a-5343-9be4-2c0afae02eef,4,TANA RIVER,4941337b-e8b3-5477-82b2-519c6fd448fe,19,GALOLE,be3a5959-07b5-5e2c-b35b-a4dd67373cf7,92,KINAKOMBA,4e6abf1f-46a5-562e-9435-11dae1747e53,12,GAFURU PRIMARY SCHOOL
6ed955c6-506a-5343-9be4-2c0afae02eef,4,TANA RIVER,4941337b-e8b3-5477-82b2-519c6fd448fe,19,GALOLE,be3a5959-07b5-5e2c-b35b-a4dd67373cf7,92,KINAKOMBA,bafdccc1-201f-5201-b49d-2d0662aaeb01,13,HARAMBEE MOBILE CENTRE
6ed955c6-506a-5343-9be4-2c0afae02eef,4,TANA RIVER,4941337b-e8b3-5477-82b2-519c6fd448fe,19,GALOLE,be3a5959-07b5-5e2c-b35b-a4dd67373cf7,92,KINAKOMBA,9d4eae6c-da2f-5fd8-80ec-2a5fecc272b4,14,MKOMANI PRIMARY SCHOOL
6ed955c6-506a-5343-9be4-2c0afae02eef,4,TANA RIVER,4941337b-e8b3-5477-82b2-519c6fd448fe,19,GALOLE,be3a5959-07b5-5e2c-b35b-a4dd67373cf7,92,KINAKOMBA,67a7d294-0666-5d16-a78f-2663fe85063f,15,FANJUA PRIMARY SCHOOL
6ed955c6-506a-5343-9be4-2c0afae02eef,4,TANA RIVER,4941337b-e8b3-5477-82b2-519c6fd448fe,19,GALOLE,be3a5959-07b5-5e2c-b35b-a4dd67373cf7,92,KINAKOMBA,1a6f8e64-4010-5994-b98a-c8c18ba311ef,16,MAJENGO PRIMARI SCHOOL
6ed955c6-506a-5343-9be4-2c0afae02eef,4,TANA RIVER,4941337b-e8b3-5477-82b2-519c6fd448fe,19,GALOLE,be3a5959-07b5-5e2c-b35b-a4dd67373cf7,92,KINAKOMBA,13d69c7e-49a4-51df-9b02-3c2dbd2a8f4c,17,GUBANI PRIMARY SCHOOL
6ed955c6-506a-5343-9be4-2c0afae02eef,4,TANA RIVER,4941337b-e8b3-5477-82b2-519c6fd448fe,19,GALOLE,be3a5959-07b5-5e2c-b35b-a4dd67373cf7,92,KINAKOMBA,14aa996c-cd20-596e-af5f-99b07852a1e4,18,JARIRODI PRIMARY SCHOOL
6ed955c6-506a-5343-9be4-2c0afae02eef,4,TANA RIVER,4941337b-e8b3-5477-82b2-519c6fd448fe,19,GALOLE,be3a5959-07b5-5e2c-b35b-a4dd67373cf7,92,KINAKOMBA,2e36ba1a-0cb6-5f46-99f2-fc6e25c421a0,19,GUBANI VILLAGE CENTRE
6ed955c6-506a-5343-9be4-2c0afae02eef,4,TANA RIVER,4941337b-e8b3-5477-82b2-519c6fd448fe,19,GALOLE,be3a5959-07b5-5e2c-b35b-a4dd67373cf7,92,KINAKOMBA,da30ed51-027d-53f9-8909-ac00d662e547,20,MASALANI PRIMARY SCHOOL
6ed955c6-506a-5343-9be4-2c0afae02eef,4,TANA RIVER,4941337b-e8b3-5477-82b2-519c6fd448fe,19,GALOLE,8549a22e-d788-5c8a-9918-45a57dc060ca,93,MIKINDUNI,1a72b14d-2770-5ce9-950b-bd1a3e44d160,21,BONDENI PRIMARY SCHOOL
6ed955c6-506a-5343-9be4-2c0afae02eef,4,TANA RIVER,4941337b-e8b3-5477-82b2-519c6fd448fe,19,GALOLE,8549a22e-d788-5c8a-9918-45a57dc060ca,93,MIKINDUNI,6f039630-8eb9-5768-8fa5-c268701daf58,22,LENDA PRIMARY SCHOOL
6ed955c6-506a-5343-9be4-2c0afae02eef,4,TANA RIVER,4941337b-e8b3-5477-82b2-519c6fd448fe,19,GALOLE,8549a22e-d788-5c8a-9918-45a57dc060ca,93,MIKINDUNI,9d30b1a2-4a99-5fd8-855b-d82a0bc4286e,23,HANDAMPIA PRIMARY SCHOOL
6ed955c6-506a-5343-9be4-2c0afae02eef,4,TANA RIVER,4941337b-e8b3-5477-82b2-519c6fd448fe,19,GALOLE,8549a22e-d788-5c8a-9918-45a57dc060ca,93,MIKINDUNI,439ed776-7207-5965-8e62-534cf56fa227,24,CHANANI PRIMARY SCHOOL
6ed955c6-506a-5343-9be4-2c0afae02eef,4,TANA RIVER,4941337b-e8b3-5477-82b2-519c6fd448fe,19,GALOLE,8549a22e-d788-5c8a-9918-45a57dc060ca,93,MIKINDUNI,ed81c8cf-ad36-551e-b4ca-80200bb485cd,25,MIKINDUNI PRIMARY SCHOOL
6ed955c6-506a-5343-9be4-2c0afae02eef,4,TANA RIVER,4941337b-e8b3-5477-82b2-519c6fd448fe,19,GALOLE,8549a22e-d788-5c8a-9918-45a57dc060ca,93,MIKINDUNI,5fcaf49d-4326-551c-bdb9-b0bc2aa6c876,26,KONE PRIMARY SCHOOL
6ed955c6-506a-5343-9be4-2c0afae02eef,4,TANA RIVER,4941337b-e8b3-5477-82b2-519c6fd448fe,19,GALOLE,8549a22e-d788-5c8a-9918-45a57dc060ca,93,MIKINDUNI,f2f5db64-df43-5647-93b8-a12b09f6983b,27,KALKACHA PRIMARY SCHOOL
6ed955c6-506a-5343-9be4-2c0afae02eef,4,TANA RIVER,4941337b-e8b3-5477-82b2-519c6fd448fe,19,GALOLE,8549a22e-d788-5c8a-9918-45a57dc060ca,93,MIKINDUNI,3e6bf7e1-50ed-5811-a1fc-d44a73e54d26,28,CHAMARI WELLS MOBILE CENTRE
6ed955c6-506a-5343-9be4-2c0afae02eef,4,TANA RIVER,4941337b-e8b3-5477-82b2-519c6fd448fe,19,GALOLE,8549a22e-d788-5c8a-9918-45a57dc060ca,93,MIKINDUNI,580691f6-7973-58ae-840b-65cc741f1b79,29,INGILE MOBILE CENTRE
6ed955c6-506a-5343-9be4-2c0afae02eef,4,TANA RIVER,4941337b-e8b3-5477-82b2-519c6fd448fe,19,GALOLE,8549a22e-d788-5c8a-9918-45a57dc060ca,93,MIKINDUNI,3236334e-95e1-50f8-942f-4251c7b89976,80,KALKALCHA ECD
6ed955c6-506a-5343-9be4-2c0afae02eef,4,TANA RIVER,4941337b-e8b3-5477-82b2-519c6fd448fe,19,GALOLE,8549a22e-d788-5c8a-9918-45a57dc060ca,93,MIKINDUNI,d5c555a2-68cd-5a1e-bd79-a92bcaee3e90,81,HOLA POLYTECHNIC
6ed955c6-506a-5343-9be4-2c0afae02eef,4,TANA RIVER,4941337b-e8b3-5477-82b2-519c6fd448fe,19,GALOLE,59b95a02-b921-5d78-a177-b9b0738c8daa,94,CHEWANI,1ea93a94-5a80-5179-8523-76efe7eb0b26,30,FOREST TRAINING SCHOOL
6ed955c6-506a-5343-9be4-2c0afae02eef,4,TANA RIVER,4941337b-e8b3-5477-82b2-519c6fd448fe,19,GALOLE,59b95a02-b921-5d78-a177-b9b0738c8daa,94,CHEWANI,30bcef8d-d51d-5aa4-ab2c-1a784d777208,31,KIARUKUNGU PRIMARY SCHOOL
6ed955c6-506a-5343-9be4-2c0afae02eef,4,TANA RIVER,4941337b-e8b3-5477-82b2-519c6fd448fe,19,GALOLE,59b95a02-b921-5d78-a177-b9b0738c8daa,94,CHEWANI,28d4c826-b974-51f0-bdb6-3781a072b947,32,BAHATI PRIMARY SCHOOL
6ed955c6-506a-5343-9be4-2c0afae02eef,4,TANA RIVER,4941337b-e8b3-5477-82b2-519c6fd448fe,19,GALOLE,59b95a02-b921-5d78-a177-b9b0738c8daa,94,CHEWANI,65a458ae-bb95-5681-a86d-1a0d19de276c,33,CHEWANI PRIMARY SCHOOL
6ed955c6-506a-5343-9be4-2c0afae02eef,4,TANA RIVER,4941337b-e8b3-5477-82b2-519c6fd448fe,19,GALOLE,59b95a02-b921-5d78-a177-b9b0738c8daa,94,CHEWANI,03449c39-8194-57d2-bb1a-9d981d61186e,34,RIABAI VILLAGE CENTRE
6ed955c6-506a-5343-9be4-2c0afae02eef,4,TANA RIVER,4941337b-e8b3-5477-82b2-519c6fd448fe,19,GALOLE,59b95a02-b921-5d78-a177-b9b0738c8daa,94,CHEWANI,a3886e6a-8fc7-5bff-a65c-8840dafcaca1,35,DAKU PRIMARY SCHOOL
6ed955c6-506a-5343-9be4-2c0afae02eef,4,TANA RIVER,4941337b-e8b3-5477-82b2-519c6fd448fe,19,GALOLE,59b95a02-b921-5d78-a177-b9b0738c8daa,94,CHEWANI,ed4a1f9b-c29e-52d1-a6fd-c8ea18df7f93,36,DAKU NURSERY SCHOOL
6ed955c6-506a-5343-9be4-2c0afae02eef,4,TANA RIVER,4941337b-e8b3-5477-82b2-519c6fd448fe,19,GALOLE,59b95a02-b921-5d78-a177-b9b0738c8daa,94,CHEWANI,0fc38717-0906-54c1-83f4-634b488291bb,37,KUMBI PRIMARY SCHOOL
6ed955c6-506a-5343-9be4-2c0afae02eef,4,TANA RIVER,4941337b-e8b3-5477-82b2-519c6fd448fe,19,GALOLE,59b95a02-b921-5d78-a177-b9b0738c8daa,94,CHEWANI,e4402ab5-8f24-51ac-a9ba-0e4c9619c4dd,38,RHOKA PRIMARY SCHOOL
6ed955c6-506a-5343-9be4-2c0afae02eef,4,TANA RIVER,4941337b-e8b3-5477-82b2-519c6fd448fe,19,GALOLE,59b95a02-b921-5d78-a177-b9b0738c8daa,94,CHEWANI,37026c77-cb71-5484-b52f-83bdd017144b,39,HANASA VILLAGE CENTRE
6ed955c6-506a-5343-9be4-2c0afae02eef,4,TANA RIVER,4941337b-e8b3-5477-82b2-519c6fd448fe,19,GALOLE,59b95a02-b921-5d78-a177-b9b0738c8daa,94,CHEWANI,a86a497c-2bcf-5370-b295-859557a17f8d,40,MAKERE PRIMARY SCHOOL
6ed955c6-506a-5343-9be4-2c0afae02eef,4,TANA RIVER,4941337b-e8b3-5477-82b2-519c6fd448fe,19,GALOLE,59b95a02-b921-5d78-a177-b9b0738c8daa,94,CHEWANI,d42e583e-9d4b-5cff-b711-12116618bd4a,41,OVO PRI SCHOOL
6ed955c6-506a-5343-9be4-2c0afae02eef,4,TANA RIVER,4941337b-e8b3-5477-82b2-519c6fd448fe,19,GALOLE,59b95a02-b921-5d78-a177-b9b0738c8daa,94,CHEWANI,ca5a45e7-b991-517e-8547-b88d240ccdc0,42,LAINI PRIMARY SCHOOL
6ed955c6-506a-5343-9be4-2c0afae02eef,4,TANA RIVER,4941337b-e8b3-5477-82b2-519c6fd448fe,19,GALOLE,59b95a02-b921-5d78-a177-b9b0738c8daa,94,CHEWANI,4a22677f-bf41-5046-a7f4-5d2c9534ddeb,43,BOHONI PRIMARY SCHOOL
6ed955c6-506a-5343-9be4-2c0afae02eef,4,TANA RIVER,4941337b-e8b3-5477-82b2-519c6fd448fe,19,GALOLE,59b95a02-b921-5d78-a177-b9b0738c8daa,94,CHEWANI,c833cd6e-350c-51f3-9ae7-d956509a3787,44,GHALAMANI PRIMARY SCHOOL
6ed955c6-506a-5343-9be4-2c0afae02eef,4,TANA RIVER,4941337b-e8b3-5477-82b2-519c6fd448fe,19,GALOLE,59b95a02-b921-5d78-a177-b9b0738c8daa,94,CHEWANI,158f74d7-9ceb-5dac-bf5c-98b75953ec85,45,NYANGWANI PR.SCH
6ed955c6-506a-5343-9be4-2c0afae02eef,4,TANA RIVER,4941337b-e8b3-5477-82b2-519c6fd448fe,19,GALOLE,59b95a02-b921-5d78-a177-b9b0738c8daa,94,CHEWANI,bd69215e-9e89-5dae-8171-f6d79a8c968c,46,RAFIKI PRIMARY SCHOOL
6ed955c6-506a-5343-9be4-2c0afae02eef,4,TANA RIVER,4941337b-e8b3-5477-82b2-519c6fd448fe,19,GALOLE,59b95a02-b921-5d78-a177-b9b0738c8daa,94,CHEWANI,d8f62006-0a6b-595b-9250-85bb4455413e,47,MAU MAU SECONDARY SCHOOL
6ed955c6-506a-5343-9be4-2c0afae02eef,4,TANA RIVER,4941337b-e8b3-5477-82b2-519c6fd448fe,19,GALOLE,59b95a02-b921-5d78-a177-b9b0738c8daa,94,CHEWANI,2d58e095-7fce-5910-9869-2b8c0bcb806d,48,HOLA SECONDARY SCHOOL
6ed955c6-506a-5343-9be4-2c0afae02eef,4,TANA RIVER,4941337b-e8b3-5477-82b2-519c6fd448fe,19,GALOLE,59b95a02-b921-5d78-a177-b9b0738c8daa,94,CHEWANI,cd6fc835-764e-51cf-928f-5c4ddbcbdc32,49,LAZA PRIMARY SCHOOL
6ed955c6-506a-5343-9be4-2c0afae02eef,4,TANA RIVER,4941337b-e8b3-5477-82b2-519c6fd448fe,19,GALOLE,59b95a02-b921-5d78-a177-b9b0738c8daa,94,CHEWANI,31a5bcd9-50fc-52e9-ae43-ad6ec683a676,50,HOLA SCHOOL FOR MENTALLY HANDCAPPE
6ed955c6-506a-5343-9be4-2c0afae02eef,4,TANA RIVER,4941337b-e8b3-5477-82b2-519c6fd448fe,19,GALOLE,59b95a02-b921-5d78-a177-b9b0738c8daa,94,CHEWANI,fdd8415e-50c9-5f38-bde2-4cdbb6b992de,51,HOLA PRIMARY SCHOOL
6ed955c6-506a-5343-9be4-2c0afae02eef,4,TANA RIVER,4941337b-e8b3-5477-82b2-519c6fd448fe,19,GALOLE,59b95a02-b921-5d78-a177-b9b0738c8daa,94,CHEWANI,3b48a6ef-e3ac-5c4f-9637-75130c4afd13,52,WACHA KONE PRIMARY SCHOOL
6ed955c6-506a-5343-9be4-2c0afae02eef,4,TANA RIVER,4941337b-e8b3-5477-82b2-519c6fd448fe,19,GALOLE,59b95a02-b921-5d78-a177-b9b0738c8daa,94,CHEWANI,6760e41c-ab17-505f-8efb-a7114357efe1,79,LAZA NURSERY SCHOOL
6ed955c6-506a-5343-9be4-2c0afae02eef,4,TANA RIVER,4941337b-e8b3-5477-82b2-519c6fd448fe,19,GALOLE,59b95a02-b921-5d78-a177-b9b0738c8daa,94,CHEWANI,874c5b70-a66e-5610-ac69-472e1558f0ee,82,BULA SECONDARY ECD
6ed955c6-506a-5343-9be4-2c0afae02eef,4,TANA RIVER,4941337b-e8b3-5477-82b2-519c6fd448fe,19,GALOLE,59b95a02-b921-5d78-a177-b9b0738c8daa,94,CHEWANI,7b2380d9-1c97-5875-b6b4-9de368583529,110,LAZA NURSERY SCHOOL
6ed955c6-506a-5343-9be4-2c0afae02eef,4,TANA RIVER,4941337b-e8b3-5477-82b2-519c6fd448fe,19,GALOLE,43bb3b8e-b939-5cf7-9188-32aa83fb227a,95,WAYU,881d386f-bf21-5c4e-bac0-f538a034b618,53,DAYATE NURSERY SCHOOL
6ed955c6-506a-5343-9be4-2c0afae02eef,4,TANA RIVER,4941337b-e8b3-5477-82b2-519c6fd448fe,19,GALOLE,43bb3b8e-b939-5cf7-9188-32aa83fb227a,95,WAYU,035d635c-ea8e-5060-b28d-26d08e6d2069,54,GURURI PRIMARY SCHOOL
6ed955c6-506a-5343-9be4-2c0afae02eef,4,TANA RIVER,4941337b-e8b3-5477-82b2-519c6fd448fe,19,GALOLE,43bb3b8e-b939-5cf7-9188-32aa83fb227a,95,WAYU,bdabc009-347d-5206-a25c-2a3d458be650,55,MALKA DENDE NURSERY SCHOOL
6ed955c6-506a-5343-9be4-2c0afae02eef,4,TANA RIVER,4941337b-e8b3-5477-82b2-519c6fd448fe,19,GALOLE,43bb3b8e-b939-5cf7-9188-32aa83fb227a,95,WAYU,ec971222-613c-5902-bb27-3bdc81745b31,56,DABA PRIMARY SCHOOL
6ed955c6-506a-5343-9be4-2c0afae02eef,4,TANA RIVER,4941337b-e8b3-5477-82b2-519c6fd448fe,19,GALOLE,43bb3b8e-b939-5cf7-9188-32aa83fb227a,95,WAYU,708304e4-255e-5875-8acd-4f6232b9977c,57,GOFISA VILLAGE CENTRE
6ed955c6-506a-5343-9be4-2c0afae02eef,4,TANA RIVER,4941337b-e8b3-5477-82b2-519c6fd448fe,19,GALOLE,43bb3b8e-b939-5cf7-9188-32aa83fb227a,95,WAYU,4842cb56-9b22-5f20-8aef-276dc6a92778,58,KITOLE DADO MOBILE CENTRE
6ed955c6-506a-5343-9be4-2c0afae02eef,4,TANA RIVER,4941337b-e8b3-5477-82b2-519c6fd448fe,19,GALOLE,43bb3b8e-b939-5cf7-9188-32aa83fb227a,95,WAYU,3e2e1933-a235-585f-b5b5-c9994ae2dfaf,59,KOMOLI MOBILE CENTRE
6ed955c6-506a-5343-9be4-2c0afae02eef,4,TANA RIVER,4941337b-e8b3-5477-82b2-519c6fd448fe,19,GALOLE,43bb3b8e-b939-5cf7-9188-32aa83fb227a,95,WAYU,3f2e5bf2-bef7-582b-a15f-92b8c50693c8,60,WAYU BORU PRIMARY SCHOOL
6ed955c6-506a-5343-9be4-2c0afae02eef,4,TANA RIVER,4941337b-e8b3-5477-82b2-519c6fd448fe,19,GALOLE,43bb3b8e-b939-5cf7-9188-32aa83fb227a,95,WAYU,083568ef-7abd-566c-9ecb-c95e3d50e09d,61,WAYU PRIMARY SCHOOL
6ed955c6-506a-5343-9be4-2c0afae02eef,4,TANA RIVER,4941337b-e8b3-5477-82b2-519c6fd448fe,19,GALOLE,43bb3b8e-b939-5cf7-9188-32aa83fb227a,95,WAYU,55d20f63-958a-53c5-969b-a13dd5ccd496,62,KOTICHA PRIMARY SCHOOL
6ed955c6-506a-5343-9be4-2c0afae02eef,4,TANA RIVER,4941337b-e8b3-5477-82b2-519c6fd448fe,19,GALOLE,43bb3b8e-b939-5cf7-9188-32aa83fb227a,95,WAYU,46551840-6fe3-5c46-bf4b-76f8b2274a51,63,BAKAYE MOBILE CENTRE
6ed955c6-506a-5343-9be4-2c0afae02eef,4,TANA RIVER,4941337b-e8b3-5477-82b2-519c6fd448fe,19,GALOLE,43bb3b8e-b939-5cf7-9188-32aa83fb227a,95,WAYU,91158be1-cf6e-5f17-ba26-2f50bf6619f1,64,MOTI BOKA CENTRE (MOBILE)
6ed955c6-506a-5343-9be4-2c0afae02eef,4,TANA RIVER,4941337b-e8b3-5477-82b2-519c6fd448fe,19,GALOLE,43bb3b8e-b939-5cf7-9188-32aa83fb227a,95,WAYU,bd6cc751-c50f-500b-9aa7-8c53e77aaa81,65,ONGOLA CENTRE (MOBILE)
6ed955c6-506a-5343-9be4-2c0afae02eef,4,TANA RIVER,4941337b-e8b3-5477-82b2-519c6fd448fe,19,GALOLE,43bb3b8e-b939-5cf7-9188-32aa83fb227a,95,WAYU,2a12e1dd-e941-5e6a-916b-c9da5345f6d5,66,TITILA PRIMARY SCHOOL
6ed955c6-506a-5343-9be4-2c0afae02eef,4,TANA RIVER,4941337b-e8b3-5477-82b2-519c6fd448fe,19,GALOLE,43bb3b8e-b939-5cf7-9188-32aa83fb227a,95,WAYU,4d8c3824-0a28-5fc7-9c7b-e74eb219ae95,67,KURUNDU CENTRE (MOBILE)
6ed955c6-506a-5343-9be4-2c0afae02eef,4,TANA RIVER,4941337b-e8b3-5477-82b2-519c6fd448fe,19,GALOLE,43bb3b8e-b939-5cf7-9188-32aa83fb227a,95,WAYU,3a562e59-ea45-5444-826c-21f35623c82e,68,CHIFIRI PRIMARY SCHOOL
6ed955c6-506a-5343-9be4-2c0afae02eef,4,TANA RIVER,4941337b-e8b3-5477-82b2-519c6fd448fe,19,GALOLE,43bb3b8e-b939-5cf7-9188-32aa83fb227a,95,WAYU,3805ff4e-c1fe-5ccb-933d-d2671d2a2ad0,69,HAKOKA PRIMARY SCHOOL
6ed955c6-506a-5343-9be4-2c0afae02eef,4,TANA RIVER,4941337b-e8b3-5477-82b2-519c6fd448fe,19,GALOLE,43bb3b8e-b939-5cf7-9188-32aa83fb227a,95,WAYU,be37015e-40d8-5567-8655-3529c9a310e2,70,KESI NURSERY SCHOOL (MOBILE)
6ed955c6-506a-5343-9be4-2c0afae02eef,4,TANA RIVER,4941337b-e8b3-5477-82b2-519c6fd448fe,19,GALOLE,43bb3b8e-b939-5cf7-9188-32aa83fb227a,95,WAYU,fe8f25c1-b0d6-5ad3-9d32-1d21d1b694cf,71,LAKOLE NURSERY SCHOOL
6ed955c6-506a-5343-9be4-2c0afae02eef,4,TANA RIVER,4941337b-e8b3-5477-82b2-519c6fd448fe,19,GALOLE,43bb3b8e-b939-5cf7-9188-32aa83fb227a,95,WAYU,e9b06c02-d764-5347-a783-003e5033a4ac,72,MARO WELLS CENTRE (MOBILE)
6ed955c6-506a-5343-9be4-2c0afae02eef,4,TANA RIVER,4941337b-e8b3-5477-82b2-519c6fd448fe,19,GALOLE,43bb3b8e-b939-5cf7-9188-32aa83fb227a,95,WAYU,c45e0b93-b0fe-501f-81fa-5c322626ec2b,73,ABOYE NURSERY SCHOOL (MOBILE)
6ed955c6-506a-5343-9be4-2c0afae02eef,4,TANA RIVER,4941337b-e8b3-5477-82b2-519c6fd448fe,19,GALOLE,43bb3b8e-b939-5cf7-9188-32aa83fb227a,95,WAYU,53c97ad8-0b4d-591b-bae5-cb1ec79658bb,74,WALDENA PRIMARY SCHOOL
6ed955c6-506a-5343-9be4-2c0afae02eef,4,TANA RIVER,4941337b-e8b3-5477-82b2-519c6fd448fe,19,GALOLE,43bb3b8e-b939-5cf7-9188-32aa83fb227a,95,WAYU,7ef2cc70-966e-526b-8812-35b52212bf53,75,SAWARE NURSERY SCHOOL (MOBILE)
6ed955c6-506a-5343-9be4-2c0afae02eef,4,TANA RIVER,4941337b-e8b3-5477-82b2-519c6fd448fe,19,GALOLE,43bb3b8e-b939-5cf7-9188-32aa83fb227a,95,WAYU,417cb8d7-bd02-58b5-a085-6c7a4537bb25,76,ANABU NURSERY SCHOOL (MOBILE)
6ed955c6-506a-5343-9be4-2c0afae02eef,4,TANA RIVER,4941337b-e8b3-5477-82b2-519c6fd448fe,19,GALOLE,43bb3b8e-b939-5cf7-9188-32aa83fb227a,95,WAYU,966b1851-a348-59bf-b1ae-4f94156e3154,77,KONE KALITI NURSERY SCHOOL (MOBILE)
6ed955c6-506a-5343-9be4-2c0afae02eef,4,TANA RIVER,4941337b-e8b3-5477-82b2-519c6fd448fe,19,GALOLE,43bb3b8e-b939-5cf7-9188-32aa83fb227a,95,WAYU,ff48f8c2-71b9-521a-a09e-c61f6e51a10f,78,BULTO MULITU VILLAGE
6ed955c6-506a-5343-9be4-2c0afae02eef,4,TANA RIVER,4941337b-e8b3-5477-82b2-519c6fd448fe,19,GALOLE,43bb3b8e-b939-5cf7-9188-32aa83fb227a,95,WAYU,b9bf1c69-0e0a-57ef-8416-3c7f0b207268,83,EL WACHU NURSERY SCHOOL
6ed955c6-506a-5343-9be4-2c0afae02eef,4,TANA RIVER,4941337b-e8b3-5477-82b2-519c6fd448fe,19,GALOLE,43bb3b8e-b939-5cf7-9188-32aa83fb227a,95,WAYU,9cfc1840-a9c8-5a81-ac71-02a3c93a92e1,84,MATA GALA ECD
6ed955c6-506a-5343-9be4-2c0afae02eef,4,TANA RIVER,171be0d5-fa8f-5ada-8ad1-03d9ba9f52e4,20,BURA,a8327fa8-48d4-51a0-bdb6-89fe4f45bb9a,96,CHEWELE,176eabfd-da25-5689-a370-cd4764418a34,1,CHEWELE PRIMARY SCHOOL
6ed955c6-506a-5343-9be4-2c0afae02eef,4,TANA RIVER,171be0d5-fa8f-5ada-8ad1-03d9ba9f52e4,20,BURA,a8327fa8-48d4-51a0-bdb6-89fe4f45bb9a,96,CHEWELE,c00f849c-407c-5257-83d1-f6d29c4268d1,2,SHIKA ADABU PRIMARY SCHOOL
6ed955c6-506a-5343-9be4-2c0afae02eef,4,TANA RIVER,171be0d5-fa8f-5ada-8ad1-03d9ba9f52e4,20,BURA,a8327fa8-48d4-51a0-bdb6-89fe4f45bb9a,96,CHEWELE,495ddbee-fed5-56b3-b943-bfa7f8905ea4,3,BILBIL PRIMARY SCHOOL
6ed955c6-506a-5343-9be4-2c0afae02eef,4,TANA RIVER,171be0d5-fa8f-5ada-8ad1-03d9ba9f52e4,20,BURA,a8327fa8-48d4-51a0-bdb6-89fe4f45bb9a,96,CHEWELE,7ff21fb4-15be-5e83-a3fd-11cbad612685,4,GHAMANO PRIMARY SCHOOL
6ed955c6-506a-5343-9be4-2c0afae02eef,4,TANA RIVER,171be0d5-fa8f-5ada-8ad1-03d9ba9f52e4,20,BURA,a8327fa8-48d4-51a0-bdb6-89fe4f45bb9a,96,CHEWELE,73b338a7-1495-5ab0-b703-d491fc183346,5,NANIGHI PRIMARY SCHOOL
6ed955c6-506a-5343-9be4-2c0afae02eef,4,TANA RIVER,171be0d5-fa8f-5ada-8ad1-03d9ba9f52e4,20,BURA,a8327fa8-48d4-51a0-bdb6-89fe4f45bb9a,96,CHEWELE,0b6cd695-88f7-5ff8-a4bd-eee23125ec26,6,JAJABO PRIMARY SCHOOL
6ed955c6-506a-5343-9be4-2c0afae02eef,4,TANA RIVER,171be0d5-fa8f-5ada-8ad1-03d9ba9f52e4,20,BURA,a8327fa8-48d4-51a0-bdb6-89fe4f45bb9a,96,CHEWELE,b514bad1-1a46-568c-a6bb-47a19f101ba3,7,BAWAMA NURSERY
6ed955c6-506a-5343-9be4-2c0afae02eef,4,TANA RIVER,171be0d5-fa8f-5ada-8ad1-03d9ba9f52e4,20,BURA,a8327fa8-48d4-51a0-bdb6-89fe4f45bb9a,96,CHEWELE,64cea3b4-eed0-5cc5-b924-58f648b88053,8,SUBO PRIMARY SCHOOL
6ed955c6-506a-5343-9be4-2c0afae02eef,4,TANA RIVER,171be0d5-fa8f-5ada-8ad1-03d9ba9f52e4,20,BURA,a8327fa8-48d4-51a0-bdb6-89fe4f45bb9a,96,CHEWELE,3e356543-925f-5ff2-898e-80fe406dd9bf,9,DUKANOTU PRIMARY SCHOOL
6ed955c6-506a-5343-9be4-2c0afae02eef,4,TANA RIVER,171be0d5-fa8f-5ada-8ad1-03d9ba9f52e4,20,BURA,a8327fa8-48d4-51a0-bdb6-89fe4f45bb9a,96,CHEWELE,da733229-e328-57eb-93af-3c1ec62c83c7,10,WEKOYE PRIMARY SCHOOL
6ed955c6-506a-5343-9be4-2c0afae02eef,4,TANA RIVER,171be0d5-fa8f-5ada-8ad1-03d9ba9f52e4,20,BURA,a8327fa8-48d4-51a0-bdb6-89fe4f45bb9a,96,CHEWELE,7347e5b1-bc5c-5da1-b713-1cf9312312bd,11,GELMAD CENTRE - MOBILE
6ed955c6-506a-5343-9be4-2c0afae02eef,4,TANA RIVER,171be0d5-fa8f-5ada-8ad1-03d9ba9f52e4,20,BURA,a8327fa8-48d4-51a0-bdb6-89fe4f45bb9a,96,CHEWELE,0189c49f-cb7c-513e-99cc-89bde3a6d4b2,12,WADESA PRIMARY SCHOOL
6ed955c6-506a-5343-9be4-2c0afae02eef,4,TANA RIVER,171be0d5-fa8f-5ada-8ad1-03d9ba9f52e4,20,BURA,a8327fa8-48d4-51a0-bdb6-89fe4f45bb9a,96,CHEWELE,d7e26b57-ebc3-59aa-b806-ba23a2579880,13,NGOMENI NURSERY SCHOOL
6ed955c6-506a-5343-9be4-2c0afae02eef,4,TANA RIVER,171be0d5-fa8f-5ada-8ad1-03d9ba9f52e4,20,BURA,a8327fa8-48d4-51a0-bdb6-89fe4f45bb9a,96,CHEWELE,d3cf97ae-7c8c-5cad-8342-1b81d3afac5d,14,TUNE PRIMARY SCHOOL
6ed955c6-506a-5343-9be4-2c0afae02eef,4,TANA RIVER,171be0d5-fa8f-5ada-8ad1-03d9ba9f52e4,20,BURA,a8327fa8-48d4-51a0-bdb6-89fe4f45bb9a,96,CHEWELE,9dca2d36-97a2-584c-9310-f8b4aa956cfe,15,SHABAHA NURSERY SCHOOL
6ed955c6-506a-5343-9be4-2c0afae02eef,4,TANA RIVER,171be0d5-fa8f-5ada-8ad1-03d9ba9f52e4,20,BURA,a8327fa8-48d4-51a0-bdb6-89fe4f45bb9a,96,CHEWELE,b53bec23-1968-56d7-8f94-4d7e79089ae1,16,JARIBU MOBILE
6ed955c6-506a-5343-9be4-2c0afae02eef,4,TANA RIVER,171be0d5-fa8f-5ada-8ad1-03d9ba9f52e4,20,BURA,a8327fa8-48d4-51a0-bdb6-89fe4f45bb9a,96,CHEWELE,0cb9f4aa-9cb2-5580-8251-08e4dad20586,17,GUYO VILLAGE
6ed955c6-506a-5343-9be4-2c0afae02eef,4,TANA RIVER,171be0d5-fa8f-5ada-8ad1-03d9ba9f52e4,20,BURA,a8327fa8-48d4-51a0-bdb6-89fe4f45bb9a,96,CHEWELE,63b8c234-740f-55f3-80d2-10f6add9ef93,18,MATAGALA PRIMARY SCHOOL
6ed955c6-506a-5343-9be4-2c0afae02eef,4,TANA RIVER,171be0d5-fa8f-5ada-8ad1-03d9ba9f52e4,20,BURA,a8327fa8-48d4-51a0-bdb6-89fe4f45bb9a,96,CHEWELE,5fa7108f-4414-51fb-8b9b-902da0f3d03e,19,KOMOR DUKUB - MOBILE
6ed955c6-506a-5343-9be4-2c0afae02eef,4,TANA RIVER,171be0d5-fa8f-5ada-8ad1-03d9ba9f52e4,20,BURA,a8327fa8-48d4-51a0-bdb6-89fe4f45bb9a,96,CHEWELE,4c691069-44ce-5fb9-ae14-5f6bb48e23fe,20,DARIME PRIMARY SCHOOL
6ed955c6-506a-5343-9be4-2c0afae02eef,4,TANA RIVER,171be0d5-fa8f-5ada-8ad1-03d9ba9f52e4,20,BURA,a8327fa8-48d4-51a0-bdb6-89fe4f45bb9a,96,CHEWELE,c0d45a56-e21e-557d-b578-cb0112330ad5,85,CHARIDENDE PRIMARY SCHOOL
6ed955c6-506a-5343-9be4-2c0afae02eef,4,TANA RIVER,171be0d5-fa8f-5ada-8ad1-03d9ba9f52e4,20,BURA,2a36a0e5-67ce-57a9-ac10-ab0b17337be2,97,HIRIMANI,5ac3b2d3-ac51-5696-9fda-93f3074b380a,21,METI PRIMARY SCHOOL
6ed955c6-506a-5343-9be4-2c0afae02eef,4,TANA RIVER,171be0d5-fa8f-5ada-8ad1-03d9ba9f52e4,20,BURA,2a36a0e5-67ce-57a9-ac10-ab0b17337be2,97,HIRIMANI,9aea80f6-762f-525c-8aae-d70d9a175c6a,22,HURUMA PRIMARY SCHOOL
6ed955c6-506a-5343-9be4-2c0afae02eef,4,TANA RIVER,171be0d5-fa8f-5ada-8ad1-03d9ba9f52e4,20,BURA,2a36a0e5-67ce-57a9-ac10-ab0b17337be2,97,HIRIMANI,4df6182e-5de6-5d45-9920-75cc47668902,23,HIRIMANI SECONDARY SCHOOL
6ed955c6-506a-5343-9be4-2c0afae02eef,4,TANA RIVER,171be0d5-fa8f-5ada-8ad1-03d9ba9f52e4,20,BURA,2a36a0e5-67ce-57a9-ac10-ab0b17337be2,97,HIRIMANI,d56fb2ac-c89c-538a-b28c-2cf899cd6126,24,SHIRIKISHO PRIMARY SCHOOL
6ed955c6-506a-5343-9be4-2c0afae02eef,4,TANA RIVER,171be0d5-fa8f-5ada-8ad1-03d9ba9f52e4,20,BURA,2a36a0e5-67ce-57a9-ac10-ab0b17337be2,97,HIRIMANI,0a74a8bd-da50-51f5-90a2-c304bf35a8a4,25,BARAKA PRIMARY SCHOOL
6ed955c6-506a-5343-9be4-2c0afae02eef,4,TANA RIVER,171be0d5-fa8f-5ada-8ad1-03d9ba9f52e4,20,BURA,2a36a0e5-67ce-57a9-ac10-ab0b17337be2,97,HIRIMANI,b6e64262-99a1-525b-b096-f427b89e5072,26,AMANI PRIMARY SCHOOL
6ed955c6-506a-5343-9be4-2c0afae02eef,4,TANA RIVER,171be0d5-fa8f-5ada-8ad1-03d9ba9f52e4,20,BURA,2a36a0e5-67ce-57a9-ac10-ab0b17337be2,97,HIRIMANI,915e7d00-619c-5b02-a6f1-0ca3c35b0642,27,FAHARI PRIMARY SCHOOL
6ed955c6-506a-5343-9be4-2c0afae02eef,4,TANA RIVER,171be0d5-fa8f-5ada-8ad1-03d9ba9f52e4,20,BURA,2a36a0e5-67ce-57a9-ac10-ab0b17337be2,97,HIRIMANI,83bb52cc-d067-54fe-bab0-2080fba70840,28,KABA WELLS - MOBILE
6ed955c6-506a-5343-9be4-2c0afae02eef,4,TANA RIVER,171be0d5-fa8f-5ada-8ad1-03d9ba9f52e4,20,BURA,2a36a0e5-67ce-57a9-ac10-ab0b17337be2,97,HIRIMANI,54f0e78f-8f7e-53d3-b4db-2bf0994656ac,29,SABUKIA PRIMARY SCHOOL
6ed955c6-506a-5343-9be4-2c0afae02eef,4,TANA RIVER,171be0d5-fa8f-5ada-8ad1-03d9ba9f52e4,20,BURA,2a36a0e5-67ce-57a9-ac10-ab0b17337be2,97,HIRIMANI,4c8cb413-035f-5982-aa2b-4e4eaeb60936,30,EL TUTU WELLS - MOBILE
6ed955c6-506a-5343-9be4-2c0afae02eef,4,TANA RIVER,171be0d5-fa8f-5ada-8ad1-03d9ba9f52e4,20,BURA,2a36a0e5-67ce-57a9-ac10-ab0b17337be2,97,HIRIMANI,3b69d2a7-f858-5433-963e-d88e7f0e942d,31,WALESORHEA PRIMARY SCHOOL
6ed955c6-506a-5343-9be4-2c0afae02eef,4,TANA RIVER,171be0d5-fa8f-5ada-8ad1-03d9ba9f52e4,20,BURA,2a36a0e5-67ce-57a9-ac10-ab0b17337be2,97,HIRIMANI,776e0018-4219-52ef-bcd5-41f442221f04,32,HOSINGO PRIMARY SCHOOL
6ed955c6-506a-5343-9be4-2c0afae02eef,4,TANA RIVER,171be0d5-fa8f-5ada-8ad1-03d9ba9f52e4,20,BURA,2a36a0e5-67ce-57a9-ac10-ab0b17337be2,97,HIRIMANI,f854727f-2842-5a21-b47e-02024251e768,33,BULA RIG PRIMARY SCHOOL
6ed955c6-506a-5343-9be4-2c0afae02eef,4,TANA RIVER,171be0d5-fa8f-5ada-8ad1-03d9ba9f52e4,20,BURA,2a36a0e5-67ce-57a9-ac10-ab0b17337be2,97,HIRIMANI,a4cf6703-1ff9-5383-a9ff-c485f8daa879,34,GODIA PRIMARY SCHOOL
6ed955c6-506a-5343-9be4-2c0afae02eef,4,TANA RIVER,171be0d5-fa8f-5ada-8ad1-03d9ba9f52e4,20,BURA,2a36a0e5-67ce-57a9-ac10-ab0b17337be2,97,HIRIMANI,ed16b500-59ae-5be0-9110-a56e50a26cdd,35,MAGURA PRIMARY SCHOOL
6ed955c6-506a-5343-9be4-2c0afae02eef,4,TANA RIVER,171be0d5-fa8f-5ada-8ad1-03d9ba9f52e4,20,BURA,2a36a0e5-67ce-57a9-ac10-ab0b17337be2,97,HIRIMANI,88c0167b-a673-5408-9d37-f520c988d3bb,36,MAKINI PRIMARY SCHOOL
6ed955c6-506a-5343-9be4-2c0afae02eef,4,TANA RIVER,171be0d5-fa8f-5ada-8ad1-03d9ba9f52e4,20,BURA,2a36a0e5-67ce-57a9-ac10-ab0b17337be2,97,HIRIMANI,3ad096b6-2756-5e5d-912c-6d63eebd00e2,37,VILLAGE FIVE NURSERY SCHOOL
6ed955c6-506a-5343-9be4-2c0afae02eef,4,TANA RIVER,171be0d5-fa8f-5ada-8ad1-03d9ba9f52e4,20,BURA,2a36a0e5-67ce-57a9-ac10-ab0b17337be2,97,HIRIMANI,638688b9-1e04-5663-a064-40e013d57705,38,SHORA GAFO - MOBILE
6ed955c6-506a-5343-9be4-2c0afae02eef,4,TANA RIVER,171be0d5-fa8f-5ada-8ad1-03d9ba9f52e4,20,BURA,2a36a0e5-67ce-57a9-ac10-ab0b17337be2,97,HIRIMANI,85d94eb2-4903-52bb-a296-982b83f37bf5,39,WOLES TOKOCHA - MOBILE
6ed955c6-506a-5343-9be4-2c0afae02eef,4,TANA RIVER,171be0d5-fa8f-5ada-8ad1-03d9ba9f52e4,20,BURA,2a36a0e5-67ce-57a9-ac10-ab0b17337be2,97,HIRIMANI,cb63d312-9dd0-5018-b995-2c3ded95f76f,40,KANIKI CENTRE - MOBILE
6ed955c6-506a-5343-9be4-2c0afae02eef,4,TANA RIVER,171be0d5-fa8f-5ada-8ad1-03d9ba9f52e4,20,BURA,2a36a0e5-67ce-57a9-ac10-ab0b17337be2,97,HIRIMANI,df38fe03-6199-5403-adeb-e65288de7f84,79,FAYYA TECHNICAL INSTITUTE
6ed955c6-506a-5343-9be4-2c0afae02eef,4,TANA RIVER,171be0d5-fa8f-5ada-8ad1-03d9ba9f52e4,20,BURA,2a36a0e5-67ce-57a9-ac10-ab0b17337be2,97,HIRIMANI,dff6506f-67e6-5bfa-ad22-9c8dc01df298,111,FAYYA TECHNICAL INSTITUTE
6ed955c6-506a-5343-9be4-2c0afae02eef,4,TANA RIVER,171be0d5-fa8f-5ada-8ad1-03d9ba9f52e4,20,BURA,e39f21f7-028f-505e-b7ff-d3aaba4fc228,98,BANGALE,be2c1b43-a8b4-5cb3-a521-71d37a9eac3c,41,BANGALE PRIMARY SCHOOL
6ed955c6-506a-5343-9be4-2c0afae02eef,4,TANA RIVER,171be0d5-fa8f-5ada-8ad1-03d9ba9f52e4,20,BURA,e39f21f7-028f-505e-b7ff-d3aaba4fc228,98,BANGALE,07d6f184-b099-58f2-9e7b-3892a442161a,42,MITI BOMA CENTRE - MOBILE
6ed955c6-506a-5343-9be4-2c0afae02eef,4,TANA RIVER,171be0d5-fa8f-5ada-8ad1-03d9ba9f52e4,20,BURA,e39f21f7-028f-505e-b7ff-d3aaba4fc228,98,BANGALE,2a704a4e-48b1-5ef0-b716-633ec29c113e,43,TULA PRIMARY SCHOOL
6ed955c6-506a-5343-9be4-2c0afae02eef,4,TANA RIVER,171be0d5-fa8f-5ada-8ad1-03d9ba9f52e4,20,BURA,e39f21f7-028f-505e-b7ff-d3aaba4fc228,98,BANGALE,11f714a9-fd8e-528a-9d62-7e06540de745,44,EL RAR PRIMARY SCHOOL
6ed955c6-506a-5343-9be4-2c0afae02eef,4,TANA RIVER,171be0d5-fa8f-5ada-8ad1-03d9ba9f52e4,20,BURA,e39f21f7-028f-505e-b7ff-d3aaba4fc228,98,BANGALE,7055dce3-cd98-5eaa-8759-ab8f636ea7e2,45,KAMAGURU PRIMARY SCHOOL
6ed955c6-506a-5343-9be4-2c0afae02eef,4,TANA RIVER,171be0d5-fa8f-5ada-8ad1-03d9ba9f52e4,20,BURA,e39f21f7-028f-505e-b7ff-d3aaba4fc228,98,BANGALE,4e0dafa8-bdd8-567d-a0e1-26a2d91b7667,46,BOKA PRIMARY SCHOOL
6ed955c6-506a-5343-9be4-2c0afae02eef,4,TANA RIVER,171be0d5-fa8f-5ada-8ad1-03d9ba9f52e4,20,BURA,e39f21f7-028f-505e-b7ff-d3aaba4fc228,98,BANGALE,f28d9395-ed5e-59cd-8399-1cb80a1c01d3,47,YAQRIT CENTRE
6ed955c6-506a-5343-9be4-2c0afae02eef,4,TANA RIVER,171be0d5-fa8f-5ada-8ad1-03d9ba9f52e4,20,BURA,e39f21f7-028f-505e-b7ff-d3aaba4fc228,98,BANGALE,2d30ba7f-275a-594b-8ce9-78d41b33890d,48,BASAHARGESA NURSERY SCHOOL
6ed955c6-506a-5343-9be4-2c0afae02eef,4,TANA RIVER,171be0d5-fa8f-5ada-8ad1-03d9ba9f52e4,20,BURA,e39f21f7-028f-505e-b7ff-d3aaba4fc228,98,BANGALE,8d117e20-1ac4-5d77-b5e0-aacb70722c38,49,BULTOBANTA VILLAGE
6ed955c6-506a-5343-9be4-2c0afae02eef,4,TANA RIVER,171be0d5-fa8f-5ada-8ad1-03d9ba9f52e4,20,BURA,e39f21f7-028f-505e-b7ff-d3aaba4fc228,98,BANGALE,fd316413-9696-5d77-ae20-ccf5bef3a263,50,KURITI PRIMARY SCHOOL
6ed955c6-506a-5343-9be4-2c0afae02eef,4,TANA RIVER,171be0d5-fa8f-5ada-8ad1-03d9ba9f52e4,20,BURA,e39f21f7-028f-505e-b7ff-d3aaba4fc228,98,BANGALE,6be0e8be-91e7-5554-9827-ee9617ea4574,86,BANGALE SECONDARY SCHOOL
6ed955c6-506a-5343-9be4-2c0afae02eef,4,TANA RIVER,171be0d5-fa8f-5ada-8ad1-03d9ba9f52e4,20,BURA,e39f21f7-028f-505e-b7ff-d3aaba4fc228,98,BANGALE,79751fdc-cf5b-506f-bc5e-b8f28f7cec13,87,LABILE PRIMARY SCHOOL
6ed955c6-506a-5343-9be4-2c0afae02eef,4,TANA RIVER,171be0d5-fa8f-5ada-8ad1-03d9ba9f52e4,20,BURA,53fca9b0-77ee-5f3a-9fb9-b513fda7be73,99,SALA,1fca4cad-e4f9-5922-b2ff-ed3321d1a5af,51,MARAMTU PRIMARY SCHOOL
6ed955c6-506a-5343-9be4-2c0afae02eef,4,TANA RIVER,171be0d5-fa8f-5ada-8ad1-03d9ba9f52e4,20,BURA,53fca9b0-77ee-5f3a-9fb9-b513fda7be73,99,SALA,e3150bb6-bb9d-529b-bbe7-331b374aa925,52,ABAKIK VILLAGE
6ed955c6-506a-5343-9be4-2c0afae02eef,4,TANA RIVER,171be0d5-fa8f-5ada-8ad1-03d9ba9f52e4,20,BURA,53fca9b0-77ee-5f3a-9fb9-b513fda7be73,99,SALA,1324d2a3-f638-5a51-b362-8ff6a192c37b,53,MORORO MADRASA
6ed955c6-506a-5343-9be4-2c0afae02eef,4,TANA RIVER,171be0d5-fa8f-5ada-8ad1-03d9ba9f52e4,20,BURA,53fca9b0-77ee-5f3a-9fb9-b513fda7be73,99,SALA,163bf450-4985-51e8-bf8a-7484a4c18181,54,ANOLE PRIMARY SCHOOL
6ed955c6-506a-5343-9be4-2c0afae02eef,4,TANA RIVER,171be0d5-fa8f-5ada-8ad1-03d9ba9f52e4,20,BURA,53fca9b0-77ee-5f3a-9fb9-b513fda7be73,99,SALA,f41b7d08-66c7-5a27-8217-27acfc2d10ab,55,ZIWANI NURSERY
6ed955c6-506a-5343-9be4-2c0afae02eef,4,TANA RIVER,171be0d5-fa8f-5ada-8ad1-03d9ba9f52e4,20,BURA,53fca9b0-77ee-5f3a-9fb9-b513fda7be73,99,SALA,64781e7c-09a2-5b3c-9dbd-321669b89060,56,SALA PRIMARY SCHOOL
6ed955c6-506a-5343-9be4-2c0afae02eef,4,TANA RIVER,171be0d5-fa8f-5ada-8ad1-03d9ba9f52e4,20,BURA,53fca9b0-77ee-5f3a-9fb9-b513fda7be73,99,SALA,b1d660ae-2e73-5eb1-9f31-f6c1e760b4bd,57,HAMARESA VILLAGE
6ed955c6-506a-5343-9be4-2c0afae02eef,4,TANA RIVER,171be0d5-fa8f-5ada-8ad1-03d9ba9f52e4,20,BURA,53fca9b0-77ee-5f3a-9fb9-b513fda7be73,99,SALA,fb4c2803-8a91-5760-b5aa-7217646e1612,58,SOMBO PRIMARY SCHOOL
6ed955c6-506a-5343-9be4-2c0afae02eef,4,TANA RIVER,171be0d5-fa8f-5ada-8ad1-03d9ba9f52e4,20,BURA,53fca9b0-77ee-5f3a-9fb9-b513fda7be73,99,SALA,35c91af9-5ae4-57ed-93ea-c145a65efdeb,59,GUBATU CENTRE
6ed955c6-506a-5343-9be4-2c0afae02eef,4,TANA RIVER,171be0d5-fa8f-5ada-8ad1-03d9ba9f52e4,20,BURA,53fca9b0-77ee-5f3a-9fb9-b513fda7be73,99,SALA,b8bd082a-e2f0-5cca-9928-93c509c303c1,60,BAKUYU NURSERY
6ed955c6-506a-5343-9be4-2c0afae02eef,4,TANA RIVER,171be0d5-fa8f-5ada-8ad1-03d9ba9f52e4,20,BURA,53fca9b0-77ee-5f3a-9fb9-b513fda7be73,99,SALA,f8bf5154-eb61-5d89-ac70-d12f13fba4e3,61,HATATA PRIMARY SCHOOL
6ed955c6-506a-5343-9be4-2c0afae02eef,4,TANA RIVER,171be0d5-fa8f-5ada-8ad1-03d9ba9f52e4,20,BURA,53fca9b0-77ee-5f3a-9fb9-b513fda7be73,99,SALA,3cc740ac-b999-566f-b416-e05a751b8c3e,62,TALEO NURSERY SCHOOL
6ed955c6-506a-5343-9be4-2c0afae02eef,4,TANA RIVER,171be0d5-fa8f-5ada-8ad1-03d9ba9f52e4,20,BURA,53fca9b0-77ee-5f3a-9fb9-b513fda7be73,99,SALA,91b0ce2f-cbe3-54a0-8da8-97ba5c4c1d11,80,KAABSO VILLAGE
6ed955c6-506a-5343-9be4-2c0afae02eef,4,TANA RIVER,171be0d5-fa8f-5ada-8ad1-03d9ba9f52e4,20,BURA,53fca9b0-77ee-5f3a-9fb9-b513fda7be73,99,SALA,8ea3ba56-ab10-5db6-9518-6af047135303,81,ZIWANI VANGO PRIMARY
6ed955c6-506a-5343-9be4-2c0afae02eef,4,TANA RIVER,171be0d5-fa8f-5ada-8ad1-03d9ba9f52e4,20,BURA,53fca9b0-77ee-5f3a-9fb9-b513fda7be73,99,SALA,419c29e0-c155-55cb-889a-4d975c2bfd09,82,DIID VILLAGE DAM
6ed955c6-506a-5343-9be4-2c0afae02eef,4,TANA RIVER,171be0d5-fa8f-5ada-8ad1-03d9ba9f52e4,20,BURA,53fca9b0-77ee-5f3a-9fb9-b513fda7be73,99,SALA,c95c796e-498b-5135-bc00-cc5288942ae9,112,KAABSO VILLAGE
6ed955c6-506a-5343-9be4-2c0afae02eef,4,TANA RIVER,171be0d5-fa8f-5ada-8ad1-03d9ba9f52e4,20,BURA,53fca9b0-77ee-5f3a-9fb9-b513fda7be73,99,SALA,a49a50a8-0fd0-5731-861f-e46e2377620e,113,ZIWANI VANGO PRIMARY
6ed955c6-506a-5343-9be4-2c0afae02eef,4,TANA RIVER,171be0d5-fa8f-5ada-8ad1-03d9ba9f52e4,20,BURA,53fca9b0-77ee-5f3a-9fb9-b513fda7be73,99,SALA,b8c0574a-f27b-5ef7-a377-22e5ea2c37a5,114,DIID VILLAGE DAM
6ed955c6-506a-5343-9be4-2c0afae02eef,4,TANA RIVER,171be0d5-fa8f-5ada-8ad1-03d9ba9f52e4,20,BURA,270c72e2-7b26-5a1e-adb5-8079bb681522,100,MADOGO,754a5ca0-307c-5aff-8e68-c46a6bcb9a41,63,KABA VILLAGE
6ed955c6-506a-5343-9be4-2c0afae02eef,4,TANA RIVER,171be0d5-fa8f-5ada-8ad1-03d9ba9f52e4,20,BURA,270c72e2-7b26-5a1e-adb5-8079bb681522,100,MADOGO,6b1a117a-a9ca-5c8b-894b-829b378b5275,64,PAMBA NURSERY SCHOOL
6ed955c6-506a-5343-9be4-2c0afae02eef,4,TANA RIVER,171be0d5-fa8f-5ada-8ad1-03d9ba9f52e4,20,BURA,270c72e2-7b26-5a1e-adb5-8079bb681522,100,MADOGO,a156d4ae-5602-530d-9c8b-5d3ee4e20133,65,ASAKO PRIMARY SCHOOL
6ed955c6-506a-5343-9be4-2c0afae02eef,4,TANA RIVER,171be0d5-fa8f-5ada-8ad1-03d9ba9f52e4,20,BURA,270c72e2-7b26-5a1e-adb5-8079bb681522,100,MADOGO,ddf7bad6-4575-5cd5-a00d-4f9b864ef4cb,66,RUKO PRIMARY SCHOOL
6ed955c6-506a-5343-9be4-2c0afae02eef,4,TANA RIVER,171be0d5-fa8f-5ada-8ad1-03d9ba9f52e4,20,BURA,270c72e2-7b26-5a1e-adb5-8079bb681522,100,MADOGO,95994793-7e4a-5b9c-af44-a4a8edf03529,67,KORATI PRIMARY SCHOOL
6ed955c6-506a-5343-9be4-2c0afae02eef,4,TANA RIVER,171be0d5-fa8f-5ada-8ad1-03d9ba9f52e4,20,BURA,270c72e2-7b26-5a1e-adb5-8079bb681522,100,MADOGO,6069b90c-4948-522c-845f-ebccb6da928b,68,MALKA MANSA PRIMARY SCHOOL
6ed955c6-506a-5343-9be4-2c0afae02eef,4,TANA RIVER,171be0d5-fa8f-5ada-8ad1-03d9ba9f52e4,20,BURA,270c72e2-7b26-5a1e-adb5-8079bb681522,100,MADOGO,14d4dc46-3d7b-5b52-9ed5-6a3509c3d831,69,MULANJO PRIMARY SCHOOL
6ed955c6-506a-5343-9be4-2c0afae02eef,4,TANA RIVER,171be0d5-fa8f-5ada-8ad1-03d9ba9f52e4,20,BURA,270c72e2-7b26-5a1e-adb5-8079bb681522,100,MADOGO,29ed5215-5650-5e2c-b635-10889fde7794,70,KONORAMADHA PRIMARY SCHOOL
6ed955c6-506a-5343-9be4-2c0afae02eef,4,TANA RIVER,171be0d5-fa8f-5ada-8ad1-03d9ba9f52e4,20,BURA,270c72e2-7b26-5a1e-adb5-8079bb681522,100,MADOGO,59b92515-7252-561e-a272-b28c92dc8185,71,LAG BADANA NURSERY SCHOOL
6ed955c6-506a-5343-9be4-2c0afae02eef,4,TANA RIVER,171be0d5-fa8f-5ada-8ad1-03d9ba9f52e4,20,BURA,270c72e2-7b26-5a1e-adb5-8079bb681522,100,MADOGO,b3abd5e0-0f06-52d1-a109-6d24d831d015,72,MORORO PRIMARY SCHOOL
6ed955c6-506a-5343-9be4-2c0afae02eef,4,TANA RIVER,171be0d5-fa8f-5ada-8ad1-03d9ba9f52e4,20,BURA,270c72e2-7b26-5a1e-adb5-8079bb681522,100,MADOGO,512e2c61-2341-5ef8-9583-bfe4f50708ef,73,ADELE PRIMARY SCHOOL
6ed955c6-506a-5343-9be4-2c0afae02eef,4,TANA RIVER,171be0d5-fa8f-5ada-8ad1-03d9ba9f52e4,20,BURA,270c72e2-7b26-5a1e-adb5-8079bb681522,100,MADOGO,d3b1a165-8457-5977-ba3e-19388480fb19,74,BARA NURSERY SCHOOL
6ed955c6-506a-5343-9be4-2c0afae02eef,4,TANA RIVER,171be0d5-fa8f-5ada-8ad1-03d9ba9f52e4,20,BURA,270c72e2-7b26-5a1e-adb5-8079bb681522,100,MADOGO,f2df582c-1965-5a51-8f0d-05f0eb088cb3,75,BUTUMA NURSERY
6ed955c6-506a-5343-9be4-2c0afae02eef,4,TANA RIVER,171be0d5-fa8f-5ada-8ad1-03d9ba9f52e4,20,BURA,270c72e2-7b26-5a1e-adb5-8079bb681522,100,MADOGO,febcd85c-e0de-5369-8c19-e23a656eacb6,76,MADERTE CENTRE
6ed955c6-506a-5343-9be4-2c0afae02eef,4,TANA RIVER,171be0d5-fa8f-5ada-8ad1-03d9ba9f52e4,20,BURA,270c72e2-7b26-5a1e-adb5-8079bb681522,100,MADOGO,17a2058c-cc0c-5ac2-a8c4-c5aa60e5d471,77,BOJI NURSERY
6ed955c6-506a-5343-9be4-2c0afae02eef,4,TANA RIVER,171be0d5-fa8f-5ada-8ad1-03d9ba9f52e4,20,BURA,270c72e2-7b26-5a1e-adb5-8079bb681522,100,MADOGO,27663ceb-3358-586e-ac51-5f1adf5db63c,78,BARAKA VILLAGE
6ed955c6-506a-5343-9be4-2c0afae02eef,4,TANA RIVER,171be0d5-fa8f-5ada-8ad1-03d9ba9f52e4,20,BURA,270c72e2-7b26-5a1e-adb5-8079bb681522,100,MADOGO,1cea45c7-4272-5878-b351-4c715c1a5c0e,83,MADOGO SECONDARI SCHOOL
6ed955c6-506a-5343-9be4-2c0afae02eef,4,TANA RIVER,171be0d5-fa8f-5ada-8ad1-03d9ba9f52e4,20,BURA,270c72e2-7b26-5a1e-adb5-8079bb681522,100,MADOGO,6416c9a7-2894-5d6b-b1e8-555d46ce289c,115,MADOGO SECONDARI SCHOOL
