96f3de0e-6412-5434-b406-67ef3352ab85,38,VIHIGA,70aecd21-b03d-5f54-a398-9c598ff11553,211,VIHIGA,981e2a54-f3fc-5f27-b083-cc795ee742eb,1051,LUGAGA-WAMULUMA,b61c6431-66bc-577b-b628-eea8a6da279b,1,VISIRU PRIMARY SCHOOL
96f3de0e-6412-5434-b406-67ef3352ab85,38,VIHIGA,70aecd21-b03d-5f54-a398-9c598ff11553,211,VIHIGA,981e2a54-f3fc-5f27-b083-cc795ee742eb,1051,LUGAGA-WAMULUMA,9f8cb5b4-c058-5198-8b40-e162f9c4c490,2,MATAGALU PRIMARY SCHOOL
96f3de0e-6412-5434-b406-67ef3352ab85,38,VIHIGA,70aecd21-b03d-5f54-a398-9c598ff11553,211,VIHIGA,981e2a54-f3fc-5f27-b083-cc795ee742eb,1051,LUGAGA-WAMULUMA,a9204150-7083-558b-8647-7b731da457ee,3,MAGUI PRIMARY SCHOOL
96f3de0e-6412-5434-b406-67ef3352ab85,38,VIHIGA,70aecd21-b03d-5f54-a398-9c598ff11553,211,VIHIGA,981e2a54-f3fc-5f27-b083-cc795ee742eb,1051,LUGAGA-WAMULUMA,60e0b15e-393b-567d-988d-b6270f28be2e,4,IGAKALA PRIMARY SCHOOL
96f3de0e-6412-5434-b406-67ef3352ab85,38,VIHIGA,70aecd21-b03d-5f54-a398-9c598ff11553,211,VIHIGA,981e2a54-f3fc-5f27-b083-cc795ee742eb,1051,LUGAGA-WAMULUMA,d6b44665-b1f3-5369-a747-ed4d08b0642a,5,IDUKU PRIMARY SCHOOL
96f3de0e-6412-5434-b406-67ef3352ab85,38,VIHIGA,70aecd21-b03d-5f54-a398-9c598ff11553,211,VIHIGA,981e2a54-f3fc-5f27-b083-cc795ee742eb,1051,LUGAGA-WAMULUMA,01972b2c-8f6e-5c48-b132-870465af0375,6,MADIRA PRIMARY SCHOOL
96f3de0e-6412-5434-b406-67ef3352ab85,38,VIHIGA,70aecd21-b03d-5f54-a398-9c598ff11553,211,VIHIGA,981e2a54-f3fc-5f27-b083-cc795ee742eb,1051,LUGAGA-WAMULUMA,6c7aba7d-63f6-574e-bd7d-f9af0a862a30,7,KEDOHI PRIMARY SCHOOL
96f3de0e-6412-5434-b406-67ef3352ab85,38,VIHIGA,70aecd21-b03d-5f54-a398-9c598ff11553,211,VIHIGA,981e2a54-f3fc-5f27-b083-cc795ee742eb,1051,LUGAGA-WAMULUMA,e965cdd6-a966-5648-a26f-02e30f957ab0,8,MUHANDA PRIMARY SCHOOL
96f3de0e-6412-5434-b406-67ef3352ab85,38,VIHIGA,70aecd21-b03d-5f54-a398-9c598ff11553,211,VIHIGA,981e2a54-f3fc-5f27-b083-cc795ee742eb,1051,LUGAGA-WAMULUMA,ae37422a-36b7-5887-b13f-6d984392bfaa,9,VUNANDI PRIMARY SCHOOL
96f3de0e-6412-5434-b406-67ef3352ab85,38,VIHIGA,70aecd21-b03d-5f54-a398-9c598ff11553,211,VIHIGA,981e2a54-f3fc-5f27-b083-cc795ee742eb,1051,LUGAGA-WAMULUMA,463cad82-d35f-5758-b820-4941f85e6875,10,INGIDI PRIMARY SCHOOL
96f3de0e-6412-5434-b406-67ef3352ab85,38,VIHIGA,70aecd21-b03d-5f54-a398-9c598ff11553,211,VIHIGA,981e2a54-f3fc-5f27-b083-cc795ee742eb,1051,LUGAGA-WAMULUMA,bba48c26-e8c6-524b-80ad-3797e43838e8,11,IDAVAGA PRIMARY SCHOOL
96f3de0e-6412-5434-b406-67ef3352ab85,38,VIHIGA,70aecd21-b03d-5f54-a398-9c598ff11553,211,VIHIGA,981e2a54-f3fc-5f27-b083-cc795ee742eb,1051,LUGAGA-WAMULUMA,db048ed9-1d61-54f6-9f15-d3a25b7c552f,12,MBIHI PRIMARY SCHOOL
96f3de0e-6412-5434-b406-67ef3352ab85,38,VIHIGA,70aecd21-b03d-5f54-a398-9c598ff11553,211,VIHIGA,981e2a54-f3fc-5f27-b083-cc795ee742eb,1051,LUGAGA-WAMULUMA,637dec5c-3e6f-579a-8f5f-773dd715bfdb,13,CHANZUVU PRIMARY SCHOOL
96f3de0e-6412-5434-b406-67ef3352ab85,38,VIHIGA,70aecd21-b03d-5f54-a398-9c598ff11553,211,VIHIGA,981e2a54-f3fc-5f27-b083-cc795ee742eb,1051,LUGAGA-WAMULUMA,60e9c910-b2dc-53bf-b6b7-c65739954a42,14,MUKULI PRIMARY SCHOOL
96f3de0e-6412-5434-b406-67ef3352ab85,38,VIHIGA,70aecd21-b03d-5f54-a398-9c598ff11553,211,VIHIGA,981e2a54-f3fc-5f27-b083-cc795ee742eb,1051,LUGAGA-WAMULUMA,0a8e1c02-2d1b-538b-9b4b-76be8b6c87df,15,HAMBALE PRIMARY SCHOOL
96f3de0e-6412-5434-b406-67ef3352ab85,38,VIHIGA,70aecd21-b03d-5f54-a398-9c598ff11553,211,VIHIGA,981e2a54-f3fc-5f27-b083-cc795ee742eb,1051,LUGAGA-WAMULUMA,fe226945-95b5-568f-9d9e-48f08570c1d7,16,VUMALE PRIMARY SCHOOL
96f3de0e-6412-5434-b406-67ef3352ab85,38,VIHIGA,70aecd21-b03d-5f54-a398-9c598ff11553,211,VIHIGA,981e2a54-f3fc-5f27-b083-cc795ee742eb,1051,LUGAGA-WAMULUMA,c240242b-4f2e-53be-9d6c-c1035d673f7a,17,KEGOYE PRIMARY SCHOOL
96f3de0e-6412-5434-b406-67ef3352ab85,38,VIHIGA,70aecd21-b03d-5f54-a398-9c598ff11553,211,VIHIGA,981e2a54-f3fc-5f27-b083-cc795ee742eb,1051,LUGAGA-WAMULUMA,973abf90-83fd-5125-8b29-55cab31f1e5d,18,CHAMBITI PRIMARY SCHOOL
96f3de0e-6412-5434-b406-67ef3352ab85,38,VIHIGA,70aecd21-b03d-5f54-a398-9c598ff11553,211,VIHIGA,981e2a54-f3fc-5f27-b083-cc795ee742eb,1051,LUGAGA-WAMULUMA,274573de-3398-59de-97b1-df7293a18724,19,CHANDA PRIMARY SCHOOL
96f3de0e-6412-5434-b406-67ef3352ab85,38,VIHIGA,70aecd21-b03d-5f54-a398-9c598ff11553,211,VIHIGA,90d6a696-30e1-52f1-a765-52443a895d9e,1052,SOUTH MARAGOLI,d39e1a81-d138-5a91-86a7-e302b754471a,20,IDELERI PRIMARY SCHOOL
96f3de0e-6412-5434-b406-67ef3352ab85,38,VIHIGA,70aecd21-b03d-5f54-a398-9c598ff11553,211,VIHIGA,90d6a696-30e1-52f1-a765-52443a895d9e,1052,SOUTH MARAGOLI,0bd1e9b1-0d97-57da-9e2d-8a20d61fcfae,21,GAVALAGI PRIMARY SCHOOL
96f3de0e-6412-5434-b406-67ef3352ab85,38,VIHIGA,70aecd21-b03d-5f54-a398-9c598ff11553,211,VIHIGA,90d6a696-30e1-52f1-a765-52443a895d9e,1052,SOUTH MARAGOLI,8c5866b1-c4e7-5d20-8cea-bb7c2f01f06c,22,LYAMIDI PRIMARY SCHOOL
96f3de0e-6412-5434-b406-67ef3352ab85,38,VIHIGA,70aecd21-b03d-5f54-a398-9c598ff11553,211,VIHIGA,90d6a696-30e1-52f1-a765-52443a895d9e,1052,SOUTH MARAGOLI,8c1bb88c-66d4-578e-9f1a-0aea5ab8ec62,23,CHANDOLO PRIMARY SCHOOL
96f3de0e-6412-5434-b406-67ef3352ab85,38,VIHIGA,70aecd21-b03d-5f54-a398-9c598ff11553,211,VIHIGA,90d6a696-30e1-52f1-a765-52443a895d9e,1052,SOUTH MARAGOLI,b03fe71f-f2aa-548b-940f-4919ddfd4043,24,MADZUGI PRIMARY SCHOOL
96f3de0e-6412-5434-b406-67ef3352ab85,38,VIHIGA,70aecd21-b03d-5f54-a398-9c598ff11553,211,VIHIGA,90d6a696-30e1-52f1-a765-52443a895d9e,1052,SOUTH MARAGOLI,bd26a38c-c60f-56a9-8686-9002df7c89ea,25,VIGETSE PRIMARY SCHOOL
96f3de0e-6412-5434-b406-67ef3352ab85,38,VIHIGA,70aecd21-b03d-5f54-a398-9c598ff11553,211,VIHIGA,90d6a696-30e1-52f1-a765-52443a895d9e,1052,SOUTH MARAGOLI,abefd623-ab3f-5ee8-9148-ecab50173aa0,26,HAMASANA PRIMARY SCHOOL
96f3de0e-6412-5434-b406-67ef3352ab85,38,VIHIGA,70aecd21-b03d-5f54-a398-9c598ff11553,211,VIHIGA,90d6a696-30e1-52f1-a765-52443a895d9e,1052,SOUTH MARAGOLI,17f4454b-84d0-530f-9946-2c0378e8cf6a,27,MWOKI PRIMARY SCHOOL
96f3de0e-6412-5434-b406-67ef3352ab85,38,VIHIGA,70aecd21-b03d-5f54-a398-9c598ff11553,211,VIHIGA,90d6a696-30e1-52f1-a765-52443a895d9e,1052,SOUTH MARAGOLI,c15feb13-88b8-587a-adc3-d8200625e566,28,INYANZA PRIMARY SCHOOL
96f3de0e-6412-5434-b406-67ef3352ab85,38,VIHIGA,70aecd21-b03d-5f54-a398-9c598ff11553,211,VIHIGA,90d6a696-30e1-52f1-a765-52443a895d9e,1052,SOUTH MARAGOLI,03182795-8e74-5db9-910f-3e819a3ee475,29,GILWATSI PRIMARY SCHOOL
96f3de0e-6412-5434-b406-67ef3352ab85,38,VIHIGA,70aecd21-b03d-5f54-a398-9c598ff11553,211,VIHIGA,90d6a696-30e1-52f1-a765-52443a895d9e,1052,SOUTH MARAGOLI,b9acfca0-844d-5539-a668-b0c413dfceef,30,LUSAVASAVI PRIMARY SCHOOL
96f3de0e-6412-5434-b406-67ef3352ab85,38,VIHIGA,70aecd21-b03d-5f54-a398-9c598ff11553,211,VIHIGA,90d6a696-30e1-52f1-a765-52443a895d9e,1052,SOUTH MARAGOLI,bb4907e5-7b33-58d0-9431-51909863a1ce,31,CHANDUGUNYI PRIMARY SCHOOL
96f3de0e-6412-5434-b406-67ef3352ab85,38,VIHIGA,70aecd21-b03d-5f54-a398-9c598ff11553,211,VIHIGA,000d8d05-8bde-511c-bdb0-dfc69c44d193,1053,CENTRAL MARAGOLI,c398fa41-d7ee-516f-9df6-742d557ed390,32,KIDUNDU PRIMARY SCHOOL
96f3de0e-6412-5434-b406-67ef3352ab85,38,VIHIGA,70aecd21-b03d-5f54-a398-9c598ff11553,211,VIHIGA,000d8d05-8bde-511c-bdb0-dfc69c44d193,1053,CENTRAL MARAGOLI,f95b3ca6-8a87-57d2-8dd5-b56c0f1c924c,33,WOMULALU PRIMARY SCHOOL
96f3de0e-6412-5434-b406-67ef3352ab85,38,VIHIGA,70aecd21-b03d-5f54-a398-9c598ff11553,211,VIHIGA,000d8d05-8bde-511c-bdb0-dfc69c44d193,1053,CENTRAL MARAGOLI,5505f949-f5b4-5c31-80dc-0e93972efff9,34,KEVEYE YOUTH POLYTECNIC
96f3de0e-6412-5434-b406-67ef3352ab85,38,VIHIGA,70aecd21-b03d-5f54-a398-9c598ff11553,211,VIHIGA,000d8d05-8bde-511c-bdb0-dfc69c44d193,1053,CENTRAL MARAGOLI,fcc970f3-3f59-596f-ace7-67dd4d49c44c,35,NAVUHI PRIMARY SCHOOL
96f3de0e-6412-5434-b406-67ef3352ab85,38,VIHIGA,70aecd21-b03d-5f54-a398-9c598ff11553,211,VIHIGA,000d8d05-8bde-511c-bdb0-dfc69c44d193,1053,CENTRAL MARAGOLI,ebc020db-d4bb-54a4-84be-9620d42b20d4,36,KIDINYE PRIMARY SCHOOL
96f3de0e-6412-5434-b406-67ef3352ab85,38,VIHIGA,70aecd21-b03d-5f54-a398-9c598ff11553,211,VIHIGA,000d8d05-8bde-511c-bdb0-dfc69c44d193,1053,CENTRAL MARAGOLI,850aceb1-4305-5e31-9113-73e6662882f5,37,EMANDA PRIMARY SCHOOL
96f3de0e-6412-5434-b406-67ef3352ab85,38,VIHIGA,70aecd21-b03d-5f54-a398-9c598ff11553,211,VIHIGA,000d8d05-8bde-511c-bdb0-dfc69c44d193,1053,CENTRAL MARAGOLI,4799b18f-3b45-5289-9796-520b0f960a47,38,IKUMBA PRIMARY SCHOOL
96f3de0e-6412-5434-b406-67ef3352ab85,38,VIHIGA,70aecd21-b03d-5f54-a398-9c598ff11553,211,VIHIGA,000d8d05-8bde-511c-bdb0-dfc69c44d193,1053,CENTRAL MARAGOLI,77354293-719d-506b-aedc-b9a57f1eb0fb,39,VIHIGA PRIMARY SCHOOL
96f3de0e-6412-5434-b406-67ef3352ab85,38,VIHIGA,70aecd21-b03d-5f54-a398-9c598ff11553,211,VIHIGA,000d8d05-8bde-511c-bdb0-dfc69c44d193,1053,CENTRAL MARAGOLI,e2f7fd6f-b496-5b1b-bfd0-4d4a2e13286c,40,KEGENDIROVA PRIMARY SCHOOL
96f3de0e-6412-5434-b406-67ef3352ab85,38,VIHIGA,70aecd21-b03d-5f54-a398-9c598ff11553,211,VIHIGA,000d8d05-8bde-511c-bdb0-dfc69c44d193,1053,CENTRAL MARAGOLI,2ce80e62-37d8-5802-b7d8-d6523159ee46,41,CHANGO PRIMARY SCHOOL
96f3de0e-6412-5434-b406-67ef3352ab85,38,VIHIGA,70aecd21-b03d-5f54-a398-9c598ff11553,211,VIHIGA,000d8d05-8bde-511c-bdb0-dfc69c44d193,1053,CENTRAL MARAGOLI,569a9243-ee0e-5eba-8d55-ea4016b1723b,42,CHAVUGAMI PRIMARY SCHOOL
96f3de0e-6412-5434-b406-67ef3352ab85,38,VIHIGA,70aecd21-b03d-5f54-a398-9c598ff11553,211,VIHIGA,000d8d05-8bde-511c-bdb0-dfc69c44d193,1053,CENTRAL MARAGOLI,0be1252b-3a5c-5a6f-bd34-bfbbc3898a8d,43,MATSIGULU PRIMARY SCHOOL
96f3de0e-6412-5434-b406-67ef3352ab85,38,VIHIGA,70aecd21-b03d-5f54-a398-9c598ff11553,211,VIHIGA,03db2675-deb1-52a7-b2bc-850bb266eaa9,1054,MUNGOMA,39227479-bc00-5863-95b6-7df9735f390a,44,KERONGO PRIMARY SCHOOL
96f3de0e-6412-5434-b406-67ef3352ab85,38,VIHIGA,70aecd21-b03d-5f54-a398-9c598ff11553,211,VIHIGA,03db2675-deb1-52a7-b2bc-850bb266eaa9,1054,MUNGOMA,479fe3f6-9546-52b3-a830-703b8226dbe8,45,LYAMAGALE PRIMARY SCHOOL
96f3de0e-6412-5434-b406-67ef3352ab85,38,VIHIGA,70aecd21-b03d-5f54-a398-9c598ff11553,211,VIHIGA,03db2675-deb1-52a7-b2bc-850bb266eaa9,1054,MUNGOMA,557e1ac5-e971-5872-99f3-184ebfa6d560,46,KITUMBA PRIMARY SCHOOL
96f3de0e-6412-5434-b406-67ef3352ab85,38,VIHIGA,70aecd21-b03d-5f54-a398-9c598ff11553,211,VIHIGA,03db2675-deb1-52a7-b2bc-850bb266eaa9,1054,MUNGOMA,1d306547-7eb7-554c-a87d-8b5bf78c6cec,47,CHAVAVO PRIMARY SCHOOL
96f3de0e-6412-5434-b406-67ef3352ab85,38,VIHIGA,70aecd21-b03d-5f54-a398-9c598ff11553,211,VIHIGA,03db2675-deb1-52a7-b2bc-850bb266eaa9,1054,MUNGOMA,9fbbb4a4-3644-5a51-bb7e-bd89e6183fb5,48,CHANZEYWE PRIMARY SCHOOL
96f3de0e-6412-5434-b406-67ef3352ab85,38,VIHIGA,70aecd21-b03d-5f54-a398-9c598ff11553,211,VIHIGA,03db2675-deb1-52a7-b2bc-850bb266eaa9,1054,MUNGOMA,10cc5c01-ed41-5aba-b97d-55f4eff65165,49,MAHANGA PRIMARY SCHOOL
96f3de0e-6412-5434-b406-67ef3352ab85,38,VIHIGA,70aecd21-b03d-5f54-a398-9c598ff11553,211,VIHIGA,03db2675-deb1-52a7-b2bc-850bb266eaa9,1054,MUNGOMA,ed4c4b31-246d-5063-8988-cd2e618bfe05,50,KISIENYA PRIMARY SCHOOL
96f3de0e-6412-5434-b406-67ef3352ab85,38,VIHIGA,70aecd21-b03d-5f54-a398-9c598ff11553,211,VIHIGA,03db2675-deb1-52a7-b2bc-850bb266eaa9,1054,MUNGOMA,8f830100-2e85-5923-b9e7-07842967e964,51,IHYAGALO PRIMARY SCHOOL
96f3de0e-6412-5434-b406-67ef3352ab85,38,VIHIGA,70aecd21-b03d-5f54-a398-9c598ff11553,211,VIHIGA,03db2675-deb1-52a7-b2bc-850bb266eaa9,1054,MUNGOMA,4714e50d-e73d-524d-9663-698d8329d58f,52,CHAMBALE PRIMARY SCHOOL
96f3de0e-6412-5434-b406-67ef3352ab85,38,VIHIGA,70aecd21-b03d-5f54-a398-9c598ff11553,211,VIHIGA,03db2675-deb1-52a7-b2bc-850bb266eaa9,1054,MUNGOMA,0091eb7c-a2a1-53c2-aa9c-42803e0b9143,53,VIGINA PRIMARY SCHOOL
96f3de0e-6412-5434-b406-67ef3352ab85,38,VIHIGA,70aecd21-b03d-5f54-a398-9c598ff11553,211,VIHIGA,03db2675-deb1-52a7-b2bc-850bb266eaa9,1054,MUNGOMA,a27c4e8f-d58b-5dc7-8a62-2b092da3e5b8,54,KITULU PRIMARY SCHOOL
96f3de0e-6412-5434-b406-67ef3352ab85,38,VIHIGA,70aecd21-b03d-5f54-a398-9c598ff11553,211,VIHIGA,03db2675-deb1-52a7-b2bc-850bb266eaa9,1054,MUNGOMA,c3d92e67-7eeb-5850-9dc9-5501e4aec301,55,MUSUNGUTI PRIMARY SCHOOL
96f3de0e-6412-5434-b406-67ef3352ab85,38,VIHIGA,ec465ede-eb56-528f-8e4e-2b51e1cc78de,212,SABATIA,a34df1c6-1057-5327-ac2b-95154aebe9f9,1055,LYADUYWA/IZAVA,cf75fe63-f048-51bf-a8f6-190355779b37,1,ELWUNZA PRIMARY SCHOOL
96f3de0e-6412-5434-b406-67ef3352ab85,38,VIHIGA,ec465ede-eb56-528f-8e4e-2b51e1cc78de,212,SABATIA,a34df1c6-1057-5327-ac2b-95154aebe9f9,1055,LYADUYWA/IZAVA,013a2f3c-c5fd-541a-b043-a7712361ab94,2,MUKINGI PRIMARY SCHOOL
96f3de0e-6412-5434-b406-67ef3352ab85,38,VIHIGA,ec465ede-eb56-528f-8e4e-2b51e1cc78de,212,SABATIA,a34df1c6-1057-5327-ac2b-95154aebe9f9,1055,LYADUYWA/IZAVA,50503ded-8168-5393-9919-ac9daf7f1c58,3,LYADUYWA PRIMARY SCHOOL
96f3de0e-6412-5434-b406-67ef3352ab85,38,VIHIGA,ec465ede-eb56-528f-8e4e-2b51e1cc78de,212,SABATIA,a34df1c6-1057-5327-ac2b-95154aebe9f9,1055,LYADUYWA/IZAVA,4ba4d6f3-3fcd-5221-9a62-1a44de9246be,4,MUNUGI PRIMARY SCHOOL
96f3de0e-6412-5434-b406-67ef3352ab85,38,VIHIGA,ec465ede-eb56-528f-8e4e-2b51e1cc78de,212,SABATIA,a34df1c6-1057-5327-ac2b-95154aebe9f9,1055,LYADUYWA/IZAVA,da3e624f-cae9-5af9-89cf-ac2d566bf15b,5,HAMADIRA PRIMARY SCHOOL
96f3de0e-6412-5434-b406-67ef3352ab85,38,VIHIGA,ec465ede-eb56-528f-8e4e-2b51e1cc78de,212,SABATIA,a34df1c6-1057-5327-ac2b-95154aebe9f9,1055,LYADUYWA/IZAVA,c67f3ed1-149f-5012-abe9-a899a82247f7,6,DEMESI PRIMARY SCHOOL
96f3de0e-6412-5434-b406-67ef3352ab85,38,VIHIGA,ec465ede-eb56-528f-8e4e-2b51e1cc78de,212,SABATIA,a34df1c6-1057-5327-ac2b-95154aebe9f9,1055,LYADUYWA/IZAVA,e7dd86f9-839e-5f6a-880c-24f2cccdf774,7,MBALE PRIMARY SCHOOL
96f3de0e-6412-5434-b406-67ef3352ab85,38,VIHIGA,ec465ede-eb56-528f-8e4e-2b51e1cc78de,212,SABATIA,a34df1c6-1057-5327-ac2b-95154aebe9f9,1055,LYADUYWA/IZAVA,dcc0775f-1d22-574f-92c8-8ecc2e307954,8,MBALE HIGH SCHOOL
96f3de0e-6412-5434-b406-67ef3352ab85,38,VIHIGA,ec465ede-eb56-528f-8e4e-2b51e1cc78de,212,SABATIA,a34df1c6-1057-5327-ac2b-95154aebe9f9,1055,LYADUYWA/IZAVA,15232902-f68d-533f-b27e-1982499855ba,9,BOYUSUF PRIMARY SCHOOL
96f3de0e-6412-5434-b406-67ef3352ab85,38,VIHIGA,ec465ede-eb56-528f-8e4e-2b51e1cc78de,212,SABATIA,a34df1c6-1057-5327-ac2b-95154aebe9f9,1055,LYADUYWA/IZAVA,241bd643-5a0b-5cac-adcd-7e724ca6367e,10,ITANDO REHABILITATION CENTER
96f3de0e-6412-5434-b406-67ef3352ab85,38,VIHIGA,ec465ede-eb56-528f-8e4e-2b51e1cc78de,212,SABATIA,a34df1c6-1057-5327-ac2b-95154aebe9f9,1055,LYADUYWA/IZAVA,c2a5559b-2c86-54f0-95ec-222394f9eeb1,11,KIBAALA PRIMARY SCHOOL
96f3de0e-6412-5434-b406-67ef3352ab85,38,VIHIGA,ec465ede-eb56-528f-8e4e-2b51e1cc78de,212,SABATIA,a34df1c6-1057-5327-ac2b-95154aebe9f9,1055,LYADUYWA/IZAVA,d40ee903-f0e1-51a5-ac5a-ef3dc140d0cd,12,MUNOYWA PRIMARY SCHOOL
96f3de0e-6412-5434-b406-67ef3352ab85,38,VIHIGA,ec465ede-eb56-528f-8e4e-2b51e1cc78de,212,SABATIA,a34df1c6-1057-5327-ac2b-95154aebe9f9,1055,LYADUYWA/IZAVA,3a445cf2-f644-5bb0-b62c-5fa43d0a910a,13,BUKULUNYA PRIMARY SCHOOL
96f3de0e-6412-5434-b406-67ef3352ab85,38,VIHIGA,ec465ede-eb56-528f-8e4e-2b51e1cc78de,212,SABATIA,a34df1c6-1057-5327-ac2b-95154aebe9f9,1055,LYADUYWA/IZAVA,a76678ce-223b-544b-a395-59700ef511de,14,ENDELI PRIMARY SCHOOL
96f3de0e-6412-5434-b406-67ef3352ab85,38,VIHIGA,ec465ede-eb56-528f-8e4e-2b51e1cc78de,212,SABATIA,059ae6de-ea3e-5f4c-8f85-bf230d43232c,1056,WEST SABATIA,7b8e280a-47f6-5464-ac3b-536b7ef1ef46,15,WANGULU PRIMARY SCHOOL
96f3de0e-6412-5434-b406-67ef3352ab85,38,VIHIGA,ec465ede-eb56-528f-8e4e-2b51e1cc78de,212,SABATIA,059ae6de-ea3e-5f4c-8f85-bf230d43232c,1056,WEST SABATIA,3e7929b9-e0bb-559d-ae2d-8176437404b4,16,MADEGWA PRIMARY SCHOOL
96f3de0e-6412-5434-b406-67ef3352ab85,38,VIHIGA,ec465ede-eb56-528f-8e4e-2b51e1cc78de,212,SABATIA,059ae6de-ea3e-5f4c-8f85-bf230d43232c,1056,WEST SABATIA,b9ac1eb4-53f2-5072-b42a-45b9ac3058b5,17,IVONA PRIMARY SCHOOL
96f3de0e-6412-5434-b406-67ef3352ab85,38,VIHIGA,ec465ede-eb56-528f-8e4e-2b51e1cc78de,212,SABATIA,059ae6de-ea3e-5f4c-8f85-bf230d43232c,1056,WEST SABATIA,59778682-4187-5619-a949-882f350986f4,18,KISATIRU PRIMARY SCHOOL
96f3de0e-6412-5434-b406-67ef3352ab85,38,VIHIGA,ec465ede-eb56-528f-8e4e-2b51e1cc78de,212,SABATIA,059ae6de-ea3e-5f4c-8f85-bf230d43232c,1056,WEST SABATIA,f8b72b1e-1ec7-5905-9a51-5e663008853b,19,MULELE PRIMARY SCHOOL
96f3de0e-6412-5434-b406-67ef3352ab85,38,VIHIGA,ec465ede-eb56-528f-8e4e-2b51e1cc78de,212,SABATIA,059ae6de-ea3e-5f4c-8f85-bf230d43232c,1056,WEST SABATIA,71b7b929-f73d-531f-97d6-be90958f9e08,20,KEVEYE PRIMARY SCHOOL
96f3de0e-6412-5434-b406-67ef3352ab85,38,VIHIGA,ec465ede-eb56-528f-8e4e-2b51e1cc78de,212,SABATIA,059ae6de-ea3e-5f4c-8f85-bf230d43232c,1056,WEST SABATIA,fce33bfe-41cb-58e5-a111-ab8e3e48e345,21,VIHINDI PRIMARY SCHOOL
96f3de0e-6412-5434-b406-67ef3352ab85,38,VIHIGA,ec465ede-eb56-528f-8e4e-2b51e1cc78de,212,SABATIA,059ae6de-ea3e-5f4c-8f85-bf230d43232c,1056,WEST SABATIA,98352a01-5d32-5bfb-ada6-417ac65eb6c0,22,CHANDUMBA SCHOOL
96f3de0e-6412-5434-b406-67ef3352ab85,38,VIHIGA,ec465ede-eb56-528f-8e4e-2b51e1cc78de,212,SABATIA,059ae6de-ea3e-5f4c-8f85-bf230d43232c,1056,WEST SABATIA,b2350147-a109-5908-941b-939213321490,23,KEGONDI PRIMARY SCHOOL
96f3de0e-6412-5434-b406-67ef3352ab85,38,VIHIGA,ec465ede-eb56-528f-8e4e-2b51e1cc78de,212,SABATIA,059ae6de-ea3e-5f4c-8f85-bf230d43232c,1056,WEST SABATIA,3e01ab8a-bcbe-54f1-b832-4b34e273697a,24,GALONI PRIMARY SCHOOL
96f3de0e-6412-5434-b406-67ef3352ab85,38,VIHIGA,ec465ede-eb56-528f-8e4e-2b51e1cc78de,212,SABATIA,059ae6de-ea3e-5f4c-8f85-bf230d43232c,1056,WEST SABATIA,88dc4a45-e793-57fb-8be2-c625041466ad,25,HAMUYUNDI PRIMARY SCHOOL
96f3de0e-6412-5434-b406-67ef3352ab85,38,VIHIGA,ec465ede-eb56-528f-8e4e-2b51e1cc78de,212,SABATIA,059ae6de-ea3e-5f4c-8f85-bf230d43232c,1056,WEST SABATIA,81a3fa6b-399b-59f3-8484-a79feabc5b8c,26,HOMBALA PRIMARY SCHOOL
96f3de0e-6412-5434-b406-67ef3352ab85,38,VIHIGA,ec465ede-eb56-528f-8e4e-2b51e1cc78de,212,SABATIA,b07e9199-6ab6-5f03-9f98-97506fc5b67f,1057,CHAVAKALI,1d405136-4504-596a-9729-4d8c313c5c23,27,HALOMBOVE PRIMARY SCHOOL
96f3de0e-6412-5434-b406-67ef3352ab85,38,VIHIGA,ec465ede-eb56-528f-8e4e-2b51e1cc78de,212,SABATIA,b07e9199-6ab6-5f03-9f98-97506fc5b67f,1057,CHAVAKALI,523daab3-a8a7-5863-b1b9-196a3f95bc27,28,VIYALO PRIMARY SCHOOL
96f3de0e-6412-5434-b406-67ef3352ab85,38,VIHIGA,ec465ede-eb56-528f-8e4e-2b51e1cc78de,212,SABATIA,b07e9199-6ab6-5f03-9f98-97506fc5b67f,1057,CHAVAKALI,723edda2-2b3a-59da-b595-458c4dd6eb5a,29,WAMAGE PRIMARY SCHOOL
96f3de0e-6412-5434-b406-67ef3352ab85,38,VIHIGA,ec465ede-eb56-528f-8e4e-2b51e1cc78de,212,SABATIA,b07e9199-6ab6-5f03-9f98-97506fc5b67f,1057,CHAVAKALI,75cf1eb6-42aa-51bb-8c6d-80ffe7766465,30,HAVUYIYA PRIMARY SCHOOL
96f3de0e-6412-5434-b406-67ef3352ab85,38,VIHIGA,ec465ede-eb56-528f-8e4e-2b51e1cc78de,212,SABATIA,b07e9199-6ab6-5f03-9f98-97506fc5b67f,1057,CHAVAKALI,648a7322-3b62-5607-80a7-bc0e8bf7c785,31,IGUNGA PRIMARY SCHOOL
96f3de0e-6412-5434-b406-67ef3352ab85,38,VIHIGA,ec465ede-eb56-528f-8e4e-2b51e1cc78de,212,SABATIA,b07e9199-6ab6-5f03-9f98-97506fc5b67f,1057,CHAVAKALI,c7752f4d-3c51-5dda-b800-aa87f2415365,32,MUDETE PRIMARY SCHOOL
96f3de0e-6412-5434-b406-67ef3352ab85,38,VIHIGA,ec465ede-eb56-528f-8e4e-2b51e1cc78de,212,SABATIA,b07e9199-6ab6-5f03-9f98-97506fc5b67f,1057,CHAVAKALI,1a2d50f0-2b4e-5375-8c76-1560c80b7b14,33,EVOJO PRIMARY SCHOOL
96f3de0e-6412-5434-b406-67ef3352ab85,38,VIHIGA,ec465ede-eb56-528f-8e4e-2b51e1cc78de,212,SABATIA,b07e9199-6ab6-5f03-9f98-97506fc5b67f,1057,CHAVAKALI,5aecc1ad-114c-5e45-ae21-32519ae6dc58,34,CHAVAKALI PRIMARY SCHOOL
96f3de0e-6412-5434-b406-67ef3352ab85,38,VIHIGA,ec465ede-eb56-528f-8e4e-2b51e1cc78de,212,SABATIA,b07e9199-6ab6-5f03-9f98-97506fc5b67f,1057,CHAVAKALI,02cd4b66-381d-52ca-8f0b-44a576b2a710,35,WALODEYA PRIMARY SCHOOL
96f3de0e-6412-5434-b406-67ef3352ab85,38,VIHIGA,ec465ede-eb56-528f-8e4e-2b51e1cc78de,212,SABATIA,64018538-32df-59d3-b1e6-9b7a9bf04d50,1058,NORTH MARAGOLI,e007ba99-5145-51fc-9335-d237e5258e60,36,MUTAMBI PRIMARY SCHOOL
96f3de0e-6412-5434-b406-67ef3352ab85,38,VIHIGA,ec465ede-eb56-528f-8e4e-2b51e1cc78de,212,SABATIA,64018538-32df-59d3-b1e6-9b7a9bf04d50,1058,NORTH MARAGOLI,6321b203-8ec5-5586-80e0-78f61c0db18b,37,MULUNDU PRIMARY SCHOOL
96f3de0e-6412-5434-b406-67ef3352ab85,38,VIHIGA,ec465ede-eb56-528f-8e4e-2b51e1cc78de,212,SABATIA,64018538-32df-59d3-b1e6-9b7a9bf04d50,1058,NORTH MARAGOLI,badc1d7b-df0c-5275-8bc0-84bcc60af0c6,38,CHUGI PRIMARY SCHOOL
96f3de0e-6412-5434-b406-67ef3352ab85,38,VIHIGA,ec465ede-eb56-528f-8e4e-2b51e1cc78de,212,SABATIA,64018538-32df-59d3-b1e6-9b7a9bf04d50,1058,NORTH MARAGOLI,5e21274a-1ab4-5e45-84ad-ac00370a4a87,39,INYALI PRIMARY SCHOOL
96f3de0e-6412-5434-b406-67ef3352ab85,38,VIHIGA,ec465ede-eb56-528f-8e4e-2b51e1cc78de,212,SABATIA,64018538-32df-59d3-b1e6-9b7a9bf04d50,1058,NORTH MARAGOLI,085fe1b9-afa9-5363-9971-6b924bb91aef,40,KIGAMA PRIMARY SCHOOL
96f3de0e-6412-5434-b406-67ef3352ab85,38,VIHIGA,ec465ede-eb56-528f-8e4e-2b51e1cc78de,212,SABATIA,64018538-32df-59d3-b1e6-9b7a9bf04d50,1058,NORTH MARAGOLI,4479b4a0-0759-50ff-bf86-d70848527937,41,DIGULA PRIMARY SCHOOL
96f3de0e-6412-5434-b406-67ef3352ab85,38,VIHIGA,ec465ede-eb56-528f-8e4e-2b51e1cc78de,212,SABATIA,64018538-32df-59d3-b1e6-9b7a9bf04d50,1058,NORTH MARAGOLI,e4dc260f-82a5-57b3-8fe6-01520cc3132e,42,VOHOVOLE PRIMARY SCHOOL
96f3de0e-6412-5434-b406-67ef3352ab85,38,VIHIGA,ec465ede-eb56-528f-8e4e-2b51e1cc78de,212,SABATIA,64018538-32df-59d3-b1e6-9b7a9bf04d50,1058,NORTH MARAGOLI,1b43c45a-6ec2-5913-968d-646ff5036ba1,43,IKUVU PRIMARY SCHOOL
96f3de0e-6412-5434-b406-67ef3352ab85,38,VIHIGA,ec465ede-eb56-528f-8e4e-2b51e1cc78de,212,SABATIA,64018538-32df-59d3-b1e6-9b7a9bf04d50,1058,NORTH MARAGOLI,4e3d9630-d90d-52fb-ac8c-53f41ef47408,44,KISANGULA PRIMARY SCHOOL
96f3de0e-6412-5434-b406-67ef3352ab85,38,VIHIGA,ec465ede-eb56-528f-8e4e-2b51e1cc78de,212,SABATIA,64018538-32df-59d3-b1e6-9b7a9bf04d50,1058,NORTH MARAGOLI,88ed4809-0126-5a9e-92f1-6143e7450d86,45,KIVAGALA PRIMARY SCHOOL
96f3de0e-6412-5434-b406-67ef3352ab85,38,VIHIGA,ec465ede-eb56-528f-8e4e-2b51e1cc78de,212,SABATIA,5ae59e20-57f2-5869-b62a-385d7c13e801,1059,WODANGA,1a7445ff-ce4e-52d2-a809-f07038c71fe9,46,GAVUDIA PRIMARY SCHOOL
96f3de0e-6412-5434-b406-67ef3352ab85,38,VIHIGA,ec465ede-eb56-528f-8e4e-2b51e1cc78de,212,SABATIA,5ae59e20-57f2-5869-b62a-385d7c13e801,1059,WODANGA,0003677d-097d-5442-a6ba-7e47db7a4f0c,47,MUDUNGU PRIMARY SCHOOL
96f3de0e-6412-5434-b406-67ef3352ab85,38,VIHIGA,ec465ede-eb56-528f-8e4e-2b51e1cc78de,212,SABATIA,5ae59e20-57f2-5869-b62a-385d7c13e801,1059,WODANGA,47ac5c04-8cef-5f42-b459-4617fbf14822,48,GAHUMBWA PRIMARY SCHOOL
96f3de0e-6412-5434-b406-67ef3352ab85,38,VIHIGA,ec465ede-eb56-528f-8e4e-2b51e1cc78de,212,SABATIA,5ae59e20-57f2-5869-b62a-385d7c13e801,1059,WODANGA,c608b21c-2b06-5556-9132-b455629861eb,49,GIVUDIANYI PRIMARY SCHOOL
96f3de0e-6412-5434-b406-67ef3352ab85,38,VIHIGA,ec465ede-eb56-528f-8e4e-2b51e1cc78de,212,SABATIA,5ae59e20-57f2-5869-b62a-385d7c13e801,1059,WODANGA,c200333c-e027-56f3-ace9-9bb3c7c3f163,50,LUSENGELI PRIMARY SCHOOL
96f3de0e-6412-5434-b406-67ef3352ab85,38,VIHIGA,ec465ede-eb56-528f-8e4e-2b51e1cc78de,212,SABATIA,5ae59e20-57f2-5869-b62a-385d7c13e801,1059,WODANGA,1ca0609c-3624-5e51-b643-cc4ea75a8408,51,MAGO PRIMARY SCHOOL
96f3de0e-6412-5434-b406-67ef3352ab85,38,VIHIGA,ec465ede-eb56-528f-8e4e-2b51e1cc78de,212,SABATIA,5ae59e20-57f2-5869-b62a-385d7c13e801,1059,WODANGA,15e584ca-292c-58b4-a0e2-0d85ef60b2d6,52,GAIGEDI PRIMARY SCHOOL
96f3de0e-6412-5434-b406-67ef3352ab85,38,VIHIGA,ec465ede-eb56-528f-8e4e-2b51e1cc78de,212,SABATIA,5ae59e20-57f2-5869-b62a-385d7c13e801,1059,WODANGA,7fbcb0f7-8b04-5950-8a56-ffbc9b42a381,53,NABWANI PRIMARY SCHOOL
96f3de0e-6412-5434-b406-67ef3352ab85,38,VIHIGA,ec465ede-eb56-528f-8e4e-2b51e1cc78de,212,SABATIA,5ae59e20-57f2-5869-b62a-385d7c13e801,1059,WODANGA,7d08c6d3-70c1-5dbb-940c-63369e9dca4a,54,WAGEVI PRIMARY SCHOOL
96f3de0e-6412-5434-b406-67ef3352ab85,38,VIHIGA,ec465ede-eb56-528f-8e4e-2b51e1cc78de,212,SABATIA,5ae59e20-57f2-5869-b62a-385d7c13e801,1059,WODANGA,435cea2a-7d58-572c-8c44-3a93c94c7a9d,55,JEMOVO PRIMARY SCHOOL
96f3de0e-6412-5434-b406-67ef3352ab85,38,VIHIGA,ec465ede-eb56-528f-8e4e-2b51e1cc78de,212,SABATIA,5ae59e20-57f2-5869-b62a-385d7c13e801,1059,WODANGA,52730099-d6cf-56dc-9cdb-82b521e7b3aa,56,MAMBAI PRIMARY SCHOOL
96f3de0e-6412-5434-b406-67ef3352ab85,38,VIHIGA,ec465ede-eb56-528f-8e4e-2b51e1cc78de,212,SABATIA,5ae59e20-57f2-5869-b62a-385d7c13e801,1059,WODANGA,8515fbe6-dd82-56dd-a214-4b23eb597711,57,MUKUNYA PRIMARY SCHOOL
96f3de0e-6412-5434-b406-67ef3352ab85,38,VIHIGA,ec465ede-eb56-528f-8e4e-2b51e1cc78de,212,SABATIA,5ae59e20-57f2-5869-b62a-385d7c13e801,1059,WODANGA,015ac5a0-2c3c-5e6d-a60c-b007155781fe,58,SABATIA PRI SCHOOL
96f3de0e-6412-5434-b406-67ef3352ab85,38,VIHIGA,ec465ede-eb56-528f-8e4e-2b51e1cc78de,212,SABATIA,5ae59e20-57f2-5869-b62a-385d7c13e801,1059,WODANGA,816701f9-dd24-5ab0-b3e6-d02a3f9496d6,59,MOI VOKOLI SECONDARY SCHOOL
96f3de0e-6412-5434-b406-67ef3352ab85,38,VIHIGA,ec465ede-eb56-528f-8e4e-2b51e1cc78de,212,SABATIA,499aec38-d1b5-517e-80a0-974d0fba1dc0,1060,BUSALI,3c308f28-4cbe-583e-a3ae-e5a87bd308c1,60,ITEGERO PRIMARY SCHOOL
96f3de0e-6412-5434-b406-67ef3352ab85,38,VIHIGA,ec465ede-eb56-528f-8e4e-2b51e1cc78de,212,SABATIA,499aec38-d1b5-517e-80a0-974d0fba1dc0,1060,BUSALI,7c3c2719-f2ed-5953-a345-c84594c51c4b,61,LOTEGO PRIMARY SCHOOL
96f3de0e-6412-5434-b406-67ef3352ab85,38,VIHIGA,ec465ede-eb56-528f-8e4e-2b51e1cc78de,212,SABATIA,499aec38-d1b5-517e-80a0-974d0fba1dc0,1060,BUSALI,46384ff1-a5b9-5a8e-9ea1-27c364eefc02,62,BUSWETA PRIMARY SCHOOL
96f3de0e-6412-5434-b406-67ef3352ab85,38,VIHIGA,ec465ede-eb56-528f-8e4e-2b51e1cc78de,212,SABATIA,499aec38-d1b5-517e-80a0-974d0fba1dc0,1060,BUSALI,c12f1b8c-5b84-58fb-b690-f0e88823c340,63,ELUNYU PRIMARY SCHOOL
96f3de0e-6412-5434-b406-67ef3352ab85,38,VIHIGA,ec465ede-eb56-528f-8e4e-2b51e1cc78de,212,SABATIA,499aec38-d1b5-517e-80a0-974d0fba1dc0,1060,BUSALI,9c781294-cd8d-58ff-9ed7-39eb4e91b27e,64,IKOBERO PRIMARY SCHOOL
96f3de0e-6412-5434-b406-67ef3352ab85,38,VIHIGA,ec465ede-eb56-528f-8e4e-2b51e1cc78de,212,SABATIA,499aec38-d1b5-517e-80a0-974d0fba1dc0,1060,BUSALI,3d3f82d9-f0c9-51e1-99df-6972017e79b4,65,CHAVOGERE PRIMARY SCHOOL
96f3de0e-6412-5434-b406-67ef3352ab85,38,VIHIGA,ec465ede-eb56-528f-8e4e-2b51e1cc78de,212,SABATIA,499aec38-d1b5-517e-80a0-974d0fba1dc0,1060,BUSALI,96f0ad8f-78a0-5636-b4d3-ee4a2dec01b9,66,MAGANYI PRIMARY SCHOOL
96f3de0e-6412-5434-b406-67ef3352ab85,38,VIHIGA,ec465ede-eb56-528f-8e4e-2b51e1cc78de,212,SABATIA,499aec38-d1b5-517e-80a0-974d0fba1dc0,1060,BUSALI,9981635b-dd98-5ee6-b4ae-bc97df78deb4,67,HAKERONGO PRIMARY SCHOOL
96f3de0e-6412-5434-b406-67ef3352ab85,38,VIHIGA,ec465ede-eb56-528f-8e4e-2b51e1cc78de,212,SABATIA,499aec38-d1b5-517e-80a0-974d0fba1dc0,1060,BUSALI,6ccc0a95-3bdd-5639-b985-a4da8201d038,68,CHEKOMBERO PRIMARY SCHOOL
96f3de0e-6412-5434-b406-67ef3352ab85,38,VIHIGA,ec465ede-eb56-528f-8e4e-2b51e1cc78de,212,SABATIA,499aec38-d1b5-517e-80a0-974d0fba1dc0,1060,BUSALI,d8be7ebf-c571-5614-a396-fc8a541a345e,69,LOGEMO PRIMARY SCHOOL
96f3de0e-6412-5434-b406-67ef3352ab85,38,VIHIGA,ec465ede-eb56-528f-8e4e-2b51e1cc78de,212,SABATIA,499aec38-d1b5-517e-80a0-974d0fba1dc0,1060,BUSALI,f7958f87-363c-5f41-994a-486e2b6dcb34,70,CHAMAKANGA PRIMARY SCHOOL
96f3de0e-6412-5434-b406-67ef3352ab85,38,VIHIGA,ec465ede-eb56-528f-8e4e-2b51e1cc78de,212,SABATIA,499aec38-d1b5-517e-80a0-974d0fba1dc0,1060,BUSALI,bd11f9ef-05fc-54be-971f-9e0890e26fc6,71,MULULU PRIMARY SCHOOL
96f3de0e-6412-5434-b406-67ef3352ab85,38,VIHIGA,ec465ede-eb56-528f-8e4e-2b51e1cc78de,212,SABATIA,499aec38-d1b5-517e-80a0-974d0fba1dc0,1060,BUSALI,77994fd0-ad27-5aa0-bccb-8001fab4a112,72,BUDAYWA PRIMARY SCHOOL
96f3de0e-6412-5434-b406-67ef3352ab85,38,VIHIGA,ec465ede-eb56-528f-8e4e-2b51e1cc78de,212,SABATIA,499aec38-d1b5-517e-80a0-974d0fba1dc0,1060,BUSALI,c225a9ef-79d0-510c-9068-bd2ea86c666f,73,KILAGILU PRIMARY SCHOOL
96f3de0e-6412-5434-b406-67ef3352ab85,38,VIHIGA,ec465ede-eb56-528f-8e4e-2b51e1cc78de,212,SABATIA,499aec38-d1b5-517e-80a0-974d0fba1dc0,1060,BUSALI,7720a57e-cbe2-5a06-892b-b06fdf1265d7,74,BUGINA PRIMARY SCHOOL
96f3de0e-6412-5434-b406-67ef3352ab85,38,VIHIGA,ec465ede-eb56-528f-8e4e-2b51e1cc78de,212,SABATIA,499aec38-d1b5-517e-80a0-974d0fba1dc0,1060,BUSALI,35e0c6f9-6c16-5d10-9962-63eed7ca5f77,75,CHATAMILU PRIMARY SCHOOL
96f3de0e-6412-5434-b406-67ef3352ab85,38,VIHIGA,731e48e8-0ce0-5eb4-ab78-e08847754731,213,HAMISI,bd542943-1c3f-57d8-a297-f7e30a0717a1,1061,SHIRU,bb7274a9-e010-5045-958b-768a26cd75e8,1,KAIMOSI FRIENDS PRIMARY SCHOOL
96f3de0e-6412-5434-b406-67ef3352ab85,38,VIHIGA,731e48e8-0ce0-5eb4-ab78-e08847754731,213,HAMISI,bd542943-1c3f-57d8-a297-f7e30a0717a1,1061,SHIRU,3520542b-a017-526b-9ffe-d058e062fa55,2,MAKUCHI PRIMARY SCHOOL
96f3de0e-6412-5434-b406-67ef3352ab85,38,VIHIGA,731e48e8-0ce0-5eb4-ab78-e08847754731,213,HAMISI,bd542943-1c3f-57d8-a297-f7e30a0717a1,1061,SHIRU,cc89152b-1ebb-505e-80a3-8d35557d8be1,3,SHAVIRINGA PRIMARY SCHOOL
96f3de0e-6412-5434-b406-67ef3352ab85,38,VIHIGA,731e48e8-0ce0-5eb4-ab78-e08847754731,213,HAMISI,bd542943-1c3f-57d8-a297-f7e30a0717a1,1061,SHIRU,90448e54-3f82-58f0-a9d2-f7bd046082cd,4,KAPTIS PRIMARY SCHOOL
96f3de0e-6412-5434-b406-67ef3352ab85,38,VIHIGA,731e48e8-0ce0-5eb4-ab78-e08847754731,213,HAMISI,bd542943-1c3f-57d8-a297-f7e30a0717a1,1061,SHIRU,b9279a29-7c94-5a75-b6a0-d791a668d22f,5,SHIRU PRIMARY SCHOOL
96f3de0e-6412-5434-b406-67ef3352ab85,38,VIHIGA,731e48e8-0ce0-5eb4-ab78-e08847754731,213,HAMISI,bd542943-1c3f-57d8-a297-f7e30a0717a1,1061,SHIRU,6722bf96-a5be-5cae-aad6-10f16f6f23c0,6,MUSUNJI PRIMARY SCHOOL
96f3de0e-6412-5434-b406-67ef3352ab85,38,VIHIGA,731e48e8-0ce0-5eb4-ab78-e08847754731,213,HAMISI,bd542943-1c3f-57d8-a297-f7e30a0717a1,1061,SHIRU,5c69d0d5-2ca7-56e8-a6b9-0ff6cc903938,7,KAPTIK PRIMARY SCHOOL
96f3de0e-6412-5434-b406-67ef3352ab85,38,VIHIGA,731e48e8-0ce0-5eb4-ab78-e08847754731,213,HAMISI,bd542943-1c3f-57d8-a297-f7e30a0717a1,1061,SHIRU,66c3de62-9fe7-569d-ac05-c41daaaca9a5,8,CHEPTULU PRIMARY SCHOOL
96f3de0e-6412-5434-b406-67ef3352ab85,38,VIHIGA,731e48e8-0ce0-5eb4-ab78-e08847754731,213,HAMISI,bd542943-1c3f-57d8-a297-f7e30a0717a1,1061,SHIRU,ff7d857d-827b-5803-914e-6bfecea35356,9,MAHANGA PRIMARY SCHOOL
96f3de0e-6412-5434-b406-67ef3352ab85,38,VIHIGA,731e48e8-0ce0-5eb4-ab78-e08847754731,213,HAMISI,bd542943-1c3f-57d8-a297-f7e30a0717a1,1061,SHIRU,5e52b6d4-ed9b-5e0d-8ba7-5e2acc2d1810,10,SHIPALA PRIMARY SCHOOL
96f3de0e-6412-5434-b406-67ef3352ab85,38,VIHIGA,731e48e8-0ce0-5eb4-ab78-e08847754731,213,HAMISI,bd542943-1c3f-57d8-a297-f7e30a0717a1,1061,SHIRU,31bbfbb9-676c-5f56-8cac-d1cf52acc2d3,11,BULUKHOMBE PRIMARY SCHOOL
96f3de0e-6412-5434-b406-67ef3352ab85,38,VIHIGA,731e48e8-0ce0-5eb4-ab78-e08847754731,213,HAMISI,bd542943-1c3f-57d8-a297-f7e30a0717a1,1061,SHIRU,ceda7db2-5a05-5a56-80de-62ca01b20f4a,12,KAKUBUDU PRIMARY SCHOOL
96f3de0e-6412-5434-b406-67ef3352ab85,38,VIHIGA,731e48e8-0ce0-5eb4-ab78-e08847754731,213,HAMISI,95903a34-bf75-56a7-a16d-a59dae6a1da6,1062,GISAMBAI,6b8baff1-634b-50b7-9c3d-8e7bee4fd506,13,GIDAGADI PRIMARI SCHOOL
96f3de0e-6412-5434-b406-67ef3352ab85,38,VIHIGA,731e48e8-0ce0-5eb4-ab78-e08847754731,213,HAMISI,95903a34-bf75-56a7-a16d-a59dae6a1da6,1062,GISAMBAI,01f81548-4cc3-55d5-9b47-85042c7295b2,14,GISAMBAI PRIMARY SCHOOL
96f3de0e-6412-5434-b406-67ef3352ab85,38,VIHIGA,731e48e8-0ce0-5eb4-ab78-e08847754731,213,HAMISI,95903a34-bf75-56a7-a16d-a59dae6a1da6,1062,GISAMBAI,8ddb0e87-45dc-50c4-84d3-9050613be044,15,GIMOMOI PRIMARY SCHOOL
96f3de0e-6412-5434-b406-67ef3352ab85,38,VIHIGA,731e48e8-0ce0-5eb4-ab78-e08847754731,213,HAMISI,95903a34-bf75-56a7-a16d-a59dae6a1da6,1062,GISAMBAI,c7ccf079-8a07-554d-801c-1ba3669b88ed,16,MUNZATSI PRIMARY SCHOOL
96f3de0e-6412-5434-b406-67ef3352ab85,38,VIHIGA,731e48e8-0ce0-5eb4-ab78-e08847754731,213,HAMISI,95903a34-bf75-56a7-a16d-a59dae6a1da6,1062,GISAMBAI,beeb38c9-1d34-5994-b8da-7e850f303322,17,GIMENGWA PRIMARY SCHOOL
96f3de0e-6412-5434-b406-67ef3352ab85,38,VIHIGA,731e48e8-0ce0-5eb4-ab78-e08847754731,213,HAMISI,95903a34-bf75-56a7-a16d-a59dae6a1da6,1062,GISAMBAI,fe7765b4-d649-5190-bc6f-6155b85b72cd,18,GAMOI PRIMARY SCHOOL
96f3de0e-6412-5434-b406-67ef3352ab85,38,VIHIGA,731e48e8-0ce0-5eb4-ab78-e08847754731,213,HAMISI,95903a34-bf75-56a7-a16d-a59dae6a1da6,1062,GISAMBAI,d0a2dff7-0cb7-5683-aede-0ca01cf55f42,19,GAVUDUNYI PRIMARY SCHOOL
96f3de0e-6412-5434-b406-67ef3352ab85,38,VIHIGA,731e48e8-0ce0-5eb4-ab78-e08847754731,213,HAMISI,95903a34-bf75-56a7-a16d-a59dae6a1da6,1062,GISAMBAI,438d367b-de30-5968-9a05-46c72d761622,20,JEBRONGO PRIMARY SCHOOL
96f3de0e-6412-5434-b406-67ef3352ab85,38,VIHIGA,731e48e8-0ce0-5eb4-ab78-e08847754731,213,HAMISI,95903a34-bf75-56a7-a16d-a59dae6a1da6,1062,GISAMBAI,9d1609f2-92e8-5aeb-9f88-ecd6bf13facb,21,SHIKOMOLI PRIMARY SCHOOL
96f3de0e-6412-5434-b406-67ef3352ab85,38,VIHIGA,731e48e8-0ce0-5eb4-ab78-e08847754731,213,HAMISI,95903a34-bf75-56a7-a16d-a59dae6a1da6,1062,GISAMBAI,fea6bd01-f54a-514d-b09e-bf567ec212c5,22,SARIDE PRIMARY SCHOOL
96f3de0e-6412-5434-b406-67ef3352ab85,38,VIHIGA,731e48e8-0ce0-5eb4-ab78-e08847754731,213,HAMISI,95903a34-bf75-56a7-a16d-a59dae6a1da6,1062,GISAMBAI,40aaa088-69e8-546a-902d-7e2fbb3beda5,23,LWOMBEI PRIMARY SCHOOL
96f3de0e-6412-5434-b406-67ef3352ab85,38,VIHIGA,731e48e8-0ce0-5eb4-ab78-e08847754731,213,HAMISI,95903a34-bf75-56a7-a16d-a59dae6a1da6,1062,GISAMBAI,3bf24d97-b091-55c6-b147-9aad8c079b50,24,GALONA PRIMARY SCHOOL
96f3de0e-6412-5434-b406-67ef3352ab85,38,VIHIGA,731e48e8-0ce0-5eb4-ab78-e08847754731,213,HAMISI,95903a34-bf75-56a7-a16d-a59dae6a1da6,1062,GISAMBAI,731eb33c-559e-56ac-be36-054a5dedcb8f,25,JEBLABUK PRIMARY SCHOOL
96f3de0e-6412-5434-b406-67ef3352ab85,38,VIHIGA,731e48e8-0ce0-5eb4-ab78-e08847754731,213,HAMISI,95903a34-bf75-56a7-a16d-a59dae6a1da6,1062,GISAMBAI,c7540e44-d5fe-5dea-beab-e827bdcc0512,26,GIMOMOI YOUTH POLYTECHNIC
96f3de0e-6412-5434-b406-67ef3352ab85,38,VIHIGA,731e48e8-0ce0-5eb4-ab78-e08847754731,213,HAMISI,8c3f2bea-d73c-56ab-8496-325a6a52bb87,1063,SHAMAKHOKHO,2026c107-6449-5a2f-ab1b-aa2e5a66e14a,27,KISASI PRIMARY SCHOOL
96f3de0e-6412-5434-b406-67ef3352ab85,38,VIHIGA,731e48e8-0ce0-5eb4-ab78-e08847754731,213,HAMISI,8c3f2bea-d73c-56ab-8496-325a6a52bb87,1063,SHAMAKHOKHO,fa780cfc-8eff-5e62-9122-2abcd9a2e557,28,SAOSI PRIMARY SCHOOL
96f3de0e-6412-5434-b406-67ef3352ab85,38,VIHIGA,731e48e8-0ce0-5eb4-ab78-e08847754731,213,HAMISI,8c3f2bea-d73c-56ab-8496-325a6a52bb87,1063,SHAMAKHOKHO,8c943ea9-d0b4-5894-80b4-61cd10c86951,29,MUSUTSU PRIMARY SCHOOL
96f3de0e-6412-5434-b406-67ef3352ab85,38,VIHIGA,731e48e8-0ce0-5eb4-ab78-e08847754731,213,HAMISI,8c3f2bea-d73c-56ab-8496-325a6a52bb87,1063,SHAMAKHOKHO,b8801d8f-4fc0-5ce6-9e5d-d22fa1087973,30,SHIVEMBE PRIMARY SCHOOL
96f3de0e-6412-5434-b406-67ef3352ab85,38,VIHIGA,731e48e8-0ce0-5eb4-ab78-e08847754731,213,HAMISI,8c3f2bea-d73c-56ab-8496-325a6a52bb87,1063,SHAMAKHOKHO,db6beeb5-2691-53c3-a186-2dab49a9e7ba,31,BUMIRA PRIMARY SCHOOL
96f3de0e-6412-5434-b406-67ef3352ab85,38,VIHIGA,731e48e8-0ce0-5eb4-ab78-e08847754731,213,HAMISI,8c3f2bea-d73c-56ab-8496-325a6a52bb87,1063,SHAMAKHOKHO,2acb91d6-a53b-5cae-99b1-3402173dfc44,32,CHEBUNAYWA PRIMARY SCHOOL
96f3de0e-6412-5434-b406-67ef3352ab85,38,VIHIGA,731e48e8-0ce0-5eb4-ab78-e08847754731,213,HAMISI,8c3f2bea-d73c-56ab-8496-325a6a52bb87,1063,SHAMAKHOKHO,7bb40584-301c-587c-a935-f0bda07a4463,33,SENENDE PRIMARY SCHOOL
96f3de0e-6412-5434-b406-67ef3352ab85,38,VIHIGA,731e48e8-0ce0-5eb4-ab78-e08847754731,213,HAMISI,8c3f2bea-d73c-56ab-8496-325a6a52bb87,1063,SHAMAKHOKHO,63557bf0-42ba-511c-9542-a32b4f6cd39a,34,SHAMALAGO PRIMARY SCHOOL
96f3de0e-6412-5434-b406-67ef3352ab85,38,VIHIGA,731e48e8-0ce0-5eb4-ab78-e08847754731,213,HAMISI,8c3f2bea-d73c-56ab-8496-325a6a52bb87,1063,SHAMAKHOKHO,67bdba29-2b39-595e-a336-21f3cd53a399,35,BUMUYANGE PRIMARY SCHOOL
96f3de0e-6412-5434-b406-67ef3352ab85,38,VIHIGA,731e48e8-0ce0-5eb4-ab78-e08847754731,213,HAMISI,8c3f2bea-d73c-56ab-8496-325a6a52bb87,1063,SHAMAKHOKHO,77eb3c9c-bd59-5dbd-aaa0-4aed5aeafbd5,36,SHAMAKHOKHO PRIMARY SCHOOL
96f3de0e-6412-5434-b406-67ef3352ab85,38,VIHIGA,731e48e8-0ce0-5eb4-ab78-e08847754731,213,HAMISI,8c3f2bea-d73c-56ab-8496-325a6a52bb87,1063,SHAMAKHOKHO,840b5073-164d-5857-a1bc-4349d0ab1946,37,BUTITI PRIMARY SCHOOL
96f3de0e-6412-5434-b406-67ef3352ab85,38,VIHIGA,731e48e8-0ce0-5eb4-ab78-e08847754731,213,HAMISI,8c3f2bea-d73c-56ab-8496-325a6a52bb87,1063,SHAMAKHOKHO,60a18a4e-853b-5c88-af21-c72deb1dbfb3,38,ERUSUI PRIMARY SCHHOOL
96f3de0e-6412-5434-b406-67ef3352ab85,38,VIHIGA,731e48e8-0ce0-5eb4-ab78-e08847754731,213,HAMISI,8c3f2bea-d73c-56ab-8496-325a6a52bb87,1063,SHAMAKHOKHO,83616781-4722-5cbc-83d0-435baa522b8d,39,MUNGAVO PRIMARY SCHOOL
96f3de0e-6412-5434-b406-67ef3352ab85,38,VIHIGA,731e48e8-0ce0-5eb4-ab78-e08847754731,213,HAMISI,8c3f2bea-d73c-56ab-8496-325a6a52bb87,1063,SHAMAKHOKHO,ebb55a89-e9cd-5ea2-96d5-1f4f75b24603,40,KAMLUGUYWA PRIMARY SCHOOL
96f3de0e-6412-5434-b406-67ef3352ab85,38,VIHIGA,731e48e8-0ce0-5eb4-ab78-e08847754731,213,HAMISI,8c3f2bea-d73c-56ab-8496-325a6a52bb87,1063,SHAMAKHOKHO,abf83300-1546-5fbc-b757-a7f227518b0d,41,KAPTIENI PRIMARY SCHOOL
96f3de0e-6412-5434-b406-67ef3352ab85,38,VIHIGA,731e48e8-0ce0-5eb4-ab78-e08847754731,213,HAMISI,8c3f2bea-d73c-56ab-8496-325a6a52bb87,1063,SHAMAKHOKHO,2ad6f082-a841-5558-bb05-636659492607,42,VIREMBE PRIMARY SCHOOL
96f3de0e-6412-5434-b406-67ef3352ab85,38,VIHIGA,731e48e8-0ce0-5eb4-ab78-e08847754731,213,HAMISI,050ef31f-4aa1-561a-812b-4d42c8544528,1064,BANJA,993be5a6-ca2e-56dd-9335-acdfec848f80,43,KAPSOGORO PRIMARY SCHOOL
96f3de0e-6412-5434-b406-67ef3352ab85,38,VIHIGA,731e48e8-0ce0-5eb4-ab78-e08847754731,213,HAMISI,050ef31f-4aa1-561a-812b-4d42c8544528,1064,BANJA,c064bda8-4153-55a4-8687-9fa538e7abea,44,MUSASA PRIMARY SCHOOL
96f3de0e-6412-5434-b406-67ef3352ab85,38,VIHIGA,731e48e8-0ce0-5eb4-ab78-e08847754731,213,HAMISI,050ef31f-4aa1-561a-812b-4d42c8544528,1064,BANJA,2d61c878-6ef7-585e-8b54-2cae22183437,45,KABINJARI PRIMARI SCHOOL
96f3de0e-6412-5434-b406-67ef3352ab85,38,VIHIGA,731e48e8-0ce0-5eb4-ab78-e08847754731,213,HAMISI,050ef31f-4aa1-561a-812b-4d42c8544528,1064,BANJA,2357eac6-0d0f-5ab9-beba-0f797b5bded4,46,KAPSOTIK PRIMARY SCHOOL
96f3de0e-6412-5434-b406-67ef3352ab85,38,VIHIGA,731e48e8-0ce0-5eb4-ab78-e08847754731,213,HAMISI,050ef31f-4aa1-561a-812b-4d42c8544528,1064,BANJA,c21808b8-e1cd-566f-aabe-25badc01d30f,47,KAPSOI PRIMARY SCHOOL
96f3de0e-6412-5434-b406-67ef3352ab85,38,VIHIGA,731e48e8-0ce0-5eb4-ab78-e08847754731,213,HAMISI,050ef31f-4aa1-561a-812b-4d42c8544528,1064,BANJA,8235132e-19b6-59e8-8509-b9e080ad27b5,48,GOIBEI PRIMARY SCHOOL
96f3de0e-6412-5434-b406-67ef3352ab85,38,VIHIGA,731e48e8-0ce0-5eb4-ab78-e08847754731,213,HAMISI,050ef31f-4aa1-561a-812b-4d42c8544528,1064,BANJA,0413163e-e209-53da-a076-d42246da602e,49,BANJA MUSLIM PRIMARY SCHOOL
96f3de0e-6412-5434-b406-67ef3352ab85,38,VIHIGA,731e48e8-0ce0-5eb4-ab78-e08847754731,213,HAMISI,050ef31f-4aa1-561a-812b-4d42c8544528,1064,BANJA,1b6e4775-c0cc-55b4-8c1c-6b6da5bf45c5,50,GIVOGI PRIMARY SCHOOL
96f3de0e-6412-5434-b406-67ef3352ab85,38,VIHIGA,731e48e8-0ce0-5eb4-ab78-e08847754731,213,HAMISI,050ef31f-4aa1-561a-812b-4d42c8544528,1064,BANJA,6221ef09-54d5-504e-b780-425b87b1eb6b,51,HAMISI PRIMARY SCHOOL
96f3de0e-6412-5434-b406-67ef3352ab85,38,VIHIGA,731e48e8-0ce0-5eb4-ab78-e08847754731,213,HAMISI,050ef31f-4aa1-561a-812b-4d42c8544528,1064,BANJA,f398175b-a86d-52ee-a6f7-170c003a13ff,52,KIPSIGORI PRIMARY SCHOOL
96f3de0e-6412-5434-b406-67ef3352ab85,38,VIHIGA,731e48e8-0ce0-5eb4-ab78-e08847754731,213,HAMISI,050ef31f-4aa1-561a-812b-4d42c8544528,1064,BANJA,fbd4a99f-38f9-5758-8593-d9f374f24de4,53,MUTIVA PRIMARY SCHOOL
96f3de0e-6412-5434-b406-67ef3352ab85,38,VIHIGA,731e48e8-0ce0-5eb4-ab78-e08847754731,213,HAMISI,050ef31f-4aa1-561a-812b-4d42c8544528,1064,BANJA,0beeb586-9967-52ee-b386-be274d87acd7,54,MADEYA PRIMARY SCHOOL
96f3de0e-6412-5434-b406-67ef3352ab85,38,VIHIGA,731e48e8-0ce0-5eb4-ab78-e08847754731,213,HAMISI,050ef31f-4aa1-561a-812b-4d42c8544528,1064,BANJA,4ab99183-d07f-54c9-b4f8-a7de0fb6652b,55,JEVIRIRI PRIMARY SCHOOL
96f3de0e-6412-5434-b406-67ef3352ab85,38,VIHIGA,731e48e8-0ce0-5eb4-ab78-e08847754731,213,HAMISI,050ef31f-4aa1-561a-812b-4d42c8544528,1064,BANJA,c5f7d710-4345-5de1-8d46-27ed64f89572,56,KAPKOI PRIMARY SCHOOL
96f3de0e-6412-5434-b406-67ef3352ab85,38,VIHIGA,731e48e8-0ce0-5eb4-ab78-e08847754731,213,HAMISI,050ef31f-4aa1-561a-812b-4d42c8544528,1064,BANJA,4d4eab92-3662-53bb-8d6b-79afe3ac4468,57,KIMARANI PRIMARY SCHOOL
96f3de0e-6412-5434-b406-67ef3352ab85,38,VIHIGA,731e48e8-0ce0-5eb4-ab78-e08847754731,213,HAMISI,f3c3c6b2-2e2c-56d3-a91d-b8ed7447ef7b,1065,MUHUDU,e8be5cac-a665-52fc-b5e4-336f5b57a500,58,BUMBO PRIMARY SCHOOL
96f3de0e-6412-5434-b406-67ef3352ab85,38,VIHIGA,731e48e8-0ce0-5eb4-ab78-e08847754731,213,HAMISI,f3c3c6b2-2e2c-56d3-a91d-b8ed7447ef7b,1065,MUHUDU,d96dd25a-bfcd-5bdb-b056-f5966db0baca,59,JAMULONGOJI PRIMARY SCHOOL
96f3de0e-6412-5434-b406-67ef3352ab85,38,VIHIGA,731e48e8-0ce0-5eb4-ab78-e08847754731,213,HAMISI,f3c3c6b2-2e2c-56d3-a91d-b8ed7447ef7b,1065,MUHUDU,538d128f-959b-536d-b9a6-afe32621aca4,60,IVUMBU PRIMARY SCHOOL
96f3de0e-6412-5434-b406-67ef3352ab85,38,VIHIGA,731e48e8-0ce0-5eb4-ab78-e08847754731,213,HAMISI,f3c3c6b2-2e2c-56d3-a91d-b8ed7447ef7b,1065,MUHUDU,b8c99277-e11d-56ad-b4fd-373f1fdd7b7d,61,MUHUDU PRIMARY SCHOOL
96f3de0e-6412-5434-b406-67ef3352ab85,38,VIHIGA,731e48e8-0ce0-5eb4-ab78-e08847754731,213,HAMISI,f3c3c6b2-2e2c-56d3-a91d-b8ed7447ef7b,1065,MUHUDU,f5ffb37b-f35e-5f4b-ad56-f2610650cd94,62,KAPTECH PRIMARY SCHOOL
96f3de0e-6412-5434-b406-67ef3352ab85,38,VIHIGA,731e48e8-0ce0-5eb4-ab78-e08847754731,213,HAMISI,f3c3c6b2-2e2c-56d3-a91d-b8ed7447ef7b,1065,MUHUDU,f86c9783-c2f0-5e39-9d08-e6fa4aee6f3e,63,ISIKHI PRIMARY SCHOOL
96f3de0e-6412-5434-b406-67ef3352ab85,38,VIHIGA,731e48e8-0ce0-5eb4-ab78-e08847754731,213,HAMISI,f3c3c6b2-2e2c-56d3-a91d-b8ed7447ef7b,1065,MUHUDU,cd7dbc8f-6d02-5588-a8f8-5de0c48c2900,64,MUYERE PRIMARY SCHOOL
96f3de0e-6412-5434-b406-67ef3352ab85,38,VIHIGA,731e48e8-0ce0-5eb4-ab78-e08847754731,213,HAMISI,f3c3c6b2-2e2c-56d3-a91d-b8ed7447ef7b,1065,MUHUDU,74f85b11-80e9-5009-86e1-c3976b28f315,65,SIEKUTI PRIMARY SCHOOL
96f3de0e-6412-5434-b406-67ef3352ab85,38,VIHIGA,731e48e8-0ce0-5eb4-ab78-e08847754731,213,HAMISI,f3c3c6b2-2e2c-56d3-a91d-b8ed7447ef7b,1065,MUHUDU,bbd0abdb-0a81-5ee1-8d98-9498ce4d789d,66,KAIMOSI SPECIAL SCHOOL
96f3de0e-6412-5434-b406-67ef3352ab85,38,VIHIGA,731e48e8-0ce0-5eb4-ab78-e08847754731,213,HAMISI,f3c3c6b2-2e2c-56d3-a91d-b8ed7447ef7b,1065,MUHUDU,7ff9c8bd-fb72-5439-8e56-7f03ccb8b052,67,JIVUYE PRIMARY SCHOOL
96f3de0e-6412-5434-b406-67ef3352ab85,38,VIHIGA,731e48e8-0ce0-5eb4-ab78-e08847754731,213,HAMISI,e878d9d6-33ba-511c-8651-c1d26d15c57c,1066,TAMBUA,ed9e15d0-7f4c-53bd-a96e-2d4154cd7382,68,KINU PRIMARY SCHOOL
96f3de0e-6412-5434-b406-67ef3352ab85,38,VIHIGA,731e48e8-0ce0-5eb4-ab78-e08847754731,213,HAMISI,e878d9d6-33ba-511c-8651-c1d26d15c57c,1066,TAMBUA,f24c7f12-516c-5dc9-8e5b-38268a629e1d,69,GIMARAKWA PRIMARY SCHOOL
96f3de0e-6412-5434-b406-67ef3352ab85,38,VIHIGA,731e48e8-0ce0-5eb4-ab78-e08847754731,213,HAMISI,e878d9d6-33ba-511c-8651-c1d26d15c57c,1066,TAMBUA,da791c18-e566-5fd3-8743-d2cf0e50d34d,70,KITAMBANZI PRIMARY SCHOOL
96f3de0e-6412-5434-b406-67ef3352ab85,38,VIHIGA,731e48e8-0ce0-5eb4-ab78-e08847754731,213,HAMISI,e878d9d6-33ba-511c-8651-c1d26d15c57c,1066,TAMBUA,c2fd84fe-c767-5611-93dc-01c9ab847ca5,71,MUHAYA PRIMARY SCHOOL
96f3de0e-6412-5434-b406-67ef3352ab85,38,VIHIGA,731e48e8-0ce0-5eb4-ab78-e08847754731,213,HAMISI,e878d9d6-33ba-511c-8651-c1d26d15c57c,1066,TAMBUA,6865dce6-ce19-5a99-adb2-38ecf5c8b237,72,GIMARIANI PRIMARY SCHOOL
96f3de0e-6412-5434-b406-67ef3352ab85,38,VIHIGA,731e48e8-0ce0-5eb4-ab78-e08847754731,213,HAMISI,e878d9d6-33ba-511c-8651-c1d26d15c57c,1066,TAMBUA,d57f2cbd-2a5b-5821-b82a-c443f320b0be,73,MWEMBE PRIMARY SCHOOL
96f3de0e-6412-5434-b406-67ef3352ab85,38,VIHIGA,731e48e8-0ce0-5eb4-ab78-e08847754731,213,HAMISI,e878d9d6-33ba-511c-8651-c1d26d15c57c,1066,TAMBUA,790ee704-491f-5053-a838-84f589a1d4be,74,MALINDA PRIMARY SCHOOL
96f3de0e-6412-5434-b406-67ef3352ab85,38,VIHIGA,731e48e8-0ce0-5eb4-ab78-e08847754731,213,HAMISI,e878d9d6-33ba-511c-8651-c1d26d15c57c,1066,TAMBUA,e0dcc6f6-e61d-5211-b76d-9cd370863272,75,IVOLA PRIMARY SCHOOL
96f3de0e-6412-5434-b406-67ef3352ab85,38,VIHIGA,731e48e8-0ce0-5eb4-ab78-e08847754731,213,HAMISI,e878d9d6-33ba-511c-8651-c1d26d15c57c,1066,TAMBUA,f9145d8d-eaec-59bd-8e95-5104c2ad5515,76,GIVUDEMESI PRIMARY SCHOOL
96f3de0e-6412-5434-b406-67ef3352ab85,38,VIHIGA,731e48e8-0ce0-5eb4-ab78-e08847754731,213,HAMISI,e878d9d6-33ba-511c-8651-c1d26d15c57c,1066,TAMBUA,7e30148d-8d33-5f86-879e-b5fdaa21fe55,77,SIMBI PRIMARY SCHOOL
96f3de0e-6412-5434-b406-67ef3352ab85,38,VIHIGA,731e48e8-0ce0-5eb4-ab78-e08847754731,213,HAMISI,e878d9d6-33ba-511c-8651-c1d26d15c57c,1066,TAMBUA,362109b7-7c7f-554a-8197-ec2a04d5fea8,78,GAMALENGA PRIMARY SCHOOL
96f3de0e-6412-5434-b406-67ef3352ab85,38,VIHIGA,731e48e8-0ce0-5eb4-ab78-e08847754731,213,HAMISI,e878d9d6-33ba-511c-8651-c1d26d15c57c,1066,TAMBUA,36463998-c05e-53d1-9c53-f38db20c87ab,79,BOYANI YOUTH POLYTECHNIC
96f3de0e-6412-5434-b406-67ef3352ab85,38,VIHIGA,731e48e8-0ce0-5eb4-ab78-e08847754731,213,HAMISI,e878d9d6-33ba-511c-8651-c1d26d15c57c,1066,TAMBUA,9b65dfb2-eea0-53cb-bd93-e3c9eda8374f,80,NYANG'ORI PRIMARY SCHOOL
96f3de0e-6412-5434-b406-67ef3352ab85,38,VIHIGA,731e48e8-0ce0-5eb4-ab78-e08847754731,213,HAMISI,e878d9d6-33ba-511c-8651-c1d26d15c57c,1066,TAMBUA,51ff59ea-2ba7-5014-91e5-df3571fac374,81,MUTAVE PRIMARY SCHOOL
96f3de0e-6412-5434-b406-67ef3352ab85,38,VIHIGA,731e48e8-0ce0-5eb4-ab78-e08847754731,213,HAMISI,34e25cd8-6bb6-5ff8-9ec5-134c7fff2cea,1067,JEPKOYAI,bea13369-76e1-5427-b2fc-3d0e1a77694f,82,ITIENG'ERE PRIMARY SCHOOL
96f3de0e-6412-5434-b406-67ef3352ab85,38,VIHIGA,731e48e8-0ce0-5eb4-ab78-e08847754731,213,HAMISI,34e25cd8-6bb6-5ff8-9ec5-134c7fff2cea,1067,JEPKOYAI,619a828f-45f7-53eb-8061-80e2e8dd2bfe,83,KITAGWA PRIMARY SCHOOL
96f3de0e-6412-5434-b406-67ef3352ab85,38,VIHIGA,731e48e8-0ce0-5eb4-ab78-e08847754731,213,HAMISI,34e25cd8-6bb6-5ff8-9ec5-134c7fff2cea,1067,JEPKOYAI,b43fad88-2731-5477-855b-cf555a515c02,84,MUSIRI PRIMARY SCHOOL
96f3de0e-6412-5434-b406-67ef3352ab85,38,VIHIGA,731e48e8-0ce0-5eb4-ab78-e08847754731,213,HAMISI,34e25cd8-6bb6-5ff8-9ec5-134c7fff2cea,1067,JEPKOYAI,a9e0133f-38f9-5634-9a6e-c00ae33242b8,85,BUYANGU PRMARY SCHOOL
96f3de0e-6412-5434-b406-67ef3352ab85,38,VIHIGA,731e48e8-0ce0-5eb4-ab78-e08847754731,213,HAMISI,34e25cd8-6bb6-5ff8-9ec5-134c7fff2cea,1067,JEPKOYAI,1e9d2d90-cefb-58eb-b64e-7d951817c6f3,86,GIVOLE PRIMARY SCHOOL
96f3de0e-6412-5434-b406-67ef3352ab85,38,VIHIGA,731e48e8-0ce0-5eb4-ab78-e08847754731,213,HAMISI,34e25cd8-6bb6-5ff8-9ec5-134c7fff2cea,1067,JEPKOYAI,486040b2-57b0-593d-846c-98b180e9f391,87,BOYANI PRIMARY SCHOOL
96f3de0e-6412-5434-b406-67ef3352ab85,38,VIHIGA,731e48e8-0ce0-5eb4-ab78-e08847754731,213,HAMISI,34e25cd8-6bb6-5ff8-9ec5-134c7fff2cea,1067,JEPKOYAI,52591296-c73b-51ce-9197-9f39205f939f,88,TIGOI PRIMARY SCHOOL
96f3de0e-6412-5434-b406-67ef3352ab85,38,VIHIGA,731e48e8-0ce0-5eb4-ab78-e08847754731,213,HAMISI,34e25cd8-6bb6-5ff8-9ec5-134c7fff2cea,1067,JEPKOYAI,ce6fbf88-1e71-5c8d-bc98-dcdca586090a,89,JEPKOYAI PRIMARY SCHOOL
96f3de0e-6412-5434-b406-67ef3352ab85,38,VIHIGA,731e48e8-0ce0-5eb4-ab78-e08847754731,213,HAMISI,34e25cd8-6bb6-5ff8-9ec5-134c7fff2cea,1067,JEPKOYAI,eea51a9f-af26-5061-a683-eeaae6b67a8b,90,KAPCHEMUGUNG' PRIMARY SCHOOL
96f3de0e-6412-5434-b406-67ef3352ab85,38,VIHIGA,731e48e8-0ce0-5eb4-ab78-e08847754731,213,HAMISI,34e25cd8-6bb6-5ff8-9ec5-134c7fff2cea,1067,JEPKOYAI,1cf3171d-5956-5c61-a8df-d6079497606c,91,ZULULU PRIMARY SCHOOL
96f3de0e-6412-5434-b406-67ef3352ab85,38,VIHIGA,731e48e8-0ce0-5eb4-ab78-e08847754731,213,HAMISI,34e25cd8-6bb6-5ff8-9ec5-134c7fff2cea,1067,JEPKOYAI,d903b0fe-d20c-5d03-8995-22023f27e743,92,MUDINDI PRIMARY SCHOOL
96f3de0e-6412-5434-b406-67ef3352ab85,38,VIHIGA,91a1e241-29ab-5bcb-827b-a49b8996f1cc,214,LUANDA,d4f0fd8b-377e-5b20-887c-c2a6ea864094,1068,LUANDA TOWNSHIP,8d5fa997-0c17-588b-bff2-9997cc3dc36c,1,MUMBOHA PRIMARY SCHOOL
96f3de0e-6412-5434-b406-67ef3352ab85,38,VIHIGA,91a1e241-29ab-5bcb-827b-a49b8996f1cc,214,LUANDA,d4f0fd8b-377e-5b20-887c-c2a6ea864094,1068,LUANDA TOWNSHIP,7c776fe5-ec14-532f-9cfa-69f3fffb9245,2,MWAMBA NURSERY SCHOOL
96f3de0e-6412-5434-b406-67ef3352ab85,38,VIHIGA,91a1e241-29ab-5bcb-827b-a49b8996f1cc,214,LUANDA,d4f0fd8b-377e-5b20-887c-c2a6ea864094,1068,LUANDA TOWNSHIP,3857613e-f492-51f8-8532-73352b35a288,3,EPANG'A PRIMARY SCHOOL
96f3de0e-6412-5434-b406-67ef3352ab85,38,VIHIGA,91a1e241-29ab-5bcb-827b-a49b8996f1cc,214,LUANDA,d4f0fd8b-377e-5b20-887c-c2a6ea864094,1068,LUANDA TOWNSHIP,8a481113-78f4-5202-847b-b1c6bbcac4dc,4,EBUSIRALO PRIMARY SCHOOL
96f3de0e-6412-5434-b406-67ef3352ab85,38,VIHIGA,91a1e241-29ab-5bcb-827b-a49b8996f1cc,214,LUANDA,d4f0fd8b-377e-5b20-887c-c2a6ea864094,1068,LUANDA TOWNSHIP,f3c2c5b0-63a2-5983-af96-c4f22ae1cd63,5,EBUSATSI NURSERY SCHOOL
96f3de0e-6412-5434-b406-67ef3352ab85,38,VIHIGA,91a1e241-29ab-5bcb-827b-a49b8996f1cc,214,LUANDA,d4f0fd8b-377e-5b20-887c-c2a6ea864094,1068,LUANDA TOWNSHIP,1acb5632-c894-5ae8-9448-c28aff012f9c,6,LUANDA TOWN NURSERY SCHOOL
96f3de0e-6412-5434-b406-67ef3352ab85,38,VIHIGA,91a1e241-29ab-5bcb-827b-a49b8996f1cc,214,LUANDA,d4f0fd8b-377e-5b20-887c-c2a6ea864094,1068,LUANDA TOWNSHIP,c2c43c58-ab23-517f-9dbc-c9df4ddc0857,7,MULWAKI PRIMARY SCHOOL
96f3de0e-6412-5434-b406-67ef3352ab85,38,VIHIGA,91a1e241-29ab-5bcb-827b-a49b8996f1cc,214,LUANDA,d4f0fd8b-377e-5b20-887c-c2a6ea864094,1068,LUANDA TOWNSHIP,0d41e649-e9a4-56ed-8d9a-1123da985a1d,8,EKAMANJI PRIMARY SCHOOL
96f3de0e-6412-5434-b406-67ef3352ab85,38,VIHIGA,91a1e241-29ab-5bcb-827b-a49b8996f1cc,214,LUANDA,d4f0fd8b-377e-5b20-887c-c2a6ea864094,1068,LUANDA TOWNSHIP,15f72789-ce0a-51c4-9ce3-5b1c227fe81f,63,"ACK ST. STEPHEN HATTIKO, MUMBOHA"
96f3de0e-6412-5434-b406-67ef3352ab85,38,VIHIGA,91a1e241-29ab-5bcb-827b-a49b8996f1cc,214,LUANDA,d4f0fd8b-377e-5b20-887c-c2a6ea864094,1068,LUANDA TOWNSHIP,524a6236-0491-5d66-9f5a-cab7c5de0d31,64,ACK ST. POLYCARP EPANGA
96f3de0e-6412-5434-b406-67ef3352ab85,38,VIHIGA,91a1e241-29ab-5bcb-827b-a49b8996f1cc,214,LUANDA,fd082c08-4bde-50de-9415-66a353f02052,1069,WEMILABI,73de7c9a-eacc-5301-a33a-0eb8667c01d5,9,ESIAMARWI NURSERY SCHOOL
96f3de0e-6412-5434-b406-67ef3352ab85,38,VIHIGA,91a1e241-29ab-5bcb-827b-a49b8996f1cc,214,LUANDA,fd082c08-4bde-50de-9415-66a353f02052,1069,WEMILABI,c6fe019e-f474-5dc4-a4bf-db5aedfbec29,10,EBULONGA PRIMARY SCH.
96f3de0e-6412-5434-b406-67ef3352ab85,38,VIHIGA,91a1e241-29ab-5bcb-827b-a49b8996f1cc,214,LUANDA,fd082c08-4bde-50de-9415-66a353f02052,1069,WEMILABI,6f6e78d7-80b9-57cb-b6a2-96b61eceb918,11,EBUSIRATSI A.C. PRIMARY SCHOOL
96f3de0e-6412-5434-b406-67ef3352ab85,38,VIHIGA,91a1e241-29ab-5bcb-827b-a49b8996f1cc,214,LUANDA,fd082c08-4bde-50de-9415-66a353f02052,1069,WEMILABI,c27eae57-c014-564e-a787-339d6d87a1bc,12,IRUMBI PRIMARY SCHOOL
96f3de0e-6412-5434-b406-67ef3352ab85,38,VIHIGA,91a1e241-29ab-5bcb-827b-a49b8996f1cc,214,LUANDA,fd082c08-4bde-50de-9415-66a353f02052,1069,WEMILABI,727bcedc-af2c-5493-95c5-1932b7936d0f,13,EBBIBA PRIMARY SCHOOL
96f3de0e-6412-5434-b406-67ef3352ab85,38,VIHIGA,91a1e241-29ab-5bcb-827b-a49b8996f1cc,214,LUANDA,fd082c08-4bde-50de-9415-66a353f02052,1069,WEMILABI,4f5631b7-900e-510d-9ec9-b06d8bfdc745,14,ESSONGOLO PRIMARY SCHOOL
96f3de0e-6412-5434-b406-67ef3352ab85,38,VIHIGA,91a1e241-29ab-5bcb-827b-a49b8996f1cc,214,LUANDA,fd082c08-4bde-50de-9415-66a353f02052,1069,WEMILABI,f1d12a59-c43f-5887-aa1a-b544a7707eb9,15,WEMILABI PRIMARY SCHOOL
96f3de0e-6412-5434-b406-67ef3352ab85,38,VIHIGA,91a1e241-29ab-5bcb-827b-a49b8996f1cc,214,LUANDA,fd082c08-4bde-50de-9415-66a353f02052,1069,WEMILABI,fe494f23-5b41-51e5-a3e2-12971052577a,16,WANDECHE PRIMARY SCHOOL
96f3de0e-6412-5434-b406-67ef3352ab85,38,VIHIGA,91a1e241-29ab-5bcb-827b-a49b8996f1cc,214,LUANDA,fd082c08-4bde-50de-9415-66a353f02052,1069,WEMILABI,69b53d23-6c1b-500c-be64-176a394fa6f3,17,EMUSENJELI PRIMARY SCHOOL
96f3de0e-6412-5434-b406-67ef3352ab85,38,VIHIGA,91a1e241-29ab-5bcb-827b-a49b8996f1cc,214,LUANDA,fd082c08-4bde-50de-9415-66a353f02052,1069,WEMILABI,fab47ac4-8aaf-5c9d-950e-f3dff01dde49,18,ITABALIA PRIMARY SCHOOL
96f3de0e-6412-5434-b406-67ef3352ab85,38,VIHIGA,91a1e241-29ab-5bcb-827b-a49b8996f1cc,214,LUANDA,fd082c08-4bde-50de-9415-66a353f02052,1069,WEMILABI,2373d5df-c590-5a3d-918e-b5634b4f9a63,19,MULUKHAMBI PRIMARY SCHOOL
96f3de0e-6412-5434-b406-67ef3352ab85,38,VIHIGA,91a1e241-29ab-5bcb-827b-a49b8996f1cc,214,LUANDA,fd082c08-4bde-50de-9415-66a353f02052,1069,WEMILABI,cb4ef244-6503-5053-9cf6-2b3245159f21,20,ESIRABE PRIMARY SCHOOL
96f3de0e-6412-5434-b406-67ef3352ab85,38,VIHIGA,91a1e241-29ab-5bcb-827b-a49b8996f1cc,214,LUANDA,fd082c08-4bde-50de-9415-66a353f02052,1069,WEMILABI,63760068-a990-52ad-b74a-38eb94def7ec,21,MUSITINYI PRIMARY SCHOOL
96f3de0e-6412-5434-b406-67ef3352ab85,38,VIHIGA,91a1e241-29ab-5bcb-827b-a49b8996f1cc,214,LUANDA,fd082c08-4bde-50de-9415-66a353f02052,1069,WEMILABI,24ffc157-0d20-54f5-aa6a-85ee1cdf71f1,22,ESIEMBERO PRIMARY SCHOOL
96f3de0e-6412-5434-b406-67ef3352ab85,38,VIHIGA,91a1e241-29ab-5bcb-827b-a49b8996f1cc,214,LUANDA,fd082c08-4bde-50de-9415-66a353f02052,1069,WEMILABI,0a0ecdcc-3af4-5aa2-98e8-6354ea0835ef,23,MUSINAKA PRIMARY SCHOOL
96f3de0e-6412-5434-b406-67ef3352ab85,38,VIHIGA,91a1e241-29ab-5bcb-827b-a49b8996f1cc,214,LUANDA,fd082c08-4bde-50de-9415-66a353f02052,1069,WEMILABI,92a1cc26-6449-502a-83c6-d267f45ff0cd,24,EBUBAYI PRIMARY SCHOOL
96f3de0e-6412-5434-b406-67ef3352ab85,38,VIHIGA,91a1e241-29ab-5bcb-827b-a49b8996f1cc,214,LUANDA,fd082c08-4bde-50de-9415-66a353f02052,1069,WEMILABI,47e80b65-dafa-5a5e-9c91-084f09b93414,65,GOOD SHEFFERD CHURCH WAMASIOLO
96f3de0e-6412-5434-b406-67ef3352ab85,38,VIHIGA,91a1e241-29ab-5bcb-827b-a49b8996f1cc,214,LUANDA,fd082c08-4bde-50de-9415-66a353f02052,1069,WEMILABI,599e6840-0d35-59ee-b70d-8756f196d456,66,WACHATILI CHURCH OF GOD
96f3de0e-6412-5434-b406-67ef3352ab85,38,VIHIGA,91a1e241-29ab-5bcb-827b-a49b8996f1cc,214,LUANDA,fd082c08-4bde-50de-9415-66a353f02052,1069,WEMILABI,f11b8744-b0e3-5819-8708-795f868f2dcb,67,MWINAYA PRIMARY SCHOOL
96f3de0e-6412-5434-b406-67ef3352ab85,38,VIHIGA,91a1e241-29ab-5bcb-827b-a49b8996f1cc,214,LUANDA,fd082c08-4bde-50de-9415-66a353f02052,1069,WEMILABI,49273387-8421-5c79-bdbb-633b95264fb0,68,HABWE PAG CHURCH
96f3de0e-6412-5434-b406-67ef3352ab85,38,VIHIGA,91a1e241-29ab-5bcb-827b-a49b8996f1cc,214,LUANDA,e17f7dd4-25e5-579f-9491-0cec025ecf70,1070,MWIBONA,0005e845-977f-52eb-b1b1-09e589c06f22,25,EMUTSURU PRIMARY SCHOOL
96f3de0e-6412-5434-b406-67ef3352ab85,38,VIHIGA,91a1e241-29ab-5bcb-827b-a49b8996f1cc,214,LUANDA,e17f7dd4-25e5-579f-9491-0cec025ecf70,1070,MWIBONA,ecd1ee1a-cc43-5f50-a39d-c4b50efbd3ec,26,MWITUBWI NURSERY SCHOOL
96f3de0e-6412-5434-b406-67ef3352ab85,38,VIHIGA,91a1e241-29ab-5bcb-827b-a49b8996f1cc,214,LUANDA,e17f7dd4-25e5-579f-9491-0cec025ecf70,1070,MWIBONA,fb445c3c-dc12-5ac7-8a9b-1f5563dbc47d,27,EBUKUYA PRIMARY SCHOOL
96f3de0e-6412-5434-b406-67ef3352ab85,38,VIHIGA,91a1e241-29ab-5bcb-827b-a49b8996f1cc,214,LUANDA,e17f7dd4-25e5-579f-9491-0cec025ecf70,1070,MWIBONA,e5a9fe41-cc1e-54e9-a813-ce6864565bbe,28,EBWIRANYI PRIMARY SCHOOL
96f3de0e-6412-5434-b406-67ef3352ab85,38,VIHIGA,91a1e241-29ab-5bcb-827b-a49b8996f1cc,214,LUANDA,e17f7dd4-25e5-579f-9491-0cec025ecf70,1070,MWIBONA,64328cad-0a6a-5213-a3fc-94540fbb9b48,29,ESIBEYE PRIMARY SCHOOL
96f3de0e-6412-5434-b406-67ef3352ab85,38,VIHIGA,91a1e241-29ab-5bcb-827b-a49b8996f1cc,214,LUANDA,e17f7dd4-25e5-579f-9491-0cec025ecf70,1070,MWIBONA,c84e750f-56ac-5d79-a751-b356640a8077,30,EMULULU PRIMARY SCHOOL
96f3de0e-6412-5434-b406-67ef3352ab85,38,VIHIGA,91a1e241-29ab-5bcb-827b-a49b8996f1cc,214,LUANDA,e17f7dd4-25e5-579f-9491-0cec025ecf70,1070,MWIBONA,d3b3e783-37a4-50f9-9c54-3d7a12921d00,31,EBUSYUBI PRIMARY SCHOOL
96f3de0e-6412-5434-b406-67ef3352ab85,38,VIHIGA,91a1e241-29ab-5bcb-827b-a49b8996f1cc,214,LUANDA,e17f7dd4-25e5-579f-9491-0cec025ecf70,1070,MWIBONA,91310d98-e9cb-5a59-99d6-4a24b2b05b92,32,MUNUNGO PRIMARY SCHOOL
96f3de0e-6412-5434-b406-67ef3352ab85,38,VIHIGA,91a1e241-29ab-5bcb-827b-a49b8996f1cc,214,LUANDA,e17f7dd4-25e5-579f-9491-0cec025ecf70,1070,MWIBONA,f69807da-78fe-5c65-956b-772bd562c3e5,33,MULWANDA PRIMARY SCHOOL
96f3de0e-6412-5434-b406-67ef3352ab85,38,VIHIGA,91a1e241-29ab-5bcb-827b-a49b8996f1cc,214,LUANDA,e17f7dd4-25e5-579f-9491-0cec025ecf70,1070,MWIBONA,5863797c-4734-5eac-87e4-a32b31b3ad65,34,ESIANDUMBA PRIMARY SCHOOL
96f3de0e-6412-5434-b406-67ef3352ab85,38,VIHIGA,91a1e241-29ab-5bcb-827b-a49b8996f1cc,214,LUANDA,e17f7dd4-25e5-579f-9491-0cec025ecf70,1070,MWIBONA,6fccb5f3-c39a-5e1c-ac2a-2ba127e5d24d,35,MUNDABALA NURSERY SCHOOL
96f3de0e-6412-5434-b406-67ef3352ab85,38,VIHIGA,91a1e241-29ab-5bcb-827b-a49b8996f1cc,214,LUANDA,e17f7dd4-25e5-579f-9491-0cec025ecf70,1070,MWIBONA,1ed84757-fedd-589c-8016-8d754f4abd3e,69,KHUSIUTUTU PENTECOSTAL CHURCH
96f3de0e-6412-5434-b406-67ef3352ab85,38,VIHIGA,91a1e241-29ab-5bcb-827b-a49b8996f1cc,214,LUANDA,e17f7dd4-25e5-579f-9491-0cec025ecf70,1070,MWIBONA,a113de66-6fd1-51b0-b08f-92c597decfb6,70,EMUKUSA CHURCH OF GOD
96f3de0e-6412-5434-b406-67ef3352ab85,38,VIHIGA,91a1e241-29ab-5bcb-827b-a49b8996f1cc,214,LUANDA,e17f7dd4-25e5-579f-9491-0cec025ecf70,1070,MWIBONA,e3df4b0a-87fc-5d6e-87a8-673d5474fb4e,71,ACK ST. PATRICK SAMARIA
96f3de0e-6412-5434-b406-67ef3352ab85,38,VIHIGA,91a1e241-29ab-5bcb-827b-a49b8996f1cc,214,LUANDA,599e5282-6168-5868-a5ee-c627672ed5b5,1071,LUANDA SOUTH,213d8121-1965-54fa-8441-f24cc5da93fe,36,ESINAMUTU NURSEY SCHOOL
96f3de0e-6412-5434-b406-67ef3352ab85,38,VIHIGA,91a1e241-29ab-5bcb-827b-a49b8996f1cc,214,LUANDA,599e5282-6168-5868-a5ee-c627672ed5b5,1071,LUANDA SOUTH,38dea216-a7af-5fb7-9814-5e53163481c7,37,EBUSSAMBA PRIMARY SCHOOL
96f3de0e-6412-5434-b406-67ef3352ab85,38,VIHIGA,91a1e241-29ab-5bcb-827b-a49b8996f1cc,214,LUANDA,599e5282-6168-5868-a5ee-c627672ed5b5,1071,LUANDA SOUTH,3fdd745d-5682-5b02-a2f5-91e5e9ca0250,38,EKWANDA PRIMARY SCHOOL
96f3de0e-6412-5434-b406-67ef3352ab85,38,VIHIGA,91a1e241-29ab-5bcb-827b-a49b8996f1cc,214,LUANDA,599e5282-6168-5868-a5ee-c627672ed5b5,1071,LUANDA SOUTH,7134f400-bbfa-57fc-ad1d-bf44e01da125,39,ESIBEMBE PRIMARY SCHOOL
96f3de0e-6412-5434-b406-67ef3352ab85,38,VIHIGA,91a1e241-29ab-5bcb-827b-a49b8996f1cc,214,LUANDA,599e5282-6168-5868-a5ee-c627672ed5b5,1071,LUANDA SOUTH,7241ee9f-1f4d-5641-9a7d-a48d528635c9,40,ESIROME R.C. NURSERY SCHOOL
96f3de0e-6412-5434-b406-67ef3352ab85,38,VIHIGA,91a1e241-29ab-5bcb-827b-a49b8996f1cc,214,LUANDA,599e5282-6168-5868-a5ee-c627672ed5b5,1071,LUANDA SOUTH,ba3e0ffd-2f52-5a86-a7b7-8630b3296684,41,KAILA PRIMARY SCHOOL
96f3de0e-6412-5434-b406-67ef3352ab85,38,VIHIGA,91a1e241-29ab-5bcb-827b-a49b8996f1cc,214,LUANDA,599e5282-6168-5868-a5ee-c627672ed5b5,1071,LUANDA SOUTH,7f6191b8-337d-56f7-9f10-6f0395100642,42,EBUMBAYI PRIMARY SCHOOL
96f3de0e-6412-5434-b406-67ef3352ab85,38,VIHIGA,91a1e241-29ab-5bcb-827b-a49b8996f1cc,214,LUANDA,599e5282-6168-5868-a5ee-c627672ed5b5,1071,LUANDA SOUTH,87fbb0cc-548b-57a3-9f7c-16926a924869,43,KHWILIBA PRIMARY SCHOOL
96f3de0e-6412-5434-b406-67ef3352ab85,38,VIHIGA,91a1e241-29ab-5bcb-827b-a49b8996f1cc,214,LUANDA,599e5282-6168-5868-a5ee-c627672ed5b5,1071,LUANDA SOUTH,fc3e1061-d23b-5558-b135-f103814d2e4a,44,ESITSIMI NURSERY SCHOOL
96f3de0e-6412-5434-b406-67ef3352ab85,38,VIHIGA,91a1e241-29ab-5bcb-827b-a49b8996f1cc,214,LUANDA,599e5282-6168-5868-a5ee-c627672ed5b5,1071,LUANDA SOUTH,19a28e97-7220-5875-bf64-4277518dfdca,45,EMMALOBA PRIMARY SCHOOL
96f3de0e-6412-5434-b406-67ef3352ab85,38,VIHIGA,91a1e241-29ab-5bcb-827b-a49b8996f1cc,214,LUANDA,599e5282-6168-5868-a5ee-c627672ed5b5,1071,LUANDA SOUTH,b0334cbe-0133-504c-8a7b-7ed59d06f879,46,OCHUORE NURSERY SCHOOL
96f3de0e-6412-5434-b406-67ef3352ab85,38,VIHIGA,91a1e241-29ab-5bcb-827b-a49b8996f1cc,214,LUANDA,599e5282-6168-5868-a5ee-c627672ed5b5,1071,LUANDA SOUTH,432245d1-85b2-530f-a7d9-3fbd17324182,47,EMUKHUYU ACK NURSERY SCHOOL
96f3de0e-6412-5434-b406-67ef3352ab85,38,VIHIGA,91a1e241-29ab-5bcb-827b-a49b8996f1cc,214,LUANDA,599e5282-6168-5868-a5ee-c627672ed5b5,1071,LUANDA SOUTH,0684e917-26e5-5a4c-8284-e3451984cd5e,72,ESIBEMBE PAG CHURCH
96f3de0e-6412-5434-b406-67ef3352ab85,38,VIHIGA,91a1e241-29ab-5bcb-827b-a49b8996f1cc,214,LUANDA,599e5282-6168-5868-a5ee-c627672ed5b5,1071,LUANDA SOUTH,2407a8ef-4646-5c2e-97ec-b11db727e566,73,ACK ST. SIMON CHURCH
96f3de0e-6412-5434-b406-67ef3352ab85,38,VIHIGA,91a1e241-29ab-5bcb-827b-a49b8996f1cc,214,LUANDA,599e5282-6168-5868-a5ee-c627672ed5b5,1071,LUANDA SOUTH,cf337201-4114-530b-a925-9ae0aa4e9deb,74,ACK ST. CLEMENT CHURCH
96f3de0e-6412-5434-b406-67ef3352ab85,38,VIHIGA,91a1e241-29ab-5bcb-827b-a49b8996f1cc,214,LUANDA,599e5282-6168-5868-a5ee-c627672ed5b5,1071,LUANDA SOUTH,8fef193c-abce-5905-9f0a-e3df1e40114f,75,MWILALA PAG CHURCH
96f3de0e-6412-5434-b406-67ef3352ab85,38,VIHIGA,91a1e241-29ab-5bcb-827b-a49b8996f1cc,214,LUANDA,9f65f253-3d07-5075-8674-9e0916f0d056,1072,EMABUNGO,9ed5eeb1-ecf4-53c5-8de3-409e2099d6fa,48,EBUSAKAMI PRIMARY SCHOOL
96f3de0e-6412-5434-b406-67ef3352ab85,38,VIHIGA,91a1e241-29ab-5bcb-827b-a49b8996f1cc,214,LUANDA,9f65f253-3d07-5075-8674-9e0916f0d056,1072,EMABUNGO,bd24e1de-bac8-5a7e-8859-2a02503ca922,49,EMANUEL ACK NURSERY SCHOOL
96f3de0e-6412-5434-b406-67ef3352ab85,38,VIHIGA,91a1e241-29ab-5bcb-827b-a49b8996f1cc,214,LUANDA,9f65f253-3d07-5075-8674-9e0916f0d056,1072,EMABUNGO,4de0b4d2-1648-5f77-8cf2-f425db92841a,50,ASIONGO PRIMARY SCHOOL
96f3de0e-6412-5434-b406-67ef3352ab85,38,VIHIGA,91a1e241-29ab-5bcb-827b-a49b8996f1cc,214,LUANDA,9f65f253-3d07-5075-8674-9e0916f0d056,1072,EMABUNGO,64224c23-2901-5c72-bb45-be5b40c0daeb,51,EMMUTSA PRIMARY SCHOOL
96f3de0e-6412-5434-b406-67ef3352ab85,38,VIHIGA,91a1e241-29ab-5bcb-827b-a49b8996f1cc,214,LUANDA,9f65f253-3d07-5075-8674-9e0916f0d056,1072,EMABUNGO,58eaf24c-62e3-55d9-bf09-5350a0b6a591,52,EBULAKO PRIMARY SCHOOL
96f3de0e-6412-5434-b406-67ef3352ab85,38,VIHIGA,91a1e241-29ab-5bcb-827b-a49b8996f1cc,214,LUANDA,9f65f253-3d07-5075-8674-9e0916f0d056,1072,EMABUNGO,d9b555b4-3799-5554-b836-bc7fafcb7324,53,EMMATSI PRIMARY SCHOOL
96f3de0e-6412-5434-b406-67ef3352ab85,38,VIHIGA,91a1e241-29ab-5bcb-827b-a49b8996f1cc,214,LUANDA,9f65f253-3d07-5075-8674-9e0916f0d056,1072,EMABUNGO,c53a226c-2406-5541-accc-61ff849fcb86,54,EBUHANDO PRIMARY SCHOOL
96f3de0e-6412-5434-b406-67ef3352ab85,38,VIHIGA,91a1e241-29ab-5bcb-827b-a49b8996f1cc,214,LUANDA,9f65f253-3d07-5075-8674-9e0916f0d056,1072,EMABUNGO,9840e3aa-04f3-5825-b368-4cef4747ac34,55,EMUNWA PRIMARY SCHOOL
96f3de0e-6412-5434-b406-67ef3352ab85,38,VIHIGA,91a1e241-29ab-5bcb-827b-a49b8996f1cc,214,LUANDA,9f65f253-3d07-5075-8674-9e0916f0d056,1072,EMABUNGO,d1af9961-91dc-5bcc-9df4-17fc9079fe78,56,EMUKHUYA PRIMARY SCHOOL
96f3de0e-6412-5434-b406-67ef3352ab85,38,VIHIGA,91a1e241-29ab-5bcb-827b-a49b8996f1cc,214,LUANDA,9f65f253-3d07-5075-8674-9e0916f0d056,1072,EMABUNGO,7f8216f6-3b95-5979-927a-17786f651048,57,HOBUNAKA PRIMARY SCHOOL
96f3de0e-6412-5434-b406-67ef3352ab85,38,VIHIGA,91a1e241-29ab-5bcb-827b-a49b8996f1cc,214,LUANDA,9f65f253-3d07-5075-8674-9e0916f0d056,1072,EMABUNGO,36315f38-cf09-5b0e-9146-c05071b655cb,58,WALUKA PRIMARY SCHOOL
96f3de0e-6412-5434-b406-67ef3352ab85,38,VIHIGA,91a1e241-29ab-5bcb-827b-a49b8996f1cc,214,LUANDA,9f65f253-3d07-5075-8674-9e0916f0d056,1072,EMABUNGO,89f51ee8-3d0e-5ac9-b0f6-a42f023861f6,59,EMUHAYA PRIMARY SCHOOL
96f3de0e-6412-5434-b406-67ef3352ab85,38,VIHIGA,91a1e241-29ab-5bcb-827b-a49b8996f1cc,214,LUANDA,9f65f253-3d07-5075-8674-9e0916f0d056,1072,EMABUNGO,c0dbca0b-dcb4-5a9c-a693-9f348ad57e68,60,WANAKHALE PRIMARY SCHOOL
96f3de0e-6412-5434-b406-67ef3352ab85,38,VIHIGA,91a1e241-29ab-5bcb-827b-a49b8996f1cc,214,LUANDA,9f65f253-3d07-5075-8674-9e0916f0d056,1072,EMABUNGO,9cf6501e-a57b-5534-af79-1d9662daddd8,61,KIMA PRIMARY SCHOOL
96f3de0e-6412-5434-b406-67ef3352ab85,38,VIHIGA,91a1e241-29ab-5bcb-827b-a49b8996f1cc,214,LUANDA,9f65f253-3d07-5075-8674-9e0916f0d056,1072,EMABUNGO,fa25703d-9718-5495-b929-ba8019aa43e4,62,EBWALI PRIMARY SCHOOL
96f3de0e-6412-5434-b406-67ef3352ab85,38,VIHIGA,91a1e241-29ab-5bcb-827b-a49b8996f1cc,214,LUANDA,9f65f253-3d07-5075-8674-9e0916f0d056,1072,EMABUNGO,6b5f9f98-25a5-581b-b194-35144111e876,76,MWITOLOLO NUSERY SCHOOL
96f3de0e-6412-5434-b406-67ef3352ab85,38,VIHIGA,91a1e241-29ab-5bcb-827b-a49b8996f1cc,214,LUANDA,9f65f253-3d07-5075-8674-9e0916f0d056,1072,EMABUNGO,9fee4ff0-a2a2-52a7-8b7f-b4917d049997,77,MUSIKANGU CHURCH OF GOD
96f3de0e-6412-5434-b406-67ef3352ab85,38,VIHIGA,91a1e241-29ab-5bcb-827b-a49b8996f1cc,214,LUANDA,9f65f253-3d07-5075-8674-9e0916f0d056,1072,EMABUNGO,7b7e2b9e-f99c-5e51-9f94-aea38ee53f84,78,MUSITINYI CHURCH OF GOD
96f3de0e-6412-5434-b406-67ef3352ab85,38,VIHIGA,91a1e241-29ab-5bcb-827b-a49b8996f1cc,214,LUANDA,9f65f253-3d07-5075-8674-9e0916f0d056,1072,EMABUNGO,df282b29-1031-5a4e-83e2-c3af5db9ed08,79,IBUBI PRIMARY SCHOOL
96f3de0e-6412-5434-b406-67ef3352ab85,38,VIHIGA,91a1e241-29ab-5bcb-827b-a49b8996f1cc,214,LUANDA,9f65f253-3d07-5075-8674-9e0916f0d056,1072,EMABUNGO,21fd24f3-d14d-54ef-b398-81c42d7a51b2,80,ELIANG?MA CHURCH OF GOD
96f3de0e-6412-5434-b406-67ef3352ab85,38,VIHIGA,085cb4c0-ff34-50c0-9ea7-1cb7975f1e51,215,EMUHAYA,a3897a19-d454-5140-92e0-12a6d2b281d4,1073,NORTH EAST BUNYORE,f72190a3-af40-5104-b26a-03d6dabfe520,1,EBUSIRATSI COG PRIMARY SCHOOL
96f3de0e-6412-5434-b406-67ef3352ab85,38,VIHIGA,085cb4c0-ff34-50c0-9ea7-1cb7975f1e51,215,EMUHAYA,a3897a19-d454-5140-92e0-12a6d2b281d4,1073,NORTH EAST BUNYORE,7805190b-a927-5373-9e8b-2b6b7c0758e4,2,MUSIAKHUPA NURSERY SCHOOL
96f3de0e-6412-5434-b406-67ef3352ab85,38,VIHIGA,085cb4c0-ff34-50c0-9ea7-1cb7975f1e51,215,EMUHAYA,a3897a19-d454-5140-92e0-12a6d2b281d4,1073,NORTH EAST BUNYORE,1f9fe6ba-f06b-52aa-8d1a-b11b8c0bfb4d,3,EMATSULI PRIMARY SCHOOL
96f3de0e-6412-5434-b406-67ef3352ab85,38,VIHIGA,085cb4c0-ff34-50c0-9ea7-1cb7975f1e51,215,EMUHAYA,a3897a19-d454-5140-92e0-12a6d2b281d4,1073,NORTH EAST BUNYORE,cbfdef06-92cf-53bf-ba00-d4d9531e8238,4,ELUHOBE PRIMARY SCHOOL
96f3de0e-6412-5434-b406-67ef3352ab85,38,VIHIGA,085cb4c0-ff34-50c0-9ea7-1cb7975f1e51,215,EMUHAYA,a3897a19-d454-5140-92e0-12a6d2b281d4,1073,NORTH EAST BUNYORE,c2e596c2-b4d2-5250-b7cf-f197f9ff9208,5,ESIBUYE PRIMARY SCHOOL
96f3de0e-6412-5434-b406-67ef3352ab85,38,VIHIGA,085cb4c0-ff34-50c0-9ea7-1cb7975f1e51,215,EMUHAYA,a3897a19-d454-5140-92e0-12a6d2b281d4,1073,NORTH EAST BUNYORE,5b8e3a9c-4bb6-5bbe-96f1-067e9538a6b6,6,EBUKHOOLI NURSEY SCHOOL
96f3de0e-6412-5434-b406-67ef3352ab85,38,VIHIGA,085cb4c0-ff34-50c0-9ea7-1cb7975f1e51,215,EMUHAYA,a3897a19-d454-5140-92e0-12a6d2b281d4,1073,NORTH EAST BUNYORE,0745bd0b-13e6-5809-9a9e-6173a52a4deb,7,EMUHONDO PRIMARY SCHOOL
96f3de0e-6412-5434-b406-67ef3352ab85,38,VIHIGA,085cb4c0-ff34-50c0-9ea7-1cb7975f1e51,215,EMUHAYA,a3897a19-d454-5140-92e0-12a6d2b281d4,1073,NORTH EAST BUNYORE,44372f31-c201-5297-82ee-cfddef7b7fbf,8,MWITUHA PRIMARY SCHOOL
96f3de0e-6412-5434-b406-67ef3352ab85,38,VIHIGA,085cb4c0-ff34-50c0-9ea7-1cb7975f1e51,215,EMUHAYA,a3897a19-d454-5140-92e0-12a6d2b281d4,1073,NORTH EAST BUNYORE,36c1befb-403a-5c1d-ad8b-62954561be69,9,ILUNGU PRIMARY SCHOOL
96f3de0e-6412-5434-b406-67ef3352ab85,38,VIHIGA,085cb4c0-ff34-50c0-9ea7-1cb7975f1e51,215,EMUHAYA,a3897a19-d454-5140-92e0-12a6d2b281d4,1073,NORTH EAST BUNYORE,a1e9b806-8403-51fc-9ed9-1ebb19c2c4e1,10,EMUSUTSWI PRIMARY SCHOOL
96f3de0e-6412-5434-b406-67ef3352ab85,38,VIHIGA,085cb4c0-ff34-50c0-9ea7-1cb7975f1e51,215,EMUHAYA,a3897a19-d454-5140-92e0-12a6d2b281d4,1073,NORTH EAST BUNYORE,d0a919a0-b1b5-5c7a-889f-4ba48deef4e9,11,KILINGILI PRIMARY SCHOOL
96f3de0e-6412-5434-b406-67ef3352ab85,38,VIHIGA,085cb4c0-ff34-50c0-9ea7-1cb7975f1e51,215,EMUHAYA,a3897a19-d454-5140-92e0-12a6d2b281d4,1073,NORTH EAST BUNYORE,2649a058-d9ff-5447-b7b4-c5db58d7d03b,12,EMUREMBE PRIMARY SCHOOL
96f3de0e-6412-5434-b406-67ef3352ab85,38,VIHIGA,085cb4c0-ff34-50c0-9ea7-1cb7975f1e51,215,EMUHAYA,a3897a19-d454-5140-92e0-12a6d2b281d4,1073,NORTH EAST BUNYORE,c7bbd1d2-7c63-587a-967e-0e865ff2d4c6,13,EBULAMBA PRIMARY SCHOOL
96f3de0e-6412-5434-b406-67ef3352ab85,38,VIHIGA,085cb4c0-ff34-50c0-9ea7-1cb7975f1e51,215,EMUHAYA,a3897a19-d454-5140-92e0-12a6d2b281d4,1073,NORTH EAST BUNYORE,56fba0c2-4cfd-548f-865c-c3dfedf4ca5f,14,IKUMU PRIMARY SCHOOL
96f3de0e-6412-5434-b406-67ef3352ab85,38,VIHIGA,085cb4c0-ff34-50c0-9ea7-1cb7975f1e51,215,EMUHAYA,a3897a19-d454-5140-92e0-12a6d2b281d4,1073,NORTH EAST BUNYORE,61a0111f-c1bc-5dff-8b5c-875bd33f5f9d,15,EBUNANGWE PRIMARY SCHOOL
96f3de0e-6412-5434-b406-67ef3352ab85,38,VIHIGA,085cb4c0-ff34-50c0-9ea7-1cb7975f1e51,215,EMUHAYA,a3897a19-d454-5140-92e0-12a6d2b281d4,1073,NORTH EAST BUNYORE,28c18dfb-06de-5b06-9c5e-6b3b37f91320,16,ESIARAMBATSI NURSERY SCHOOL
96f3de0e-6412-5434-b406-67ef3352ab85,38,VIHIGA,085cb4c0-ff34-50c0-9ea7-1cb7975f1e51,215,EMUHAYA,a3897a19-d454-5140-92e0-12a6d2b281d4,1073,NORTH EAST BUNYORE,e1bdf0b1-d7c9-54f4-aabd-6b081ebf8aa3,17,MUKHOMBE PRIMARY SCHOOL
96f3de0e-6412-5434-b406-67ef3352ab85,38,VIHIGA,085cb4c0-ff34-50c0-9ea7-1cb7975f1e51,215,EMUHAYA,a3897a19-d454-5140-92e0-12a6d2b281d4,1073,NORTH EAST BUNYORE,98897c2f-ad37-5b97-abbf-7d8b34322b37,18,EBUSILOLI PRIMARY SCHOOL
96f3de0e-6412-5434-b406-67ef3352ab85,38,VIHIGA,085cb4c0-ff34-50c0-9ea7-1cb7975f1e51,215,EMUHAYA,a0a964cd-3b0b-5f22-8c06-a1554a80d485,1074,CENTRAL BUNYORE,fc6719f3-1f2b-54e4-b5a9-152e7c817b73,19,ESIRULO PRIMARY SCHOOL
96f3de0e-6412-5434-b406-67ef3352ab85,38,VIHIGA,085cb4c0-ff34-50c0-9ea7-1cb7975f1e51,215,EMUHAYA,a0a964cd-3b0b-5f22-8c06-a1554a80d485,1074,CENTRAL BUNYORE,1bc9b44b-6078-5fe9-9228-1b1520c4fdfb,20,IKALIKHA NURSERY SCHOOL
96f3de0e-6412-5434-b406-67ef3352ab85,38,VIHIGA,085cb4c0-ff34-50c0-9ea7-1cb7975f1e51,215,EMUHAYA,a0a964cd-3b0b-5f22-8c06-a1554a80d485,1074,CENTRAL BUNYORE,4c9795fc-3153-5936-99af-3f1f7f257f21,21,ELUNUNI PRIMARY SCHOOL
96f3de0e-6412-5434-b406-67ef3352ab85,38,VIHIGA,085cb4c0-ff34-50c0-9ea7-1cb7975f1e51,215,EMUHAYA,a0a964cd-3b0b-5f22-8c06-a1554a80d485,1074,CENTRAL BUNYORE,1ba2726d-7684-52a5-9758-95b8a9723e37,22,EMUKUNZI VILLAGE POLYTECHNIC
96f3de0e-6412-5434-b406-67ef3352ab85,38,VIHIGA,085cb4c0-ff34-50c0-9ea7-1cb7975f1e51,215,EMUHAYA,a0a964cd-3b0b-5f22-8c06-a1554a80d485,1074,CENTRAL BUNYORE,fa1a65a8-a6fd-5c57-a744-31e7fe1e3224,23,EMANYINYA PRIMARY SCHOOL
96f3de0e-6412-5434-b406-67ef3352ab85,38,VIHIGA,085cb4c0-ff34-50c0-9ea7-1cb7975f1e51,215,EMUHAYA,a0a964cd-3b0b-5f22-8c06-a1554a80d485,1074,CENTRAL BUNYORE,50e912fa-3252-54e2-b42e-a34dc8ecbd9a,24,EBUCHELI NURSERY SCHOOL
96f3de0e-6412-5434-b406-67ef3352ab85,38,VIHIGA,085cb4c0-ff34-50c0-9ea7-1cb7975f1e51,215,EMUHAYA,a0a964cd-3b0b-5f22-8c06-a1554a80d485,1074,CENTRAL BUNYORE,be7907d5-5635-57a9-a64b-3d41772e4146,25,MWIBANDA NURSERY SCHOOL
96f3de0e-6412-5434-b406-67ef3352ab85,38,VIHIGA,085cb4c0-ff34-50c0-9ea7-1cb7975f1e51,215,EMUHAYA,a0a964cd-3b0b-5f22-8c06-a1554a80d485,1074,CENTRAL BUNYORE,b6aa7a37-a467-5454-9d97-a177736987fd,26,EMUSIRE PRIMARY SCHOOL
96f3de0e-6412-5434-b406-67ef3352ab85,38,VIHIGA,085cb4c0-ff34-50c0-9ea7-1cb7975f1e51,215,EMUHAYA,a0a964cd-3b0b-5f22-8c06-a1554a80d485,1074,CENTRAL BUNYORE,79921c6b-fe33-54e1-9fb4-c25e38c52934,27,ESSUNZA PRIMARY SCHOOL
96f3de0e-6412-5434-b406-67ef3352ab85,38,VIHIGA,085cb4c0-ff34-50c0-9ea7-1cb7975f1e51,215,EMUHAYA,a0a964cd-3b0b-5f22-8c06-a1554a80d485,1074,CENTRAL BUNYORE,2b234855-fa25-5814-a283-b28374e73dc0,28,EBUTUTI NURSERY SCHOOL
96f3de0e-6412-5434-b406-67ef3352ab85,38,VIHIGA,085cb4c0-ff34-50c0-9ea7-1cb7975f1e51,215,EMUHAYA,a0a964cd-3b0b-5f22-8c06-a1554a80d485,1074,CENTRAL BUNYORE,262e2e1f-4e47-5434-b4ae-dce14c2d08ef,29,MUNDICHIRI PRIMARY SCHOOL
96f3de0e-6412-5434-b406-67ef3352ab85,38,VIHIGA,085cb4c0-ff34-50c0-9ea7-1cb7975f1e51,215,EMUHAYA,a0a964cd-3b0b-5f22-8c06-a1554a80d485,1074,CENTRAL BUNYORE,ed606eeb-1681-5989-bde1-0294e6005c41,30,EBUKHAYA PRIMARY SCHOOL
96f3de0e-6412-5434-b406-67ef3352ab85,38,VIHIGA,085cb4c0-ff34-50c0-9ea7-1cb7975f1e51,215,EMUHAYA,a0a964cd-3b0b-5f22-8c06-a1554a80d485,1074,CENTRAL BUNYORE,47582ad5-e2c9-5837-9715-628df0ab8fdb,31,MWITUKHU PRIMARY SCHOOL
96f3de0e-6412-5434-b406-67ef3352ab85,38,VIHIGA,085cb4c0-ff34-50c0-9ea7-1cb7975f1e51,215,EMUHAYA,a0a964cd-3b0b-5f22-8c06-a1554a80d485,1074,CENTRAL BUNYORE,72883037-8784-57d2-acd3-036787e56209,32,MUCHULA PRIMARY SCHOOL
96f3de0e-6412-5434-b406-67ef3352ab85,38,VIHIGA,085cb4c0-ff34-50c0-9ea7-1cb7975f1e51,215,EMUHAYA,a0a964cd-3b0b-5f22-8c06-a1554a80d485,1074,CENTRAL BUNYORE,b4ba0b02-cfcb-5da9-9fd3-b4f560397ddd,33,EBULONDI PRIMARY SCHOOL
96f3de0e-6412-5434-b406-67ef3352ab85,38,VIHIGA,085cb4c0-ff34-50c0-9ea7-1cb7975f1e51,215,EMUHAYA,a0a964cd-3b0b-5f22-8c06-a1554a80d485,1074,CENTRAL BUNYORE,f335fbb1-e1e1-5b62-b808-82f337202848,34,ESSABA PRIMARY SCHOOL
96f3de0e-6412-5434-b406-67ef3352ab85,38,VIHIGA,085cb4c0-ff34-50c0-9ea7-1cb7975f1e51,215,EMUHAYA,a0a964cd-3b0b-5f22-8c06-a1554a80d485,1074,CENTRAL BUNYORE,092bfefd-0ced-5053-ad30-ec1a172c527c,35,ESIHOLA NURSERY SCHOOL
96f3de0e-6412-5434-b406-67ef3352ab85,38,VIHIGA,085cb4c0-ff34-50c0-9ea7-1cb7975f1e51,215,EMUHAYA,e292b773-5363-517b-b13e-0af220e90343,1075,WEST BUNYORE,078cc82e-1bc3-560c-9a43-acf060573733,36,ESIKHUYU PRIMARY SCHOOL
96f3de0e-6412-5434-b406-67ef3352ab85,38,VIHIGA,085cb4c0-ff34-50c0-9ea7-1cb7975f1e51,215,EMUHAYA,e292b773-5363-517b-b13e-0af220e90343,1075,WEST BUNYORE,e7b23b30-1daa-556c-abcb-8cc051e7457b,37,ISANDA PRIMARY SCHOOL
96f3de0e-6412-5434-b406-67ef3352ab85,38,VIHIGA,085cb4c0-ff34-50c0-9ea7-1cb7975f1e51,215,EMUHAYA,e292b773-5363-517b-b13e-0af220e90343,1075,WEST BUNYORE,71b33ab0-d66e-5a48-ac9f-0c4974db6068,38,ESIAMATETE NURSEY SCHOOL
96f3de0e-6412-5434-b406-67ef3352ab85,38,VIHIGA,085cb4c0-ff34-50c0-9ea7-1cb7975f1e51,215,EMUHAYA,e292b773-5363-517b-b13e-0af220e90343,1075,WEST BUNYORE,b22e4ef7-cd01-55fc-a827-e01ef36a3e7d,39,EBUKANGA PRIMARY SCHOOL
96f3de0e-6412-5434-b406-67ef3352ab85,38,VIHIGA,085cb4c0-ff34-50c0-9ea7-1cb7975f1e51,215,EMUHAYA,e292b773-5363-517b-b13e-0af220e90343,1075,WEST BUNYORE,b82ab5da-6d39-5162-ae9d-362fd8945d47,40,EMMABWI PRIMARY SCHOOL
96f3de0e-6412-5434-b406-67ef3352ab85,38,VIHIGA,085cb4c0-ff34-50c0-9ea7-1cb7975f1e51,215,EMUHAYA,e292b773-5363-517b-b13e-0af220e90343,1075,WEST BUNYORE,dd906120-06f4-5e95-b442-a66576c24106,41,EBUKOBELO NURSERY SCHOOL
96f3de0e-6412-5434-b406-67ef3352ab85,38,VIHIGA,085cb4c0-ff34-50c0-9ea7-1cb7975f1e51,215,EMUHAYA,e292b773-5363-517b-b13e-0af220e90343,1075,WEST BUNYORE,9862ac2d-7eb8-5aa4-a5b4-bf70a2d38f31,42,ESSUMBA PRIMARY SCHOOL
96f3de0e-6412-5434-b406-67ef3352ab85,38,VIHIGA,085cb4c0-ff34-50c0-9ea7-1cb7975f1e51,215,EMUHAYA,e292b773-5363-517b-b13e-0af220e90343,1075,WEST BUNYORE,d153bf34-4128-5e6b-a164-29310ea78345,43,MWIYALA NURSERY SCHOOL
96f3de0e-6412-5434-b406-67ef3352ab85,38,VIHIGA,085cb4c0-ff34-50c0-9ea7-1cb7975f1e51,215,EMUHAYA,e292b773-5363-517b-b13e-0af220e90343,1075,WEST BUNYORE,0e972120-7238-53cc-b61d-3b3ebcf3c590,44,EKHAKAMBA NURSERY SCHOOL
96f3de0e-6412-5434-b406-67ef3352ab85,38,VIHIGA,085cb4c0-ff34-50c0-9ea7-1cb7975f1e51,215,EMUHAYA,e292b773-5363-517b-b13e-0af220e90343,1075,WEST BUNYORE,7e74c7ac-72e6-5318-9468-e7c43e2e74a4,45,EMMWATSI PRIMARY SCHOOL
96f3de0e-6412-5434-b406-67ef3352ab85,38,VIHIGA,085cb4c0-ff34-50c0-9ea7-1cb7975f1e51,215,EMUHAYA,e292b773-5363-517b-b13e-0af220e90343,1075,WEST BUNYORE,01e09a41-3935-5bd3-9812-d852e163b930,46,EBUYALU PRIMARY SCHOOL
96f3de0e-6412-5434-b406-67ef3352ab85,38,VIHIGA,085cb4c0-ff34-50c0-9ea7-1cb7975f1e51,215,EMUHAYA,e292b773-5363-517b-b13e-0af220e90343,1075,WEST BUNYORE,24b438f2-93cf-5872-869e-10d562dd778b,47,ILONJE NURSERY SCHOOL
96f3de0e-6412-5434-b406-67ef3352ab85,38,VIHIGA,085cb4c0-ff34-50c0-9ea7-1cb7975f1e51,215,EMUHAYA,e292b773-5363-517b-b13e-0af220e90343,1075,WEST BUNYORE,c4b97a23-1767-5b28-8325-df96ff8bf495,48,ENYAHERA NURSERY SCHOOL
96f3de0e-6412-5434-b406-67ef3352ab85,38,VIHIGA,085cb4c0-ff34-50c0-9ea7-1cb7975f1e51,215,EMUHAYA,e292b773-5363-517b-b13e-0af220e90343,1075,WEST BUNYORE,eeea1617-71ab-5c75-b04c-c25dd6f9dec1,49,ESIBILA PRIMARY SCHOOL
96f3de0e-6412-5434-b406-67ef3352ab85,38,VIHIGA,085cb4c0-ff34-50c0-9ea7-1cb7975f1e51,215,EMUHAYA,e292b773-5363-517b-b13e-0af220e90343,1075,WEST BUNYORE,bc69148c-fa0b-5a7b-8b84-ebe566048efe,50,ESIBAKALA PRIMARY SCHOOL
96f3de0e-6412-5434-b406-67ef3352ab85,38,VIHIGA,085cb4c0-ff34-50c0-9ea7-1cb7975f1e51,215,EMUHAYA,e292b773-5363-517b-b13e-0af220e90343,1075,WEST BUNYORE,6b412ed7-7088-50e2-bc58-752f49c1d93c,51,IPALI NURSERY SCHOOL
96f3de0e-6412-5434-b406-67ef3352ab85,38,VIHIGA,085cb4c0-ff34-50c0-9ea7-1cb7975f1e51,215,EMUHAYA,e292b773-5363-517b-b13e-0af220e90343,1075,WEST BUNYORE,eab1ce46-09e8-558e-8079-1c269d2cb3c3,52,EBUKOOLO PRIMARY SCHOOL
96f3de0e-6412-5434-b406-67ef3352ab85,38,VIHIGA,085cb4c0-ff34-50c0-9ea7-1cb7975f1e51,215,EMUHAYA,e292b773-5363-517b-b13e-0af220e90343,1075,WEST BUNYORE,ab4f3008-43e6-5b3f-8a23-a40ca949a06e,53,MUNGOYE PRIMARY SCHOOL
96f3de0e-6412-5434-b406-67ef3352ab85,38,VIHIGA,085cb4c0-ff34-50c0-9ea7-1cb7975f1e51,215,EMUHAYA,e292b773-5363-517b-b13e-0af220e90343,1075,WEST BUNYORE,9fd0c738-3cce-5178-a3d1-78f1ac4dc070,54,EBUSIOYA NURSERY SCHOOL
96f3de0e-6412-5434-b406-67ef3352ab85,38,VIHIGA,085cb4c0-ff34-50c0-9ea7-1cb7975f1e51,215,EMUHAYA,e292b773-5363-517b-b13e-0af220e90343,1075,WEST BUNYORE,04166267-4982-52b9-aa79-8aa4ef9ad114,55,EBUTSALWA PAG NURSERY SCHOOL
96f3de0e-6412-5434-b406-67ef3352ab85,38,VIHIGA,085cb4c0-ff34-50c0-9ea7-1cb7975f1e51,215,EMUHAYA,e292b773-5363-517b-b13e-0af220e90343,1075,WEST BUNYORE,1f992fd1-e96a-5237-81e6-b80061de71db,56,ESSALWA PRIMARY SCHOOL
96f3de0e-6412-5434-b406-67ef3352ab85,38,VIHIGA,085cb4c0-ff34-50c0-9ea7-1cb7975f1e51,215,EMUHAYA,e292b773-5363-517b-b13e-0af220e90343,1075,WEST BUNYORE,b49cd04b-0cfa-5226-ae9d-25fe7e2b4ab7,57,MUSIRILI NURSERY SCHOOL
96f3de0e-6412-5434-b406-67ef3352ab85,38,VIHIGA,085cb4c0-ff34-50c0-9ea7-1cb7975f1e51,215,EMUHAYA,e292b773-5363-517b-b13e-0af220e90343,1075,WEST BUNYORE,06ba8013-bcea-5ed1-b655-071b2f2ca434,58,ITUMBU PRIMARY SCHOOL
96f3de0e-6412-5434-b406-67ef3352ab85,38,VIHIGA,085cb4c0-ff34-50c0-9ea7-1cb7975f1e51,215,EMUHAYA,e292b773-5363-517b-b13e-0af220e90343,1075,WEST BUNYORE,d340f3ac-a41d-5d24-b0fe-4b130d115747,59,MUMBOKO NURSERY SCHOOL
